optimal,current_idx,goal_idx_1,goal_idx_2,goal_idx_3,J_opt_1,J_opt_2,J_opt_3,opt_values_1,opt_values_2,opt_values_3,J_uncertainty_1,J_uncertainty_2,J_uncertainty_3,E_bar_1,E_bar_2,E_bar_3
dwell,1,2,3,4,263.71217448614,264.483102292367,222.577497696874,4.15371913046761e-07,4.1512750255382e-07,4.15181635839915e-07,144.999998138195,144.999998138848,144.999998138799,118.712176347945,119.483104153519,77.5774995580755
travel,1,2,3,4,443.666741399918,445.611312542704,337.71338638346,7.39549415784585,7.44271204448737,4.78771598462939,162.709185967077,162.822508895017,156.450517186521,280.957555432841,282.788803647687,181.262869196939
dwell,4,1,2,3,249.89747489427,266.746863263187,291.032151682124,2.05539267029353e-08,2.06504286889404e-08,2.05537538275109e-08,172.319999907222,172.319999907245,172.319999907223,77.5774749870486,94.4268633559425,118.712151774901
travel,4,1,2,3,371.258922539781,408.963121016128,472.326631924245,4.88369060723055,5.72271938145151,7.29491003452722,187.840856281303,189.854526503731,193.627784071113,183.418066258478,219.108594512397,278.698847853132
dwell,1,2,3,4,321.232174484725,322.003102292371,280.097497696874,4.15182404959741e-07,4.15158161127825e-07,4.15187713594446e-07,202.519998138797,202.519998138724,202.519998138773,118.712176345927,119.483104153647,77.5774995581008
travel,1,2,3,4,504.432006844334,504.585776413377,401.458922540044,7.37156686407637,7.34673742315649,4.88369060723352,224.011760462031,223.952169803823,218.040856281287,280.420246382303,280.633606609554,183.418066258756
dwell,4,1,2,3,310.297497695474,327.146886058388,351.432174486145,4.15127171084291e-07,4.1511493849775e-07,4.15428321243196e-07,232.719998138849,232.719998138898,232.719998137967,77.5774995566251,94.4268879194895,118.712176348178
travel,4,1,2,3,431.658922539828,469.363121016132,532.726631924246,4.88369060723246,5.72271938145149,7.29491003452719,248.240856281307,250.25452650373,254.027784071112,183.418066258521,219.108594512402,278.698847853134
dwell,1,2,3,4,383.552174486125,384.323102293771,342.417497698281,4.15247174388026e-07,4.15171851047875e-07,4.15300490773192e-07,264.839998138704,264.839998138837,264.839998138484,118.712176347421,119.483104154933,77.5774995597972
travel,1,2,3,4,565.792006844331,565.945776413374,462.818922539843,7.37156686407637,7.34673742315648,4.88369060723252,285.371760462031,285.312169803823,279.400856281305,280.4202463823,280.633606609551,183.418066258538
dwell,4,1,2,3,373.577497698277,390.4268860612,414.712174483327,4.1525248941053e-07,4.15317027068636e-07,4.15142437966209e-07,295.999998138679,295.999998138413,295.999998138787,77.5774995595975,94.4268879227871,118.71217634454
travel,4,1,2,3,494.458922539961,532.163121016126,595.526631924243,4.88369060723077,5.72271938145153,7.29491003452725,311.040856281282,313.054526503731,316.827784071112,183.418066258679,219.108594512395,278.69884785313
dwell,1,2,3,4,446.352174483326,447.123102292367,405.217497692673,4.15144933609462e-07,4.15122790214713e-07,4.15144591763141e-07,327.639998138778,327.639998138866,327.639998138431,118.712176344549,119.483104153501,77.5774995542422
travel,1,2,3,4,626.192006844335,626.345776413375,523.218922539432,7.37156686407637,7.34673742315654,4.88369060723257,345.77176046203,345.712169803823,339.800856281354,280.420246382305,280.633606609553,183.418066258078
dwell,4,1,2,3,431.577497695471,448.426886058387,472.712174480529,4.15123316096486e-07,4.15129852634571e-07,4.15146310565216e-07,353.999998138864,353.999998138837,353.99999813843,77.5774995566073,94.42688791955,118.712176342099
travel,4,1,2,3,553.418922539752,591.123121016124,654.486631924242,4.88369060723057,5.72271938145149,7.29491003452725,370.000856281305,372.01452650373,375.787784071112,183.418066258447,219.108594512394,278.69884785313
dwell,1,2,3,4,504.352174486144,505.123102295159,463.217497696863,4.15445241715749e-07,4.15222028582373e-07,4.15171964775568e-07,385.639998137896,385.639998138804,385.639998138838,118.712176348248,119.483104156355,77.5774995580253
travel,1,2,3,4,685.152006844339,685.305776413373,582.178922540206,7.37156686407637,7.34673742315651,4.88369060723268,404.731760462028,404.672169803821,398.760856281262,280.42024638231,280.633606609552,183.418066258945
dwell,4,1,2,3,492.93749769688,509.786886058383,534.072174486132,4.15199489636991e-07,4.15151476812669e-07,4.15446767052429e-07,415.359998138721,415.359998138747,415.359998137893,77.5774995581583,94.4268879196352,118.712176348238
travel,4,1,2,3,613.818922539827,651.523121016128,714.88663192424,4.8836906072325,5.72271938145153,7.29491003452722,430.400856281305,432.414526503728,436.18778407111,183.418066258522,219.1085945124,278.698847853129
dwell,1,2,3,4,561.392174484752,562.163102292376,520.257497698286,4.15409368357347e-07,4.15148675485204e-07,4.15264896888061e-07,442.679998137873,442.679998138757,442.679998138619,118.712176346879,119.48310415362,77.577499559667
travel,1,2,3,4,743.152006844337,743.305776413366,640.17892253985,7.37156686407634,7.34673742315645,4.88369060723442,462.731760462027,462.67216980382,456.760856281312,280.42024638231,280.633606609546,183.418066258538
dwell,4,1,2,3,550.93749769827,567.786886061198,592.072174480533,4.15221262722088e-07,4.15244519334558e-07,4.15134009352475e-07,473.359998138803,473.359998138703,473.359998138467,77.577499559467,94.4268879224946,118.712176342066
travel,4,1,2,3,672.778922538986,710.483121016116,773.846631924239,4.88369060722871,5.72271938145145,7.29491003452722,489.360856281382,491.374526503728,495.147784071109,183.418066257604,219.108594512388,278.698847853129
dwell,1,2,3,4,622.752174486132,623.523102289562,581.617497698284,4.15274236085097e-07,4.15146255469597e-07,4.15316872309483e-07,504.039998138583,504.039998138426,504.03999813841,118.712176347549,119.483104151136,77.5774995598734
travel,1,2,3,4,806.432006844336,806.585776413375,703.458922540153,7.37156686407637,7.34673742315648,4.88369060723064,526.011760462026,525.952169803818,520.040856281254,280.42024638231,280.633606609557,183.418066258899
dwell,4,1,2,3,610.857497698319,627.706886061176,651.992174486174,4.15483119944965e-07,4.15212437975602e-07,4.15483119944965e-07,533.279998137735,533.279998138837,533.279998137735,77.5774995605837,94.4268879223389,118.712176348439
travel,4,1,2,3,729.338922539375,767.043121016115,830.406631924236,4.88369060723063,5.72271938145145,7.29491003452716,545.920856281345,547.934526503726,551.707784071108,183.41806625803,219.108594512388,278.698847853128
dwell,1,2,3,4,680.272174484753,681.043102292394,639.137497696858,4.15446322059091e-07,4.15368604434061e-07,4.15171076258693e-07,561.559998137724,561.55999813787,561.559998138837,118.712176347029,119.483104154524,77.5774995580207
travel,1,2,3,4,861.072006844336,861.225776413383,758.0989225402,7.37156686407643,7.3467374231565,4.88369060723257,580.651760462025,580.592169803816,574.680856281258,280.420246382312,280.633606609568,183.418066258942
dwell,4,1,2,3,665.017497695488,681.866886061194,706.152174480524,4.15354594670187e-07,4.15338417706598e-07,4.1512974064034e-07,587.439998137931,587.43999813832,587.439998138512,77.5774995575577,94.4268879228734,118.712176342012
travel,4,1,2,3,783.01892254024,820.723121016124,884.086631924243,4.88369060723434,5.72271938145149,7.29491003452734,599.600856281262,601.614526503724,605.387784071106,183.418066258978,219.108594512399,278.698847853137
dwell,1,2,3,4,732.992174483334,733.763102289563,691.857497692666,4.15122000827873e-07,4.15142272113754e-07,4.15145973306958e-07,614.279998138862,614.279998138428,614.279998138423,118.712176344472,119.483104151135,77.5774995542428
travel,1,2,3,4,914.272006844334,914.425776413362,811.298922540249,7.37156686407637,7.34673742315645,4.88369060723457,633.851760462024,633.792169803817,627.880856281261,280.42024638231,280.633606609546,183.418066258987
dwell,4,1,2,3,719.177497698288,736.026886055581,760.312174483317,4.15274570666039e-07,4.15145930466426e-07,4.15156427674155e-07,641.599998138579,641.599998138422,641.599998138726,77.5774995597092,94.4268879171593,118.712176344591
travel,4,1,2,3,838.618922539801,876.323121016112,939.686631924246,4.88369060723262,5.72271938145145,7.29491003452728,655.200856281303,657.214526503724,660.987784071104,183.418066258498,219.108594512388,278.698847853141
dwell,1,2,3,4,790.512174480527,791.283102292375,749.377497695466,4.1513372684092e-07,4.15112444653778e-07,4.15106022871243e-07,671.799998138463,671.799998138897,671.799998138926,118.712176342064,119.483104153478,77.57749955654
travel,1,2,3,4,973.712006844328,973.865776413366,870.738922539331,7.37156686407637,7.34673742315645,4.88369060722882,693.291760462023,693.232169803815,687.320856281337,280.420246382305,280.633606609551,183.418066257994
dwell,4,1,2,3,779.577497692672,796.42688606121,820.71217448611,4.15139621068265e-07,4.15413987680348e-07,4.15351024683132e-07,701.99999813843,701.999998138006,701.999998138279,77.5774995542423,94.4268879232039,118.712176347832
travel,4,1,2,3,900.938922539707,938.64312101611,1002.00663192424,4.8836906072289,5.72271938145141,7.29491003452725,717.520856281293,719.534526503723,723.307784071104,183.418066258414,219.108594512387,278.698847853135
dwell,1,2,3,4,851.872174480526,852.643102289565,810.737497698262,4.15144555382938e-07,4.15133944796109e-07,4.15314003576678e-07,733.159998138421,733.159998138462,733.159998138424,118.712176342105,119.483104151104,77.577499559838
travel,1,2,3,4,1033.63200684434,1033.78577641337,930.658922540199,7.37156686407637,7.34673742315648,4.88369060723267,753.21176046202,753.152169803813,747.240856281254,280.420246382321,280.633606609557,183.418066258944
dwell,4,1,2,3,840.457497696874,857.30688605559,881.592174484753,4.15180960811208e-07,4.15133680720208e-07,4.15403494390598e-07,762.879998138786,762.879998138461,762.879998137886,77.5774995580885,94.4268879171284,118.712176346867
travel,4,1,2,3,961.338922539798,999.043121016121,1062.40663192424,4.88369060723262,5.72271938145153,7.29491003452728,777.9208562813,779.93452650372,783.707784071102,183.418066258498,219.1085945124,278.698847853136
dwell,1,2,3,4,910.352174480518,911.123102292362,869.217497692661,4.15131507509866e-07,4.15136791877899e-07,4.15144462322126e-07,791.639998138504,791.639998138799,791.639998138421,118.712176342014,119.483104153563,77.5774995542398
travel,1,2,3,4,1094.03200684433,1094.18577641338,991.058922539301,7.37156686407643,7.34673742315648,4.88369060722885,813.611760462019,813.552169803811,807.640856281338,280.420246382312,280.633606609567,183.418066257963
dwell,4,1,2,3,901.81749769266,918.666886061173,942.95217448613,4.15146271695122e-07,4.1526273241658e-07,4.15454861864612e-07,824.239998138418,824.239998138628,824.239998137856,77.5774995542416,94.4268879225452,118.712176348274
travel,4,1,2,3,1019.81892254031,1057.52312101611,1120.88663192424,4.88369060723614,5.72271938145153,7.29491003452722,836.400856281257,838.41452650372,842.1877840711,183.418066259054,219.10859451239,278.698847853145
dwell,1,2,3,4,968.832174480519,969.603102292394,927.697497692669,4.15146123272732e-07,4.15372664391981e-07,4.15133775082257e-07,850.119998138418,850.119998137849,850.119998138459,118.712176342101,119.483104154545,77.5774995542106
travel,1,2,3,4,1148.67200684433,1148.82577641337,1045.6989225406,7.37156686407632,7.34673742315648,4.88369060723258,868.251760462018,868.19216980381,862.280856281204,280.420246382309,280.633606609557,183.418066259392
dwell,4,1,2,3,952.617497698274,969.466886061195,993.752174486117,4.1533792222848e-07,4.15350753718112e-07,4.15276049193527e-07,875.039998138315,875.039998138261,875.039998138569,77.577499559959,94.4268879229344,118.712176347547
travel,4,1,2,3,1073.97892253989,1111.6831210161,1175.04663192423,4.88369060723657,5.72271938145145,7.29491003452728,890.560856281305,892.574526503717,896.347784071098,183.418066258582,219.108594512388,278.698847853136
dwell,1,2,3,4,1025.87217448333,1026.64310228956,984.73749769266,4.1535868618615e-07,4.15146560799372e-07,4.15133564775546e-07,907.159998137905,907.159998138413,907.159998138455,118.712176345422,119.483104151143,77.5774995542054
travel,1,2,3,4,1205.71200684431,1205.86577641335,1102.73892253899,7.37156686407637,7.34673742315642,4.88369060723241,925.291760462015,925.232169803806,919.320856281387,280.42024638229,280.633606609545,183.418066257598
dwell,4,1,2,3,1012.05749769264,1028.90688605557,1053.19217448051,4.15133484372658e-07,4.15141652070905e-07,4.15132216737166e-07,934.479998138491,934.479998138416,934.479998138494,77.5774995541511,94.4268879171494,118.712176342011
travel,4,1,2,3,1131.97890276003,1169.68312101612,1233.04663192423,4.88369021006092,5.72271938145153,7.29491003452722,948.560856492377,950.57452650371,954.347784071093,183.41804626765,219.108594512411,278.698847853135
dwell,1,2,3,4,1080.51217448612,1081.28310229514,1039.37749769267,4.1518455830111e-07,4.15347905196166e-07,4.15133753258465e-07,961.799998138926,961.799998138272,961.799998138449,118.712176347195,119.483104156872,77.5774995542174
travel,1,2,3,4,1259.87200684432,1260.02577641336,1156.89892253907,7.37156686407649,7.34673742315648,4.88369060723617,979.451760462009,979.392169803801,973.480856281391,280.420246382313,280.633606609557,183.418066257683
dwell,4,1,2,3,1066.21749769824,1083.06688606116,1107.3521744833,4.153051389055e-07,4.15322104475717e-07,4.15113323052291e-07,988.639998138444,988.639998138378,988.639998138881,77.577499559799,94.42688792278,118.712176344419
travel,4,1,2,3,1185.17892253964,1222.88312101611,1286.24663192422,4.88369060722477,5.72271938145153,7.29491003452728,1001.76085628126,1003.77452650371,1007.54778407109,183.418066258379,219.1085945124,278.698847853126
dwell,1,2,3,4,1133.7121744805,1134.48310228954,1092.57749769264,4.15142049183349e-07,4.15146434610686e-07,4.15142049183349e-07,1014.99999813841,1014.9999981384,1014.99999813841,118.712176342089,119.483104151136,77.5774995542339
travel,1,2,3,4,1317.39200684432,1317.54577641336,1214.41892254048,7.37156686407637,7.34673742315648,4.88369060722854,1036.971760462,1036.91216980379,1031.00085628118,280.420246382321,280.633606609567,183.418066259301
dwell,4,1,2,3,1122.77749769545,1139.62688605558,1163.91217448473,4.15113260716389e-07,4.15133748985735e-07,4.15442163320458e-07,1045.19999813888,1045.19999813844,1045.19999813772,77.5774995565712,94.4268879171357,118.712176347006
travel,4,1,2,3,1243.65892254137,1281.3631210161,1344.72663192422,4.88369060723244,5.7227193814516,7.29491003452722,1060.24085628109,1062.2545265037,1066.02778407108,183.418066260281,219.108594512402,278.698847853135
dwell,1,2,3,4,1194.59217448334,1195.36310229232,1153.45749769549,4.15365356825406e-07,4.15131747131357e-07,4.15365356825406e-07,1075.87999813785,1075.8799981388,1075.87999813785,118.71217634549,119.483104153525,77.5774995576347
travel,1,2,3,4,1376.3520068443,1376.50577641333,1273.37892253967,7.37156686407637,7.34673742315642,4.88369060722865,1095.931760462,1095.87216980379,1089.96085628127,280.4202463823,280.633606609535,183.418066258404
dwell,4,1,2,3,1181.25749769824,1198.10688605558,1222.39217448607,4.15446627749184e-07,4.15133803124469e-07,4.15322432714711e-07,1103.67999813786,1103.67999813844,1103.67999813837,77.5774995603785,94.4268879171385,118.712176347695
travel,4,1,2,3,1301.65892253973,1339.3631210161,1402.72663192424,4.88369060722857,5.72271938145145,7.29491003452894,1118.24085628126,1120.2545265037,1124.02778407108,183.418066258465,219.108594512399,278.698847853158
dwell,1,2,3,4,1253.0721744833,1253.84310228954,1211.93749769544,4.15113211289214e-07,4.15145396848017e-07,4.15113211289214e-07,1134.35999813887,1134.35999813839,1134.35999813887,118.712176344429,119.483104151148,77.5774995565738
travel,1,2,3,4,1436.7520068443,1436.90577641333,1333.77892253812,7.37156686407637,7.34673742315648,4.8836906072286,1156.33176046199,1156.27216980379,1150.36085628145,280.42024638231,280.633606609546,183.418066256677
dwell,4,1,2,3,1244.53749769265,1261.38688605554,1285.67217448334,4.15138377770929e-07,4.15135889976824e-07,4.15377524194694e-07,1166.9599981384,1166.95999813847,1166.9599981378,77.5774995542487,94.4268879170755,118.712176345541
travel,4,1,2,3,1364.93892253967,1402.64312101609,1466.00663192424,4.88369060722865,5.72271938145145,7.29491003452894,1181.52085628126,1183.53452650369,1187.30778407108,183.418066258404,219.108594512399,278.698847853159
dwell,1,2,3,4,1312.99217448329,1313.76310228955,1271.85749769544,4.15143992197702e-07,4.1513356556184e-07,4.15144153525731e-07,1194.27999813875,1194.27999813843,1194.27999813875,118.71217634454,119.483104151113,77.5774995566882
travel,1,2,3,4,1494.27200684429,1494.42577641334,1391.29892253897,7.37156686407631,7.34673742315654,4.88369060722842,1213.85176046199,1213.79216980379,1207.88085628134,280.420246382299,280.633606609558,183.418066257625
dwell,4,1,2,3,1299.17749769686,1316.02688605556,1340.31217448471,4.15400568868806e-07,4.15133487247571e-07,4.15400568868806e-07,1221.59999813788,1221.59999813843,1221.59999813788,77.5774995589822,94.4268879171286,118.712176346838
travel,4,1,2,3,1418.13892253897,1455.84312101609,1519.20663192422,4.8836906072326,5.72271938145153,7.29491003452722,1234.72085628137,1236.73452650369,1240.50778407107,183.418066257603,219.1085945124,278.698847853145
dwell,1,2,3,4,1368.11217448614,1368.8831022952,1326.97749769264,4.15292703810172e-07,4.15380097691048e-07,4.1514499258189e-07,1249.39999813846,1249.3999981381,1249.39999813839,118.712176347678,119.483104157101,77.5774995542455
travel,1,2,3,4,1550.83200684431,1550.98577641334,1447.85892253986,7.37156686407643,7.34673742315642,4.8836906072363,1270.41176046199,1270.35216980379,1264.44085628128,280.420246382322,280.633606609555,183.418066258576
dwell,4,1,2,3,1357.65749769265,1374.50688606116,1398.7921744805,4.15133768779145e-07,4.15221842753578e-07,4.15138572287592e-07,1280.07999813843,1280.07999813877,1280.07999813846,77.5774995542188,94.4268879223888,118.712176342037
travel,4,1,2,3,1479.49892254065,1517.2031210161,1580.56663192424,4.88369060723617,5.72271938145153,7.29491003452895,1296.08085628119,1298.09452650369,1301.86778407108,183.418066259465,219.108594512411,278.698847853159
dwell,1,2,3,4,1429.47217448332,1430.2431022924,1388.33749769826,4.15386966598413e-07,4.15351219297904e-07,4.15489527915561e-07,1310.75999813778,1310.7599981379,1310.75999813769,118.712176345539,119.483104154506,77.5774995605769
travel,1,2,3,4,1608.8320068443,1608.98577641334,1505.85892254131,7.37156686407631,7.34673742315642,4.88369060723248,1328.411760462,1328.35216980379,1322.44085628109,280.420246382299,280.633606609555,183.41806626022
dwell,4,1,2,3,1413.25749769824,1430.10688605834,1454.3921744861,4.15463265662576e-07,4.15129986861866e-07,4.15463265662576e-07,1335.6799981378,1335.67999813881,1335.6799981378,77.5774995604431,94.4268879195282,118.712176348298
travel,4,1,2,3,1534.13892254141,1571.84312101609,1635.20663192421,4.88369060723633,5.72271938145145,7.29491003452722,1350.7208562811,1352.7345265037,1356.50778407108,183.418066260307,219.108594512388,278.698847853135
dwell,1,2,3,4,1484.11217448051,1484.88310229236,1442.97749769265,4.15134051058874e-07,4.15364284686539e-07,4.15134051058874e-07,1365.39999813844,1365.39999813786,1365.39999813844,118.712176342069,119.483104154501,77.5774995542133
travel,1,2,3,4,1666.35200684431,1666.50577641335,1563.37892254052,7.37156686407637,7.34673742315642,4.88369060723265,1385.931760462,1385.87216980379,1379.96085628119,280.42024638231,280.633606609555,183.418066259332
dwell,4,1,2,3,1469.81749769688,1486.66688605557,1510.95217448545,4.15451643326387e-07,4.15133621223544e-07,4.15505329552249e-07,1392.23999813767,1392.23999813844,1392.23999813753,77.5774995592169,94.4268879171288,118.712176347916
travel,4,1,2,3,1591.65892253893,1629.3631210161,1692.72663192419,4.88369060723286,5.72271938145145,7.29491003452711,1408.24085628138,1410.2545265037,1414.02778407108,183.418066257546,219.108594512399,278.698847853111
dwell,1,2,3,4,1542.5921744805,1543.36310228955,1501.45749769264,4.15130330612749e-07,4.15143623225797e-07,4.15130330612749e-07,1423.87999813849,1423.8799981384,1423.87999813849,118.71217634201,119.483104151152,77.5774995541546
travel,1,2,3,4,1723.87200684432,1724.02577641334,1620.89892253892,7.37156686407637,7.34673742315642,4.88369060723246,1443.451760462,1443.39216980379,1437.48085628138,280.420246382321,280.633606609545,183.418066257538
dwell,4,1,2,3,1530.21749769825,1547.06688606114,1571.3521744805,4.15286311736232e-07,4.15259247908008e-07,4.1513874853959e-07,1452.63999813851,1452.63999813864,1452.63999813841,77.5774995597457,94.4268879225022,118.712176342091
travel,4,1,2,3,1649.17892253974,1686.8831210161,1750.24663192421,4.883690607233,5.72271938145153,7.29491003452716,1465.76085628129,1467.7745265037,1471.54778407108,183.418066258448,219.1085945124,278.698847853123
dwell,1,2,3,4,1599.15217448052,1599.92310228955,1558.01749769267,4.1513413795242e-07,4.15145927353646e-07,4.1513413795242e-07,1480.43999813844,1480.4399981384,1480.43999813844,118.712176342082,119.483104151153,77.5774995542268
travel,1,2,3,4,1782.8320068443,1782.98577641335,1679.85892253981,7.37156686407643,7.34673742315654,4.88369060723617,1502.411760462,1502.35216980379,1496.4408562813,280.420246382301,280.633606609558,183.418066258511
dwell,4,1,2,3,1586.77749769823,1603.62688605555,1627.91217448258,4.15199640723478e-07,4.15135678172767e-07,4.15110265686725e-07,1509.19999813887,1509.19999813841,1509.19999813881,77.5774995593581,94.4268879171368,118.712176343769
travel,4,1,2,3,1708.61890276002,1746.3231210161,1809.68663192423,4.88369021006102,5.72271938145138,7.29491003452722,1525.20085649237,1527.2145265037,1530.98778407108,183.418046267652,219.108594512397,278.698847853145
dwell,1,2,3,4,1658.59217448051,1659.36310228953,1617.45749769265,4.15132472530384e-07,4.15135910516873e-07,4.15132472530384e-07,1539.87999813849,1539.87999813848,1539.87999813849,118.712176342019,119.483104151056,77.5774995541641
travel,1,2,3,4,1841.79200684431,1841.94577641336,1738.81892253968,7.37156686407637,7.34673742315648,4.88369060722859,1561.37176046201,1561.3121698038,1555.40085628128,280.4202463823,280.633606609567,183.418066258403
dwell,4,1,2,3,1648.61749769267,1665.46688605557,1689.75217448477,4.1513439899545e-07,4.15141516753445e-07,4.15227326596921e-07,1571.03999813844,1571.03999813841,1571.03999813857,77.5774995542245,94.4268879171622,118.712176346199
travel,4,1,2,3,1769.49892253981,1807.2031210161,1870.56663192425,4.88369060723614,5.72271938145153,7.29491003452894,1586.0808562813,1588.09452650371,1591.86778407109,183.418066258511,219.10859451239,278.698847853158
dwell,1,2,3,4,1720.91217448049,1721.68310228955,1679.77749769543,4.15138207137013e-07,4.1514349430597e-07,4.15158316488049e-07,1602.19999813842,1602.19999813841,1602.19999813871,118.712176342069,119.48310415114,77.57749955672
travel,1,2,3,4,1902.67200684432,1902.82577641335,1799.69892254063,7.37156686407637,7.34673742315648,4.88369060723669,1622.25176046201,1622.1921698038,1616.28085628121,280.42024638231,280.633606609546,183.418066259423
dwell,4,1,2,3,1708.05749769264,1724.90688605555,1749.19217448049,4.15131153372196e-07,4.15135789461104e-07,4.15131153372196e-07,1630.47999813849,1630.47999813848,1630.47999813849,77.577499554146,94.4268879170673,118.712176342001
travel,4,1,2,3,1828.45892253979,1866.16312101612,1929.52663192423,4.8836906072286,5.7227193814516,7.29491003452734,1645.04085628127,1647.05452650371,1650.82778407109,183.418066258527,219.108594512412,278.698847853137
dwell,1,2,3,4,1778.91217448051,1779.68310228956,1737.77749769265,4.15133097369841e-07,4.15133600936429e-07,4.15133097369841e-07,1660.19999813849,1660.19999813845,1660.19999813849,118.712176342021,119.483104151108,77.5774995541652
travel,1,2,3,4,1962.11200684432,1962.26577641338,1859.13892253997,7.37156686407632,7.34673742315659,4.8836906072401,1681.69176046201,1681.6321698038,1675.72085628131,280.420246382309,280.63360660958,183.418066258662
dwell,4,1,2,3,1768.45749769265,1785.30688606115,1809.59217448048,4.15128886048206e-07,4.15177058927339e-07,4.15132525911223e-07,1690.8799981385,1690.87999813897,1690.87999813846,77.5774995541516,94.4268879221838,118.712176342022
travel,4,1,2,3,1890.29892254039,1928.00312101612,1991.36663192422,4.88369060722921,5.7227193814516,7.29491003452716,1706.8808562812,1708.89452650371,1712.66778407109,183.418066259192,219.108594512412,278.698847853123
dwell,1,2,3,4,1839.3121744805,1840.08310228953,1798.17749769265,4.15145002271488e-07,4.15142174346422e-07,4.15145685964429e-07,1720.59999813841,1720.59999813848,1720.59999813841,118.712176342084,119.483104151055,77.5774995542354
travel,1,2,3,4,2019.15200684435,2019.30577641334,1916.17892254119,7.37156686407808,7.34673742315642,4.88369060722483,1738.73176046202,1738.67216980381,1732.76085628109,280.420246382334,280.633606609535,183.418066260102
dwell,4,1,2,3,1825.97749769826,1842.82688605556,1867.11217448606,4.15464456252896e-07,4.15146165481438e-07,4.15258377134402e-07,1748.39999813781,1748.39999813841,1748.39999813865,77.5774995604472,94.4268879171435,118.712176347406
travel,4,1,2,3,1943.49892254148,1981.2031210161,2044.56663192422,4.88369060723617,5.72271938145145,7.29491003452728,1760.08085628111,1762.09452650371,1765.8677840711,183.418066260366,219.108594512388,278.698847853126
dwell,1,2,3,4,1892.99217448052,1893.76310228959,1851.85749769267,4.15133400730258e-07,4.15134123990413e-07,4.15133400730258e-07,1774.27999813845,1774.27999813845,1774.27999813845,118.712176342068,119.483104151137,77.5774995542127
travel,1,2,3,4,2073.7920068443,2073.94577641336,1970.81892253871,7.3715668640762,7.34673742315653,4.8836906072253,1793.37176046202,1793.31216980381,1787.40085628138,280.420246382286,280.633606609558,183.418066257323
dwell,4,1,2,3,1878.21749769264,1895.0668860612,1919.35217448051,4.15130152334484e-07,4.15182200371418e-07,4.15133166898123e-07,1800.6399981385,1800.63999813894,1800.63999813846,77.5774995541411,94.4268879222625,118.712176342055
travel,4,1,2,3,1996.21892253929,2033.92312101612,2097.28663192423,4.88369060724014,5.72271938145145,7.29491003452728,1812.80085628139,1814.81452650371,1818.5877840711,183.418066257896,219.108594512409,278.698847853136
dwell,1,2,3,4,1945.71217448054,1946.48310228957,1904.57749769267,4.15134121379336e-07,4.15133116923096e-07,4.15140575333889e-07,1826.99999813846,1826.99999813846,1826.99999813842,118.712176342088,119.483104151113,77.5774995542484
travel,1,2,3,4,2126.03200684433,2126.18577641334,2023.05892254078,7.37156686407643,7.34673742315642,4.88369060724416,1845.61176046202,1845.55216980381,1839.64085628124,280.420246382312,280.633606609535,183.418066259537
dwell,4,1,2,3,1931.89749769267,1948.74688605559,1973.03217448054,4.15146613977087e-07,4.15143548229424e-07,4.151337438344e-07,1854.31999813842,1854.31999813842,1854.31999813846,77.5774995542582,94.4268879171703,118.712176342085
travel,4,1,2,3,2049.41892253821,2087.1231210161,2150.48663192423,4.88369060722909,5.72271938145176,7.29491003452716,1866.00085628146,1868.01452650372,1871.7877840711,183.418066256742,219.108594512385,278.698847853133
dwell,1,2,3,4,1999.39217448051,2000.16310228957,1958.25749769265,4.15134229912017e-07,4.15133794149679e-07,4.15134229912017e-07,1880.6799981385,1880.67999813846,1880.6799981385,118.712176342009,119.483104151107,77.577499554154
travel,1,2,3,4,2179.71200684433,2179.86577641337,2076.7389225395,7.37156686407643,7.34673742315665,4.88369060722086,1899.29176046202,1899.23216980381,1893.32085628127,280.420246382312,280.63360660956,183.418066258229
dwell,4,1,2,3,1984.13749769264,2000.98688605556,2025.27217448333,4.15139587573417e-07,4.15143070187656e-07,4.15338995036967e-07,1906.55999813843,1906.55999813848,1906.55999813799,77.5774995542157,94.426887917079,118.71217634534
travel,4,1,2,3,2102.61892253969,2140.32312101615,2203.68663192424,4.88369060722847,5.72271938145331,7.29491003452728,1919.20085628129,1921.21452650372,1924.9877840711,183.418066258401,219.108594512425,278.698847853136
dwell,1,2,3,4,2051.63217448054,2052.40310229239,2010.49749769546,4.15133759304095e-07,4.15388479618541e-07,4.15102109544841e-07,1932.91999813846,1932.91999813779,1932.91999813894,118.712176342083,119.4831041546,77.5774995565229
travel,1,2,3,4,2233.87200684433,2234.02577641337,2130.89892254001,7.37156686407654,7.34673742315653,4.88369060723698,1953.45176046202,1953.39216980381,1947.4808562813,280.420246382314,280.633606609558,183.418066258716
dwell,4,1,2,3,2040.69749769825,2057.54688605561,2081.83217448049,4.153291848736e-07,4.15144972997938e-07,4.15132964788066e-07,1963.11999813836,1963.11999813842,1963.11999813843,77.5774995598893,94.4268879171919,118.712176342064
travel,4,1,2,3,2158.21890276004,2195.92312101612,2259.28663192426,4.88369021006102,5.7227193814516,7.29491003452728,1974.80085649239,1976.81452650372,1980.5877840711,183.418046267652,219.108594512402,278.698847853157
dwell,1,2,3,4,2110.11217448048,2110.88310229519,2068.97749769268,4.15140991754583e-07,4.15363565214017e-07,4.15140074248696e-07,1991.39999813843,1991.39999813822,1991.39999813843,118.712176342052,119.483104156964,77.5774995542557
travel,1,2,3,4,2291.87200684431,2292.02577641334,2188.89892253824,7.37156686407608,7.34673742315653,4.88369060722961,2011.45176046202,2011.39216980382,2005.48085628147,280.420246382283,280.633606609517,183.41806625677
dwell,4,1,2,3,2099.65749769264,2116.50688605557,2140.79217448056,4.15132292322827e-07,4.15133151074861e-07,4.15137624930901e-07,2022.07999813851,2022.0799981385,2022.07999813849,77.5774995541351,94.4268879170655,118.712176342067
travel,4,1,2,3,2219.09892254019,2256.80312101614,2320.16663192424,4.88369060724404,5.72271938145145,7.29491003452716,2035.68085628132,2037.69452650372,2041.46778407111,183.418066258875,219.108594512419,278.698847853133
dwell,1,2,3,4,2170.51217448054,2171.28310228959,2129.37749769836,4.15130791260731e-07,4.15134706472119e-07,4.15467892927471e-07,2051.79999813851,2051.79999813846,2051.79999813777,118.71217634203,119.483104151128,77.5774995605936
travel,1,2,3,4,2351.79200684436,2351.94577641337,2248.8189225415,7.37156686407808,7.34673742315642,4.88369060723629,2071.37176046203,2071.31216980382,2065.40085628112,280.420246382334,280.633606609555,183.418066260376
dwell,4,1,2,3,2159.09749769265,2175.94688605554,2200.23217448052,4.15136814932249e-07,4.15139577574489e-07,4.15139107158706e-07,2081.51999813844,2081.5199981385,2081.51999813843,77.577499554218,94.4268879170362,118.712176342088
travel,4,1,2,3,2280.9389225383,2318.64312101613,2382.00663192426,4.8836906072363,5.72271938145161,7.29491003452716,2097.5208562815,2099.53452650373,2103.30778407111,183.418066256797,219.108594512402,278.698847853154
dwell,1,2,3,4,2232.35217448055,2233.12310228958,2191.21749769269,4.15134054190692e-07,4.1513779654328e-07,4.1513456988784e-07,2113.63999813847,2113.6399981385,2113.63999813844,118.712176342086,119.48310415108,77.5774995542539
travel,1,2,3,4,2414.59200684434,2414.74577641338,2311.61890276006,7.37156686407655,7.34673742315654,4.88369021006099,2134.17176046203,2134.11216980382,2128.20085649239,280.420246382314,280.633606609558,183.418046267674
dwell,4,1,2,3,2219.49749769268,2236.34688605554,2260.63217448052,4.15133233129988e-07,4.15126667122005e-07,4.15135970298741e-07,2141.91999813847,2141.91999813859,2141.91999813843,77.5774995542131,94.4268879169452,118.712176342087
travel,4,1,2,3,2340.37890276009,2378.08312101613,2441.44663192429,4.88369021006113,5.72271938145161,7.29491003452739,2156.96085649239,2158.97452650373,2162.74778407111,183.418046267705,219.108594512402,278.69884785318
dwell,1,2,3,4,2291.31217448049,2292.08310229241,2250.17749769265,4.151456536215e-07,4.15372615582938e-07,4.15139499765847e-07,2172.59999813843,2172.59999813786,2172.59999813851,118.712176342062,119.483104154551,77.5774995541393
travel,1,2,3,4,2470.67200684436,2470.82577641338,2367.69890276005,7.37156686407643,7.34673742315642,4.88369021006092,2190.25176046203,2190.19216980382,2184.2808564924,280.420246382333,280.633606609555,183.41804626765
dwell,4,1,2,3,2275.09749769268,2291.94688605557,2316.23217448055,4.15141321098173e-07,4.15142010195581e-07,4.15133715791915e-07,2197.5199981385,2197.51999813844,2197.51999813847,77.5774995541813,94.4268879171346,118.712176342074
travel,4,1,2,3,2393.09892253861,2430.80312101616,2494.16663192427,4.88369060724399,5.72271938145331,7.29491003452728,2209.68085628151,2211.69452650374,2215.46778407111,183.418066257094,219.108594512425,278.698847853157
dwell,1,2,3,4,2341.63217448049,2342.40310229383,2300.49749769269,4.15136838456286e-07,4.15435382868056e-07,4.15139541103486e-07,2222.91999813844,2222.91999813777,2222.9199981385,118.712176342051,119.483104156066,77.5774995541964
travel,1,2,3,4,2522.43200684437,2522.58577641336,2419.45892254,7.37156686407808,7.34673742315642,4.88369060723597,2242.01176046204,2241.95216980383,2236.04085628131,280.420246382334,280.633606609535,183.418066258693
dwell,4,1,2,3,2327.33749769267,2344.18688605983,2368.47217448053,4.15139876581677e-07,4.15190999687926e-07,4.1513407330046e-07,2249.75999813844,2249.75999813875,2249.75999813851,77.5774995542307,94.4268879210787,118.712176342021
travel,4,1,2,3,2444.85892253858,2482.56312101615,2545.92663192425,4.88369060724344,5.72271938145145,7.29491003452716,2261.44085628151,2263.45452650373,2267.22778407111,183.418066257065,219.108594512419,278.698847853133
dwell,1,2,3,4,2396.752150725,2397.5231022896,2355.61747393712,4.03596270499713e-09,4.15136647872833e-07,4.03766230956038e-09,2278.03999998156,2278.03999813851,2278.03999998155,118.712150743443,119.483104151094,77.5774739555697
travel,1,2,3,4,2579.95200684437,2580.10577641338,2476.97890276005,7.37156686407655,7.34673742315654,4.88369021006102,2299.53176046203,2299.47216980383,2293.5608564924,280.420246382335,280.633606609558,183.418046267653
dwell,4,1,2,3,2384.85749769268,2401.7068860556,2425.99217448054,4.15141259340326e-07,4.15140253019358e-07,4.15134932334653e-07,2307.2799981385,2307.27999813844,2307.27999813842,77.57749955418,94.4268879171599,118.712176342118
travel,4,1,2,3,2506.69890276005,2544.4031210161,2607.76663192428,4.88369021006081,5.72271938145145,7.29491003452894,2323.2808564924,2325.29452650374,2329.06778407112,183.418046267648,219.108594512357,278.698847853159
dwell,1,2,3,4,2454.27217448055,2455.04310229516,2413.13749769269,4.1513401409694e-07,4.15278558811827e-07,4.15142914728107e-07,2335.55999813851,2335.55999813858,2335.55999813844,118.712176342039,119.483104156579,77.5774995542469
travel,1,2,3,4,2637.95200684434,2638.1057764134,2534.97892253812,7.37156686407632,7.34673742315653,4.88369060722866,2357.53176046204,2357.47216980383,2351.56085628149,280.420246382309,280.633606609578,183.418066256625
dwell,4,1,2,3,2442.85749769271,2459.70688605558,2483.99217448334,4.15134185725112e-07,4.15133458309815e-07,4.15371097193837e-07,2365.27999813848,2365.27999813848,2365.27999813788,77.5774995542357,94.4268879171061,118.712176345469
travel,4,1,2,3,2563.25892254059,2600.96312101612,2664.32663192421,4.88369060725934,5.72271938145145,7.29491003452716,2379.84085628137,2381.85452650374,2385.62778407112,183.418066259219,219.108594512378,278.698847853092
dwell,1,2,3,4,2512.27217448056,2513.0431022896,2471.13749769271,4.15141486605877e-07,4.15146303565094e-07,4.15141486605877e-07,2393.55999813844,2393.55999813844,2393.55999813844,118.712176342122,119.483104151166,77.5774995542667
travel,1,2,3,4,2691.63200684435,2691.78577641335,2588.65890276008,7.37156686407643,7.3467374231563,4.88369021006099,2411.21176046204,2411.15216980383,2405.2408564924,280.420246382312,280.633606609512,183.418046267673
dwell,4,1,2,3,2497.01749769267,2513.86688605563,2538.15217448055,4.15146435621924e-07,4.15134412435229e-07,4.1513397459661e-07,2419.43999813844,2419.43999813848,2419.43999813848,77.5774995542349,94.426887917154,118.712176342076
travel,4,1,2,3,2615.01890276003,2652.72312101614,2716.08663192424,4.88369021006071,5.72271938145145,7.29491003452716,2431.60085649241,2433.61452650374,2437.38778407112,183.418046267629,219.108594512399,278.698847853113
dwell,1,2,3,4,2564.51217448059,2565.28310228954,2523.37749769837,4.15135026389856e-07,4.15139247732896e-07,4.15255586317803e-07,2445.79999813848,2445.79999813851,2445.79999813864,118.712176342117,119.483104151035,77.5774995597262
travel,1,2,3,4,2748.19200684438,2748.34577641338,2645.21892253943,7.37156686407808,7.3467374231563,4.88369060722118,2467.77176046205,2467.71216980383,2461.8008562813,280.420246382334,280.633606609552,183.418066258129
dwell,4,1,2,3,2552.61749769268,2569.4668860555,2593.75217448051,4.15142689308006e-07,4.15129708099707e-07,4.15134185790012e-07,2475.0399981385,2475.03999813858,2475.03999813844,77.5774995541737,94.4268879169225,118.712176342073
travel,4,1,2,3,2671.57890276006,2709.28312101616,2772.64663192427,4.88369021006092,5.7227193814516,7.29491003452716,2488.16085649241,2490.17452650374,2493.94778407112,183.41804626765,219.108594512423,278.698847853154
dwell,1,2,3,4,2621.55217448055,2622.32310228958,2580.4174976927,4.1514437774638e-07,4.15136546774336e-07,4.15141937252237e-07,2502.83999813844,2502.83999813845,2502.83999813845,118.712176342114,119.483104151125,77.5774995542551
travel,1,2,3,4,2804.75200684435,2804.90577641335,2701.77892253999,7.37156686407631,7.34673742315618,4.88369060723589,2524.33176046204,2524.27216980384,2518.36085628132,280.420246382309,280.633606609509,183.418066258675
dwell,4,1,2,3,2611.0974976927,2627.94688605561,2652.23217448055,4.15138937088738e-07,4.15145132642435e-07,4.15140990867348e-07,2533.51999813845,2533.51999813844,2533.51999813845,77.5774995542482,94.4268879171668,118.712176342105
travel,4,1,2,3,2731.97890276004,2769.68312101618,2833.04663192426,4.88369021006082,5.7227193814516,7.29491003452717,2548.56085649241,2550.57452650374,2554.34778407112,183.418046267631,219.108594512444,278.698847853133
dwell,1,2,3,4,2681.95217448619,2682.72310228957,2640.81749769271,4.15498023617368e-07,4.15132092294275e-07,4.15145097040612e-07,2563.23999813769,2563.23999813853,2563.23999813844,118.712176348498,119.483104151047,77.5774995542674
travel,1,2,3,4,2865.63200684437,2865.78577641335,2762.65892254133,7.37156686407631,7.3467374231563,4.88369060722868,2585.21176046204,2585.15216980384,2579.24085628113,280.42024638233,280.633606609512,183.418066260205
dwell,4,1,2,3,2670.53749769267,2687.38688605563,2711.67217448052,4.15145953318915e-07,4.15133471854337e-07,4.15134034341732e-07,2592.95999813853,2592.95999813848,2592.95999813846,77.5774995541384,94.4268879171444,118.712176342069
travel,4,1,2,3,2790.93890276007,2828.64312101614,2892.0066319243,4.88369021006103,5.72271938145145,7.29491003452728,2607.52085649241,2609.53452650375,2613.30778407112,183.418046267653,219.108594512399,278.698847853177
dwell,1,2,3,4,2739.47217448055,2740.24310228961,2698.33749769268,4.15146243034966e-07,4.15135040895599e-07,4.15141676846553e-07,2620.75999813845,2620.75999813852,2620.75999813852,118.712176342109,119.483104151086,77.5774995541597
travel,1,2,3,4,2922.19200684434,2922.34577641338,2819.21892254149,7.37156686407631,7.34673742315654,4.88369060723574,2641.77176046205,2641.71216980384,2635.80085628115,280.420246382289,280.633606609537,183.418066260348
dwell,4,1,2,3,2729.49749769268,2746.34688605554,2770.63217448053,4.15134553753392e-07,4.15133639005834e-07,4.15134553753392e-07,2651.91999813853,2651.91999813845,2651.91999813853,77.5774995541492,94.4268879170921,118.712176342005
travel,4,1,2,3,2848.93890276009,2886.64312101615,2950.00663192427,4.88369021006099,5.7227193814516,7.29491003452728,2665.52085649241,2667.53452650375,2671.30778407113,183.418046267674,219.108594512402,278.698847853136
dwell,1,2,3,4,2800.35217448055,2801.1231022896,2759.21749769268,4.15133497924804e-07,4.1513693739031e-07,4.15133036689092e-07,2681.63999813849,2681.63999813846,2681.63999813849,118.712176342063,119.483104151149,77.5774995541814
travel,1,2,3,4,2983.07200684434,2983.22577641338,2880.09890276007,7.3715668640762,7.34673742315642,4.88369021006113,2702.65176046205,2702.59216980384,2696.68085649242,280.420246382286,280.633606609535,183.418046267655
dwell,4,1,2,3,2787.01749769267,2803.8668860556,2828.15217448056,4.15131843130987e-07,4.15141338301662e-07,4.1513331463254e-07,2709.43999813846,2709.43999813846,2709.43999813849,77.5774995542074,94.4268879171414,118.71217634207
travel,4,1,2,3,2907.89892254003,2945.60312101615,3008.96663192427,4.88369060723636,5.7227193814516,7.29491003452739,2724.48085628133,2726.49452650375,2730.26778407113,183.418066258702,219.108594512402,278.698847853139
dwell,1,2,3,4,2859.79217448617,2860.5631022896,2818.65749769484,4.15450421820049e-07,4.1513671313854e-07,4.15331251920751e-07,2741.0799981379,2741.07999813846,2741.07999813795,118.712176348272,119.483104151147,77.5774995568853
travel,1,2,3,4,3041.07200684434,3041.22577641343,2938.09892253804,7.37156686407631,7.34673742315819,4.88369060722047,2760.65176046205,2760.59216980385,2754.68085628148,280.420246382288,280.63360660958,183.418066256565
dwell,4,1,2,3,2846.93749769269,2863.78688605563,2888.0721744834,4.1514288438861e-07,4.15141691572551e-07,4.15392373551312e-07,2769.35999813846,2769.35999813852,2769.35999813781,77.5774995542388,94.4268879171156,118.712176345596
travel,4,1,2,3,2967.33892254153,3005.04312101618,3068.40663192426,4.88369060723632,5.72271938145331,7.29491003452704,2783.92085628115,2785.93452650376,2789.70778407113,183.418066260377,219.108594512425,278.698847853131
dwell,1,2,3,4,2917.31217448053,2918.0831022896,2876.17749769269,4.15141663882083e-07,4.1513392337077e-07,4.15139864523816e-07,2798.59999813852,2798.59999813849,2798.59999813852,118.712176342009,119.483104151108,77.5774995541664
travel,1,2,3,4,3097.63200684437,3097.78577641343,2994.65892254124,7.37156686407643,7.34673742315819,4.88369060722903,2817.21176046205,2817.15216980385,2811.24085628115,280.420246382312,280.63360660958,183.418066260089
dwell,4,1,2,3,2902.05759369255,2918.90688605561,2943.19217448057,2.07674682706127e-06,4.15138341023082e-07,4.15144478691229e-07,2824.47999069079,2824.47999813853,2824.47999813845,77.5776030017603,94.4268879170784,118.712176342111
travel,4,1,2,3,3023.89890276007,3061.60312101615,3124.96663192426,4.88369021006102,5.72271938145145,7.2949100345274,2840.48085649242,2842.49452650375,2846.26778407114,183.418046267652,219.108594512399,278.698847853118
dwell,1,2,3,4,2971.9522704806,2972.72310228962,2930.81759369268,2.07671791515393e-06,4.15133805469589e-07,2.07675313213053e-06,2853.23999069066,2853.2399981385,2853.23999069077,118.712279789942,119.483104151128,77.5776030019094
travel,1,2,3,4,3153.71200684438,3153.86577641339,3050.73892253674,7.37156686407631,7.34673742315665,4.88369060722776,2873.29176046205,2873.23216980385,2867.32085628167,280.42024638233,280.63360660954,183.418066255061
dwell,4,1,2,3,2957.65749769271,2974.50688605979,2998.79217448056,4.15137397727512e-07,4.15331661741631e-07,4.15137397727512e-07,2880.07999813853,2880.07999813824,2880.07999813853,77.57749955418,94.4268879215589,118.712176342035
travel,4,1,2,3,3078.53892254033,3116.24312101614,3179.60663192429,4.88369060724355,5.72271938145145,7.29491003452728,2895.12085628134,2897.13452650376,2900.90778407114,183.418066258988,219.108594512378,278.698847853157
dwell,1,2,3,4,3026.11217448054,3026.88310228957,2984.9774976927,4.15130603308531e-07,4.15143274232809e-07,4.15132867168163e-07,2907.39999813855,2907.39999813846,2907.3999981385,118.712176341993,119.483104151103,77.5774995542016
travel,1,2,3,4,3209.31200684437,3209.46577641343,3106.33892254162,7.37156686407654,7.34673742315653,4.88369060723574,2928.89176046206,2928.83216980385,2922.92085628115,280.420246382314,280.633606609579,183.418066260472
dwell,4,1,2,3,3015.17749769275,3032.0268860556,3056.31217448057,4.15134638360002e-07,4.1514249126188e-07,4.1514342202183e-07,2937.5999981385,2937.59999813853,2937.59999813852,77.5774995542585,94.426887917069,118.712176342056
travel,4,1,2,3,3134.61892253991,3172.32312101612,3235.68663192427,4.88369060723558,5.72271938145129,7.29491003452705,2951.20085628135,2953.21452650376,2956.98778407114,183.418066258561,219.108594512354,278.698847853131
dwell,1,2,3,4,3082.67217448055,3083.44310228961,3041.5374976927,4.15130446510557e-07,4.15139572140729e-07,4.15134717932212e-07,2963.95999813855,2963.95999813852,2963.95999813854,118.712176342006,119.48310415109,77.577499554161
travel,1,2,3,4,3262.0320068444,3262.18577641337,3159.05892253823,7.37156686407808,7.34673742315642,4.8836906072282,2981.61176046206,2981.55216980386,2975.64085628151,280.420246382334,280.633606609514,183.418066256722
dwell,4,1,2,3,3068.85749769271,3085.70688605562,3109.9921744806,4.15136136785861e-07,4.15133473066315e-07,4.1513421541079e-07,2991.27999813846,2991.2799981385,2991.2799981385,77.5774995542513,94.4268879171189,118.712176342096
travel,4,1,2,3,3188.77892253985,3226.48312101619,3289.84663192428,4.88369060722868,5.72271938145176,7.29491003452716,3005.36085628132,3007.37452650376,3011.14778407114,183.418066258529,219.108594512426,278.698847853133
dwell,1,2,3,4,3137.79217448341,3138.56310228959,3096.65749769271,4.1513258992289e-07,4.1514547309486e-07,4.15132842225718e-07,3019.07999813885,3019.07999813846,3019.07999813851,118.712176344562,119.48310415113,77.5774995542016
travel,1,2,3,4,3321.47200684435,3321.62577641343,3218.49890276008,7.37156686407631,7.34673742315653,4.88369021006083,3041.05176046206,3040.99216980385,3035.08085649243,280.420246382288,280.633606609579,183.418046267648
dwell,4,1,2,3,3124.93749769273,3141.78686230009,3166.07217448477,4.15133537836184e-07,4.03495970572396e-09,4.15245979829923e-07,3047.3599981385,3047.35999998159,3047.35999813857,77.5774995542241,94.4268623184932,118.712176346203
travel,4,1,2,3,3243.8989225401,3281.60312101614,3344.96663192431,4.88369060724322,5.72271938145145,7.29491003452752,3060.48085628137,3062.49452650376,3066.26778407114,183.418066258732,219.108594512378,278.698847853162
dwell,1,2,3,4,3195.79217448054,3196.56310228964,3154.65749769262,4.15140646316832e-07,4.15134183082177e-07,4.15125516907707e-07,3077.07999813853,3077.0799981385,3077.07999813864,118.712176342009,119.483104151138,77.5774995539821
travel,1,2,3,4,3378.99200684435,3379.14577641341,3276.01890276008,7.37156686407608,7.3467374231563,4.88369021006093,3098.57176046207,3098.51216980386,3092.60085649243,280.420246382283,280.633606609553,183.41804626765
dwell,4,1,2,3,3183.89759369272,3200.74698205549,3225.03217448055,2.0767170511823e-06,2.07674990280298e-06,4.15140855290606e-07,3106.31999069066,3106.31999069079,3106.31999813853,77.5776030020533,94.4269913646976,118.712176342021
travel,4,1,2,3,3304.77892253823,3342.48312101616,3405.84663192428,4.8836906072282,5.72271938145115,7.29491003452716,3121.36085628151,3123.37452650377,3127.14778407115,183.418066256722,219.108594512392,278.698847853133
dwell,1,2,3,4,3252.83217448053,3253.6031022952,3211.69749769831,4.15138789928857e-07,4.15413000926395e-07,4.15413000926395e-07,3134.11999813856,3134.11999813806,3134.11999813806,118.712176341965,119.483104157144,77.577499560248
travel,1,2,3,4,3434.59200684436,3434.74577641342,3331.61892254124,7.37156686407643,7.34673742315665,4.88369060722022,3154.17176046207,3154.11216980386,3148.20085628112,280.420246382291,280.633606609561,183.418066260122
dwell,4,1,2,3,3242.37749769827,3259.22688605556,3283.51217448054,4.1528052366457e-07,4.15136012389057e-07,4.15136630725849e-07,3164.79999813861,3164.79999813859,3164.79999813854,77.5774995596558,94.4268879169675,118.712176342001
travel,4,1,2,3,3363.73892253854,3401.44312101619,3464.80663192426,4.88369060723604,5.72271938145161,7.29491003452717,3180.32085628152,3182.33452650377,3186.10778407115,183.418066257023,219.108594512423,278.698847853113
dwell,1,2,3,4,3311.31217448059,3312.08310229524,3270.17749769272,4.15131045514388e-07,4.15328187631128e-07,4.15136369481767e-07,3192.59999813855,3192.5999981384,3192.59999813854,118.712176342033,119.483104156839,77.5774995541786
travel,1,2,3,4,3491.15200684441,3491.30577641345,3388.17892254162,7.37156686407678,7.34673742315819,4.8836906072352,3210.73176046207,3210.67216980387,3204.76085628116,280.42024638234,280.63360660958,183.41806626046
dwell,4,1,2,3,3296.53749769272,3313.38698205549,3337.67217448057,4.1513340680496e-07,2.07674993456565e-06,4.15140451560381e-07,3218.95999813851,3218.9599906908,3218.95999813854,77.5774995542147,94.4269913646977,118.712176342034
travel,4,1,2,3,3414.53890276009,3452.2431210162,3515.60663192429,4.88369021006092,5.72271938145331,7.29491003452751,3231.12085649244,3233.13452650378,3236.90778407115,183.41804626765,219.108594512425,278.698847853141
dwell,1,2,3,4,3362.11217448053,3362.88310228963,3320.97749769273,4.15140801795749e-07,4.1513937866896e-07,4.15137048167096e-07,3243.39999813855,3243.39999813849,3243.39999813855,118.712176341978,119.483104151142,77.5774995541847
travel,1,2,3,4,3542.43200684437,3542.58577641345,3439.45892254165,7.37156686407643,7.34673742315653,4.88369060723629,3262.01176046208,3261.95216980387,3256.04085628117,280.420246382291,280.633606609579,183.418066260484
dwell,4,1,2,3,3348.29749769833,3365.14688605844,3389.4321744806,4.15292463874755e-07,4.15138250523146e-07,4.15134008597752e-07,3270.71999813856,3270.71999813886,3270.71999813853,77.5774995597633,94.4268879195836,118.712176342077
travel,4,1,2,3,3466.29892253976,3504.0031210162,3567.36663192433,4.8836906072284,5.72271938145145,7.29491003452894,3282.88085628136,3284.89452650378,3288.66778407117,183.418066258399,219.108594512419,278.698847853159
dwell,1,2,3,4,3414.83217448058,3415.60310229245,3373.69749769843,4.15139028440649e-07,4.15346676070172e-07,4.15379473925674e-07,3296.11999813857,3296.11999813804,3296.1199981382,118.712176342006,119.483104154419,77.5774995602286
travel,1,2,3,4,3595.15200684443,3595.30577641346,3492.17892253986,7.37156686407655,7.34673742315665,4.88369060722782,3314.73176046209,3314.67216980388,3308.76085628135,280.420246382335,280.633606609581,183.41806625851
dwell,4,1,2,3,3402.45749769273,3419.30698205574,3443.59217448056,4.15142059848807e-07,2.07672229908386e-06,4.15133598782717e-07,3324.87999813851,3324.8799906907,3324.8799981385,77.5774995542208,94.4269913650406,118.712176342067
travel,4,1,2,3,3523.33892254016,3561.04312101616,3624.4066319243,4.88369060724404,5.7227193814513,7.29491003452728,3339.92085628141,3341.93452650381,3345.70778407119,183.41806625875,219.108594512354,278.698847853115
dwell,1,2,3,4,3472.35217448063,3473.12310228966,3431.21749769278,4.1513796746621e-07,4.1513300887054e-07,4.1513796746621e-07,3353.63999813858,3353.63999813859,3353.63999813858,118.712176342056,119.483104151067,77.5774995542002
travel,1,2,3,4,3653.63200684442,3653.78577641345,3550.65890276015,7.37156686407631,7.3467374231563,4.88369021006099,3373.21176046211,3373.1521698039,3367.24085649247,280.420246382309,280.633606609553,183.418046267674
dwell,4,1,2,3,3458.05749769276,3474.90688605566,3499.19217448064,4.1513498040015e-07,4.15134000655916e-07,4.15133834997606e-07,3380.47999813853,3380.47999813852,3380.47999813856,77.5774995542255,94.4268879171405,118.712176342085
travel,4,1,2,3,3575.5789225411,3613.28312101621,3676.64663192433,4.88369060722114,5.72271938145145,7.29491003452728,3392.16085628119,3394.17452650382,3397.9477840712,183.418066259911,219.108594512399,278.698847853136
dwell,1,2,3,4,3525.55217448061,3526.32310228968,3484.41749769839,4.15142074122387e-07,4.15133580253179e-07,4.15449372733998e-07,3406.83999813853,3406.83999813857,3406.83999813798,118.712176342084,119.483104151113,77.5774995604121
travel,1,2,3,4,3706.35200684442,3706.5057764135,3603.3789225412,7.37156686407655,7.34673742315819,4.88369060722091,3425.93176046213,3425.87216980392,3419.96085628119,280.420246382294,280.63360660958,183.418066260013
dwell,4,1,2,3,3512.21759369274,3529.06688605569,3553.35217448635,2.07672026527459e-06,4.15142504052056e-07,4.15525316624517e-07,3434.63999069074,3434.63999813853,3434.63999813762,77.5776030020058,94.4268879171567,118.71217634873
travel,4,1,2,3,3631.17892253872,3668.8831210162,3732.24663192435,4.88369060724435,5.72271938145115,7.2949100345274,3447.76085628161,3449.77452650383,3453.54778407121,183.418066257102,219.108594512371,278.698847853138
dwell,1,2,3,4,3580.19227048073,3580.96310228966,3539.05749769271,2.07671930354098e-06,4.15142022268366e-07,4.15139742440761e-07,3461.47999069073,3461.47999813862,3461.47999813862,118.712279790006,119.483104151037,77.5774995540902
travel,1,2,3,4,3763.87200684444,3764.02577641351,3660.89892253982,7.37156686407655,7.34673742315654,4.88369060722886,3483.45176046214,3483.39216980393,3477.48085628141,280.420246382294,280.633606609579,183.418066258409
dwell,4,1,2,3,3568.29749769277,3585.14698205558,3609.43217448061,4.15134284430442e-07,2.07675303929801e-06,4.15137866526506e-07,3490.71999813866,3490.71999069087,3490.71999813864,77.577499554102,94.4269913647077,118.712176341973
travel,4,1,2,3,3689.17892254169,3726.88312101625,3790.24663192437,4.88369060724404,5.72271938145145,7.2949100345274,3505.76085628128,3507.77452650385,3511.54778407123,183.41806626041,219.108594512399,278.698847853138
dwell,1,2,3,4,3638.19217448068,3638.96310228966,3597.05759369278,4.15133329928031e-07,4.15128045624631e-07,2.07674999850805e-06,3519.47999813859,3519.4799981387,3519.47999069088,118.712176342085,119.483104150956,77.5776030018993
travel,1,2,3,4,3817.55200684446,3817.70577641353,3714.57892253617,7.37156686407666,7.34673742315653,4.8836906072053,3537.13176046216,3537.07216980395,3531.16085628173,280.420246382296,280.633606609578,183.418066254432
dwell,4,1,2,3,3623.8974976928,3640.74698205555,3665.03217448067,4.15133298795913e-07,2.07671592338122e-06,4.15142986990617e-07,3546.31999813861,3546.31999069078,3546.31999813863,77.577499554195,94.4269913647704,118.712176342047
travel,4,1,2,3,3742.37892254014,3780.08312101624,3843.44663192438,4.88369060722803,5.72271938145115,7.29491003452716,3558.9608562814,3560.97452650387,3564.74778407125,183.418066258747,219.108594512371,278.698847853133
dwell,1,2,3,4,3690.91217448067,3691.68310228972,3649.7774976928,4.15133798397732e-07,4.15131955352313e-07,4.15132830003045e-07,3572.19999813858,3572.19999813865,3572.19999813862,118.712176342097,119.483104151062,77.5774995541885
travel,1,2,3,4,3871.23200684444,3871.3857764135,3768.25890276017,7.3715668640762,7.34673742315654,4.88369021006092,3590.81176046217,3590.75216980397,3584.84085649254,280.420246382265,280.633606609537,183.418046267633
dwell,4,1,2,3,3679.01749769714,3695.86688605575,3720.15217448067,4.15164420174198e-07,4.15133461947922e-07,4.15136747094899e-07,3601.43999813898,3601.43999813862,3601.43999813865,77.5774995581622,94.4268879171315,118.712176342019
travel,4,1,2,3,3800.85892254098,3838.56312101632,3901.92663192438,4.88369060721338,5.72271938145175,7.29491003452728,3617.44085628124,3619.45452650388,3623.22778407127,183.418066259737,219.108594512447,278.698847853115
dwell,1,2,3,4,3748.43227048054,3749.20310229532,3707.29749769283,2.07674682046807e-06,4.15232720706841e-07,4.15132049968227e-07,3629.71999069093,3629.71999813893,3629.71999813867,118.712279789616,119.483104156392,77.5774995541555
travel,1,2,3,4,3929.2320068445,3929.38577641356,3826.25890276021,7.37156686407654,7.34673742315665,4.88369021006102,3648.81176046219,3648.75216980398,3642.84085649255,280.420246382314,280.633606609581,183.418046267652
dwell,4,1,2,3,3733.65749769571,3750.50688605578,3774.79217448068,4.1540076103813e-07,4.15133559606566e-07,4.15145511104739e-07,3656.0799981379,3656.07999813864,3656.07999813859,77.5774995578063,94.4268879171426,118.712176342083
travel,4,1,2,3,3853.57892253817,3891.28312101633,3954.64663192443,4.88369060722043,5.72271938145331,7.29491003452728,3670.16085628162,3672.1745265039,3675.94778407128,183.418066256547,219.108594512425,278.698847853157
dwell,1,2,3,4,3804.03217448071,3804.80310228977,3762.89749769284,4.1513376246364e-07,4.15133809992021e-07,4.15132679119534e-07,3685.31999813865,3685.31999813864,3685.31999813865,118.712176342061,119.483104151123,77.577499554192
travel,1,2,3,4,3983.39200684452,3983.54577641356,3880.41892253867,7.37156686407655,7.34673742315665,4.88369060724434,3702.9717604622,3702.912169804,3697.0008562817,280.420246382314,280.633606609561,183.418066256977
dwell,4,1,2,3,3789.25749769284,3806.10688605568,3830.3921744807,4.1514224130211e-07,4.15136464410026e-07,4.1514224130211e-07,3711.67999813869,3711.67999813871,3711.67999813869,77.5774995541531,94.4268879169671,118.712176342008
travel,4,1,2,3,3911.09890276028,3948.80312101633,4012.16663192443,4.88369021006104,5.7227193814516,7.29491003452728,3727.68085649257,3729.69452650391,3733.46778407129,183.418046267703,219.108594512423,278.698847853136
dwell,1,2,3,4,3860.59217448072,3861.36310228976,3819.45749769287,4.1513540484521e-07,4.15132829151458e-07,4.1513540484521e-07,3741.87999813869,3741.87999813866,3741.87999813869,118.71217634203,119.483104151103,77.5774995541745
travel,1,2,3,4,4042.35200684451,4042.50577641353,3939.37892253989,7.37156686407643,7.34673742315653,4.88369060722832,3761.93176046222,3761.87216980402,3755.96085628149,280.420246382291,280.633606609517,183.418066258398
dwell,4,1,2,3,3847.2574976957,3864.10688605584,3888.39217448071,4.15132374314128e-07,4.15134525780922e-07,4.15134922682479e-07,3769.67999813902,3769.67999813866,3769.67999813864,77.5774995566827,94.4268879171722,118.712176342075
travel,4,1,2,3,3965.73890276024,4003.44312101633,4066.80663192446,4.88369021006132,5.72271938145145,7.29491003452728,3782.3208564926,3784.33452650393,3788.10778407131,183.418046267642,219.108594512399,278.698847853157
dwell,1,2,3,4,3917.15217448073,3917.9231022955,3876.01749769289,4.151359220636e-07,4.15082931185823e-07,4.15143922485654e-07,3798.43999813864,3798.43999813954,3798.43999813864,118.71217634209,119.48310415596,77.5774995542557
travel,1,2,3,4,4100.83200684455,4100.98577641354,3997.85892253814,7.37156686407667,7.34673742315607,4.88369060722149,3820.41176046224,3820.35216980403,3814.44085628168,280.420246382317,280.633606609506,183.418066256463
dwell,4,1,2,3,3907.65749769285,3924.50688605582,3948.79217448067,4.1514120964746e-07,4.15143096114161e-07,4.15140645454561e-07,3830.07999813875,3830.07999813864,3830.07999813875,77.5774995540997,94.4268879171772,118.712176341918
travel,4,1,2,3,4029.49890276025,4067.2031210163,4130.5666319245,4.88369021006092,5.7227193814513,7.29491003452728,3846.08085649261,3848.09452650395,3851.86778407132,183.418046267633,219.108594512354,278.698847853177
dwell,1,2,3,4,3979.47217448079,3980.2431022898,3938.33749769289,4.15134716223294e-07,4.15133299281521e-07,4.15131184841161e-07,3860.75999813869,3860.7599981387,3860.75999813874,118.712176342104,119.483104151101,77.5774995541485
travel,1,2,3,4,4161.23200684457,4161.3857764136,4058.25890276032,7.37156686407643,7.34673742315654,4.88369021006103,3880.81176046225,3880.75216980405,3874.84085649262,280.420246382312,280.633606609558,183.418046267703
dwell,4,1,2,3,3965.1774976929,3982.02688606137,4006.3121744807,4.15133729765462e-07,4.1536159137606e-07,4.15134496483414e-07,3887.5999981387,3887.59999813848,3887.59999813874,77.5774995541953,94.4268879228887,118.712176341964
travel,4,1,2,3,4086.53890276026,4124.24312101636,4187.60663192452,4.88369021006092,5.7227193814516,7.29491003452752,3903.12085649263,3905.13452650396,3908.90778407134,183.418046267633,219.108594512402,278.698847853183
dwell,1,2,3,4,4037.95217448639,4038.7231022898,3996.81749769856,4.1548139023055e-07,4.15137136468698e-07,4.15449609387025e-07,3919.23999813801,3919.23999813868,3919.23999813812,118.712176348378,119.483104151117,77.5774995604378
travel,1,2,3,4,4219.23200684463,4219.38577641358,4116.25892254046,7.37156686407666,7.3467374231563,4.88369060723649,3938.81176046227,3938.75216980407,3932.84085628152,280.420246382358,280.633606609511,183.418066258937
dwell,4,1,2,3,4023.17749769292,4040.02688606008,4064.3121744808,4.15133403588865e-07,4.15189746124742e-07,4.15130108953132e-07,3945.59999813873,3945.59999813901,3945.59999813877,77.5774995541935,94.4268879210751,118.712176342031
travel,4,1,2,3,4144.53892254006,4182.24312101631,4245.60663192451,4.88369060723662,5.7227193814513,7.29491003452728,3961.12085628159,3963.134526504,3966.90778407137,183.418066258476,219.108594512313,278.698847853136
dwell,1,2,3,4,4093.07217448083,4093.84310229266,4051.93749769291,4.15133957782986e-07,4.15113423754794e-07,4.15138394788413e-07,3974.35999813874,3974.35999813917,3974.35999813871,118.712176342086,119.483104153487,77.5774995541931
travel,1,2,3,4,4274.35200684461,4274.50577641365,4171.37892254046,7.37156686407643,7.34673742315654,4.88369060723509,3993.9317604623,3993.87216980409,3987.96085628155,280.420246382312,280.633606609558,183.418066258906
dwell,4,1,2,3,4080.69749769291,4097.54688605588,4121.83217448075,4.15129388318124e-07,4.15134428378307e-07,4.15133594544471e-07,4003.11999813881,4003.11999813879,4003.11999813879,77.5774995541039,94.4268879170894,118.712176341955
travel,4,1,2,3,4199.17890276031,4236.88312101637,4300.2466319245,4.88369021006071,5.7227193814513,7.29491003452728,4015.76085649268,4017.77452650402,4021.5477840714,183.418046267629,219.108594512354,278.698847853095
dwell,1,2,3,4,4147.71217448078,4148.48310228984,4106.57749769298,4.15133128018467e-07,4.15137282014529e-07,4.15144891760376e-07,4028.99999813881,4028.99999813881,4028.99999813873,118.712176341968,119.483104151028,77.5774995542472
travel,1,2,3,4,4330.91200684464,4331.06577641372,4227.93890276033,7.37156686407643,7.34673742315653,4.88369021006071,4050.49176046233,4050.43216980412,4044.5208564927,280.420246382312,280.633606609599,183.418046267629
dwell,4,1,2,3,4138.2175936928,4155.06686230035,4179.35217448083,2.0767499920251e-06,4.03798282519533e-09,4.15133404801324e-07,4060.63999069108,4060.63999998186,4060.63999813879,77.5776030017214,94.4268623184839,118.712176342046
travel,4,1,2,3,4257.65890276034,4295.36312101644,4358.72663192452,4.88369021006072,5.7227193814513,7.29491003452705,4074.24085649272,4076.25452650405,4080.02778407143,183.418046267629,219.108594512395,278.698847853089
dwell,1,2,3,4,4208.11227048068,4208.88310228984,4166.97749769294,2.07674944457011e-06,4.15141750853877e-07,4.15125727300156e-07,4089.39999069108,4089.39999813885,4089.39999813893,118.712279789605,119.48310415099,77.5774995540084
travel,1,2,3,4,4387.47200684467,4387.62577641374,4284.49892254,7.37156686407643,7.3467374231563,4.8836906072222,4107.05176046236,4106.99216980415,4101.0808562816,280.420246382312,280.633606609594,183.418066258399
dwell,4,1,2,3,4191.41749769305,4208.26688605588,4232.55217448088,4.15134799625775e-07,4.15141707374413e-07,4.15140125778621e-07,4113.83999813878,4113.83999813885,4113.83999813878,77.5774995542622,94.4268879170293,118.712176342104
travel,4,1,2,3,4312.77890276038,4350.48312101643,4413.84663192463,4.88369021006112,5.722719381451,7.29491003452704,4129.36085649275,4131.37452650408,4135.14778407145,183.418046267638,219.108594512347,278.698847853172
dwell,1,2,3,4,4261.79217448086,4262.56310229276,4220.65749769303,4.15137038766174e-07,4.1516946240465e-07,4.1513923950087e-07,4143.07999813877,4143.07999813904,4143.07999813887,118.712176342088,119.483104153719,77.5774995541636
travel,1,2,3,4,4443.0720068447,4443.2257764137,4340.09892254318,7.37156686407642,7.3467374231563,4.88369060722042,4162.65176046239,4162.59216980419,4156.68085628125,280.420246382311,280.633606609511,183.41806626193
dwell,4,1,2,3,4249.89759369331,4266.74688605602,4291.03217448087,2.07675656745315e-06,4.15134281532318e-07,4.15131849273421e-07,4172.31999069111,4172.31999813884,4172.31999813885,77.5776030021967,94.4268879171801,118.712176342024
travel,4,1,2,3,4369.33890276037,4407.04312101654,4470.40663192462,4.88369021006071,5.7227193814516,7.29491003452728,4185.92085649278,4187.9345265041,4191.70778407149,183.418046267595,219.108594512443,278.698847853136
dwell,1,2,3,4,4319.31215072538,4320.08310228995,4278.17749769307,4.0395689372129e-09,4.15140651777078e-07,4.15138651175645e-07,4200.59999998193,4200.59999813882,4200.59999813883,118.712150743457,119.483104151129,77.5774995542472
travel,1,2,3,4,4502.5120068447,4502.66577641373,4399.53890276042,7.37156686407643,7.3467374231563,4.88369021006072,4222.09176046243,4222.03216980422,4216.12085649279,280.420246382271,280.633606609512,183.418046267629
dwell,4,1,2,3,4307.89749769311,4324.74688606171,4349.03217448653,4.15133693817241e-07,4.1546506608821e-07,4.15365658076395e-07,4230.31999813888,4230.31999813819,4230.31999813863,77.5774995542364,94.4268879235216,118.712176347907
travel,4,1,2,3,4425.89892253986,4463.6031210165,4526.96663192467,4.88369060722235,5.7227193814516,7.29491003452775,4242.4808562817,4244.49452650414,4248.26778407152,183.418066258155,219.108594512361,278.698847853146
dwell,1,2,3,4,4374.43217448089,4375.20310229,4333.29749769309,4.15133824399597e-07,4.15141002097667e-07,4.15140950342146e-07,4255.71999813893,4255.71999813892,4255.71999813892,118.712176341965,119.483104151078,77.5774995541673
travel,1,2,3,4,4554.75200684477,4554.90577641376,4451.77892254063,7.37156686407666,7.3467374231563,4.883690607253,4274.33176046245,4274.27216980425,4268.36085628179,280.420246382317,280.633606609511,183.418066258844
dwell,4,1,2,3,4359.17749769317,4376.02688605603,4400.31217448091,4.15134725711516e-07,4.15139983895563e-07,4.15145666567792e-07,4281.5999981389,4281.59999813893,4281.59999813893,77.5774995542719,94.4268879170945,118.712176341981
travel,4,1,2,3,4480.05890276052,4517.76312101653,4581.12663192472,4.88369021006073,5.7227193814516,7.29491003452728,4296.64085649283,4298.65452650417,4302.42778407154,183.418046267696,219.108594512361,278.698847853177
dwell,1,2,3,4,4431.95227048102,4432.72310229006,4390.81749769874,2.0767564226088e-06,4.15133761850746e-07,4.15196274877155e-07,4313.23999069119,4313.23999813892,4313.23999813935,118.712279789824,119.483104151137,77.5774995593893
travel,1,2,3,4,4613.71200684479,4613.86577641384,4510.73890276048,7.37156686407643,7.34673742315677,4.88369021006072,4333.29176046248,4333.23216980427,4327.32085649285,280.420246382312,280.633606609563,183.418046267629
dwell,4,1,2,3,4418.13749769318,4434.98688605603,4459.27217448095,4.15133626863204e-07,4.15145560175886e-07,4.15129563744194e-07,4340.55999813894,4340.5599981389,4340.55999813902,77.5774995542409,94.4268879171316,118.712176341936
travel,4,1,2,3,4538.5389027605,4576.24312101657,4639.60663192475,4.88369021006093,5.7227193814519,7.29491003452728,4355.12085649286,4357.1345265042,4360.90778407157,183.418046267634,219.108594512368,278.698847853177
dwell,1,2,3,4,4489.4721552813,4490.2431982899,4448.33749769316,8.28366895105793e-08,2.07671767859593e-06,4.15133230918927e-07,4370.75999962841,4370.75999069111,4370.75999813895,118.712155652891,119.483207598789,77.5774995542078
travel,1,2,3,4,4670.27200684482,4670.4257764139,4567.29892253673,7.37156686407643,7.34673742315676,4.88369060720497,4389.85176046251,4389.7921698043,4383.88085628206,280.420246382312,280.633606609605,183.418066254674
dwell,4,1,2,3,4476.1374976932,4492.98688605603,4517.27217448108,4.15134224993582e-07,4.15136523757016e-07,4.15137561369985e-07,4398.559998139,4398.55999813904,4398.55999813899,77.5774995542021,94.42688791699,118.712176342083
travel,4,1,2,3,4594.13890276053,4631.84312101666,4695.20663192474,4.88369021006092,5.7227193814516,7.29491003452728,4410.72085649289,4412.73452650422,4416.50778407161,183.418046267633,219.108594512444,278.698847853136
dwell,1,2,3,4,4543.15217448096,4543.92310229004,4502.01749769315,4.15113696318216e-07,4.15139219628487e-07,4.15144281809506e-07,4424.43999813914,4424.43999813895,4424.43999813894,118.712176341824,119.483104151095,77.5774995542091
travel,1,2,3,4,4723.95200684488,4724.10577641388,4620.97890276055,7.37156686407808,7.34673742315607,4.88369021006133,4443.53176046255,4443.47216980433,4437.56085649291,280.420246382334,280.633606609547,183.418046267643
dwell,4,1,2,3,4527.89749769875,4544.74688605611,4569.03217448106,4.15270772115095e-07,4.15141892466199e-07,4.15136872720433e-07,4450.31999813916,4450.31999813904,4450.31999813902,77.5774995595963,94.4268879170793,118.71217634204
travel,4,1,2,3,4646.37890276055,4684.08312101666,4747.4466319248,4.88369021006052,5.7227193814516,7.29491003452894,4462.96085649292,4464.97452650425,4468.74778407164,183.418046267625,219.108594512402,278.698847853158
dwell,1,2,3,4,4598.27217448531,4599.04319828968,4557.13749769315,4.15199205625978e-07,2.07671126795152e-06,4.15139271945526e-07,4479.55999813924,4479.55999069117,4479.55999813904,118.712176346068,119.483207598508,77.5774995541081
travel,1,2,3,4,4777.63200684488,4777.78577641394,4674.65890276064,7.37156686407667,7.34673742315606,4.88369021006133,4497.21176046257,4497.15216980436,4491.24085649293,280.420246382317,280.633606609589,183.41804626771
dwell,4,1,2,3,4581.09749769326,4597.94688605622,4622.23217448107,4.15139741037597e-07,4.15134876094807e-07,4.15141996197864e-07,4503.51999813899,4503.51999813902,4503.51999813904,77.5774995542706,94.4268879172039,118.712176342029
travel,4,1,2,3,4701.49890276065,4739.20312101668,4802.56663192484,4.88369021006113,5.7227193814516,7.29491003452728,4518.08085649294,4520.09452650428,4523.86778407166,183.418046267705,219.108594512402,278.698847853177
dwell,1,2,3,4,4652.91217448111,4653.68310229001,4611.77749769328,4.15133459294516e-07,4.151471127085e-07,4.1513381280296e-07,4534.19999813904,4534.19999813892,4534.19999813904,118.71217634207,119.48310415109,77.5774995542416
travel,1,2,3,4,4832.27200684487,4832.42577641395,4729.29890276066,7.37156686407619,7.34673742315654,4.88369021006113,4551.8517604626,4551.79216980439,4545.88085649296,280.420246382266,280.633606609558,183.418046267705
dwell,4,1,2,3,4638.61749769895,4655.46698205632,4679.75227048076,4.15534613182265e-07,2.07675632063457e-06,2.07670317898517e-06,4561.03999813812,4561.03999069131,4561.03999069118,77.5774995608305,94.4269913650096,118.712279789583
travel,4,1,2,3,4759.49890276062,4797.20312101671,4860.56663192479,4.88369021006112,5.7227193814513,7.29491003452728,4576.08085649298,4578.09452650431,4581.8677840717,183.418046267638,219.108594512395,278.698847853095
dwell,1,2,3,4,4708.51217448108,4709.28319829034,4667.37749769329,4.15136861186888e-07,2.07675611401992e-06,4.15133115523078e-07,4589.79999813913,4589.79999069131,4589.79999813911,118.712176341955,119.483207599023,77.5774995541791
travel,1,2,3,4,4891.71200684497,4891.86577641394,4788.7389027607,7.37156686407808,7.34673742315653,4.88369021006134,4611.29176046263,4611.23216980443,4605.32085649299,280.420246382334,280.633606609517,183.41804626771
dwell,4,1,2,3,4696.13759369314,4712.9868860561,4737.27217448114,2.07671111569605e-06,4.15136313385805e-07,4.15142887000326e-07,4618.55999069127,4618.55999813919,4618.55999813904,77.577603001875,94.4268879169127,118.712176342103
travel,4,1,2,3,4816.05890276064,4853.76312101675,4917.12663192482,4.88369021006092,5.72271938145191,7.29491003452704,4632.64085649301,4634.65452650434,4638.42778407173,183.418046267634,219.108594512409,278.69884785309
dwell,1,2,3,4,4764.11217448107,4764.88310229023,4722.97759369333,4.15128097637354e-07,4.15138858572427e-07,2.07671670574831e-06,4645.39999813915,4645.39999813912,4645.39999069128,118.712176341924,119.48310415111,77.5776030020589
travel,1,2,3,4,4944.43200684497,4944.58577641396,4841.45890276072,7.37156686407666,7.3467374231563,4.88369021006091,4664.01176046266,4663.95216980445,4658.04085649302,280.420246382317,280.633606609512,183.4180462677
dwell,4,1,2,3,4747.89749769332,4764.74688605617,4789.03217448108,4.15144825584132e-07,4.15141552788051e-07,4.15142501285351e-07,4670.31999813914,4670.31999813917,4670.31999813902,77.5774995541845,94.4268879170032,118.712176342059
travel,4,1,2,3,4868.77890276073,4906.48312101682,4969.84663192489,4.88369021006073,5.72271938145191,7.29491003452728,4685.36085649303,4687.37452650437,4691.14778407175,183.418046267696,219.108594512451,278.698847853136
dwell,1,2,3,4,4817.79217448111,4818.56307853469,4776.65749769337,4.15122166241205e-07,4.03802256092424e-09,4.15134823071717e-07,4699.07999813927,4699.0799999822,4699.07999813912,118.712176341845,119.483078552493,77.5774995542529
travel,1,2,3,4,4999.55200684502,4999.70577641404,4896.57890276076,7.37156686407808,7.34673742315677,4.88369021006133,4719.13176046269,4719.07216980448,4713.16085649305,280.420246382334,280.633606609563,183.41804626771
dwell,4,1,2,3,4804.93749769338,4821.78688605631,4846.07215072567,4.15134925299111e-07,4.15134808722007e-07,4.03802024028065e-09,4727.35999813917,4727.35999813914,4727.35999998222,77.577499554204,94.4268879171779,118.712150743453
travel,4,1,2,3,4926.77892253696,4964.48312101676,5027.84663192488,4.88369060720621,5.7227193814513,7.29491003452728,4743.36085628226,4745.37452650441,4749.14778407179,183.4180662547,219.108594512354,278.698847853095
dwell,1,2,3,4,4876.7521744812,4877.52319829017,4835.61749769341,4.1514144343018e-07,2.07674990594803e-06,4.15134970597613e-07,4758.03999813919,4758.03999069145,4758.03999813919,118.712176342003,119.483207598715,77.5774995542251
travel,1,2,3,4,5058.99200684502,5059.14577641402,4956.01890276078,7.37156686407597,7.34673742315607,4.88369021006093,4778.57176046272,4778.51216980451,4772.60085649308,280.420246382301,280.633606609506,183.418046267701
dwell,4,1,2,3,4863.41749769753,4880.26688605625,4904.5521744812,4.15359984547835e-07,4.15138536777283e-07,4.15144399160231e-07,4785.8399981388,4785.8399981392,4785.8399981392,77.5774995587301,94.4268879170489,118.712176342008
travel,4,1,2,3,4984.29890276073,5022.00312101684,5085.36663192495,4.88369021006092,5.72271938145161,7.29491003452728,4800.8808564931,4802.89452650443,4806.66778407181,183.418046267634,219.108594512402,278.698847853136
dwell,1,2,3,4,4935.23217448124,4936.00310229033,4894.09749769338,4.15132963699111e-07,4.15142143668134e-07,4.15138475225825e-07,4816.51999813918,4816.51999813922,4816.51999813914,118.71217634206,119.483104151106,77.5774995542385
travel,1,2,3,4,5115.5520068451,5115.70577641412,5012.57890276075,7.37156686407689,7.34673742315819,4.88369021006112,4835.13176046274,4835.07216980454,4829.16085649311,280.420246382364,280.633606609581,183.418046267638
dwell,4,1,2,3,4923.33749769345,4940.18688605632,4964.4722704814,4.15133484994955e-07,4.1513265211015e-07,2.07675622975538e-06,4845.75999813919,4845.75999813919,4845.75999069145,77.5774995542617,94.4268879171263,118.712279789953
travel,4,1,2,3,5042.29892254075,5080.00312101681,5143.366631925,4.88369060723655,5.7227193814516,7.29491003452728,4858.88085628202,4860.89452650445,4864.66778407183,183.418066258722,219.108594512361,278.698847853177
dwell,1,2,3,4,4992.27227048149,4993.04310229011,4951.13749769335,2.0767235522776e-06,4.1507230625031e-07,4.15134751590196e-07,4873.55999069135,4873.55999813957,4873.55999813914,118.712279790135,119.483104150543,77.5774995542025
travel,1,2,3,4,5174.51200684511,5174.66577641407,5071.53890276077,7.37156686407643,7.3467374231563,4.88369021006113,4894.09176046275,4894.03216980455,4888.12085649313,280.420246382353,280.633606609511,183.418046267638
dwell,4,1,2,3,4978.93749769344,4995.78688605632,5020.0721744812,4.15140545530254e-07,4.15138238353418e-07,4.15140035598917e-07,4901.35999813924,4901.35999813924,4901.35999813917,77.5774995542014,94.4268879170868,118.712176342026
travel,4,1,2,3,5100.29890276082,5138.00312101687,5201.36663192493,4.88369021006073,5.7227193814516,7.29491003452681,4916.88085649313,4918.89452650446,4922.66778407185,183.418046267696,219.108594512402,278.698847853084
dwell,1,2,3,4,5050.27217448127,5051.04310229599,5009.13749769345,4.15133686884038e-07,4.15216171995571e-07,4.15133970321488e-07,4931.55999813921,4931.55999813954,4931.55999813921,118.712176342058,119.483104156452,77.5774995542393
travel,1,2,3,4,5229.63200684511,5229.78577641415,5126.65890276078,7.37156686407808,7.34673742315629,4.88369021006092,4949.21176046278,4949.15216980456,4943.24085649314,280.420246382334,280.633606609594,183.418046267634
dwell,4,1,2,3,5033.09749769349,5049.94688605633,5074.23217448132,4.15135270598992e-07,4.15134210498649e-07,4.1513546978926e-07,4955.51999813921,4955.51999813922,4955.51999813921,77.5774995542725,94.4268879171055,118.712176342104
travel,4,1,2,3,5152.53890276084,5190.24312101693,5253.60663192496,4.88369021006073,5.7227193814519,7.29491003452704,4969.12085649314,4971.13452650448,4974.90778407187,183.418046267696,219.10859451245,278.698847853089
dwell,1,2,3,4,5103.47217448129,5104.24310229019,5062.33749769347,4.15137241665845e-07,4.15130802474481e-07,4.15134277766377e-07,4984.75999813926,4984.7599981392,4984.75999813923,118.712176342022,119.483104150993,77.5774995542424
travel,1,2,3,4,5284.75200684506,5284.90577641406,5181.77890276086,7.37156686407643,7.3467374231563,4.88369021006113,5004.33176046279,5004.27216980459,4998.36085649315,280.42024638227,280.63360660947,183.418046267705
dwell,4,1,2,3,5090.13759369334,5106.98688605636,5131.27217448127,2.07671026325731e-06,4.15133671305008e-07,4.15139290589522e-07,5012.55999069141,5012.5599981392,5012.5599981392,77.577603001931,94.4268879171531,118.712176342074
travel,4,1,2,3,5211.97892254098,5249.6831210169,5313.04663192504,4.883690607253,5.7227193814516,7.2949100345268,5028.56085628214,5030.5745265045,5034.34778407187,183.418066258844,219.108594512402,278.698847853167
dwell,1,2,3,4,5161.9521744813,5162.72310229032,5120.81749769346,4.15133193232913e-07,4.15145043834897e-07,4.15133769055753e-07,5043.23999813924,5043.2399981392,5043.23999813924,118.712176342057,119.483104151125,77.5774995542161
travel,1,2,3,4,5344.67200684507,5344.82577641411,5241.69892254022,7.3715668640762,7.3467374231563,4.88369060720552,5064.2517604628,5064.19216980459,5058.28085628198,280.420246382265,280.633606609512,183.418066258241
dwell,4,1,2,3,5151.97749769324,5168.82698205604,5193.11217448132,4.15192385193219e-07,2.07670669154655e-06,4.15139148340578e-07,5074.39999813888,5074.39999069141,5074.39999813927,77.5774995543652,94.4269913646283,118.712176342046
travel,4,1,2,3,5272.8589027608,5310.56312101686,5373.92663192497,4.88369021006093,5.7227193814513,7.29491003452704,5089.44085649317,5091.4545265045,5095.22778407188,183.418046267633,219.108594512354,278.698847853089
dwell,1,2,3,4,5222.35217448125,5223.12310229031,5181.21749769899,4.15139248303227e-07,4.15142403695211e-07,4.15267209128428e-07,5103.63999813928,5103.63999813927,5103.63999813942,118.712176341972,119.483104151045,77.5774995595652
travel,1,2,3,4,5405.07200684514,5405.22577641416,5302.09892254022,7.37156686407808,7.34673742315677,4.88369060720552,5124.6517604628,5124.59216980459,5118.68085628198,280.420246382334,280.633606609563,183.418066258241
dwell,4,1,2,3,5209.49759369348,5226.34688606195,5250.63217448134,2.07675644134521e-06,4.15192831893264e-07,4.1513341275281e-07,5131.91999069151,5131.91999813969,5131.91999813924,77.5776030019693,94.4268879222589,118.712176342097
travel,4,1,2,3,5330.37890276087,5368.08312101689,5431.44663192501,4.88369021006134,5.722719381451,7.29491003452704,5146.96085649316,5148.9745265045,5152.74778407188,183.41804626771,219.108594512388,278.698847853131
dwell,1,2,3,4,5279.39217448134,5280.16310229587,5238.25749769343,4.15141661138387e-07,4.15266257627493e-07,4.15142657148015e-07,5160.67999813927,5160.67999813942,5160.67999813927,118.712176342066,119.483104156444,77.5774995541583
travel,1,2,3,4,5461.15200684514,5461.30577641411,5358.1789027608,7.37156686407808,7.3467374231563,4.88369021006092,5180.73176046281,5180.6721698046,5174.76085649317,280.420246382334,280.633606609512,183.418046267634
dwell,4,1,2,3,5265.57749769342,5282.42688605639,5306.71217448127,4.15137820869225e-07,4.15133804736411e-07,4.15140556573119e-07,5187.99999813922,5187.99999813924,5187.99999813921,77.5774995542023,94.4268879171557,118.712176342057
travel,4,1,2,3,5383.57892254099,5421.28312101695,5484.64663192495,4.883690607253,5.7227193814519,7.2949100345275,5200.16085628214,5202.1745265045,5205.94778407189,183.418066258844,219.10859451245,278.698847853059
dwell,1,2,3,4,5334.03227048098,5334.80310229028,5292.89749769904,2.07674372612066e-06,4.15145837740276e-07,4.15295249728338e-07,5215.31999069156,5215.31999813913,5215.31999813927,118.712279789428,119.483104151158,77.5774995597721
travel,1,2,3,4,5513.87200684514,5514.02577641418,5410.89890276081,7.37156686407808,7.34673742315819,4.88369021006112,5233.45176046281,5233.3921698046,5227.48085649317,280.420246382334,280.63360660958,183.418046267638
dwell,4,1,2,3,5320.69749769622,5337.54688605636,5361.83217448129,4.15359112604893e-07,4.15131603700046e-07,4.15132660054422e-07,5243.11999813871,5243.11999813925,5243.11999813925,77.5774995575149,94.42688791711,118.71217634204
travel,4,1,2,3,5439.1789027608,5476.88312101686,5540.24663192505,4.88369021006072,5.7227193814513,7.29491003452895,5255.76085649317,5257.77452650451,5261.54778407189,183.418046267629,219.108594512354,278.698847853159
dwell,1,2,3,4,5389.15217448134,5389.92319828987,5348.01749769333,4.15133463979961e-07,2.07670342445368e-06,4.15134319751294e-07,5270.43999813925,5270.43999069144,5270.43999813933,118.712176342091,119.483207598425,77.5774995539995
travel,1,2,3,4,5572.35200684511,5572.50577641412,5469.37890276087,7.3715668640762,7.34673742315676,4.88369021006092,5291.9317604628,5291.8721698046,5285.96085649317,280.420246382306,280.633606609522,183.4180462677
dwell,4,1,2,3,5380.13749769348,5396.98688606204,5421.27217448126,4.15142423945551e-07,4.15364871092467e-07,4.15139594997454e-07,5302.55999813927,5302.559998139,5302.55999813921,77.5774995542079,94.426887923034,118.712176342052
travel,4,1,2,3,5501.49890276081,5539.20312101687,5602.56663192506,4.88369021006091,5.7227193814513,7.29491003452728,5318.08085649318,5320.09452650451,5323.86778407189,183.418046267633,219.108594512354,278.698847853177
dwell,1,2,3,4,5451.47217448129,5452.24319829055,5410.3374739379,4.15134296851268e-07,2.07672030888496e-06,4.03810659841752e-09,5332.7599981392,5332.75999069135,5332.75999998233,118.712176342084,119.483207599201,77.577473955572
travel,1,2,3,4,5634.19200684513,5634.3457764142,5531.21890276077,7.3715668640769,7.34673742315677,4.8836902100605,5353.77176046281,5353.7121698046,5347.80085649318,280.420246382322,280.633606609604,183.418046267591
dwell,4,1,2,3,5441.49749769348,5458.34688605634,5482.63217448111,4.15139568549614e-07,4.15143576910828e-07,4.15184658582236e-07,5363.91999813922,5363.9199981393,5363.91999813891,77.57749955426,94.426887917046,118.712176342202
travel,4,1,2,3,5561.4189225436,5599.12312101695,5662.48663192506,4.8836906072205,5.72271938145159,7.29491003452894,5378.00085628167,5380.0145265045,5383.7877840719,183.418066261932,219.108594512444,278.698847853159
dwell,1,2,3,4,5510.43217448128,5511.20310229032,5469.29759369352,4.15136738646687e-07,4.15131799314048e-07,2.07671456005241e-06,5391.71999813929,5391.71999813929,5391.71999069142,118.712176341991,119.483104151032,77.5776030020989
travel,1,2,3,4,5692.19200684511,5692.34577641412,5589.21892253703,7.37156686407597,7.34673742315653,4.88369060720497,5411.77176046281,5411.71216980461,5405.80085628236,280.420246382302,280.633606609517,183.418066254674
dwell,4,1,2,3,5498.53749769339,5515.38688605643,5539.67217448135,4.15126178501312e-07,4.15136063142214e-07,4.15133962826442e-07,5420.95999813936,5420.95999813925,5420.95999813925,77.5774995540285,94.4268879171865,118.712176342092
travel,4,1,2,3,5618.45892254096,5656.16312101695,5719.52663192503,4.88369060723486,5.7227193814516,7.29491003452728,5435.04085628206,5437.05452650451,5440.82778407189,183.418066258901,219.108594512444,278.698847853136
dwell,1,2,3,4,5568.91217448133,5569.68310229609,5527.77759369338,4.1513369226897e-07,4.15568443684046e-07,2.07674988729198e-06,5450.19999813925,5450.19999813813,5450.19999069153,118.712176342073,119.483104157958,77.5776030018497
travel,1,2,3,4,5748.27200684512,5748.42577641412,5645.29890276089,7.3715668640762,7.34673742315607,4.88369021006134,5467.85176046281,5467.79216980461,5461.88085649318,280.420246382307,280.633606609506,183.418046267709
dwell,4,1,2,3,5553.65749769342,5570.50688605626,5594.79217448131,4.151377877961e-07,4.15164264660332e-07,4.15140478631551e-07,5476.07999813933,5476.07999813899,5476.07999813933,77.577499554092,94.4268879172665,118.712176341984
travel,4,1,2,3,5671.17890276089,5708.88312101691,5772.24663192506,4.88369021006154,5.7227193814513,7.29491003452704,5487.76085649318,5489.77452650451,5493.54778407189,183.418046267714,219.108594512395,278.698847853172
dwell,1,2,3,4,5618.75215528171,5619.52308309075,5577.61749769347,8.2821970397885e-08,8.28228530270036e-08,4.1513143410775e-07,5500.03999962878,5500.03999962878,5500.03999813931,118.712155652931,119.483083461975,77.5774995541616
travel,1,2,3,4,5800.5120068451,5800.66577641417,5697.53890276089,7.37156686407689,7.34673742315654,4.88369021006155,5520.09176046282,5520.03216980461,5514.12085649318,280.420246382281,280.633606609558,183.418046267714
dwell,4,1,2,3,5608.29749769352,5625.14688605916,5649.43217448133,4.15134821078902e-07,4.15362372227898e-07,4.15139328353623e-07,5530.71999813925,5530.7199981387,5530.71999813917,77.577499554272,94.4268879204632,118.712176342167
travel,4,1,2,3,5728.69892253682,5766.40312101688,5829.766631925,4.88369060720526,5.7227193814516,7.29491003452751,5545.28085628239,5547.29452650452,5551.0677840719,183.41806625443,219.108594512361,278.6988478531
dwell,1,2,3,4,5680.59217448553,5681.36310229039,5639.45749769348,4.15381017978032e-07,4.15131738509451e-07,4.15138883134634e-07,5561.87999813876,5561.8799981393,5561.87999813922,118.712176346767,119.483104151085,77.5774995542568
travel,1,2,3,4,5860.91200684515,5861.06577641412,5757.93890276088,7.37156686407596,7.34673742315631,4.88369021006093,5580.49176046281,5580.43216980461,5574.52085649318,280.420246382343,280.633606609512,183.418046267701
dwell,4,1,2,3,5668.69749769326,5685.54688605614,5709.83217448136,4.1506811414976e-07,4.1507213827762e-07,4.15134618237749e-07,5591.1199981396,5591.11999813965,5591.11999813925,77.5774995536586,94.4268879164938,118.712176342107
travel,4,1,2,3,5787.65892254136,5825.36312101693,5888.72663192504,4.88369060726744,5.72271938145191,7.29491003452728,5604.24085628219,5606.25452650452,5610.0277840719,183.41806625917,219.108594512409,278.698847853136
dwell,1,2,3,4,5739.07217448125,5739.84310229028,5697.93749769344,4.15137017329876e-07,4.1514093157059e-07,4.15148673660511e-07,5620.35999813923,5620.3599981393,5620.35999813929,118.712176342021,119.483104150976,77.5774995541488
travel,1,2,3,4,5922.75200684513,5922.9057764142,5819.77890276089,7.37156686407643,7.34673742315819,4.88369021006113,5642.33176046282,5642.27216980462,5636.36085649318,280.420246382312,280.63360660958,183.418046267705
dwell,4,1,2,3,5730.05749769335,5746.90688605639,5771.19217448135,4.15132578754525e-07,4.1513816110943e-07,4.151463789574e-07,5652.47999813936,5652.47999813929,5652.47999813922,77.5774995539937,94.4268879171029,118.712176342127
travel,4,1,2,3,5848.53890276088,5886.24312101689,5949.60663192504,4.88369021006092,5.7227193814519,7.29491003452728,5665.12085649318,5667.13452650453,5670.9077840719,183.4180462677,219.108594512368,278.698847853136
dwell,1,2,3,4,5798.03215528605,5798.80307853483,5756.89749769336,8.30890235172424e-08,4.03886425969369e-09,4.1516086981296e-07,5679.31999962808,5679.31999998233,5679.31999813907,118.712155657966,119.483078552496,77.5774995542914
travel,1,2,3,4,5979.31200684516,5979.46577641418,5876.33890276089,7.37156686407619,7.34673742315677,4.88369021006113,5698.89176046282,5698.83216980462,5692.92085649318,280.420246382348,280.633606609563,183.418046267705
dwell,4,1,2,3,5786.61747849386,5803.46698205646,5827.75217448129,8.28227597308362e-08,2.07673727612559e-06,4.15132635298483e-07,5709.03999962879,5709.03999069145,5709.03999813927,77.5774788650708,94.4269913650162,118.712176342023
travel,4,1,2,3,5907.49890276088,5945.20312101693,6008.56663192505,4.88369021006072,5.7227193814519,7.29491003452751,5724.08085649318,5726.09452650452,5729.86778407191,183.418046267696,219.108594512409,278.698847853141
dwell,1,2,3,4,5857.47217448127,5858.24310229531,5816.3374976935,4.15134205438635e-07,4.15564290486301e-07,4.151343975228e-07,5738.75999813936,5738.75999813811,5738.75999813926,118.712176341911,119.483104157199,77.5774995542399
travel,1,2,3,4,6039.23200684516,6039.38577641422,5936.25890276083,7.37156686407808,7.34673742315677,4.88369021006092,5758.81176046283,5758.75216980461,5752.84085649319,280.420246382334,280.633606609605,183.418046267634
dwell,4,1,2,3,5846.05749769345,5862.90688606202,5887.19217448139,4.15129967340859e-07,4.15092246484817e-07,4.15133746308229e-07,5768.47999813931,5768.47999814013,5768.47999813926,77.5774995541345,94.4268879218901,118.712176342123
travel,4,1,2,3,5964.05890276084,6001.76312101702,6065.12663192508,4.88369021006133,5.7227193814522,7.29491003452728,5780.6408564932,5782.65452650452,5786.4277840719,183.418046267643,219.108594512499,278.698847853177
dwell,1,2,3,4,5914.51217448411,5915.28319828998,5873.37749769351,4.15126350800697e-07,2.07671060931133e-06,4.15136111368796e-07,5795.79999813966,5795.79999069144,5795.7999981393,118.712176344448,119.48320759854,77.5774995542081
travel,1,2,3,4,6094.35200684509,6094.5057764142,5991.37890276088,7.37156686407597,7.34673742315819,4.88369021006073,5813.93176046283,5813.87216980462,5807.96085649319,280.42024638226,280.63360660958,183.418046267696
dwell,4,1,2,3,5898.29749769351,5915.1468860564,5939.43217448133,4.1513356350116e-07,4.15141492323296e-07,4.15141189444994e-07,5820.7199981393,5820.71999813923,5820.71999813932,77.5774995542037,94.4268879171709,118.712176342016
travel,4,1,2,3,6019.17890276084,6056.88312101696,6120.24663192508,4.88369021006112,5.72271938145331,7.29491003452704,5835.7608564932,5837.77452650453,5841.54778407191,183.418046267638,219.108594512424,278.698847853172
dwell,1,2,3,4,5967.23227048114,5968.00319829005,5926.09747849382,2.07675006323177e-06,2.07674377942552e-06,8.28436435106492e-08,5848.51999069156,5848.51999069158,5848.51999962877,118.712279789577,119.483207598468,77.5774788650457
travel,1,2,3,4,6149.47200684517,6149.62577641422,6046.49892254359,7.37156686407596,7.34673742315653,4.8836906072205,5869.05176046282,5868.99216980462,5863.08085628169,280.420246382343,280.633606609599,183.418066261898
dwell,4,1,2,3,5955.33747374821,5972.18698205616,5996.47227048114,7.96481196019939e-10,2.076711680362e-06,2.07670865840386e-06,5877.75999999712,5877.75999069147,5877.75999069142,77.5774737510861,94.4269913646905,118.712279789717
travel,4,1,2,3,6076.21890276082,6113.92312101695,6177.28663192508,4.88369021006052,5.72271938145221,7.29491003452895,5892.8008564932,5894.81452650453,5898.58778407192,183.418046267625,219.108594512416,278.698847853159
dwell,1,2,3,4,6024.75217448133,6025.52319829054,5983.61759369326,4.1513277247163e-07,2.07675600791479e-06,2.07671082295238e-06,5906.03999813927,5906.03999069152,5906.03999069142,118.712176342059,119.483207599023,77.5776030018439
travel,1,2,3,4,6205.55200684508,6205.70577641422,6102.5789027609,7.37156686407689,7.34673742315653,4.88369021006112,5925.13176046284,5925.07216980462,5919.16085649319,280.42024638224,280.633606609599,183.418046267705
dwell,4,1,2,3,6009.97749769348,6026.82698205621,6051.11215072578,4.15134750314897e-07,2.07670521347445e-06,4.03796773940052e-09,5932.39999813922,5932.39999069145,5932.39999998235,77.5774995542519,94.4269913647591,118.712150743427
travel,4,1,2,3,6131.8189027609,6169.52312101696,6232.88663192496,4.88369021006133,5.72271938145331,7.29491003452681,5948.40085649319,5950.41452650454,5954.18778407192,183.41804626771,219.108594512424,278.698847853043
dwell,1,2,3,4,6083.23227048127,6084.00310229035,6042.09759369349,2.07675611660852e-06,4.15132976735585e-07,2.07671314450257e-06,5964.51999069154,5964.51999813923,5964.51999069142,118.712279789725,119.483104151119,77.5776030020745
travel,1,2,3,4,6266.91200684514,6267.06577641418,6163.9389027608,7.3715668640762,7.34673742315631,4.88369021006051,5986.49176046283,5986.43216980463,5980.52085649321,280.420246382306,280.633606609553,183.418046267591
dwell,4,1,2,3,6073.73749769351,6090.58688605644,6114.87217448132,4.15133680569039e-07,4.15134067215283e-07,4.15140152805804e-07,5996.15999813928,5996.15999813927,5996.1599981393,77.5774995542369,94.4268879171715,118.712176342015
travel,4,1,2,3,6192.69890276091,6230.40312101699,6293.76663192506,4.88369021006134,5.72271938145222,7.29491003452752,6009.2808564932,6011.29452650453,6015.06778407192,183.41804626771,219.108594512457,278.698847853141
dwell,1,2,3,4,6144.11227048099,6144.88310229041,6102.9774976935,2.07670895758077e-06,4.15133761624249e-07,4.15133412086001e-07,6025.39999069146,6025.39999813928,6025.39999813928,118.712279789528,119.483104151133,77.577499554219
travel,1,2,3,4,6326.35200684511,6326.50577641422,6223.37892254382,7.3715668640762,7.3467374231563,4.88369060723696,6045.93176046284,6045.87216980462,6039.96085628176,280.420246382265,280.633606609594,183.418066262055
dwell,4,1,2,3,6132.21749769346,6149.06688606189,6173.35217448697,4.15130001426864e-07,4.15202515359498e-07,4.15399589538739e-07,6054.63999813932,6054.6399981397,6054.63999813884,77.5774995541398,94.4268879221852,118.712176348133
travel,4,1,2,3,6250.69890276083,6288.4031210169,6351.76663192501,4.88369021006072,5.72271938145159,7.29491003452704,6067.2808564932,6069.29452650454,6073.06778407192,183.418046267629,219.108594512361,278.698847853089
dwell,1,2,3,4,6202.5922704814,6203.36310229324,6161.45749769354,2.07671907621965e-06,4.15183806579731e-07,4.15134590290282e-07,6083.87999069142,6083.87999813941,6083.87999813928,118.71227978998,119.48310415383,77.577499554269
travel,1,2,3,4,6385.31200684519,6385.46577641415,6282.33890276083,7.37156686407643,7.34673742315653,4.88369021006072,6104.89176046283,6104.83216980463,6098.92085649321,280.420246382353,280.633606609517,183.418046267629
dwell,4,1,2,3,6190.69759369306,6207.54688605635,6231.83217448137,2.07674324548497e-06,4.15130980414152e-07,4.15133972327277e-07,6113.11999069159,6113.11999813932,6113.11999813928,77.5776030014724,94.4268879170257,118.712176342089
travel,4,1,2,3,6308.69892254439,6346.4031210169,6409.76663192505,4.88369060725087,5.7227193814513,7.29491003452682,6125.28085628177,6127.29452650454,6131.06778407192,183.418066262618,219.108594512354,278.698847853125
dwell,1,2,3,4,6256.75215528175,6257.52310229037,6215.61749769339,8.28230919478987e-08,4.15132559664508e-07,4.15131095409175e-07,6138.03999962881,6138.03999813928,6138.03999813939,118.712155652939,119.483104151089,77.5774995539947
travel,1,2,3,4,6438.99200684507,6439.1457764142,6336.01890276085,7.3715668640762,7.34673742315677,4.88369021006112,6158.57176046285,6158.51216980463,6152.60085649321,280.420246382224,280.633606609563,183.418046267638
dwell,4,1,2,3,6245.33749769357,6262.18688605637,6286.47217448132,4.15142808285495e-07,4.1513088895719e-07,4.15136230722588e-07,6167.75999813924,6167.75999813933,6167.75999813932,77.5774995543274,94.4268879170405,118.712176341994
travel,4,1,2,3,6363.33892254024,6401.04312101689,6464.40663192505,4.88369060722117,5.72271938145099,7.29491003452681,6179.92085628211,6181.93452650454,6185.70778407192,183.418066258129,219.108594512347,278.698847853125
dwell,1,2,3,4,6312.832174481,6313.60310229034,6271.6974976935,4.15068732664656e-07,4.15131928353725e-07,4.15133791728953e-07,6194.11999813967,6194.11999813929,6194.11999813928,118.712176341328,119.483104151049,77.5774995542226
travel,1,2,3,4,6492.67200684515,6492.8257764142,6389.69890276089,7.37156686407643,7.34673742315677,4.88369021006153,6212.25176046284,6212.19216980463,6206.28085649321,280.420246382312,280.633606609563,183.41804626768
dwell,4,1,2,3,6299.01749769788,6315.86688605626,6340.15217448104,4.15420355463648e-07,4.15093920428903e-07,4.15046761534113e-07,6221.43999813856,6221.43999813957,6221.43999813979,77.5774995593105,94.4268879166931,118.712176341254
travel,4,1,2,3,6417.97890276084,6455.68312101695,6519.04663192509,4.88369021006071,5.72271938145191,7.29491003452895,6234.56085649321,6236.57452650454,6240.34778407193,183.418046267629,219.108594512409,278.698847853159
dwell,1,2,3,4,6368.43215528158,6369.20310229035,6327.29759369342,8.28078663825717e-08,4.15132435884959e-07,2.07671805066074e-06,6249.71999962892,6249.71999813929,6249.71999069145,118.712155652659,119.48310415106,77.577603001967
travel,1,2,3,4,6551.63200684519,6551.78577641419,6448.65892254081,7.37156686407642,7.3467374231563,4.88369060723647,6271.21176046284,6271.15216980464,6265.24085628212,280.420246382353,280.633606609553,183.418066258688
dwell,4,1,2,3,6357.01759369345,6373.86688605641,6398.15217448122,2.0767168673328e-06,4.1513326721044e-07,4.1516733350964e-07,6279.43999069143,6279.43999813929,6279.43999813904,77.5776030020177,94.4268879171278,118.712176342186
travel,4,1,2,3,6476.45890276085,6514.16312101698,6577.5266319251,4.88369021006092,5.72271938145331,7.29491003452727,6293.04085649321,6295.05452650455,6298.82778407192,183.418046267633,219.108594512425,278.698847853177
dwell,1,2,3,4,6427.87227048147,6428.64310229034,6386.73749769351,2.07673215179686e-06,4.15124230800316e-07,4.15133806093646e-07,6309.1599906915,6309.15999813943,6309.15999813929,118.712279789977,119.483104150904,77.5774995542163
travel,1,2,3,4,6609.63200684512,6609.78577641422,6506.65890276091,7.3715668640762,7.34673742315819,4.88369021006113,6329.21176046285,6329.15216980464,6323.24085649321,280.420246382265,280.633606609581,183.418046267705
dwell,4,1,2,3,6415.97749769765,6432.82688605648,6457.11217448131,4.15470321412547e-07,4.15137487276938e-07,4.15134137598712e-07,6338.39999813848,6338.39999813932,6338.39999813937,77.5774995591736,94.4268879171636,118.712176341943
travel,4,1,2,3,6534.45890276086,6572.16312101685,6635.52663192503,4.88369021006133,5.72271938145039,7.29491003452728,6351.04085649322,6353.05452650455,6356.82778407193,183.418046267643,219.108594512292,278.698847853095
dwell,1,2,3,4,6484.9121744813,6485.68310229025,6443.77749769353,4.15145434123055e-07,4.15116486620609e-07,4.15134865412493e-07,6366.19999813933,6366.19999813946,6366.19999813928,118.712176341966,119.483104150786,77.5774995542463
travel,1,2,3,4,6664.7520068452,6664.90577641421,6561.77890276085,7.37156686407666,7.34673742315676,4.88369021006093,6384.33176046285,6384.27216980464,6378.36085649322,280.420246382358,280.633606609563,183.418046267633
dwell,4,1,2,3,6470.13749769346,6486.98688605636,6511.27217448131,4.15131624101935e-07,4.15141893612699e-07,4.15129328152108e-07,6392.55999813929,6392.55999813932,6392.55999813944,77.5774995541627,94.4268879170333,118.712176341872
travel,4,1,2,3,6590.53892254082,6628.24312101691,6691.6066319251,4.88369060723655,5.72271938145131,7.29491003452704,6407.12085628213,6409.13452650455,6412.90778407193,183.418066258689,219.108594512354,278.698847853172
dwell,1,2,3,4,6540.51217448706,6541.2831022903,6499.37749769344,4.15399282289427e-07,4.15099162194495e-07,4.1513206407908e-07,6421.79999813884,6421.79999813954,6421.79999813927,118.712176348216,119.483104150762,77.5774995541693
travel,1,2,3,4,6720.83200684525,6720.98577641423,6617.85890276092,7.37156686407689,7.34673742315819,4.88369021006133,6440.41176046284,6440.35216980465,6434.44085649321,280.420246382405,280.633606609581,183.41804626771
dwell,4,1,2,3,6527.65759369359,6544.50688605638,6568.79227048123,2.07671739312136e-06,4.15133399025462e-07,2.07672038845129e-06,6450.07999069145,6450.07999813929,6450.07999069146,77.5776030021367,94.4268879170889,118.71227978977
travel,4,1,2,3,6649.49890276093,6687.20312101697,6750.56663192507,4.88369021006153,5.7227193814522,7.29491003452728,6466.08085649321,6468.09452650455,6471.86778407193,183.418046267714,219.108594512416,278.698847853136
dwell,1,2,3,4,6598.03217448141,6598.80319829055,6556.89749769351,4.15132786695012e-07,2.07672472729613e-06,4.15133544430706e-07,6479.31999813933,6479.31999069146,6479.31999813929,118.712176342084,119.483207599091,77.577499554216
travel,1,2,3,4,6779.7920068451,6779.94577641423,6676.81892253685,7.37156686407666,7.34673742315819,4.88369060720497,6499.37176046286,6499.31216980465,6493.40085628243,280.420246382235,280.63360660958,183.418066254424
dwell,4,1,2,3,6583.25749769347,6600.10688605637,6624.39217448144,4.15130077022171e-07,4.15133522275779e-07,4.15136398076719e-07,6505.67999813934,6505.67999813933,6505.67999813929,77.5774995541299,94.4268879170385,118.712176342157
travel,4,1,2,3,6702.69890276085,6740.40312101704,6803.76663192508,4.88369021006072,5.7227193814519,7.29491003452751,6519.28085649322,6521.29452650455,6525.06778407194,183.418046267629,219.108594512492,278.698847853141
dwell,1,2,3,4,6654.11217448123,6654.88310229038,6612.97749769347,4.15126236292096e-07,4.15138930877092e-07,4.15133684359256e-07,6535.39999813941,6535.39999813933,6535.3999981393,118.71217634182,119.483104151051,77.577499554172
travel,1,2,3,4,6836.35200684522,6836.50577641421,6733.37892253448,7.37156686407689,7.34673742315653,4.88369060723666,6555.93176046285,6555.87216980465,6549.96085628288,280.420246382364,280.633606609558,183.418066251595
dwell,4,1,2,3,6644.13759369386,6660.9868860564,6685.27217448137,2.07671507071238e-06,4.15132649583023e-07,4.1513483559188e-07,6566.55999069141,6566.55999813938,6566.55999813929,77.5776030024484,94.4268879170157,118.712176342083
travel,4,1,2,3,6765.9789027609,6803.68312101696,6867.0466319251,4.88369021006099,5.7227193814516,7.29491003452681,6582.56085649322,6584.57452650456,6588.34778407193,183.418046267674,219.108594512402,278.698847853167
dwell,1,2,3,4,6714.51217448137,6715.28310229025,6673.37749769355,4.15136631574438e-07,4.15097772549702e-07,4.15133355744667e-07,6595.79999813933,6595.79999813957,6595.7999981393,118.712176342033,119.483104150683,77.5774995542565
travel,1,2,3,4,6894.83200684521,6894.98577641425,6791.85890276085,7.37156686407643,7.34673742315653,4.88369021006072,6614.41176046285,6614.35216980465,6608.44085649323,280.420246382353,280.633606609599,183.418046267629
dwell,4,1,2,3,6699.73749769343,6716.58688605642,6740.87217448136,4.15132335179975e-07,4.15131885361713e-07,4.15131885361713e-07,6622.1599981393,6622.15999813934,6622.15999813934,77.5774995541228,94.4268879170773,118.71217634202
travel,4,1,2,3,6817.25892254126,6854.96312101692,6918.3266319251,4.88369060725287,5.7227193814516,7.29491003452894,6633.84085628217,6635.85452650456,6639.62778407195,183.418066259089,219.108594512361,278.698847853159
dwell,1,2,3,4,6767.23215528175,6768.00319829044,6726.09749769341,8.282265700902e-08,2.07675656446072e-06,4.15109166918956e-07,6648.51999962883,6648.51999069157,6648.51999813948,118.712155652922,119.483207598866,77.577499553933
travel,1,2,3,4,6949.9520068452,6950.10577641421,6846.97892254742,7.37156686407808,7.34673742315654,4.88369060725176,6669.53176046287,6669.47216980465,6663.56085628145,280.420246382334,280.633606609558,183.418066265974
dwell,4,1,2,3,6756.77747849391,6773.62698205682,6797.9121744813,8.28229716758963e-08,2.0767623166211e-06,4.15136943996381e-07,6679.19999962883,6679.19999069153,6679.19999813936,77.5774788650791,94.4269913652855,118.712176341937
travel,4,1,2,3,6874.29890276092,6912.00312101693,6975.36663192512,4.88369021006092,5.7227193814516,7.29491003452752,6690.88085649322,6692.89452650457,6696.66778407194,183.4180462677,219.108594512361,278.698847853183
dwell,1,2,3,4,6821.87217448133,6822.6431022904,6780.73759369355,4.15132094340526e-07,4.15133722917293e-07,2.07675609255402e-06,6703.15999813931,6703.1599981393,6703.15999069158,118.712176342022,119.483104151094,77.5776030019682
travel,1,2,3,4,7001.71200684516,7001.86577641424,6898.73890276087,7.37156686407597,7.3467374231563,4.88369021006112,6721.29176046286,6721.23216980465,6715.32085649323,280.420246382301,280.633606609594,183.418046267638
dwell,4,1,2,3,6809.49749769352,6826.34688605651,6850.6321744814,4.15136803485251e-07,4.15134739231087e-07,4.15138261694743e-07,6731.91999813927,6731.9199981393,6731.91999813936,77.5774995542559,94.4268879172081,118.712176342037
travel,4,1,2,3,6929.41890276096,6967.12312101699,7030.48663192504,4.88369021006092,5.72271938145331,7.29491003452728,6746.00085649322,6748.01452650457,6751.78778407195,183.418046267734,219.108594512425,278.698847853095
dwell,1,2,3,4,6879.39217448131,6880.16310229042,6838.25749769352,4.15140173015603e-07,4.15134588440695e-07,4.1513555949872e-07,6760.67999813936,6760.67999813934,6760.67999813928,118.71217634195,119.483104151081,77.5774995542392
travel,1,2,3,4,7059.71200684521,7059.86577641425,6956.7389027609,7.37156686407619,7.34673742315653,4.88369021006099,6779.29176046286,6779.23216980465,6773.32085649323,280.420246382348,280.633606609599,183.418046267674
dwell,4,1,2,3,6863.65749769358,6880.50688605639,6904.7921744814,4.15137243493033e-07,4.15134608078594e-07,4.15135155610348e-07,6786.07999813933,6786.07999813936,6786.0799981393,77.5774995542428,94.426887917035,118.712176342097
travel,4,1,2,3,6981.65892253679,7019.363121017,7082.72663192505,4.88369060719157,5.72271938145331,7.29491003452728,6798.24085628238,6800.25452650457,6804.02778407195,183.418066254406,219.108594512425,278.698847853095
dwell,1,2,3,4,6932.1121744814,6932.88308309075,6890.97747849393,4.15133579265687e-07,8.2827572915806e-08,8.28230746118448e-08,6813.39999813931,6813.39999962884,6813.39999962883,118.712176342092,119.483083461913,77.5774788651024
travel,1,2,3,4,7115.79200684513,7115.94577641425,7012.81890276086,7.3715668640762,7.34673742315653,4.88369021006072,6835.37176046287,6835.31216980466,6829.40085649323,280.420246382265,280.633606609599,183.418046267629
dwell,4,1,2,3,6919.25749769361,6936.10686685681,6960.39217448138,4.15134689031592e-07,8.28225063861933e-08,4.15133143870489e-07,6841.6799981393,6841.67999962883,6841.67999813935,77.5774995543107,94.4268672279827,118.712176342028
travel,4,1,2,3,7038.21890276087,7075.92312101694,7139.28663192512,4.88369021006112,5.7227193814519,7.29491003452727,6854.80085649324,6856.81452650457,6860.58778407195,183.418046267638,219.108594512367,278.698847853177
dwell,1,2,3,4,6985.79217448142,6986.56310229249,6944.65749769346,4.15133680904392e-07,4.15329264474444e-07,4.15133269620658e-07,6867.07999813931,6867.0799981388,6867.07999813935,118.712176342118,119.483104153682,77.5774995541148
travel,1,2,3,4,7169.47200684514,7169.62577641417,7066.49890276093,7.37156686407643,7.34673742315608,4.88369021006073,6889.05176046287,6888.99216980466,6883.08085649323,280.420246382271,280.633606609506,183.418046267696
dwell,4,1,2,3,6973.89749769342,6990.74698205623,7015.03217448127,4.15156807230849e-07,2.07674364558053e-06,4.15136628652743e-07,6896.31999813909,6896.31999069161,6896.3199981394,77.5774995543314,94.426991364613,118.712176341871
travel,4,1,2,3,7095.73890276088,7133.443121017,7196.80663192505,4.88369021006112,5.72271938145331,7.29491003452728,6912.32085649324,6914.33452650458,6918.10778407196,183.418046267638,219.108594512425,278.698847853095
dwell,1,2,3,4,7047.6321744814,7048.4031022905,7006.49749769361,4.15138372825115e-07,4.15135415478165e-07,4.15147277333814e-07,6928.91999813934,6928.91999813931,6928.91999813926,118.712176342061,119.483104151189,77.577499554351
travel,1,2,3,4,7228.91200684523,7229.06577641423,7125.93890276093,7.37156686407689,7.34673742315676,4.88369021006091,6948.49176046287,6948.43216980466,6942.52085649323,280.420246382364,280.633606609563,183.4180462677
dwell,4,1,2,3,7035.73759369376,7052.58688605637,7076.8721744813,2.07672004463018e-06,4.15143161648149e-07,4.15110666361506e-07,6958.15999069147,6958.15999813925,6958.15999813948,77.5776030022938,94.4268879171226,118.712176341818
travel,4,1,2,3,7153.73890276096,7191.44312101709,7254.8066319251,4.88369021006093,5.7227193814519,7.29491003452751,6970.32085649323,6972.33452650456,6976.10778407196,183.418046267734,219.108594512533,278.698847853141
dwell,1,2,3,4,7104.67217448122,7105.44319829021,7063.53759369355,4.15192225627794e-07,2.07671229169671e-06,2.07675035711666e-06,6985.95999813891,6985.95999069145,6985.9599906916,118.712176342312,119.483207598753,77.57760300195
travel,1,2,3,4,7284.99200684521,7285.14577641425,7182.01890276094,7.37156686407808,7.34673742315819,4.88369021006113,7004.57176046288,7004.51216980467,6998.60085649324,280.420246382334,280.633606609581,183.418046267705
dwell,4,1,2,3,7088.93749769359,7105.78688605621,7130.07217448133,4.15134014411642e-07,4.15093071310768e-07,4.15145253102792e-07,7011.35999813935,7011.35999813963,7011.35999813927,77.5774995542434,94.4268879165762,118.712176342059
travel,4,1,2,3,7210.29892253786,7248.00312101698,7311.36663192506,4.88369060723576,5.7227193814516,7.29491003452752,7026.8808562825,7028.89452650457,7032.66778407196,183.418066255365,219.108594512402,278.6988478531
dwell,1,2,3,4,7159.31217448142,7160.0831022903,7118.17749769346,4.15133043448896e-07,4.15181479754296e-07,4.15141092721234e-07,7040.59999813931,7040.59999813899,7040.59999813935,118.712176342107,119.483104151313,77.5774995541093
travel,1,2,3,4,7342.03200684519,7342.18577641423,7239.05890276095,7.37156686407666,7.34673742315653,4.88369021006154,7061.61176046288,7061.55216980467,7055.64085649324,280.420246382317,280.633606609558,183.418046267714
dwell,4,1,2,3,7149.81749769357,7166.66688605652,7190.95227048125,4.15146827515215e-07,4.15148190421971e-07,2.07672978795686e-06,7072.23999813927,7072.23999813927,7072.23999069152,77.5774995542947,94.4268879172571,118.712279789728
travel,4,1,2,3,7267.33890276087,7305.0431210169,7368.40663192506,4.88369021006071,5.7227193814516,7.29491003452728,7083.92085649324,7085.93452650458,7089.70778407196,183.418046267629,219.10859451232,278.698847853095
dwell,1,2,3,4,7216.35217448142,7217.12310229044,7175.21759369388,4.15141618211754e-07,4.15139347509558e-07,2.07672308185316e-06,7097.63999813929,7097.63999813923,7097.63999069148,118.712176342131,119.483104151211,77.5776030023993
travel,1,2,3,4,7398.1120068452,7398.26577641419,7295.13890276092,7.37156686407689,7.3467374231563,4.88369021006153,7117.69176046288,7117.63216980467,7111.72085649324,280.420246382322,280.633606609511,183.41804626768
dwell,4,1,2,3,7202.05749769357,7218.90688605647,7243.19217448138,4.1514195369019e-07,4.15133877477865e-07,4.15129600428217e-07,7124.47999813928,7124.47999813932,7124.47999813937,77.577499554289,94.4268879171487,118.712176342008
travel,4,1,2,3,7321.97892254314,7359.68312101695,7423.04663192498,4.88369060720665,5.7227193814519,7.29491003452704,7138.56085628173,7140.57452650458,7144.34778407197,183.418066261404,219.108594512368,278.698847853007
dwell,1,2,3,4,7270.51217448141,7271.28310229051,7229.37749769348,4.15133773669279e-07,4.15135380302937e-07,4.15133187735518e-07,7151.79999813932,7151.79999813931,7151.79999813929,118.712176342093,119.483104151203,77.577499554187
travel,1,2,3,4,7451.31200684516,7451.46577641426,7348.33890276095,7.37156686407643,7.34673742315819,4.88369021006112,7170.89176046289,7170.83216980468,7164.92085649324,280.420246382271,280.63360660958,183.418046267705
dwell,4,1,2,3,7254.77749769357,7271.62688605647,7295.91217448137,4.15135013269808e-07,4.15139824705413e-07,4.15138608315402e-07,7177.19999813931,7177.19999813929,7177.19999813936,77.577499554252,94.426887917185,118.712176342014
travel,4,1,2,3,7372.29890276088,7410.00312101693,7473.36663192509,4.88369021006072,5.722719381451,7.29491003452705,7188.88085649325,7190.89452650458,7194.66778407196,183.418046267629,219.108594512347,278.698847853131
dwell,1,2,3,4,7322.75217448129,7323.52319829046,7281.61749769929,4.15130364729188e-07,2.07675660222428e-06,4.1524614767558e-07,7204.03999813933,7204.03999069159,7204.03999813948,118.71217634196,119.483207598866,77.5774995598
travel,1,2,3,4,7502.11200684519,7502.26577641424,7399.13890276094,7.37156686407643,7.34673742315677,4.88369021006073,7221.69176046288,7221.63216980467,7215.72085649324,280.420246382312,280.633606609563,183.418046267696
dwell,4,1,2,3,7309.8974976984,7326.74688605639,7351.03217448149,4.15525879024917e-07,4.15135827807375e-07,4.15134139990114e-07,7232.31999813838,7232.3199981393,7232.31999813931,77.5774995600219,94.4268879170906,118.712176342173
travel,4,1,2,3,7428.85890276092,7466.56312101699,7529.92663192507,4.88369021006099,5.72271938145161,7.29491003452751,7245.44085649325,7247.45452650458,7251.22778407197,183.418046267674,219.108594512402,278.6988478531
dwell,1,2,3,4,7378.83217448141,7379.60310229037,7337.69749769332,4.15139895048241e-07,4.15132802504754e-07,4.15090395253022e-07,7260.11999813935,7260.11999813933,7260.11999813963,118.712176342063,119.483104151044,77.5774995536857
travel,1,2,3,4,7559.63200684523,7559.78577641421,7456.6589027609,7.37156686407643,7.34673742315699,4.88369021006031,7279.21176046288,7279.15216980468,7273.24085649325,280.420246382353,280.633606609527,183.418046267653
dwell,4,1,2,3,7365.97749769352,7382.82688605645,7407.1121744814,4.15133298818195e-07,4.15132838869507e-07,4.15137569557374e-07,7288.39999813933,7288.39999813933,7288.39999813926,77.5774995541964,94.426887917127,118.712176342145
travel,4,1,2,3,7487.33892255003,7525.04312101699,7588.40663192507,4.88369060723512,5.72271938145161,7.29491003452751,7303.92085628108,7305.93452650458,7309.70778407197,183.41806626895,219.108594512402,278.6988478531
dwell,1,2,3,4,7439.2321744814,7440.00310229044,7398.09749769358,4.15139833401798e-07,4.15133202175559e-07,4.15148202391895e-07,7320.5199981393,7320.51999813933,7320.51999813934,118.712176342096,119.483104151117,77.5774995542361
travel,1,2,3,4,7618.59200684512,7618.7457764142,7515.61890276093,7.37156686407619,7.34673742315677,4.88369021006154,7338.17176046289,7338.11216980468,7332.20085649325,280.420246382224,280.633606609522,183.418046267681
dwell,4,1,2,3,7423.49749769908,7440.34688605649,7464.63217448125,4.15428448529151e-07,4.15148163139965e-07,4.15156441464895e-07,7345.91999813886,7345.91999813928,7345.91999813913,77.5774995602244,94.4268879172112,118.712176342119
travel,4,1,2,3,7541.97892254082,7579.683121017,7643.04663192514,4.88369060723531,5.72271938145191,7.29491003452727,7358.56085628216,7360.57452650459,7364.34778407197,183.418066258662,219.108594512409,278.698847853177
dwell,1,2,3,4,7491.95217448128,7492.72310229035,7450.81749769347,4.15132742116328e-07,4.15132187076099e-07,4.1514085353419e-07,7373.23999813931,7373.23999813933,7373.23999813922,118.712176341969,119.483104151018,77.5774995542548
travel,1,2,3,4,7672.7520068452,7672.9057764142,7569.77890276088,7.37156686407643,7.34673742315631,4.8836902100605,7392.33176046289,7392.27216980469,7386.36085649326,280.420246382312,280.633606609512,183.418046267624
dwell,4,1,2,3,7480.05749769347,7496.90688605648,7521.19217448133,4.15135896399389e-07,4.15133471513474e-07,4.15132210612106e-07,7402.47999813931,7402.47999813933,7402.47999813934,77.5774995541624,94.4268879171481,118.712176341998
travel,4,1,2,3,7599.49890276096,7637.20312101704,7700.56663192515,4.88369021006113,5.7227193814519,7.29491003452752,7416.08085649325,7418.09452650459,7421.86778407197,183.418046267705,219.10859451245,278.698847853183
dwell,1,2,3,4,7551.39217448108,7552.16319829036,7510.25759369345,4.15014181364359e-07,2.07674973596588e-06,2.07674979425383e-06,7432.67999813998,7432.67999069161,7432.67999069163,118.712176341107,119.483207598745,77.5776030018189
travel,1,2,3,4,7731.23200684519,7731.38577641425,7628.25890276095,7.37156686407597,7.34673742315677,4.8836902100607,7450.81176046289,7450.75216980468,7444.84085649325,280.420246382302,280.633606609563,183.418046267695
dwell,4,1,2,3,7539.01749769786,7555.86688606208,7580.15217448127,4.15217336314122e-07,4.1512551139309e-07,4.15130389916424e-07,7461.43999813945,7461.43999814005,7461.43999813938,77.5774995584083,94.4268879220307,118.712176341884
travel,4,1,2,3,7659.89890276089,7697.60312101702,7760.96663192515,4.88369021006093,5.72271938145331,7.29491003452751,7476.48085649326,7478.4945265046,7482.26778407197,183.418046267634,219.108594512425,278.698847853183
dwell,1,2,3,4,7609.8721744871,7610.64319829072,7568.73749769345,4.15545069078334e-07,2.07672384762067e-06,4.15134005553974e-07,7491.15999813834,7491.15999069149,7491.15999813925,118.712176348758,119.483207599228,77.5774995542071
travel,1,2,3,4,7790.6720068452,7790.82577641427,7687.69890276096,7.3715668640762,7.3467374231563,4.88369021006092,7510.25176046289,7510.19216980468,7504.28085649325,280.420246382307,280.633606609594,183.4180462677
dwell,4,1,2,3,7597.01759369357,7613.86686230091,7638.15217448145,2.07672349602489e-06,4.04098453184315e-09,4.15135168317973e-07,7519.43999069148,7519.4399999824,7519.43999813933,77.5776030020893,94.42686231851,118.712176342129
travel,4,1,2,3,7718.37890276093,7756.08312101697,7819.44663192503,4.88369021006099,5.72271938145068,7.29491003452705,7534.96085649326,7536.97452650459,7540.74778407198,183.418046267673,219.108594512381,278.698847853049
dwell,1,2,3,4,7668.35227048142,7669.12310229051,7627.21749769339,2.07675030310842e-06,4.15134395276282e-07,4.15133792673871e-07,7549.63999069162,7549.63999813933,7549.63999813927,118.712279789805,119.483104151179,77.5774995541115
travel,1,2,3,4,7847.71200684521,7847.86577641423,7744.73890276093,7.37156686407666,7.34673742315607,4.88369021006099,7567.2917604629,7567.23216980469,7561.32085649326,280.420246382317,280.633606609548,183.418046267673
dwell,4,1,2,3,7654.05747849394,7670.90698205661,7695.19217448136,8.28200884443899e-08,2.07675641946339e-06,4.15139581865391e-07,7576.47999962887,7576.4799906916,7576.47999813937,77.5774788650709,94.4269913650099,118.712176341987
travel,4,1,2,3,7774.93892254448,7812.64312101703,7876.00663192507,4.88369060726881,5.72271938145331,7.29491003452705,7591.52085628192,7593.5345265046,7597.30778407198,183.418066262558,219.108594512425,278.69884785309
dwell,1,2,3,4,7722.51217448137,7723.28310229028,7681.37759369327,4.15151818497186e-07,4.15096698082492e-07,2.07671028743564e-06,7603.79999813915,7603.79999813963,7603.79999069152,118.712176342218,119.483104150652,77.57760300175
travel,1,2,3,4,7901.87200684521,7902.02577641425,7798.89890276096,7.37156686407665,7.34673742315676,4.88369021006092,7621.4517604629,7621.39216980469,7615.48085649326,280.420246382317,280.633606609563,183.418046267701
dwell,4,1,2,3,7707.73749769355,7724.58698205649,7748.87217448146,4.15133249845358e-07,2.07675646132048e-06,4.1513480938668e-07,7630.15999813934,7630.15999069161,7630.15999813933,77.5774995542106,94.4269913648816,118.712176342127
travel,4,1,2,3,7825.25890276091,7862.96312101704,7926.32663192508,4.88369021006111,5.7227193814516,7.29491003452728,7641.84085649327,7643.85452650459,7647.62778407199,183.418046267638,219.108594512444,278.698847853095
dwell,1,2,3,4,7775.71217448124,7776.48319829068,7734.57749769356,4.15092726584817e-07,2.07672338747931e-06,4.15130573767296e-07,7656.99999813965,7656.9999906915,7656.99999813947,118.712176341584,119.483207599189,77.5774995540909
travel,1,2,3,4,7956.03200684522,7956.18577641425,7853.05890276096,7.37156686407666,7.3467374231563,4.88369021006092,7675.6117604629,7675.55216980469,7669.64085649326,280.420246382317,280.633606609553,183.4180462677
dwell,4,1,2,3,7761.41759369339,7778.2668860565,7802.55217448145,2.07671655574517e-06,4.15134630870739e-07,4.15134630870739e-07,7683.8399906915,7683.83999813934,7683.83999813934,77.5776030018865,94.4268879171681,118.712176342111
travel,4,1,2,3,7881.81890276098,7919.52312101705,7982.88663192505,4.88369021006153,5.72271938145191,7.29491003452751,7698.40085649326,7700.4145265046,7704.18778407199,183.418046267714,219.10859451245,278.698847853059
dwell,1,2,3,4,7833.23217448142,7834.00310229027,7792.09749769332,4.15133870644548e-07,4.15076285075588e-07,4.15221024421684e-07,7714.51999813935,7714.51999813968,7714.51999813891,118.712176342071,119.483104150583,77.5774995544047
travel,1,2,3,4,8014.99200684518,8015.14577641418,7912.0189027609,7.37156686407643,7.34673742315653,4.88369021006092,7734.57176046291,7734.5121698047,7728.60085649327,280.420246382271,280.633606609476,183.418046267634
dwell,4,1,2,3,7819.89749769351,7836.74688605642,7861.0322704811,4.15138126416979e-07,4.15132910947958e-07,2.07674317177924e-06,7742.31999813932,7742.31999813935,7742.31999069164,77.5774995541821,94.4268879170771,118.712279789456
travel,4,1,2,3,7938.8589027609,7976.56312101701,8039.92663192513,4.88369021006072,5.7227193814519,7.29491003452775,7755.44085649327,7757.4545265046,7761.22778407199,183.418046267629,219.108594512409,278.698847853146
dwell,1,2,3,4,7888.83215072585,7889.60319829061,7847.69749769333,4.03813902506597e-09,2.07675644940768e-06,4.1507501882057e-07,7770.11999998242,7770.11999069159,7770.11999813966,118.712150743429,119.483207599025,77.5774995536667
travel,1,2,3,4,8072.03200684522,8072.18577641426,7969.05890276097,7.37156686407643,7.34673742315677,4.88369021006134,7791.6117604629,7791.5521698047,7785.64085649327,280.420246382312,280.633606609563,183.41804626771
dwell,4,1,2,3,7878.85759369353,7895.70688605649,7919.99217448144,2.07671239823161e-06,4.15134353915069e-07,4.15134353915069e-07,7801.27999069149,7801.27999813935,7801.27999813935,77.577603002041,94.4268879171475,118.712176342091
travel,4,1,2,3,7999.25892253827,8036.96312101704,8100.32663192509,4.88369060726738,5.72271938145331,7.29491003452728,7815.84085628266,7817.85452650461,7821.62778407199,183.418066255613,219.108594512425,278.698847853095
dwell,1,2,3,4,7946.83217448149,7947.60310229614,7905.69759369368,4.15135232367611e-07,4.15292368551538e-07,2.07670914786839e-06,7828.11999813934,7828.11999813937,7828.11999069141,118.712176342149,119.483104156774,77.5776030022683
travel,1,2,3,4,8127.6320068453,8127.78577641428,8024.65890276097,7.37156686407666,7.34673742315819,4.88369021006113,7847.2117604629,7847.1521698047,7841.24085649327,280.4202463824,280.633606609581,183.418046267705
dwell,4,1,2,3,7931.09749769363,7947.94688605644,7972.23217448149,4.1513650990875e-07,4.15145987329677e-07,4.15138065404158e-07,7853.51999813934,7853.51999813931,7853.51999813931,77.577499554295,94.4268879171325,118.71217634218
travel,4,1,2,3,8050.05892254287,8087.76312101704,8151.12663192513,4.88369060720499,5.72271938145331,7.29491003452751,7866.64085628178,7868.65452650461,7872.42778407199,183.418066261085,219.108594512424,278.698847853141
dwell,1,2,3,4,8001.47217448145,8002.24319829024,7960.3374976936,4.15139285760079e-07,2.07670829302479e-06,4.15136461271191e-07,7882.7599981393,7882.75999069151,7882.75999813934,118.712176342144,119.483207598736,77.5774995542564
travel,1,2,3,4,8183.71200684521,8183.86577641421,8080.73890276094,7.37156686407621,7.34673742315607,4.88369021006099,7903.29176046291,7903.2321698047,7897.32085649327,280.420246382307,280.633606609506,183.418046267673
dwell,4,1,2,3,7988.61749769643,8005.46688605631,8029.75217448142,4.15263713535289e-07,4.15135821257574e-07,4.15131111545902e-07,7911.03999813915,7911.03999813927,7911.03999813942,77.5774995572805,94.4268879170339,118.712176342004
travel,4,1,2,3,8109.49890276095,8147.20312101701,8210.5666319252,4.88369021006099,5.7227193814516,7.29491003452704,7926.08085649327,7928.09452650461,7931.86778407198,183.418046267674,219.108594512402,278.698847853213
dwell,1,2,3,4,8060.91217448135,8061.68310229051,8019.77759369384,4.15135337935836e-07,4.15134766719763e-07,2.07676253583106e-06,7942.19999813928,7942.19999813934,7942.19999069159,118.712176342061,119.483104151168,77.5776030022463
travel,1,2,3,4,8240.75200684515,8240.90577641418,8137.7789027609,7.37156686407666,7.3467374231563,4.88369021006032,7960.33176046292,7960.27216980471,7954.36085649328,280.420246382235,280.63360660947,183.41804626762
dwell,4,1,2,3,8047.09749769359,8063.94688605621,8088.23217448136,4.15134096882088e-07,4.15025241675743e-07,4.15154018625351e-07,7969.51999813935,7969.51999813991,7969.51999813918,77.5774995542455,94.426887916305,118.712176342181
travel,4,1,2,3,8167.01890276092,8204.72312101692,8268.08663192522,4.88369021006113,5.722719381451,7.29491003452798,7983.60085649328,7985.61452650462,7989.38778407199,183.418046267638,219.108594512306,278.698847853234
dwell,1,2,3,4,8115.07217448143,8115.84310229053,8073.93749769357,4.15136385043893e-07,4.15134792257429e-07,4.15133587449041e-07,7996.35999813942,7996.35999813935,7996.35999813929,118.712176342004,119.483104151187,77.5774995542723
travel,1,2,3,4,8296.83200684523,8296.98577641435,8193.85892254066,7.37156686407666,7.34673742315723,4.88369060725322,8016.41176046291,8016.3521698047,8010.4408562823,280.420246382317,280.633606609656,183.418066258353
dwell,4,1,2,3,8101.25759369336,8118.10698205606,8142.39217448691,2.07672170372373e-06,2.07675013524346e-06,4.15430499685291e-07,8023.67999069159,8023.67999069165,8023.67999813888,77.5776030017772,94.426991364407,118.712176348032
travel,4,1,2,3,8219.25892254595,8256.963121017,8320.32663192513,4.8836906071908,5.722719381451,7.29491003452704,8035.84085628135,8037.85452650461,8041.627784072,183.418066264594,219.108594512389,278.698847853131
dwell,1,2,3,4,8169.71217448138,8170.48310229603,8128.57749769357,4.15132578164346e-07,4.15191151508068e-07,4.15134307756375e-07,8050.99999813936,8050.99999813981,8050.99999813935,118.712176342023,119.48310415622,77.57749955422
travel,1,2,3,4,8352.43200684522,8352.58577641426,8249.45890276101,7.3715668640762,7.3467374231563,4.88369021006094,8072.01176046291,8071.95216980471,8066.04085649327,280.420246382307,280.633606609553,183.418046267734
dwell,4,1,2,3,8156.85749769362,8173.70688605649,8197.99217448141,4.15135921122468e-07,4.15134974005387e-07,4.15141025420767e-07,8079.27999813935,8079.27999813944,8079.27999813938,77.5774995542754,94.4268879170532,118.712176342029
travel,4,1,2,3,8276.77892254788,8314.48312101708,8377.84663192513,4.88369060725002,5.72271938145099,7.29491003452705,8093.36085628145,8095.3745265046,8099.147784072,183.418066266433,219.108594512472,278.698847853131
dwell,1,2,3,4,8225.79217448143,8226.5630785349,8184.65749769357,4.15142957939178e-07,4.03799719000903e-09,4.15141300558724e-07,8107.0799981394,8107.07999998243,8107.07999813938,118.712176342029,119.483078552469,77.5774995541863
travel,1,2,3,4,8407.07200684531,8407.22577641419,8304.09890276097,7.37156686407665,7.3467374231563,4.88369021006172,8126.65176046291,8126.59216980472,8120.68085649328,280.4202463824,280.63360660947,183.418046267684
dwell,4,1,2,3,8210.53749769364,8227.38688605649,8251.67227048151,4.15136196767751e-07,4.15141367591018e-07,2.07671301951541e-06,8132.95999813932,8132.95999813938,8132.95999069146,77.5774995543178,94.4268879171072,118.712279790047
travel,4,1,2,3,8330.93892254034,8368.643121017,8432.00663192521,4.88369060722235,5.72271938145099,7.29491003452752,8147.52085628218,8149.53452650462,8153.30778407199,183.418066258156,219.108594512389,278.698847853224
dwell,1,2,3,4,8279.95217448138,8280.72310229022,8238.81749769358,4.15131295684159e-07,4.15060679056275e-07,4.1513405581934e-07,8161.23999813937,8161.23999813977,8161.23999813936,118.712176342012,119.483104150445,77.5774995542195
travel,1,2,3,4,8461.23200684522,8461.38577641419,8358.25890276107,7.3715668640762,7.3467374231563,4.88369021006092,8180.81176046292,8180.75216980472,8174.84085649327,280.420246382307,280.63360660947,183.418046267801
dwell,4,1,2,3,8267.57747849397,8284.42688605652,8308.71217448141,8.28229154361961e-08,4.1514574304152e-07,4.15144439167601e-07,8189.99999962889,8189.99999813932,8189.99999813931,77.5774788650843,94.4268879172026,118.712176342092
travel,4,1,2,3,8386.05892254035,8423.76312101693,8487.12663192512,4.88369060722248,5.722719381451,7.29491003452658,8202.64085628219,8204.65452650463,8208.427784072,183.418066258158,219.108594512306,278.69884785312
dwell,1,2,3,4,8336.51217448144,8337.28310229052,8295.37749769367,4.15134818882602e-07,4.15134616560321e-07,4.15134890693242e-07,8217.79999813935,8217.79999813936,8217.79999813936,118.712176342086,119.483104151167,77.5774995543107
travel,1,2,3,4,8518.27200684523,8518.42577641428,8415.29890276094,7.37156686407619,7.34673742315677,4.88369021006054,8237.85176046292,8237.79216980471,8231.88085649329,280.420246382307,280.633606609563,183.418046267658
dwell,4,1,2,3,8321.73749769358,8338.58686230092,8362.87227048196,4.15132898877025e-07,4.03807044370615e-09,2.07672862044922e-06,8244.15999813936,8244.15999998244,8244.15999069143,77.5774995542148,94.4268623184843,118.712279790521
travel,4,1,2,3,8443.09890276092,8480.80312101702,8544.16663192514,4.88369021006173,5.72271938145161,7.29491003452705,8259.6808564933,8261.69452650462,8265.46778407201,183.418046267618,219.108594512402,278.698847853131
dwell,1,2,3,4,8392.11215072587,8392.88310229058,8350.97747393802,4.03798181290639e-09,4.15136384549889e-07,4.0380809825665e-09,8273.39999998244,8273.39999813935,8273.39999998244,118.712150743428,119.483104151224,77.5774739555722
travel,1,2,3,4,8571.47200684516,8571.62577641436,8468.49890276103,7.37156686407621,7.34673742315723,4.88369021006135,8291.05176046293,8290.99216980471,8285.08085649328,280.420246382225,280.633606609656,183.418046267743
dwell,4,1,2,3,8374.93747849335,8391.78688605642,8416.07227048135,8.27555920328572e-08,4.15138111440858e-07,2.07671463475022e-06,8297.35999962928,8297.35999813934,8297.35999069154,77.5774788640635,94.4268879170884,118.7122797898
travel,4,1,2,3,8495.8189027609,8533.52312101703,8596.88663192514,4.88369021006131,5.72271938145161,7.29491003452705,8312.4008564933,8314.41452650462,8318.18778407201,183.418046267608,219.108594512402,278.698847853131
dwell,1,2,3,4,8447.71217448149,8448.48310229043,8406.57749769358,4.15134725781016e-07,4.15144690043149e-07,4.15143319596047e-07,8328.99999813936,8328.9999981394,8328.99999813926,118.712176342127,119.48310415103,77.5774995543229
travel,1,2,3,4,8628.03200684531,8628.18577641436,8525.05890276094,7.37156686407619,7.34673742315677,4.88369021006012,8347.61176046292,8347.55216980471,8341.64085649329,280.420246382389,280.633606609646,183.418046267649
dwell,4,1,2,3,8433.89747849394,8450.74688605644,8475.0321507258,8.28219258139512e-08,4.15159405762364e-07,4.04455680899858e-09,8356.31999962889,8356.31999813916,8356.31999998241,77.5774788650455,94.4268879172844,118.712150743395
travel,4,1,2,3,8554.29892254674,8592.00312101703,8655.36663192522,4.88369060722188,5.72271938145161,7.29491003452751,8370.88085628144,8372.89452650463,8376.667784072,183.418066265299,219.108594512402,278.698847853224
dwell,1,2,3,4,8502.35227048125,8503.12310229029,8461.21749769359,2.07672428953697e-06,4.15131627251115e-07,4.15135164940399e-07,8383.63999069156,8383.63999813938,8383.63999813936,118.712279789691,119.48310415091,77.5774995542223
travel,1,2,3,4,8683.63200684522,8683.78577641428,8580.65892253322,7.37156686407573,7.34673742315677,4.88369060719113,8403.21176046293,8403.15216980472,8397.24085628287,280.420246382296,280.633606609563,183.418066250358
dwell,4,1,2,3,8488.53759369398,8505.38698205683,8529.67217448133,2.07671119668225e-06,2.0767251797163e-06,4.15113265605614e-07,8410.95999069141,8410.95999069149,8410.9599981396,77.5776030025681,94.4269913653467,118.712176341728
travel,4,1,2,3,8609.4189225396,8647.12312101703,8710.48663192524,4.88369060719221,5.72271938145161,7.29491003452797,8426.00085628213,8428.01452650463,8431.787784072,183.418066257478,219.108594512402,278.698847853235
dwell,1,2,3,4,8561.31215072587,8562.08308309089,8520.17747393801,4.03795365343766e-09,8.28230369235107e-08,4.03075565252319e-09,8442.59999998245,8442.5999996289,8442.59999998247,118.712150743426,119.483083461992,77.5774739555343
travel,1,2,3,4,8740.67200684525,8740.82577641429,8637.69892254036,7.37156686407666,7.34673742315677,4.88369060722277,8460.25176046293,8460.19216980472,8454.2808562822,280.420246382317,280.633606609563,183.418066258163
dwell,4,1,2,3,8546.05749769364,8562.9068860565,8587.19227048095,4.1514755560688e-07,4.1513380171038e-07,2.07671274883867e-06,8468.47999813938,8468.47999813937,8468.47999069152,77.5774995542611,94.4268879171285,118.712279789428
travel,4,1,2,3,8664.0589027609,8701.76312101702,8765.12663192513,4.88369021006091,5.72271938145099,7.29491003452658,8480.6408564933,8482.65452650463,8486.42778407201,183.4180462676,219.108594512388,278.69884785312
dwell,1,2,3,4,8612.59217448114,8613.36308309665,8571.45747393802,4.15071422143735e-07,8.30195591661042e-08,4.03796906631067e-09,8493.87999813974,8493.87999962863,8493.87999998245,118.712176341395,119.48308346802,77.5774739555716
travel,1,2,3,4,8792.43200684525,8792.5857764143,8689.4589027609,7.37156686407666,7.34673742315724,4.88369021006092,8512.01176046293,8511.95216980473,8506.0408564933,280.420246382317,280.633606609574,183.4180462676
dwell,4,1,2,3,8599.73749769342,8616.58698205637,8640.87217448149,4.15106214741249e-07,2.07670356309356e-06,4.15136097032918e-07,8522.15999813956,8522.15999069156,8522.15999813937,77.577499553861,94.426991364803,118.71217634212
travel,4,1,2,3,8720.61892254032,8758.32312101704,8821.68663192506,4.88369060722092,5.72271938145161,7.29491003452658,8537.2008562822,8539.21452650463,8542.98778407202,183.418066258124,219.108594512402,278.698847853038
dwell,1,2,3,4,8672.51217448711,8673.28310229042,8631.37759369395,4.15014786770959e-07,4.1513441811193e-07,2.07671297733256e-06,8553.79999814051,8553.79999813941,8553.7999906915,118.712176346599,119.483104151012,77.5776030024537
travel,1,2,3,4,8853.79200684527,8853.94577641429,8750.81890276091,7.37156686407809,7.34673742315677,4.88369021006092,8573.37176046294,8573.31216980473,8567.40085649331,280.420246382334,280.633606609563,183.4180462676
dwell,4,1,2,3,8657.25749769324,8674.10688605639,8698.39227048205,4.15033860526256e-07,4.15130500016695e-07,2.07672934492707e-06,8579.67999813995,8579.67999813944,8579.67999069153,77.5774995532901,94.4268879169487,118.712279790524
travel,4,1,2,3,8777.65890276108,8815.36312101702,8878.72663192517,4.88369021006059,5.72271938145101,7.29491003452799,8594.24085649328,8596.25452650463,8600.02778407202,183.418046267798,219.108594512389,278.698847853152
dwell,1,2,3,4,8729.55217448139,8730.3231982907,8688.41749769782,4.15145535817207e-07,2.07671013506763e-06,4.15181210639739e-07,8610.83999813934,8610.83999069146,8610.8399981397,118.712176342049,119.483207599241,77.5774995581177
travel,1,2,3,4,8910.83200684524,8910.98577641428,8807.85890276092,7.37156686407619,7.3467374231563,4.88369021006131,8630.41176046294,8630.35216980473,8624.44085649331,280.420246382306,280.633606609553,183.418046267608
dwell,4,1,2,3,8716.69749769359,8733.54688605651,8757.8321744815,4.1513658234142e-07,4.15133656274655e-07,4.15134327372038e-07,8639.11999813941,8639.11999813938,8639.11999813938,77.5774995541833,94.4268879171274,118.712176342121
travel,4,1,2,3,8838.53890276096,8876.24312101697,8939.60663192522,4.88369021006052,5.72271938145161,7.29491003452704,8655.1208564933,8657.13452650465,8660.90778407201,183.418046267658,219.108594512319,278.698847853213
dwell,1,2,3,4,8786.11217448151,8786.88310229043,8744.97749769358,4.15136083615487e-07,4.15145700187268e-07,4.15138433963176e-07,8667.39999813937,8667.39999813928,8667.39999813936,118.712176342141,119.483104151141,77.577499554213
travel,1,2,3,4,8968.83200684524,8968.98577641428,8865.85890276098,7.3715668640762,7.34673742315631,4.88369021006099,8688.41176046294,8688.35216980473,8682.4408564933,280.420246382306,280.633606609553,183.418046267673
dwell,4,1,2,3,8776.13749769351,8792.98686230094,8817.2721744814,4.15128495499456e-07,4.03806274857346e-09,4.15132398551977e-07,8698.5599981394,8698.55999998246,8698.55999813939,77.5774995541165,94.4268623184841,118.712176342017
travel,4,1,2,3,8896.53890276103,8934.243121017,8997.60663192516,4.88369021006094,5.7227193814498,7.29491003452751,8713.1208564933,8715.13452650463,8718.90778407202,183.418046267734,219.108594512361,278.698847853141
dwell,1,2,3,4,8844.59227048142,8845.36319829052,8803.45749769361,2.07672992333119e-06,2.07671443971439e-06,4.15136284768258e-07,8725.87999069158,8725.87999069153,8725.87999813937,118.71227978984,119.483207598992,77.5774995542367
travel,1,2,3,4,9027.31200684526,9027.46577641422,8924.33890276098,7.37156686407666,7.34673742315676,4.88369021006099,8746.89176046294,8746.83216980474,8740.9208564933,280.420246382317,280.633606609481,183.418046267673
dwell,4,1,2,3,8834.13749769361,8850.98688605631,8875.27215528186,4.15136595938922e-07,4.15117516916129e-07,8.28230618056823e-08,8756.55999813941,8756.55999813955,8756.55999962891,77.5774995541939,94.4268879167594,118.712155652951
travel,4,1,2,3,8954.05890276102,8991.76312101703,9055.12663192519,4.88369021006054,5.72271938145101,7.29491003452895,8770.6408564933,8772.65452650464,8776.42778407203,183.418046267725,219.108594512389,278.698847853158
dwell,1,2,3,4,8904.99217448702,8905.76310229038,8863.85749769638,4.15193428435358e-07,4.15147605083223e-07,4.15232175584034e-07,8786.27999813983,8786.27999813929,8786.27999813936,118.71217634719,119.483104151097,77.5774995570232
travel,1,2,3,4,9085.79200684526,9085.9457764143,8982.81890276092,7.37156686407667,7.34673742315677,4.88369021006092,8805.37176046294,8805.31216980474,8799.40085649332,280.420246382317,280.633606609563,183.4180462676
dwell,4,1,2,3,8889.25749769938,8906.10686230095,8930.39217448156,4.15604897105627e-07,4.03807767295199e-09,4.15135117850463e-07,8811.67999813804,8811.67999998246,8811.67999813936,77.5774995613378,94.4268623184843,118.712176342208
travel,4,1,2,3,9009.658902761,9047.36312101704,9110.72663192516,4.88369021006174,5.72271938145161,7.29491003452705,8826.24085649331,8828.25452650464,8832.02778407203,183.418046267685,219.108594512402,278.698847853131
dwell,1,2,3,4,8957.71227048158,8958.48319829031,8916.57749769362,2.07672767174331e-06,2.07674915141573e-06,4.15133917539668e-07,8838.99999069156,8838.99999069166,8838.99999813938,118.712279790022,119.483207598645,77.5774995542402
travel,1,2,3,4,9138.99200684525,9139.14577641437,9036.01890276093,7.3715668640762,7.34673742315629,4.88369021006132,8858.57176046294,8858.51216980473,8852.60085649332,280.420246382307,280.633606609635,183.418046267609
dwell,4,1,2,3,8942.4574784969,8959.30698205668,8983.59217448141,8.30520897084452e-08,2.07673208960453e-06,4.15132847311014e-07,8864.8799996282,8864.8799906915,8864.87999813939,77.5774788687048,94.426991365182,118.712176342019
travel,4,1,2,3,9062.85892253958,9100.56312101688,9163.92663192516,4.88369060719035,5.722719381451,7.29491003452705,8879.44085628214,8881.45452650466,8885.22778407203,183.418066257436,219.108594512223,278.698847853131
dwell,1,2,3,4,9012.35217448152,9013.12310229607,8971.21749769354,4.15139542598369e-07,4.15053295508673e-07,4.15129500612653e-07,8893.63999813942,8893.63999814039,8893.63999813947,118.7121763421,119.483104155681,77.5774995540636
travel,1,2,3,4,9194.59200684525,9194.7457764143,9091.61890276092,7.37156686407619,7.34673742315677,4.88369021006092,8914.17176046295,8914.11216980474,8908.20085649332,280.420246382307,280.633606609563,183.4180462676
dwell,4,1,2,3,9002.37747393804,9019.22688605655,9043.51227048124,4.03801200224892e-09,4.15134854259422e-07,2.07674988738968e-06,8924.79999998247,8924.79999813938,8924.7999906917,77.5774739555723,94.4268879171653,118.712279789546
travel,4,1,2,3,9120.85890276104,9158.56312101705,9221.926631925,4.88369021006091,5.72271938145161,7.29491003452658,8937.44085649331,8939.45452650465,8943.22778407205,183.418046267734,219.108594512402,278.698847852956
dwell,1,2,3,4,9072.27217448146,9073.04310229047,9031.13749769363,4.15131521287943e-07,4.15134430873775e-07,4.15133620691535e-07,8953.55999813939,8953.55999813935,8953.55999813939,118.71217634207,119.483104151123,77.5774995542431
travel,1,2,3,4,9254.03200684527,9254.18577641422,9151.05890276099,7.37156686407667,7.34673742315629,4.88369021006099,8973.61176046295,8973.55216980475,8967.64085649331,280.420246382317,280.63360660947,183.418046267674
dwell,4,1,2,3,9057.49749769356,9074.34686685693,9098.63227048141,4.1514424194468e-07,8.28231530505874e-08,2.076708640737e-06,8979.91999813945,8979.91999962891,8979.91999069151,77.5774995541096,94.4268672280147,118.712279789899
travel,4,1,2,3,9179.338902761,9217.04312101714,9280.40663192509,4.88369021006175,5.72271938145222,7.29491003452705,8995.92085649332,8997.93452650464,9001.70778407204,183.418046267685,219.108594512499,278.698847853048
dwell,1,2,3,4,9128.83217448439,9129.60310229621,9087.69749769346,4.15267331794412e-07,4.1519947726302e-07,4.15122740105789e-07,9010.11999813917,9010.11999813981,9010.11999813955,118.712176345218,119.483104156395,77.5774995539059
travel,1,2,3,4,9308.19200684526,9308.34577641423,9205.21890276093,7.37156686407619,7.34673742315676,4.88369021006131,9027.77176046295,9027.71216980475,9021.80085649332,280.420246382306,280.633606609481,183.418046267609
dwell,4,1,2,3,9114.53759369299,9131.38698205658,9155.67215528477,2.07671663517869e-06,2.07672666905453e-06,8.28117930617573e-08,9036.95999069166,9036.95999069159,9036.95999962929,77.5776030013326,94.4269913649853,118.712155655477
travel,4,1,2,3,9234.93890276092,9272.64312101713,9336.0066319252,4.88369021006092,5.72271938145162,7.29491003452895,9051.52085649333,9053.53452650465,9057.30778407204,183.4180462676,219.108594512486,278.698847853157
dwell,1,2,3,4,9186.35217448138,9187.12308309058,9145.21749769351,4.15139286833216e-07,8.27349358538924e-08,4.15135509564876e-07,9067.63999813931,9067.63999962928,9067.63999813943,118.71217634207,119.4830834613,77.5774995540796
travel,1,2,3,4,9366.19200684525,9366.34577641437,9263.21890276099,7.37156686407573,7.3467374231563,4.883690210061,9085.77176046295,9085.71216980474,9079.80085649332,280.420246382295,280.633606609635,183.418046267674
dwell,4,1,2,3,9172.53749769513,9189.38698205651,9213.67217448137,4.15120642175462e-07,2.07671453066783e-06,4.15104510093363e-07,9094.95999813962,9094.95999069153,9094.95999813965,77.5774995555047,94.4269913649783,118.712176341718
travel,4,1,2,3,9291.49890276094,9329.20312101697,9392.5666319252,4.88369021006131,5.72271938145099,7.29491003452895,9108.08085649333,9110.09452650466,9113.86778407204,183.418046267609,219.108594512306,278.698847853158
dwell,1,2,3,4,9240.99227048174,9241.7631022905,9199.85749769356,2.07670575965619e-06,4.15132205648008e-07,4.15124036207752e-07,9122.27999069151,9122.27999813941,9122.27999813951,118.712279790233,119.483104151096,77.5774995540466
travel,1,2,3,4,9423.71200684528,9423.86577641431,9320.73890276094,7.37156686407667,7.34673742315677,4.88369021006133,9143.29176046296,9143.23216980475,9137.32085649333,280.420246382317,280.633606609563,183.418046267609
dwell,4,1,2,3,9230.53759369404,9247.38688605645,9271.67217448149,2.07672347081724e-06,4.15133504288394e-07,4.15135729667066e-07,9152.95999069148,9152.95999813945,9152.95999813939,77.5776030025598,94.4268879170039,118.712176342099
travel,4,1,2,3,9349.97890276093,9387.68315089315,9451.04663192526,4.88369021006092,5.72272008844011,7.2949100345275,9166.56085649333,9168.57452675562,9172.34778407203,183.4180462676,219.108624137528,278.698847853224
