phase_type,duration,distance,energy_start,energy_end,energy_consumed,battery_start,battery_end,battery_delta,rho,tau,planning_time,start_time,end_time
traveling,9.79999999999998,14.422205101856,0,275.488279795776,275.488279795776,100,99.7446113351714,-0.255388664828558,10,,,1,99
planning,0.4,0,275.488279795776,286.022789504439,10.5345097086638,99.7446113351714,99.7348524291477,-0.00975890602376239,,,0.347386200849774,99,103
dwelling,2.1,0,286.022789504439,333.02688012889,47.0040906244504,99.7348524291477,99.691383678717,-0.0434687504306623,,2.02222221886239,,103,124
planning,0.2,0,333.02688012889,338.040343440408,5.01346331151854,99.691383678717,99.6867418003315,-0.00464187838548469,,,0.183514485161252,124,126
traveling,5.3,12.369316876853,338.040343440408,494.605118839549,156.56477539914,99.6867418003315,99.5414736785172,-0.145268121814325,5.25365274379396,,,126,179
planning,0.8,0,494.605118839549,512.773812923352,18.1686940838034,99.5414736785172,99.5246675082712,-0.0168061702460136,,,0.739587812105905,179,187
dwelling,6.89999999999999,0,512.773812923352,667.189643056373,154.415830133021,99.5246675082712,99.3818446794699,-0.142822828801343,,6.86666661092714,,187,256
planning,0.2,0,667.189643056373,672.167602799794,4.97795974342034,99.3818446794699,99.3772352278334,-0.00460945163644055,,,0.134047544534136,256,258
traveling,4.1,7.61577310586391,672.167602799794,804.57041376569,132.402810965896,99.3772352278334,99.2542077185884,-0.123027509244992,4.12482903419791,,,258,299
planning,0.1,0,804.57041376569,807.284681197996,2.71426743230586,99.2542077185884,99.2516917148692,-0.00251600371922223,,,0.0169623843107171,299,300
dwelling,6.99999999999999,0,807.284681197996,985.45810950859,178.173428310595,99.2516917148692,99.0866460837043,-0.165045631164887,,6.92352936591043,,300,370
planning,0.7,0,985.45810950859,1004.80550176897,19.3473922603788,99.0866460837043,99.0687061691521,-0.0179399145522012,,,0.672041413228347,370,377
traveling,5.8,15.0332963783729,1004.80550176897,1228.70672759397,223.901225825003,99.0687061691521,98.8599899881535,-0.208716180998564,5.77367345406047,,,377,435
planning,0.5,0,1228.70672759397,1243.57994756784,14.8732199738631,98.8599899881535,98.8461840779291,-0.0138059102244625,,,0.443148784503377,435,440
dwelling,7.09999999999999,0,1243.57994756784,1422.54511337405,178.965165806215,98.8461840779291,98.68038515409,-0.165798923839063,,7.0090908457913,,440,511
planning,0.1,0,1422.54511337405,1425.38602359414,2.84091022009034,98.68038515409,98.6777494192139,-0.00263573487613655,,,0.0975340456554756,511,512
traveling,4.6,8.94427190999916,1425.38602359414,1578.84231947023,153.456295876086,98.6777494192139,98.5350378445974,-0.142711574616484,4.50393663051478,,,512,558
planning,0.6,0,1578.84231947023,1595.31884330008,16.4765238298569,98.5350378445974,98.5197563162263,-0.0152815283710765,,,0.572756915422438,558,564
dwelling,9.29999999999998,0,1595.31884330008,1795.672716661,200.353873360917,98.5197563162263,98.3344018574125,-0.185354458813777,,9.23333329845065,,564,657
planning,0.5,0,1795.672716661,1806.5460080908,10.8732914297977,98.3344018574125,98.3243413279489,-0.0100605294636864,,,0.476182879004531,657,662
traveling,4.9,11.1803398874989,1806.5460080908,1956.21199134992,149.665983259122,98.3243413279489,98.1852745446092,-0.139066783339615,4.95013797781983,,,662,711
planning,0.3,0,1956.21199134992,1963.87329986121,7.66130851129174,98.1852745446092,98.1781734660213,-0.00710107858792242,,,0.295191662824261,711,714
dwelling,8.69999999999999,0,1963.87329986121,2161.67159646175,197.798296600542,98.1781734660213,97.995053683772,-0.183119782249349,,8.69999999209997,,714,801
planning,0.8,0,2161.67159646175,2181.27040440202,19.5988079402664,97.995053683772,97.9768942180903,-0.0181594656816486,,,0.740563377808894,801,809
traveling,6.59999999999999,18.7882942280559,2181.27040440202,2393.02042713026,211.750022728235,97.9768942180903,97.779989173966,-0.196905044124279,6.56943855864357,,,809,875
planning,0.6,0,2393.02042713026,2407.8393684215,14.8189412912488,97.779989173966,97.7662555689373,-0.0137336050287615,,,0.559452355596419,875,881
dwelling,8.09999999999999,0,2407.8393684215,2584.88293696737,177.043568545866,97.7662555689373,97.6023678587521,-0.163887710185165,,8.08235287799656,,881,962
planning,0.4,0,2584.88293696737,2593.99239288322,9.10945591584959,97.6023678587521,97.5939318451255,-0.00843601362663549,,,0.384630429134614,962,966
traveling,4.2,7.61577310586391,2593.99239288322,2713.09520195467,119.102809071446,97.5939318451255,97.4833410365777,-0.110590808547755,4.21342689990947,,,966,1008
planning,0.4,0,2713.09520195467,2723.06156723706,9.96636528239424,97.4833410365777,97.4741021083896,-0.00923892818815375,,,0.305604346671725,1008,1012
dwelling,11,0,2723.06156723706,2947.69216729432,224.630600057255,97.4741021083896,97.266259164265,-0.207842944124621,,10.9666666549686,,1012,1122
planning,0.9,0,2947.69216729432,2968.84253927052,21.1503719761999,97.266259164265,97.2466620352348,-0.01959712903016,,,0.848554135504642,1122,1131
traveling,5.2,12.369316876853,2968.84253927052,3125.91788837411,157.07534910359,97.2466620352348,97.1006477961545,-0.146014239080287,5.19586157988273,,,1131,1183
planning,0.6,0,3125.91788837411,3139.34728493364,13.4293965595366,97.1006477961545,97.0882095307869,-0.0124382653676207,,,0.5853758096943,1183,1189
dwelling,11.1,0,3139.34728493364,3416.68556827667,277.338283343031,97.0882095307869,96.8309976679151,-0.257211862871827,,11.0777777400831,,1189,1300
planning,1,0,3416.68556827667,3447.60962961964,30.9240613429706,96.8309976679151,96.8022425802285,-0.0287550876865907,,,0.925466861571065,1300,1310
traveling,5.5,13.6014705087354,3447.60962961964,3648.55007427961,200.940444659961,96.8022425802285,96.6148909420782,-0.187351638150304,5.46475223372896,,,1310,1365
planning,0.8,0,3648.55007427961,3671.82018150469,23.2701072250875,96.6148909420782,96.5932677736865,-0.0216231683916561,,,0.787720713769929,1365,1373
dwelling,10.8,0,3671.82018150469,3924.90528811987,253.085106615174,96.5932677736865,96.3586584033735,-0.234609370313009,,10.749999958874,,1373,1481
planning,0.3,0,3924.90528811987,3932.14763854357,7.24235042370356,96.3586584033735,96.3519422755878,-0.00671612778572239,,,0.246221765416691,1481,1484
traveling,4.5,8.94427190999916,3932.14763854357,4068.22767490038,136.080036356812,96.3519422755878,96.2253837405813,-0.126558535006424,4.43440132111863,,,1484,1529
planning,0.3,0,4068.22767490038,4075.88179615192,7.65412125153989,96.2253837405813,96.2182808502371,-0.00710289034421407,,,0.246620185943969,1529,1532
dwelling,12.8,0,4075.88179615192,4354.22840527478,278.346609122861,96.2182808502371,95.9603782530692,-0.257902597167913,,12.7999999127577,,1532,1660
planning,0.6,0,4354.22840527478,4369.19946277982,14.9710575050385,95.9603782530692,95.9464864409896,-0.0138918120795921,,,0.515216657567572,1660,1666
traveling,4,7.61577310586391,4369.19946277982,4493.9597871298,124.760324349975,95.9464864409896,95.8303793280541,-0.116107112935538,3.98961646939884,,,1666,1706
planning,1,0,4493.9597871298,4519.7173167531,25.757529623299,95.8303793280541,95.8064680089504,-0.0239113191036751,,,0.963933118287806,1706,1716
dwelling,12,0,4519.7173167531,4783.74222772288,264.024910969782,95.8064680089504,95.5617485711194,-0.24471943783098,,11.9529410730559,,1716,1836
planning,0.7,0,4783.74222772288,4801.11712294716,17.3748952242804,95.5617485711194,95.5456229246956,-0.0161256464238591,,,0.646861782588079,1836,1843
traveling,6.59999999999999,18.7882942280559,4801.11712294716,5010.78758348895,209.670460541796,95.5456229246956,95.3503760387865,-0.195246885909114,6.56832322113525,,,1843,1909
planning,1,0,5010.78758348895,5036.41633072612,25.6287472371632,95.3503760387865,95.3265781799985,-0.0237978587880008,,,0.978917080517608,1909,1919
dwelling,11.2,0,5036.41633072612,5309.97518391879,273.558853192675,95.3265781799985,95.0726661781763,-0.253912001822201,,11.1555554980689,,1919,2031
planning,0.5,0,5309.97518391879,5324.59353168846,14.6183477696695,95.0726661781763,95.0590679679063,-0.0135982102699899,,,0.411100434216034,2031,2036
traveling,5,11.1803398874989,5324.59353168846,5494.28230505935,169.688773370883,95.0590679679063,94.9008475337364,-0.15822043416992,5.0404881724,,,2036,2086
planning,0.2,0,5494.28230505935,5499.40360131408,5.12129625473517,94.9008475337364,94.8960907552088,-0.00475677852755041,,,0.178372341693271,2086,2088
dwelling,13.7,0,5499.40360131408,5818.61983680667,319.216235492589,94.8960907552088,94.5998592904377,-0.296231464771111,,13.6666666372868,,2088,2225
planning,0.4,0,5818.61983680667,5827.73649500648,9.11665819981226,94.5998592904377,94.59140030759,-0.00845898284765667,,,0.341520181427042,2225,2229
traveling,4.5,8.94427190999916,5827.73649500648,5958.89915795588,131.162662949403,94.59140030759,94.4693365949785,-0.122063712611549,4.45091500457208,,,2229,2274
planning,0.7,0,5958.89915795588,5975.51722364548,16.6180656895958,94.4693365949785,94.4539094678125,-0.0154271271660349,,,0.680645277925942,2274,2281
dwelling,10.1,0,5975.51722364548,6224.22031876523,248.703095119751,94.4539094678125,94.2229003268398,-0.231009140972645,,10.0045454094745,,2281,2382
planning,0.4,0,6224.22031876523,6236.6892291045,12.4689103392675,94.2229003268398,94.211284864461,-0.0116154623788134,,,0.377332925707994,2382,2386
traveling,5.5,13.6014705087354,6236.6892291045,6450.3462059845,213.65697688,94.211284864461,94.0115173077262,-0.199767556734827,5.42520917722209,,,2386,2441
planning,0.5,0,6450.3462059845,6465.75666251708,15.4104565325833,94.0115173077262,93.9971617468805,-0.0143555608456296,,,0.496769327844513,2441,2446
dwelling,12.1,0,6465.75666251708,6785.70059202381,319.943929506732,93.9971617468805,93.6996617666203,-0.297499980260199,,12.0111110525303,,2446,2567
planning,1,0,6785.70059202381,6809.86275621418,24.1621641903703,93.6996617666203,93.6772150787759,-0.0224466878444787,,,0.923026309829716,2567,2577
traveling,4.7,9.8488578017961,6809.86275621418,6949.77588732694,139.913131112754,93.6772150787759,93.5468849727953,-0.130330105980576,4.61634882582492,,,2577,2624
planning,0.3,0,6949.77588732694,6957.83485210672,8.05896477977785,93.5468849727953,93.5393884665934,-0.0074965062018606,,,0.23540727427952,2624,2627
dwelling,13.4,0,6957.83485210672,7288.92400966112,331.089157554401,93.5393884665934,93.2316608647249,-0.307727601868564,,13.376470505971,,2627,2761
planning,0.2,0,7288.92400966112,7294.43836111076,5.51435144964671,93.2316608647249,93.2265286244848,-0.00513224024010128,,,0.186743699416072,2761,2763
traveling,4.1,7.61577310586391,7294.43836111076,7435.72455748986,141.286196379097,93.2265286244848,93.0945991506295,-0.13192947385528,4.06117456341927,,,2763,2804
planning,0.2,0,7435.72455748986,7441.3464728866,5.62191539673495,93.0945991506295,93.0893650342383,-0.00523411639122173,,,0.121574009475482,2804,2806
dwelling,18.8,0,7441.3464728866,7857.12850000533,415.782027118732,93.0893650342383,92.7032023099984,-0.386162724239838,,18.7999999212367,,2806,2994
planning,0.7,0,7857.12850000533,7872.60380124706,15.475301241735,92.7032023099984,92.6888286183574,-0.014373691641012,,,0.602577866899141,2994,3001
traveling,4.8,11.1803398874989,7872.60380124706,8008.29465507056,135.690853823495,92.6888286183574,92.5624301745184,-0.126398443839022,4.73458463250909,,,3001,3049
planning,0.2,0,8008.29465507056,8012.8402975968,4.54564252623732,92.5624301745184,92.5582065635928,-0.00422361092562085,,,0.15865720069221,3049,3051
dwelling,11,0,8012.8402975968,8261.23813290919,248.397835312394,92.5582065635928,92.3273834221584,-0.230823141434342,,10.9888888727247,,3051,3161
planning,0.6,0,8261.23813290919,8277.8801535438,16.642020634612,92.3273834221584,92.3118832754915,-0.0155001466668807,,,0.525885320789104,3161,3167
traveling,4.6,9.21954445729289,8277.8801535438,8433.99069830495,156.110544761144,92.3118832754915,92.1660470768497,-0.145836198641874,4.51938835804395,,,3167,3213
planning,0.2,0,8433.99069830495,8439.60621021617,5.61551191122453,92.1660470768497,92.1608154699056,-0.00523160694403657,,,0.146196257341912,3213,3215
dwelling,11.1,0,8439.60621021617,8710.68371447177,271.077504255598,92.1608154699056,91.9086545309683,-0.252160938937322,,11.0090908697758,,3215,3326
planning,0.4,0,8710.68371447177,8722.47803308711,11.7943186153443,91.9086545309683,91.8976574982739,-0.0109970326943625,,,0.36950046407309,3326,3330
traveling,4.5,8.94427190999916,8722.47803308711,8877.64992760254,155.171894515423,91.8976574982739,91.7526183429107,-0.145039155363278,4.41106392339756,,,3330,3375
planning,0.1,0,8877.64992760254,8880.40041823023,2.75049062769176,91.7526183429107,91.7500557628673,-0.0025625800433744,,,0.000304477597798614,3375,3376
dwelling,12.3,0,8880.40041823023,9195.62740196302,315.226983732789,91.7500557628673,91.4565685289747,-0.293487233892563,,12.2666665866239,,3376,3499
planning,1,0,9195.62740196302,9225.16990862277,29.5425066597545,91.4565685289747,91.4290128226898,-0.0275557062849145,,,0.942994607910689,3499,3509
traveling,4,7.61577310586391,9225.16990862277,9372.44485497545,147.274946352674,91.4290128226898,91.2911631061152,-0.137849716574607,3.98961648544406,,,3509,3549
planning,0.9,0,9372.44485497545,9400.60928021508,28.1644252396381,91.2911631061152,91.2648689448985,-0.0262941612167396,,,0.894039363718244,3549,3558
dwelling,12.9,0,9400.60928021508,9695.566796216,294.957516000914,91.2648689448985,90.9904661538854,-0.274402791013088,,12.8823528840342,,3558,3687
planning,0.7,0,9695.566796216,9710.05844803014,14.4916518141436,90.9904661538854,90.9769974208507,-0.0134687330346424,,,0.622339987585476,3687,3694
traveling,4.6,9.8488578017961,9710.05844803014,9827.72118162461,117.662733594467,90.9769974208507,90.867377874451,-0.109619546399728,4.59662479124109,,,3694,3740
planning,1,0,9827.72118162461,9848.83720208913,21.1160204645257,90.867377874451,90.8477468751079,-0.0196309993430788,,,0.996863242961229,3740,3750
dwelling,11.9,0,9848.83720208913,10109.8299200977,260.992718008534,90.8477468751079,90.6049868921484,-0.242759982959569,,11.8666665564016,,3750,3869
planning,0.5,0,10109.8299200977,10123.5802595111,13.7503394134728,90.6049868921484,90.5921647525766,-0.0128221395717532,,,0.461699630196157,3869,3874
traveling,5.3,12.369316876853,10123.5802595111,10307.7056110804,184.125351569308,90.5921647525766,90.419851678665,-0.172313073911624,5.22163501803018,,,3874,3927
planning,0.6,0,10307.7056110804,10323.4711994068,15.7655883263633,90.419851678665,90.4051562220138,-0.0146954566511965,,,0.54951375252462,3927,3933
dwelling,13.2,0,10323.4711994068,10610.2141166028,286.74291719595,90.4051562220138,90.1383853384543,-0.266770883559445,,13.199999917117,,3933,4065
planning,1,0,10610.2141166028,10634.7980220573,24.5839054545631,90.1383853384543,90.1154822171069,-0.0229031213474258,,,0.99954529501109,4065,4075
traveling,4.5,8.94427190999916,10634.7980220573,10780.6634699884,145.865447931039,90.1154822171069,89.9790748484983,-0.136407368608602,4.40843178875902,,,4075,4120
planning,0.6,0,10780.6634699884,10797.1970051032,16.5335351148024,89.9790748484983,89.963649459491,-0.0154253890073477,,,0.568707951630606,4120,4126
dwelling,10.2,0,10797.1970051032,11034.8031296958,237.606124592661,89.963649459491,89.742362136525,-0.221287322965921,,10.1045454495785,,4126,4228
planning,0.9,0,11034.8031296958,11058.0654849343,23.262355238443,89.742362136525,89.720671372035,-0.0216907644900743,,,0.81871163398058,4228,4237
traveling,4.5,9.21954445729289,11058.0654849343,11201.320678236,143.255193301706,89.720671372035,89.5867010031614,-0.133970368873563,4.47565456865403,,,4237,4282
planning,0.4,0,11201.320678236,11211.397725735,10.0770474990004,89.5867010031614,89.5773063641487,-0.00939463901269733,,,0.323037261091994,4282,4286
dwelling,12,0,11211.397725735,11490.9142078706,279.516482135647,89.5773063641487,89.3169027247684,-0.2604036393803,,11.9333332694613,,4286,4406
planning,0.5,0,11490.9142078706,11503.8837835194,12.9695756487563,89.3169027247684,89.3048048292114,-0.0120978955569626,,,0.48630705960009,4406,4411
traveling,4.9,11.1803398874989,11503.8837835194,11660.318042134,156.434258614612,89.3048048292114,89.1584618188735,-0.146343010337986,4.95401960047783,,,4411,4460
planning,0.3,0,11660.318042134,11667.6637848394,7.34574270537632,89.1584618188735,89.1516133574065,-0.00684846146700124,,,0.206935973835832,4460,4463
dwelling,12.4,0,11667.6637848394,11943.4496244084,275.785839569018,89.1516133574065,88.8947229286359,-0.256890428770603,,12.3666666111597,,4463,4587
planning,0.4,0,11943.4496244084,11954.0908617468,10.6412373384301,88.8947229286359,88.8847905703346,-0.00993235830121364,,,0.350777014133436,4587,4591
traveling,4,7.61577310586391,11954.0908617468,12078.555763901,124.464902154194,88.8847905703346,88.7683636490762,-0.116426921258494,3.90863718989767,,,4591,4631
planning,0.9,0,12078.555763901,12100.0198959101,21.4641320090577,88.7683636490762,88.7483517696626,-0.0200118794135165,,,0.876624115432669,4631,4640
dwelling,15.6,0,12100.0198959101,12503.0481430496,403.028247139493,88.7483517696626,88.3721861161522,-0.376165653510412,,15.5470587748524,,4640,4796
planning,0.8,0,12503.0481430496,12525.4852748703,22.4371318206922,88.3721861161522,88.3512210925222,-0.0209650236300689,,,0.715609011130574,4796,4804
traveling,4.6,9.8488578017961,12525.4852748703,12683.459583186,157.974308315703,88.3512210925222,88.2031569545605,-0.148064137961669,4.59662474686893,,,4804,4850
planning,0.3,0,12683.459583186,12691.5625551661,8.10297198018634,88.2031569545605,88.1955881180421,-0.00756883651835949,,,0.222271372510856,4850,4853
dwelling,10.5,0,12691.5625551661,12961.6989165127,270.136361346589,88.1955881180421,87.9433622745715,-0.252225843470654,,10.4888888736546,,4853,4958
planning,0.6,0,12961.6989165127,12980.6671618327,18.9682453199948,87.9433622745715,87.9256038031144,-0.0177584714570997,,,0.591460453788781,4958,4964
traveling,5.3,12.369316876853,12980.6671618327,13191.4241785574,210.757016724707,87.9256038031144,87.7274925307425,-0.198111272371918,5.2216350261542,,,4964,5017
planning,1,0,13191.4241785574,13221.7167475502,30.292568992787,87.7274925307425,87.6991436025098,-0.0283489282326599,,,0.989656903722722,5017,5027
dwelling,13.1,0,13221.7167475502,13515.9819162364,294.265168686174,87.6991436025098,87.4246653439442,-0.274478258565551,,13.0999999834708,,5027,5158
planning,0.6,0,13515.9819162364,13529.3096197939,13.3277035575029,87.4246653439442,87.4122347489461,-0.0124305949981789,,,0.500710396765241,5158,5164
traveling,4.5,8.94427190999916,13529.3096197939,13656.9974344632,127.687814669347,87.4122347489461,87.2927890723021,-0.119445676643934,4.40843267548121,,,5164,5209
planning,0.9,0,13656.9974344632,13678.2085367172,21.2111022539812,87.2927890723021,87.2729914874567,-0.019797584845378,,,0.880625975645444,5209,5218
dwelling,12.3,0,13678.2085367172,13920.448117786,242.239581068812,87.2729914874567,87.0472524331228,-0.225739054333985,,12.2863635470054,,5218,5341
planning,0.4,0,13920.448117786,13928.9597086421,8.5115908560565,87.0472524331228,87.0393145446454,-0.00793788847732912,,,0.337059242516618,5341,5345
traveling,4.5,9.21954445729289,13928.9597086421,14050.9419058579,121.982197215777,87.0393145446454,86.925233269854,-0.114081274791417,4.47565372680041,,,5345,5390
planning,1,0,14050.9419058579,14073.1982847453,22.2563788874158,86.925233269854,86.9044657426068,-0.0207675272471874,,,0.941420151266782,5390,5400
dwelling,9.89999999999998,0,14073.1982847453,14253.9149196244,180.716634879085,86.9044657426068,86.7361231219715,-0.168342620635357,,9.82222214597417,,5400,5499
planning,0.9,0,14253.9149196244,14272.437246251,18.5223266266257,86.7361231219715,86.7188500084164,-0.0172731135551203,,,0.882535878511891,5499,5508
traveling,4.9,11.1803398874989,14272.437246251,14398.2199253884,125.782679137412,86.7188500084164,86.601265074388,-0.1175849340284,4.95401960201205,,,5508,5557
planning,0.3,0,14398.2199253884,14404.3814461237,6.16152073532794,86.601265074388,86.5955185863627,-0.00574648802525246,,,0.235202745032079,5557,5560
dwelling,12.7,0,14404.3814461237,14678.2690204092,273.887574285454,86.5955185863627,86.3399241159955,-0.255594470367228,,12.633333289981,,5560,5687
planning,0.1,0,14678.2690204092,14680.5102552697,2.24123486050848,86.3399241159955,86.3378316372283,-0.00209247876721008,,,0.0626524456987835,5687,5688
traveling,4,7.61577310586391,14680.5102552697,14796.4551434196,115.944888149868,86.3378316372283,86.2292469847857,-0.108584652442602,3.90863718884658,,,5688,5728
planning,0.1,0,14796.4551434196,14798.8198928538,2.36474943419125,86.2292469847857,86.2270377597496,-0.00220922503605436,,,0.0703244629575976,5728,5729
dwelling,16.2,0,14798.8198928538,15115.8985537351,317.078660881303,86.2270377597496,85.9313031405396,-0.295734619209981,,16.1176469882658,,5729,5891
planning,0.2,0,15115.8985537351,15119.8725815921,3.9740278570298,85.9313031405396,85.9275957618369,-0.00370737870269977,,,0.115397361905339,5891,5893
traveling,4.6,9.8488578017961,15119.8725815921,15247.0202177033,127.147636111209,85.9275957618369,85.808536914676,-0.119058847160915,4.59662474662069,,,5893,5939
planning,1,0,15247.0202177033,15271.3902097608,24.3699920574927,85.808536914676,85.7857537450931,-0.0227831695829366,,,0.915183371385511,5939,5949
dwelling,9.79999999999998,0,15271.3902097608,15486.1848023122,214.794592551367,85.7857537450931,85.5851446665919,-0.200609078501145,,9.77777774003808,,5949,6047
planning,0.4,0,15486.1848023122,15496.5696712123,10.3848689001334,85.5851446665919,85.5754272296783,-0.00971743691361837,,,0.386425125585885,6047,6051
traveling,5.3,12.369316876853,15496.5696712123,15669.7691817919,173.199510579625,85.5754272296783,85.4128220308069,-0.162605198871418,5.22163501712261,,,6051,6104
planning,0.2,0,15669.7691817919,15674.7393612613,4.9701794693392,85.4128220308069,85.4081729072365,-0.00464912357034564,,,0.175784176240712,6104,6106
dwelling,13.6,0,15674.7393612613,15968.4934734564,293.754112195182,85.4081729072365,85.1337552017299,-0.274417705506679,,13.5666666221291,,6106,6242
planning,0.3,0,15968.4934734564,15976.4352992664,7.94182580997949,85.1337552017299,85.1263191278452,-0.00743607388461953,,,0.269105436822169,6242,6245
traveling,4.5,8.94427190999916,15976.4352992664,16120.4062992541,143.970999987669,85.1263191278452,84.9911473463613,-0.135171781483905,4.4084326679057,,,6245,6290
planning,1,0,16120.4062992541,16144.7990580383,24.3927587842609,84.9911473463613,84.9683262037258,-0.0228211426355216,,,0.939294817983232,6290,6300
dwelling,11.9,0,16144.7990580383,16407.3213202897,262.52226225131,84.9683262037258,84.722944671121,-0.245381532604796,,11.8181817955968,,6300,6419
planning,0.7,0,16407.3213202897,16425.0440814378,17.7227611481503,84.722944671121,84.7063529744264,-0.0165916966946611,,,0.630537805725776,6419,6426
traveling,4.5,9.21954445729289,16425.0440814378,16567.4007920649,142.356710627086,84.7063529744264,84.5726744222388,-0.133678552187575,4.47565372575982,,,6426,6471
planning,0.5,0,16567.4007920649,16581.2604646487,13.8596725837815,84.5726744222388,84.5596835228528,-0.0129908993860113,,,0.400553027793356,6471,6476
dwelling,10.2,0,16581.2604646487,16844.4001593823,263.139694733632,84.5596835228528,84.3132168804064,-0.24646664244635,,10.1444443747746,,6476,6578
planning,0.7,0,16844.4001593823,16866.8049452664,22.4047858841113,84.3132168804064,84.2921707065095,-0.0210461738969627,,,0.631597845732249,6578,6585
traveling,4.9,11.1803398874989,16866.8049452664,17055.9999592463,189.19501397985,84.2921707065095,84.1138697033724,-0.178301003137051,4.95401960123378,,,6585,6634
planning,0.1,0,17055.9999592463,17059.0448408815,3.04488163519272,84.1138697033724,84.1110109874978,-0.00285871587456654,,,0.0879977834854772,6634,6635
dwelling,12.7,0,17059.0448408815,17410.1274660463,351.08262516481,84.1110109874978,83.7817553708473,-0.329255616650585,,12.6999999401147,,6635,6762
planning,0.4,0,17410.1274660463,17422.2153595648,12.0878935184774,83.7817553708473,83.7704042132394,-0.0113511576078906,,,0.313557212444858,6762,6766
traveling,4,7.61577310586391,17422.2153595648,17570.05200275,147.836643185248,83.7704042132394,83.6311300732382,-0.139274140001177,3.9086371880112,,,6766,6806
planning,0.4,0,17570.05200275,17582.3363958507,12.2843931006537,83.6311300732382,83.6195902306581,-0.0115398425800493,,,0.349155837053421,6806,6810
dwelling,15.7,0,17582.3363958507,17997.3977065901,415.061310739402,83.6195902306581,83.2303581282256,-0.389232102432572,,15.6235293009572,,6810,6967
planning,1,0,17997.3977065901,18025.1739688345,27.776262244417,83.2303581282256,83.2042901509468,-0.0260679772788137,,,0.94823327023158,6967,6977
traveling,4.6,9.8488578017961,18025.1739688345,18168.4397790131,143.265810178626,83.2042901509468,83.06960556792,-0.134684583026768,4.59662474587396,,,6977,7023
planning,0.3,0,18168.4397790131,18175.3211674929,6.88138847975642,83.06960556792,83.0631605681962,-0.0064449997237972,,,0.264176883714608,7023,7026
dwelling,10.5,0,18175.3211674929,18397.9552079265,222.634040433615,83.0631605681962,82.8547850339242,-0.208375534272037,,10.4444443551328,,7026,7131
planning,0.6,0,18397.9552079265,18411.9539488069,13.99874088043,82.8547850339242,82.8416690565116,-0.0131159774125393,,,0.531392655810257,7131,7137
traveling,5.3,12.369316876853,18411.9539488069,18585.4572374666,173.503288659693,82.8416690565116,82.6783527208997,-0.163316335611967,5.22163502435577,,,7137,7190
planning,0.5,0,18585.4572374666,18598.3658254209,12.9085879543018,82.6783527208997,82.6662425880699,-0.0121101328297613,,,0.45318034941536,7190,7195
dwelling,13.6,0,18598.3658254209,18936.4906940914,338.124868670537,82.6662425880699,82.3491149080557,-0.317127680014153,,13.5333332955909,,7195,7331
planning,0.1,0,18936.4906940914,18939.3415376625,2.85084357109372,82.3491149080557,82.3464363376768,-0.00267857037897556,,,0.0530532962655352,7331,7332
traveling,4.5,8.94427190999916,18939.3415376625,19085.5420014148,146.200463752259,82.3464363376768,82.2087978184673,-0.137638519209503,4.40843265136526,,,7332,7377
planning,0.1,0,19085.5420014148,19088.1740266593,2.6320252444857,82.2087978184673,82.2063269651591,-0.00247085330812524,,,0.0771231413614465,7377,7378
dwelling,12.8,0,19088.1740266593,19417.3249046194,329.150877960132,82.2063269651591,81.8973617599378,-0.308965205221384,,12.7999999726537,,7378,7506
planning,0.3,0,19417.3249046194,19425.9534535167,8.62854889734444,81.8973617599378,81.8892501988313,-0.0081115611064746,,,0.254467003339427,7506,7509
traveling,4.5,9.21954445729289,19425.9534535167,19578.3584985338,152.405045017091,81.8892501988313,81.7456096106564,-0.143640588174861,4.47565372612608,,,7509,7554
planning,0.9,0,19578.3584985338,19602.1330827194,23.7745841855976,81.7456096106564,81.7232798684405,-0.0223297422159163,,,0.825613389955103,7554,7563
dwelling,9.89999999999998,0,19602.1330827194,19827.6383672739,225.505284554507,81.7232798684405,81.5118011437658,-0.211478724674748,,9.81111101685656,,7563,7662
planning,1,0,19827.6383672739,19852.6797171224,25.0413498484886,81.5118011437658,81.4882908250238,-0.0235103187419412,,,0.979452443227594,7662,7672
traveling,4.9,11.1803398874989,19852.6797171224,19985.4259730539,132.746255931517,81.4882908250238,81.3635214595077,-0.12476936551613,4.9540196012366,,,7672,7721
planning,0.7,0,19985.4259730539,19999.4073808309,13.9814077770025,81.3635214595077,81.3504229526808,-0.0130985068268785,,,0.631723026204152,7721,7728
dwelling,12.1,0,19999.4073808309,20224.5542662924,225.146885461421,81.3504229526808,81.1395940684691,-0.210828884211665,,12.0999998997985,,7728,7849
planning,0.3,0,20224.5542662924,20231.8833446262,7.3290783338598,81.1395940684691,81.132712638695,-0.00688142977409711,,,0.275887240118291,7849,7852
traveling,4,7.61577310586391,20231.8833446262,20352.1557589154,120.272414289135,81.132712638695,81.0194779095725,-0.113234729122524,3.90863718812554,,,7852,7892
planning,0.8,0,20352.1557589154,20372.1873468646,20.0315879492337,81.0194779095725,81.0006623588963,-0.0188155506762229,,,0.741120720185646,7892,7900
dwelling,15.3,0,20372.1873468646,20745.7852153278,373.597868463181,81.0006623588963,80.6497735446529,-0.350888814243405,,15.2588235098146,,7900,8053
planning,0.4,0,20745.7852153278,20756.7309687077,10.9457533799105,80.6497735446529,80.6394777684062,-0.0102957762466644,,,0.348234869129444,8053,8057
traveling,4.6,9.8488578017961,20756.7309687077,20912.2397060862,155.508737378525,80.6394777684062,80.4927372027932,-0.146740565613015,4.59662474437677,,,8057,8103
planning,0.9,0,20912.2397060862,20935.1876806771,22.9479745908757,80.4927372027932,80.4711668018463,-0.0215704009469562,,,0.890835725269877,8103,8112
dwelling,9.79999999999998,0,20935.1876806771,21168.7591370807,233.571456403592,80.4711668018463,80.251754350619,-0.219412451227242,,9.777777725454,,8112,8210
planning,0.8,0,21168.7591370807,21189.6758709619,20.9167338812586,80.251754350619,80.2320827253614,-0.0196716252576152,,,0.70253876703159,8210,8218
traveling,5.3,12.369316876853,21189.6758709619,21347.8965153643,158.220644402376,80.2320827253614,80.0830018496647,-0.149080875696711,5.22163501984208,,,8218,8271
planning,0.6,0,21347.8965153643,21363.4657292454,15.5692138810409,80.0830018496647,80.0683584473881,-0.0146434022766186,,,0.539093422567781,8271,8277
dwelling,13.3,0,21363.4657292454,21661.1679470568,297.702217811482,80.0683584473881,79.7887639544934,-0.279594492894674,,13.266666569004,,8277,8410
planning,1,0,21661.1679470568,21690.0056835372,28.8377364803637,79.7887639544934,79.7615971890683,-0.0271667654250649,,,0.960215040504518,8410,8420
traveling,4.5,8.94427190999916,21690.0056835372,21850.2606379372,160.254954399988,79.7615971890683,79.6101234840686,-0.151473704999745,4.40843266975653,,,8420,8465
planning,0.7,0,21850.2606379372,21868.6696216673,18.4089837300889,79.6101234840686,79.5927983152165,-0.0173251688521248,,,0.657614576746386,8465,8472
dwelling,12.3,0,21868.6696216673,22124.0936345336,255.424012866279,79.5927983152165,79.3529767543163,-0.239821560900154,,12.2681817608858,,8472,8595
planning,0.3,0,22124.0936345336,22131.1201268728,7.02649233923876,79.3529767543163,79.3463709414599,-0.00660581285637818,,,0.274259254551528,8595,8598
traveling,4.5,9.21954445729289,22131.1201268728,22265.7327490473,134.612622174463,79.3463709414599,79.2194115331287,-0.12695940833126,4.47565372625543,,,8598,8643
planning,0.5,0,22265.7327490473,22277.8943906739,12.1616416266661,79.2194115331287,79.2079718003532,-0.0114397327754432,,,0.4752796544403,8643,8648
dwelling,10.3,0,22277.8943906739,22519.9315468798,242.037156205832,79.2079718003532,78.9803570099063,-0.227614790446907,,10.2333332654458,,8648,8751
planning,0.4,0,22519.9315468798,22529.555983112,9.62443623223226,78.9803570099063,78.9713027560735,-0.00905425383277247,,,0.300364294320995,8751,8755
traveling,4.9,11.1803398874989,22529.555983112,22681.435580985,151.87959787303,78.9713027560735,78.8279304646345,-0.14337229143905,4.95401960028203,,,8755,8804
planning,0.2,0,22681.435580985,22686.422028753,4.9864477680203,78.8279304646345,78.8232369029418,-0.00469356169273283,,,0.186721607647605,8804,8806
dwelling,12.5,0,22686.422028753,22967.8406888767,281.418660123622,78.8232369029418,78.5586000157977,-0.26463688714405,,12.4333332347236,,8806,8931
planning,0.2,0,22967.8406888767,22972.6410470966,4.80035821991987,78.5586000157977,78.554082302616,-0.0045177131817411,,,0.170284912097863,8931,8933
traveling,4,7.61577310586391,22972.6410470966,23092.8431719186,120.202124821997,78.554082302616,78.4406254650509,-0.11345683756511,3.90863718823724,,,8933,8973
planning,0.2,0,23092.8431719186,23097.9649680163,5.12179609772284,78.4406254650509,78.4358011500009,-0.00482431504997294,,,0.106763463152475,8973,8975
dwelling,15.9,0,23097.9649680163,23439.4467217557,341.481753739419,78.4358011500009,78.1146959188285,-0.321105231172339,,15.8764705635358,,8975,9134
planning,0.3,0,23439.4467217557,23447.5439569785,8.09723522272907,78.1146959188285,78.1070616389431,-0.00763427988540855,,,0.236624009901946,9134,9137
traveling,4.6,9.8488578017961,23447.5439569785,23606.1338568578,158.589899879378,78.1070616389431,77.9569886456928,-0.150072993250362,4.596623753161,,,9137,9183
planning,0.1,0,23606.1338568578,23609.0536575043,2.9198006465158,77.9569886456928,77.9542325802472,-0.00275606544562379,,,0.038094712362021,9183,9184
dwelling,10.6,0,23609.0536575043,23843.2645036598,234.210846155431,77.9542325802472,77.7338386691977,-0.220393911049456,,10.5666665947328,,9184,9290
planning,0.5,0,23843.2645036598,23854.865445941,11.6009422812022,77.7338386691977,77.7229156112172,-0.0109230579804773,,,0.430514941679981,9290,9295
traveling,5.3,12.369316876853,23854.865445941,24022.3789460168,167.51350007586,77.7229156112172,77.5645315629679,-0.158384048249275,5.22163501621511,,,9295,9348
planning,0.6,0,24022.3789460168,24038.0406983428,15.6617523259483,77.5645315629679,77.5497629621925,-0.014768600775426,,,0.551240369223221,9348,9354
dwelling,13.2,0,24038.0406983428,24343.7137104437,305.673012100891,77.5497629621925,77.2618611996926,-0.287901762499914,,13.1333332353245,,9354,9486
planning,0.7,0,24343.7137104437,24361.063079708,17.3493692643024,77.2618611996926,77.2455059974456,-0.0163552022470128,,,0.674774658462835,9486,9493
traveling,4.5,8.94427190999916,24361.063079708,24500.3141228865,139.251043178541,77.2455059974456,77.1138302052724,-0.131675792173198,4.40843266648282,,,9493,9538
planning,0.1,0,24500.3141228865,24502.8993595003,2.58523661374784,77.1138302052724,77.1113915742828,-0.0024386309895732,,,0.0963674033790616,9538,9539
dwelling,12.7,0,24502.8993595003,24778.1584772937,275.259117793481,77.1113915742828,76.8521958770027,-0.259195697280148,,12.6499999764796,,9539,9666
planning,0.8,0,24778.1584772937,24798.99998942,20.8415121262587,76.8521958770027,76.8325289861039,-0.0196668908988187,,,0.782160309852341,9666,9674
traveling,4.5,9.21954445729289,24798.99998942,24945.3287763558,146.32878693577,76.8325289861039,76.6940005255597,-0.138528460544151,4.47565372579881,,,9674,9719
planning,0.9,0,24945.3287763558,24970.0493559605,24.7205796047238,76.6940005255597,76.6706542337651,-0.0233462917945957,,,0.822214721274206,9719,9728
dwelling,9.79999999999998,0,24970.0493559605,25187.8747987372,217.825442776684,76.6706542337651,76.4653866640067,-0.205267569758391,,9.75555548076432,,9728,9826
planning,0.1,0,25187.8747987372,25189.8063417535,1.93154301632967,76.4653866640067,76.463568854622,-0.00181780938471832,,,0.00519975268819384,9826,9827
traveling,4.9,11.1803398874989,25189.8063417535,25303.6154608729,113.809119119349,76.463568854622,76.3562516115998,-0.107317243022166,4.9540196000583,,,9827,9876
planning,0.9,0,25303.6154608729,25321.1717554054,17.5562945325328,76.3562516115998,76.3397255947637,-0.0165260168361385,,,0.847283237811725,9876,9885
dwelling,11.7,0,25321.1717554054,25563.6377180333,242.465962627892,76.3397255947637,76.1113236359624,-0.228401958801271,,11.699999955773,,9885,10002
planning,0.3,0,25563.6377180333,25571.2526395543,7.61492152104256,76.1113236359624,76.1041346281453,-0.00718900781716059,,,0.235741782165886,10002,10005
traveling,4,7.61577310586391,25571.2526395543,25690.9568100188,119.704170464469,76.1041346281453,75.9908780440336,-0.113256584111667,3.90863718760794,,,10005,10045
planning,0.2,0,25690.9568100188,25695.8999023831,4.94309236433401,75.9908780440336,75.9862122759192,-0.0046657681144211,,,0.137980948562616,10045,10047
dwelling,15.8,0,25695.8999023831,26041.2119581182,345.312055735059,75.9862122759192,75.6606389396889,-0.325573336230264,,15.7352940805182,,10047,10205
planning,0.3,0,26041.2119581182,26048.3749593626,7.16300124442569,75.6606389396889,75.6538780629744,-0.00676087671452308,,,0.232362213240531,10205,10208
traveling,4.6,9.8488578017961,26048.3749593626,26183.7342931503,135.359333787692,75.6538780629744,75.5257659894395,-0.128112073534865,4.59662474262357,,,10208,10254
planning,0.5,0,26183.7342931503,26196.4490180819,12.7147249315713,75.5257659894395,75.5137548038891,-0.0120111855503922,,,0.450784732346224,10254,10259
dwelling,10.1,0,26196.4490180819,26435.9797781232,239.530760041322,75.5137548038891,75.2876225094265,-0.226132294462658,,10.099999970087,,10259,10360
planning,1,0,26435.9797781232,26462.9150679819,26.9352898586985,75.2876225094265,75.2621534052351,-0.0254691041913588,,,0.911687521492049,10360,10370
traveling,5.3,12.369316876853,26462.9150679819,26651.7647223277,188.84965434577,75.2621534052351,75.0828033297063,-0.179350075528859,5.22163501893618,,,10370,10423
planning,0.6,0,26651.7647223277,26669.7059855396,17.941263211942,75.0828033297063,75.0658119132772,-0.0169914164290645,,,0.554935445060815,10423,10429
dwelling,13.3,0,26669.7059855396,27001.1271337687,331.421148229085,75.0658119132772,74.7525884857475,-0.313223427529721,,13.233333254587,,10429,10562
planning,0.8,0,27001.1271337687,27024.711995206,23.5848614372517,74.7525884857475,74.7302488290111,-0.0223396567364063,,,0.798457187705974,10562,10570
traveling,4.5,8.94427190999916,27024.711995206,27187.6341499547,162.922154748729,74.7302488290111,74.5754153764142,-0.154833452596819,4.40843266672337,,,10570,10615
planning,0.5,0,27187.6341499547,27202.5723449675,14.9381950128518,74.5754153764142,74.5612606586008,-0.0141547178134402,,,0.430871871097593,10615,10620
dwelling,12.3,0,27202.5723449675,27524.3285664107,321.756221443215,74.5612606586008,74.2568464372394,-0.304414221361398,,12.2636362794482,,10620,10743
planning,0.8,0,27524.3285664107,27550.0931535923,25.7645871815475,74.2568464372394,74.2323984325301,-0.0244480047092566,,,0.787292455455365,10743,10751
traveling,4.5,9.21954445729289,27550.0931535923,27720.8791948645,170.786041272211,74.2323984325301,74.0698661613801,-0.162532271150056,4.47565372613477,,,10751,10796
planning,0.6,0,27720.8791948645,27738.7868143715,17.9076195070338,74.0698661613801,74.0528888281649,-0.0169773332152374,,,0.550410261442886,10796,10802
dwelling,10.2,0,27738.7868143715,27995.3727084329,256.585894061329,74.0528888281649,73.8101191164473,-0.2427697117176,,10.1111110950139,,10802,10904
planning,0.8,0,27995.3727084329,28017.4385418657,22.0658334328073,73.8101191164473,73.7892155366588,-0.0209035797884098,,,0.73849333981835,10904,10912
traveling,4.9,11.1803398874989,28017.4385418657,28179.2736868748,161.83514500911,73.7892155366588,73.6354721116235,-0.153743425035316,4.95401960161785,,,10912,10961
planning,0.4,0,28179.2736868748,28189.9350590139,10.661372139075,73.6354721116235,73.6253747741303,-0.0100973374932352,,,0.389162759955547,10961,10965
dwelling,12.5,0,28189.9350590139,28500.0739209048,310.138861890944,73.6253747741303,73.3318426682949,-0.293532105835439,,12.4666666121022,,10965,11090
planning,0.4,0,28500.0739209048,28511.3401471392,11.2662262343583,73.3318426682949,73.3211615748151,-0.0106810934797466,,,0.385621089550097,11090,11094
traveling,4,7.61577310586391,28511.3401471392,28645.2169177389,133.87677059976,73.3211615748151,73.1939007106298,-0.127260864185274,3.9086371889811,,,11094,11134
planning,0.5,0,28645.2169177389,28658.3550425936,13.1381248546495,73.1939007106298,73.1814539305265,-0.0124467801033745,,,0.445501945122253,11134,11139
dwelling,15.8,0,28658.3550425936,29025.1718785707,366.816835977093,73.1814539305265,72.8343563131828,-0.347097617343692,,15.752941166224,,11139,11297
planning,0.2,0,29025.1718785707,29030.5398354396,5.36795686888581,72.8343563131828,72.8292675472151,-0.00508876596765617,,,0.185285029077625,11297,11299
traveling,4.6,9.8488578017961,29030.5398354396,29170.333427316,139.793591876416,72.8292675472151,72.6965064145477,-0.132761132667412,4.59662474662031,,,11299,11345
planning,0.6,0,29170.333427316,29186.0689220636,15.735494747667,72.6965064145477,72.6815912428379,-0.0149151717097595,,,0.53206252677393,11345,11351
dwelling,10.2,0,29186.0689220636,29402.7791179394,216.710195875788,72.6815912428379,72.4766187643314,-0.204972478506576,,10.1777777032127,,11351,11453
planning,0.1,0,29402.7791179394,29405.0044109899,2.22529305042917,72.4766187643314,72.4745128453892,-0.00210591894214929,,,0.0626776111037698,11453,11454
traveling,5.3,12.369316876853,29405.0044109899,29555.4379118118,150.43350082199,72.4745128453892,72.3317161875505,-0.142796657838701,5.22163501439797,,,11454,11507
planning,0.6,0,29555.4379118118,29569.4190542141,13.9811424023064,72.3317161875505,72.3184765163584,-0.0132396711920677,,,0.582754540178946,11507,11513
dwelling,13.1,0,29569.4190542141,29864.3385104247,294.919456210508,72.3184765163584,72.0392517521984,-0.279224764160034,,13.0666666493982,,11513,11644
planning,0.4,0,29864.3385104247,29874.8245465808,10.4860361561077,72.0392517521984,72.0293053187444,-0.00994643345400448,,,0.317897342242131,11644,11648
traveling,4.5,8.94427190999916,29874.8245465808,30018.3347479342,143.510201353452,72.0293053187444,71.8927902610406,-0.136515057703846,4.40843266703923,,,11648,11693
planning,0.5,0,30018.3347479342,30032.6738053899,14.3390574556579,71.8927902610406,71.8791713376984,-0.0136189233421931,,,0.445577205317397,11693,11698
dwelling,12.3,0,30032.6738053899,30337.6366609249,304.962855535054,71.8791713376984,71.5899943552256,-0.289176982472767,,12.2772726781219,,11698,11821
planning,0.9,0,30337.6366609249,30363.5813135912,25.9446526662832,71.5899943552256,71.5653427468579,-0.0246516083676624,,,0.895298661219211,11821,11830
traveling,4.5,9.21954445729289,30363.5813135912,30509.1276267145,145.546313123279,71.5653427468579,71.4268002885367,-0.138542458321282,4.47565372574686,,,11830,11875
planning,0.3,0,30509.1276267145,30516.988693718,7.86106700353048,71.4268002885367,71.4193388104927,-0.007461478043993,,,0.256706364981147,11875,11878
dwelling,10.4,0,30516.988693718,30768.743271836,251.754578118009,71.4193388104927,71.1805674220883,-0.238771388404402,,10.3444443579647,,11878,11982
planning,1,0,30768.743271836,30796.002858847,27.2595870110126,71.1805674220883,71.1546734970965,-0.0258939249917489,,,0.937108717543138,11982,11992
traveling,4.9,11.1803398874989,30796.002858847,30950.0184211439,154.015562296907,71.1546734970965,71.0080634144567,-0.146610082639768,4.95401960201898,,,11992,12041
planning,0.9,0,30950.0184211439,30971.2844782185,21.2660570745247,71.0080634144567,70.9878928456007,-0.0201705688560452,,,0.883247488601277,12041,12050
dwelling,12.1,0,30971.2844782185,31239.4642293822,268.179751163698,70.9878928456007,70.7336532385758,-0.254239607024914,,12.0333333302431,,12050,12171
planning,0.7,0,31239.4642293822,31258.1391357727,18.6749063905736,70.7336532385758,70.715909998197,-0.017743240378806,,,0.684497568767965,12171,12178
traveling,4,7.61577310586391,31258.1391357727,31385.9077949066,127.768659133821,70.715909998197,70.5941925790751,-0.121717419121921,3.90863718847109,,,12178,12218
planning,0.6,0,31385.9077949066,31401.4580439385,15.5502490319341,70.5941925790751,70.5794210861638,-0.0147714929112794,,,0.569345862519022,12218,12224
dwelling,15.6,0,31401.4580439385,31723.1465432845,321.688499346012,70.5794210861638,70.2744882888009,-0.304932797362895,,15.529411751805,,12224,12380
planning,0.5,0,31723.1465432845,31732.8439300085,9.69738672399399,70.2744882888009,70.2653009753719,-0.0091873134290239,,,0.418430425508377,12380,12385
traveling,4.6,9.8488578017961,31732.8439300085,31848.7616103452,115.91768033673,70.2653009753719,70.155167314644,-0.110133660727811,4.5966247471177,,,12385,12431
planning,0.6,0,31848.7616103452,31861.0275211635,12.2659108182743,70.155167314644,70.1435394347929,-0.0116278798511473,,,0.513762208741407,12431,12437
dwelling,10.2,0,31861.0275211635,32059.1649150145,198.137393850942,70.1435394347929,69.9557721064881,-0.187767328304801,,10.199999952633,,12437,12539
planning,0.3,0,32059.1649150145,32065.8347053446,6.66979033019379,69.9557721064881,69.9494426572984,-0.00632944918967837,,,0.253487414497972,12539,12542
traveling,5.3,12.369316876853,32065.8347053446,32220.6840501958,154.849344851125,69.9494426572984,69.8019787946474,-0.147463862651065,5.22163501802959,,,12542,12595
planning,0.3,0,32220.6840501958,32227.9906095288,7.30655933299931,69.8019787946474,69.7950370734035,-0.00694172124386228,,,0.293531947437763,12595,12598
dwelling,13.5,0,32227.9906095288,32508.4955140111,280.504904482332,69.7950370734035,69.5289335723361,-0.266103501067349,,13.4999999430557,,12598,12733
planning,0.4,0,32508.4955140111,32517.8005944044,9.3050803933038,69.5289335723361,69.5200948764632,-0.00883869587293873,,,0.337157331321593,12733,12737
traveling,4.5,8.94427190999916,32517.8005944044,32659.4279720117,141.627377607245,69.5200948764632,69.3850174063651,-0.135077470098082,4.4084326698224,,,12737,12782
planning,0.2,0,32659.4279720117,32664.9131359292,5.48516391755038,69.3850174063651,69.3797962710286,-0.00522113533652657,,,0.15575683623728,12782,12784
dwelling,12.8,0,32664.9131359292,32963.2293567282,298.316220799003,69.3797962710286,69.0963295017543,-0.283466769274312,,12.7136362727263,,12784,12912
planning,0.2,0,32963.2293567282,32968.2248529873,4.99549625910731,69.0963295017543,69.0915783262211,-0.0047511755331584,,,0.15981430342072,12912,12914
traveling,4.5,9.21954445729289,32968.2248529873,33106.5347349897,138.309882002417,69.0915783262211,68.959650286089,-0.131928040132081,4.47565372599428,,,12914,12959
planning,0.6,0,33106.5347349897,33121.7341311901,15.1993962003835,68.959650286089,68.9451894976143,-0.0144607884747927,,,0.540297102077413,12959,12965
dwelling,10.1,0,33121.7341311901,33358.3956127457,236.661481555588,68.9451894976143,68.7201970333943,-0.224992464219937,,10.0888888238468,,12965,13066
planning,0.6,0,33358.3956127457,33374.0123445141,15.6167317683939,68.7201970333943,68.7053304141815,-0.0148666192128246,,,0.583175396539418,13066,13072
traveling,4.9,11.1803398874989,33374.0123445141,33528.7318490123,154.719504498171,68.7053304141815,68.5576236035112,-0.147706810670329,4.95401960024587,,,13072,13121
planning,0.7,0,33528.7318490123,33546.278756176,17.5469071636908,68.5576236035112,68.5409239294885,-0.0166996740226182,,,0.611496246039458,13121,13128
dwelling,12,0,33546.278756176,33809.9325137417,263.65375756572,68.5409239294885,68.2903178007608,-0.250606128727725,,11.9333332827961,,13128,13248
planning,0.2,0,33809.9325137417,33814.6683036567,4.73578991498653,68.2903178007608,68.2858122373932,-0.00450556336760144,,,0.199935156000676,13248,13250
traveling,4,7.61577310586391,33814.6683036567,33939.4615698808,124.7932662241,68.2858122373932,68.166646382751,-0.119165854642205,3.90863718737981,,,13250,13290
planning,0.9,0,33939.4615698808,33964.9427746815,25.4812048007298,68.166646382751,68.1423479213531,-0.0242984613978905,,,0.893044738728316,13290,13299
dwelling,15,0,33964.9427746815,34328.1753025712,363.232527889697,68.1423479213531,67.7965594708389,-0.345788450514235,,14.9823528192321,,13299,13449
planning,1,0,34328.1753025712,34353.61379717,25.438494598835,67.7965594708389,67.772323951872,-0.0242355189668473,,,0.970893553461846,13449,13459
traveling,4.6,9.8488578017961,34353.61379717,34486.0472244185,132.433427248434,67.772323951872,67.6459335273771,-0.126390424494929,4.5966237531554,,,13459,13505
planning,0.8,0,34486.0472244185,34506.8979175501,20.8506931316806,67.6459335273771,67.6260595530115,-0.0198739743655665,,,0.783414433981222,13505,13513
dwelling,9.89999999999998,0,34506.8979175501,34728.7409196855,221.843002135385,67.6260595530115,67.4149359754682,-0.211123577543333,,9.84444440839742,,13513,13612
planning,0.4,0,34728.7409196855,34738.6279899137,9.88707022817107,67.4149359754682,67.4055155994178,-0.00942037605045698,,,0.399791117498686,13612,13616
traveling,5.3,12.369316876853,34738.6279899137,34892.4981909149,153.87020100122,67.4055155994178,67.2585829563093,-0.146932643108499,5.22163501984127,,,13616,13669
planning,1,0,34892.4981909149,34914.8035110773,22.3053201623698,67.2585829563093,67.2373503470714,-0.0212326092378134,,,0.97610514948944,13669,13679
dwelling,12.9,0,34914.8035110773,35217.464478332,302.660967254677,67.2373503470714,66.9490332988797,-0.288317048191772,,12.8666666115437,,13679,13808
planning,0.5,0,35217.464478332,35231.0722689388,13.6077906068895,66.9490332988797,66.9360457160517,-0.0129875828279467,,,0.438132961587336,13808,13813
traveling,4.5,8.94427190999916,35231.0722689388,35374.6842399368,143.61197099799,66.9360457160517,66.7986478189285,-0.137397897123208,4.40843266757352,,,13813,13858
planning,1,0,35374.6842399368,35400.3037159597,25.6194760228973,66.7986478189285,66.7742097968375,-0.0244380220910045,,,0.968546252804841,13858,13868
dwelling,11.9,0,35400.3037159597,35671.2257282856,270.922012325878,66.7742097968375,66.5160807488599,-0.258129047977619,,11.8045453470712,,13868,13987
planning,0.1,0,35671.2257282856,35673.8694833883,2.64375510272657,66.5160807488599,66.5135571615592,-0.00252358730068636,,,0.00364931420698722,13987,13988
traveling,4.5,9.21954445729289,35673.8694833883,35814.3740812864,140.50459789802,66.5135571615592,66.3791097957825,-0.134447365776666,4.47565372561933,,,13988,14033
planning,0.2,0,35814.3740812864,35819.2681626977,4.89408141129388,66.3791097957825,66.3744416851307,-0.00466811065186334,,,0.146386790639804,14033,14035
dwelling,10.5,0,35819.2681626977,36050.4875112197,231.219348522092,66.3744416851307,66.1541108677984,-0.220330817332282,,10.4222221523089,,14035,14140
planning,0.4,0,36050.4875112197,36061.4923900921,11.0048788723288,66.1541108677984,66.1435964317019,-0.0105144360965141,,,0.319590702464367,14140,14144
traveling,4.9,11.1803398874989,36061.4923900921,36213.9036447294,152.411254637365,66.1435964317019,65.99769873149,-0.145897700211876,4.95401959947598,,,14144,14193
planning,0.3,0,36213.9036447294,36221.1745116854,7.27086695595062,65.99769873149,65.990761287461,-0.00693744402897778,,,0.248075136590633,14193,14196
dwelling,12.2,0,36221.1745116854,36497.4335904422,276.259078756855,65.990761287461,65.7273226925164,-0.263438594944674,,12.1999999897146,,14196,14318
planning,1,0,36497.4335904422,36521.9877149491,24.5541245068598,65.7273226925164,65.7038834278581,-0.0234392646582933,,,0.942154800283727,14318,14328
traveling,4,7.61577310586391,36521.9877149491,36640.8136006116,118.82588566254,65.7038834278581,65.5901603844511,-0.113723043406992,3.90863718771368,,,14328,14368
planning,0.8,0,36640.8136006116,36661.2989396687,20.4853390570279,65.5901603844511,65.5705924494428,-0.0195679350082685,,,0.737406270014979,14368,14376
dwelling,15.2,0,36661.2989396687,37014.858297722,353.559358053331,65.5705924494428,65.2331614264209,-0.337431023021921,,15.1529411016331,,14376,14528
planning,0.7,0,37014.858297722,37033.3199298963,18.4616321742506,65.2331614264209,65.2155128678601,-0.0176485585608219,,,0.683294950486992,14528,14535
traveling,4.6,9.8488578017961,37033.3199298963,37183.263863006,149.943933109775,65.2155128678601,65.0717192923897,-0.143793575470355,4.59662375316025,,,14535,14581
planning,0.1,0,37183.263863006,37185.98138392,2.71752091397502,65.0717192923897,65.0691200095413,-0.00259928284840782,,,0.015921006969121,14581,14582
dwelling,10.6,0,37185.98138392,37444.7367186597,258.755334739697,65.0691200095413,64.8219036449916,-0.247216364549729,,10.5666665749387,,14582,14688
planning,0.8,0,37444.7367186597,37468.7472174415,24.0104987817467,64.8219036449916,64.7988999892926,-0.023003655698929,,,0.737515953341462,14688,14696
traveling,5.3,12.369316876853,37468.7472174415,37661.2130688911,192.465851449655,64.7988999892926,64.6138972637301,-0.185002725562555,5.22163502164869,,,14696,14749
planning,0.3,0,37661.2130688911,37670.0069656699,8.79389677877043,64.6138972637301,64.6054729148241,-0.00842434890596166,,,0.29768431914812,14749,14752
dwelling,13.7,0,37670.0069656699,38001.5371711495,331.530205479583,64.6054729148241,64.2885579329346,-0.316914981889553,,13.6333332680674,,14752,14889
planning,0.8,0,38001.5371711495,38022.4712042029,20.9340330534033,64.2885579329346,64.2685253061065,-0.0200326268280833,,,0.761128731074378,14889,14897
traveling,4.5,8.94427190999916,38022.4712042029,38172.8692785818,150.398074378929,64.2685253061065,64.1240584783216,-0.144466827784896,4.40843266994731,,,14897,14942
planning,0.7,0,38172.8692785818,38192.0628664588,19.1935878770164,64.1240584783216,64.1056770417837,-0.0183814365378367,,,0.619126104956221,14942,14949
dwelling,12.3,0,38192.0628664588,38467.401520324,275.338653865161,64.1056770417837,63.8425647792214,-0.263112262562338,,12.2409090864125,,14949,15072
planning,0.1,0,38467.401520324,38470.0159649862,2.6144446622784,63.8425647792214,63.8400616492099,-0.00250313001149038,,,0.096223743239642,15072,15073
traveling,4.5,9.21954445729289,38470.0159649862,38618.5153192416,148.499354255306,63.8400616492099,63.697385256159,-0.142676393050884,4.47565372647161,,,15073,15118
planning,0.1,0,38618.5153192416,38621.4548741917,2.93955495019327,63.697385256159,63.6945660488212,-0.00281920733780083,,,0.086893599170569,15118,15119
dwelling,10.7,0,38621.4548741917,38889.6025831763,268.147708984521,63.6945660488212,63.4378760080848,-0.256690040736423,,10.6666666314038,,15119,15226
planning,0.9,0,38889.6025831763,38914.9724778817,25.36989470548,63.4378760080848,63.4135506983267,-0.0243253097581047,,,0.807784303973798,15226,15235
traveling,4.9,11.1803398874989,38914.9724778817,39075.998000694,161.025522812211,63.4135506983267,63.2587762586603,-0.154774439666419,4.9540196008716,,,15235,15284
planning,1,0,39075.998000694,39102.0545055949,26.0565049009529,63.2587762586603,63.2338123260274,-0.0249639326328435,,,0.933404432171612,15284,15294
dwelling,11.8,0,39102.0545055949,39369.2318917493,267.177386154428,63.2338123260274,62.9781932833333,-0.2556190426941,,11.7333332288242,,15294,15412
planning,0.8,0,39369.2318917493,39392.0630959569,22.8312042075631,62.9781932833333,62.9562864046827,-0.0219068786506753,,,0.745831119821889,15412,15420
traveling,4,7.61577310586391,39392.0630959569,39523.063034143,130.999938186076,62.9562864046827,62.8303122122442,-0.125974192438491,3.90863718890522,,,15420,15460
planning,1,0,39523.063034143,39548.6411016082,25.5780674652124,62.8303122122442,62.8057995251076,-0.0245126871366068,,,0.904822621873481,15460,15470
dwelling,15.3,0,39548.6411016082,39916.1113986492,367.470297040985,62.8057995251076,62.4537992858399,-0.352000239267717,,15.2352940245721,,15470,15623
planning,0.7,0,39916.1113986492,39936.0832454493,19.9718468001374,62.4537992858399,62.4346238228529,-0.0191754629869365,,,0.689848990775249,15623,15630
traveling,4.6,9.8488578017961,39936.0832454493,40090.3091868688,154.225941419463,62.4346238228529,62.2861628518879,-0.148460970964983,4.59662474786286,,,15630,15676
planning,0.9,0,40090.3091868688,40115.9506124765,25.6414256077114,62.2861628518879,62.2615393093239,-0.0246235425640151,,,0.827814655909046,15676,15685
dwelling,9.99999999999998,0,40115.9506124765,40341.329838482,225.379226005498,62.2615393093239,62.0456744156102,-0.215864893713736,,9.93333325886145,,15685,15785
planning,0.2,0,40341.329838482,40346.2979872584,4.96814877637371,62.0456744156102,62.0409103740061,-0.00476404160406929,,,0.130764018454947,15785,15787
traveling,5.3,12.369316876853,40346.2979872584,40507.5013739779,161.203386719579,62.0409103740061,61.8858824883696,-0.155027885636557,5.22163502074571,,,15787,15840
planning,0.1,0,40507.5013739779,40509.9608975696,2.45952359163493,61.8858824883696,61.8835238253848,-0.00235866298480403,,,0.0691724959912715,15840,15841
dwelling,13.8,0,40509.9608975696,40823.1498858401,313.188988270522,61.8835238253848,61.5833835702406,-0.300140255144179,,13.7999999738755,,15841,15979
planning,1,0,40823.1498858401,40847.8539325281,24.7040466880062,61.5833835702406,61.5596821746552,-0.0237013955854053,,,0.91450719661372,15979,15989
traveling,4.5,8.94427190999916,40847.8539325281,40987.515734693,139.661802164941,61.5596821746552,61.4252512929833,-0.134430881671868,4.40843267321885,,,15989,16034
planning,0.6,0,40987.515734693,41001.3805390229,13.8648043298963,61.4252512929833,61.411956729782,-0.0132945632012706,,,0.537249375495045,16034,16040
dwelling,12.5,0,41001.3805390229,41276.3863008102,275.005761787215,61.411956729782,61.1483466583101,-0.263610071471916,,12.436363612612,,16040,16165
planning,0.5,0,41276.3863008102,41290.1451266895,13.7588258793403,61.1483466583101,61.1351216821649,-0.0132249761452101,,,0.432529699553085,16165,16170
traveling,4.5,9.21954445729289,41290.1451266895,41431.7058412881,141.560714598592,61.1351216821649,60.9987633191354,-0.136358363029522,4.47565372681703,,,16170,16215
planning,1,0,41431.7058412881,41457.0485055453,25.3426642572522,60.9987633191354,60.9744242314903,-0.0243390876450533,,,0.93608674473452,16215,16225
dwelling,9.89999999999998,0,41457.0485055453,41693.7388129135,236.690307368197,60.9744242314903,60.7472259740073,-0.227198257483074,,9.83333325306408,,16225,16324
planning,1,0,41693.7388129135,41720.9619309649,27.22311805137,60.7472259740073,60.7210495304789,-0.0261764435283709,,,0.999741481894981,16324,16334
traveling,4.9,11.1803398874989,41720.9619309649,41884.5618115164,163.599880551519,60.7210495304789,60.5632265599295,-0.157822970549418,4.95401960220402,,,16334,16383
planning,0.7,0,41884.5618115164,41902.9842375499,18.422426033474,60.5632265599295,60.5455160765923,-0.0177104833371473,,,0.678324097547984,16383,16390
dwelling,12.3,0,41902.9842375499,42171.13443028,268.1501927301,60.5455160765923,60.2882189434846,-0.257297133107699,,12.2666666354061,,16390,16513
planning,0.4,0,42171.13443028,42181.3330893367,10.1986590567103,60.2882189434846,60.2784148863049,-0.00980405717971422,,,0.33812497605856,16513,16517
traveling,4,7.61577310586391,42181.3330893367,42300.791657696,119.458568359274,60.2784148863049,60.163316520283,-0.115098366021904,3.90863718918621,,,16517,16557
planning,0.2,0,42300.791657696,42305.3740081413,4.58235044528556,60.163316520283,60.1589161834999,-0.00440033678312091,,,0.138249347256379,16557,16559
dwelling,16.1,0,42305.3740081413,42622.9433395209,317.569331379666,60.1589161834999,59.8543401356029,-0.304576047896944,,16.070588125443,,16559,16720
planning,0.7,0,42622.9433395209,42639.5281572384,16.584817717463,59.8543401356029,59.8384019012648,-0.0159382343381722,,,0.639751813535189,16720,16727
traveling,4.6,9.8488578017961,42639.5281572384,42778.9952794072,139.467122168811,59.8384019012648,59.7039154107386,-0.1344864905262,4.59662474935015,,,16727,16773
planning,0.1,0,42778.9952794072,42781.5810139477,2.5857345405384,59.7039154107386,59.70142748221,-0.00248792852853086,,,0.0353344386277018,16773,16774
dwelling,10.8,0,42781.5810139477,43043.5279861961,261.94697224837,59.70142748221,59.4495363604404,-0.251891121769674,,10.799999982963,,16774,16882
planning,0.6,0,43043.5279861961,43061.0377812882,17.5097950920826,59.4495363604404,59.4326565248697,-0.0168798355706983,,,0.520005168717714,16882,16888
traveling,5.3,12.369316876853,43061.0377812882,43243.6538243365,182.616043048256,59.4326565248697,59.2561068493844,-0.176549675485219,5.2216350243547,,,16888,16941
planning,0.9,0,43243.6538243365,43268.6164751899,24.9626508534348,59.2561068493844,59.2320528280808,-0.0240540213036411,,,0.896299040018741,16941,16950
dwelling,13.2,0,43268.6164751899,43582.7068654758,314.090390285914,59.2320528280808,58.9298953117578,-0.302157516322985,,13.1333332638059,,16950,17082
planning,0.1,0,43582.7068654758,43585.2737467146,2.56688123876665,58.9298953117578,58.9274233078178,-0.00247200394005631,,,0.0672160335133563,17082,17083
traveling,4.5,8.94427190999916,43585.2737467146,43734.7422097772,149.468463062607,58.9274233078178,58.7829108356716,-0.144512472146118,4.40843267171208,,,17083,17128
planning,0.7,0,43734.7422097772,43752.7479974813,18.0057877041036,58.7829108356716,58.7655666520033,-0.0173441836683921,,,0.603134393984871,17128,17135
dwelling,12.3,0,43752.7479974813,44041.2975441869,288.549546705646,58.7655666520033,58.4878645900053,-0.277702061997978,,12.2954545255827,,17135,17258
planning,0.1,0,44041.2975441869,44043.807306809,2.50976262209588,58.4878645900053,58.4854468756256,-0.00241771437963223,,,0.089368988496222,17258,17259
traveling,4.5,9.21954445729289,44043.807306809,44200.4646688742,156.657362065162,58.4854468756256,58.3337786283308,-0.151668247294886,4.47565372618781,,,17259,17304
planning,0.1,0,44200.4646688742,44203.6724494706,3.20778059639269,58.3337786283308,58.3306775355619,-0.00310109276880866,,,0.0380571887217683,17304,17305
dwelling,10.7,0,44203.6724494706,44479.4082398185,275.735790347913,58.3306775355619,58.0648664346929,-0.265811100869044,,10.6222222022194,,17305,17412
planning,0.5,0,44479.4082398185,44493.1559096741,13.7476698555984,58.0648664346929,58.0516004226856,-0.0132660120073069,,,0.484455011260524,17412,17417
traveling,4.9,11.1803398874989,44493.1559096741,44668.1806072757,175.02469760157,58.0516004226856,57.8819742301039,-0.169626192581646,4.95401960007272,,,17417,17466
planning,1,0,44668.1806072757,44696.2025465556,28.021939279919,57.8819742301039,57.8549205045572,-0.027053725546736,,,0.968117177729526,17466,17476
dwelling,11.6,0,44696.2025465556,44975.7900268719,279.587480316361,57.8549205045572,57.5854439275525,-0.269476577004696,,11.5999999929888,,17476,17592
planning,0.2,0,44975.7900268719,44981.2864650502,5.49643817827746,57.5854439275525,57.5801367921129,-0.00530713543962946,,,0.138216222846519,17592,17594
traveling,4,7.61577310586391,44981.2864650502,45111.8759805932,130.589515543033,57.5801367921129,57.4537106315842,-0.126426160528673,3.90863718753431,,,17594,17634
planning,1,0,45111.8759805932,45137.4625602689,25.5865796756261,57.4537106315842,57.4290230085291,-0.0246876230550939,,,0.929116395952438,17634,17644
dwelling,15,0,45137.4625602689,45493.1091127245,355.646552455612,57.4290230085291,57.0860910647503,-0.342931943778865,,14.9176469970704,,17644,17794
planning,1,0,45493.1091127245,45520.6677749079,27.5586621833791,57.0860910647503,57.0594626310591,-0.0266284336911724,,,0.903276169593322,17794,17804
traveling,4.6,9.8488578017961,45520.6677749079,45689.1344721857,168.4666972778,57.0594626310591,56.8958923254743,-0.163570305584813,4.59662375315354,,,17804,17850
planning,0.1,0,45689.1344721857,45692.2073342065,3.07286202086834,56.8958923254743,56.8929179524591,-0.00297437301520631,,,0.0650151909950577,17850,17851
dwelling,10.6,0,45692.2073342065,45984.5376137918,292.330279585221,56.8929179524591,56.6103278522177,-0.282590100241379,,10.5333332583289,,17851,17957
planning,0.9,0,45984.5376137918,46010.8031915217,26.2655777299224,56.6103278522177,56.5849128757706,-0.0254149764470455,,,0.807417762626995,17957,17966
traveling,5.3,12.369316876853,46010.8031915217,46194.5210569666,183.717865444945,56.5849128757706,56.4066197558492,-0.178293119921435,5.22163502525586,,,17966,18019
planning,0.9,0,46194.5210569666,46219.5532510053,25.0321940386566,56.4066197558492,56.3824075863541,-0.0242121694951507,,,0.848317396259614,18019,18028
dwelling,13.2,0,46219.5532510053,46538.3862949928,318.833043987543,56.3824075863541,56.0744829847982,-0.307924601555833,,13.1666666637984,,18028,18160
planning,0.3,0,46538.3862949928,46546.954926174,8.56863118120964,56.0744829847982,56.0661884378477,-0.00829454695051624,,,0.251460239489192,18160,18163
traveling,4.5,8.94427190999916,46546.954926174,46700.7736811234,153.818754949389,56.0661884378477,55.9168347333111,-0.14935370453658,4.40843266905905,,,18163,18208
planning,0.8,0,46700.7736811234,46721.274756139,20.5010750155925,55.9168347333111,55.8970129817176,-0.0198217515935539,,,0.761385564814099,18208,18216
dwelling,12.1,0,46721.274756139,46979.7887007164,258.513944577411,55.8970129817176,55.6475273520905,-0.249485629627074,,12.0727272232347,,18216,18337
planning,1,0,46979.7887007164,47004.8066609463,25.0179602298304,55.6475273520905,55.6233365001604,-0.0241908519301433,,,0.902512465031183,18337,18347
traveling,4.5,9.21954445729289,47004.8066609463,47144.6408684596,139.834207513377,55.6233365001604,55.4876822423312,-0.135654257829174,4.47565372652791,,,18347,18392
planning,0.6,0,47144.6408684596,47160.6718791633,16.031010703693,55.4876822423312,55.472165272942,-0.0155169693892105,,,0.57515095535041,18392,18398
dwelling,10.2,0,47160.6718791633,47391.5376584319,230.865779268526,55.472165272942,55.249093733031,-0.22307153991094,,10.1777776962487,,18398,18500
planning,1,0,47391.5376584319,47413.6721365167,22.1344780848158,55.249093733031,55.2277088967006,-0.0213848363304407,,,0.933720424336027,18500,18510
traveling,4.9,11.1803398874989,47413.6721365167,47552.9374705224,139.265334005766,55.2277088967006,55.0927199191285,-0.13498897757205,4.95401960261987,,,18510,18559
planning,0.2,0,47552.9374705224,47557.9596243099,5.02215378742403,55.0927199191285,55.0878599547764,-0.00485996435217118,,,0.107864420170275,18559,18561
dwelling,12.9,0,47557.9596243099,47848.2478977625,290.288273452687,55.0878599547764,54.8072390409394,-0.280620913837019,,12.8333332205194,,18561,18690
planning,1,0,47848.2478977625,47876.1139522966,27.8660545340172,54.8072390409394,54.7802259719668,-0.027013068972515,,,0.940098994924032,18690,18700
traveling,4,7.61577310586391,47876.1139522966,48011.5640299376,135.450077641006,54.7802259719668,54.6485088858267,-0.131717086140142,3.90863718970967,,,18700,18740
planning,0.7,0,48011.5640299376,48031.5156135711,19.9515836334976,54.6485088858267,54.629157867981,-0.0193510178456791,,,0.602892141099018,18740,18747
dwelling,15.8,0,48031.5156135711,48439.1434464724,407.627832901337,54.629157867981,54.2341947813884,-0.394963086592625,,15.7294117585359,,18747,18905
planning,0.4,0,48439.1434464724,48449.951683163,10.8082366905583,54.2341947813884,54.2237133543448,-0.0104814270435725,,,0.385731422305787,18905,18909
traveling,4.6,9.8488578017961,48449.951683163,48595.4306720518,145.478988888812,54.2237133543448,54.0822708587289,-0.141442495615927,4.59662475009129,,,18909,18955
planning,0.7,0,48595.4306720518,48612.5934845382,17.1628124864583,54.0822708587289,54.0656434375028,-0.0166274212261257,,,0.661574454260407,18955,18962
dwelling,10.3,0,48612.5934845382,48836.2142333887,223.620748850437,54.0656434375028,53.8492502530353,-0.216393184467428,,10.2333333243011,,18962,19065
planning,0.2,0,48836.2142333887,48840.7382788004,4.52404541169381,53.8492502530353,53.8448699307944,-0.00438032224090534,,,0.180120948706783,19065,19067
traveling,5.3,12.369316876853,48840.7382788004,49002.4293217763,161.691042975908,53.8448699307944,53.6876585159597,-0.157211414834684,5.22163502074578,,,19067,19120
planning,0.8,0,49002.4293217763,49022.6448049956,20.2154832193482,53.6876585159597,53.6680555369169,-0.0196029790428582,,,0.718408508274403,19120,19128
dwelling,13.1,0,49022.6448049956,49331.908113383,309.263308387337,53.6680555369169,53.3683233960411,-0.299732140875825,,13.0999999909031,,19128,19259
planning,0.3,0,49331.908113383,49339.1583415211,7.25022813813121,53.3683233960411,53.3612934253499,-0.00702997069119249,,,0.200956984638476,19259,19262
traveling,4.5,8.94427190999916,49339.1583415211,49467.0956442877,127.937302766652,53.3612934253499,53.2369485879381,-0.124344837411812,4.40843267262026,,,19262,19307
planning,0.9,0,49467.0956442877,49486.6492471403,19.5536028525821,53.2369485879381,53.2180074549119,-0.0189411330261819,,,0.819633998106961,19307,19316
dwelling,12.2,0,49486.6492471403,49740.973715251,254.324468110732,53.2180074549119,52.9717025206284,-0.246304934283451,,12.1227271718254,,19316,19438
planning,1,0,49740.973715251,49765.5470773823,24.573362131232,52.9717025206284,52.9478570191214,-0.0238455015070258,,,0.967622961553212,19438,19448
traveling,4.5,9.21954445729289,49765.5470773823,49896.4571951491,130.910117766805,52.9478570191214,52.8205171367759,-0.127339882345474,4.47565372702596,,,19448,19493
planning,0.7,0,49896.4571951491,49912.9105495357,16.4533543865691,52.8205171367759,52.8045559380433,-0.0159611987326471,,,0.664745143459538,19493,19500
dwelling,10.2,0,49912.9105495357,50122.8715950056,209.96104546995,52.8045559380433,52.6011278244915,-0.203428113551738,,10.1666665732124,,19500,19602
planning,0.5,0,50122.8715950056,50134.6138131699,11.7422181642469,52.6011278244915,52.5897333724598,-0.0113944520317304,,,0.408989079529653,19602,19607
traveling,4.9,11.1803398874989,50134.6138131699,50278.2576545889,143.643841419056,52.5897333724598,52.449913064015,-0.13982030844484,4.95401960219697,,,19607,19656
planning,0.9,0,50278.2576545889,50301.3691337387,23.1114791498112,52.449913064015,52.4274570749729,-0.0224559890420934,,,0.833746600572946,19656,19665
dwelling,12.1,0,50301.3691337387,50561.7823549247,260.413221185998,52.4274570749729,52.1748826305017,-0.252574444471207,,12.0666666157417,,19665,19786
planning,0.7,0,50561.7823549247,50578.2235898336,16.441234908867,52.1748826305017,52.1589182105401,-0.0159644199616196,,,0.643696583943492,19786,19793
traveling,4,7.61577310586391,50578.2235898336,50687.1377445681,108.914154734513,52.1589182105401,52.0529480963352,-0.105970114204851,3.90863718881296,,,19793,19833
planning,0.1,0,50687.1377445681,50689.1850952315,2.04735066336434,52.0529480963352,52.0509626753791,-0.00198542095611032,,,0.0450520527155061,19833,19834
dwelling,16.2,0,50689.1850952315,50998.6039363914,309.418841159946,52.0509626753791,51.7510317166932,-0.299930958685842,,16.1176469320895,,19834,19996
planning,0.4,0,50998.6039363914,51007.2287913681,8.62485497664602,51.7510317166932,51.742659544971,-0.00837217172229288,,,0.396264123011333,19996,20000
traveling,4.6,9.8488578017961,51007.2287913681,51138.6110732763,131.382281908285,51.742659544971,51.6146581364054,-0.128001408565524,4.59662474761455,,,20000,20046
planning,0.7,0,51138.6110732763,51156.1199956105,17.5089223341274,51.6146581364054,51.5976301781135,-0.017027958291969,,,0.676428879428041,20046,20053
dwelling,10.2,0,51156.1199956105,51385.5424211462,229.422425535762,51.5976301781135,51.374738639139,-0.222891538974466,,10.1222221317121,,20053,20155
planning,0.3,0,51385.5424211462,51393.4489652043,7.90654405805253,51.374738639139,51.3670414721454,-0.00769716699361567,,,0.250041103439539,20155,20158
traveling,5.3,12.369316876853,51393.4489652043,51571.9007733256,178.451808121317,51.3670414721454,51.192622527291,-0.17441894485443,5.22163501893551,,,20158,20211
planning,0.2,0,51571.9007733256,51577.1982992344,5.29752590879798,51.192622527291,51.187463580697,-0.0051589465939017,,,0.16036818156349,20211,20213
dwelling,13.7,0,51577.1982992344,51893.6708616588,316.472562424373,51.187463580697,50.8796978227694,-0.307765757927619,,13.6333332601687,,20213,20350
planning,0.8,0,51893.6708616588,51915.8311802777,22.1603186188804,50.8796978227694,50.8580937867596,-0.021604036009812,,,0.717434828723217,20350,20358
traveling,4.5,8.94427190999916,51915.8311802777,52064.4939802708,148.662799993144,50.8580937867596,50.7127374538392,-0.145356332920443,4.40843267000509,,,20358,20403
planning,0.6,0,52064.4939802708,52080.3762987602,15.8823184894063,50.7127374538392,50.697259180746,-0.0154782730931942,,,0.570682755557848,20403,20409
dwelling,12.4,0,52080.3762987602,52347.8028506768,267.426551916578,50.697259180746,50.4371973245719,-0.26006185617409,,12.3545454386514,,20409,20533
planning,0.2,0,52347.8028506768,52352.1725498268,4.3696991499819,50.4371973245719,50.4329465771939,-0.00425074737803044,,,0.194902611918525,20533,20535
traveling,4.5,9.21954445729289,52352.1725498268,52473.0531166561,120.880566829379,50.4329465771939,50.3150420856639,-0.117904491529949,4.4756537263743,,,20535,20580
planning,0.4,0,52473.0531166561,52481.9570648987,8.90394824257237,50.3150420856639,50.3063771119045,-0.0086649737594513,,,0.38755738020246,20580,20584
dwelling,10.4,0,52481.9570648987,52703.8114572262,221.854392327492,50.3063771119045,50.0905306135893,-0.215846498315173,,10.3555554715061,,20584,20688
planning,0.3,0,52703.8114572262,52710.9712000945,7.15974286832352,50.0905306135893,50.0835551504366,-0.00697546315268482,,,0.203375504001371,20688,20691
traveling,4.9,11.1803398874989,52710.9712000945,52863.7507872582,152.779587163706,50.0835551504366,49.934127859602,-0.149427290834574,4.95401959986685,,,20691,20740
planning,0.9,0,52863.7507872582,52884.4677324256,20.7169451673471,49.934127859602,49.9139472222134,-0.0201806373885844,,,0.820915938705516,20740,20749
dwelling,11.7,0,52884.4677324256,53143.9248145377,259.457082112109,49.9139472222134,49.6612226665849,-0.252724555628582,,11.6666665918271,,20749,20866
planning,0.6,0,53143.9248145377,53161.0124502907,17.0876357530287,49.6612226665849,49.644525717794,-0.0166969487908659,,,0.534670971594872,20866,20872
traveling,4,7.61577310586391,53161.0124502907,53303.6136251428,142.601174852069,49.644525717794,49.5046526758006,-0.139873041993425,3.90863718793508,,,20872,20912
planning,1,0,53303.6136251428,53335.0571851526,31.4435600097786,49.5046526758006,49.4738750935388,-0.0307775822617629,,,0.978351542064379,20912,20922
dwelling,15.1,0,53335.0571851526,53738.9008933176,403.843708165012,49.4738750935388,49.0793601096619,-0.394514983876945,,15.0058822520591,,20922,21073
planning,0.7,0,53738.9008933176,53759.7569735889,20.8560802712818,49.0793601096619,49.0589484347674,-0.0204116748944401,,,0.696419718775376,21073,21080
traveling,4.6,9.8488578017961,53759.7569735889,53914.8641756736,155.107202084779,49.0589484347674,48.9068147236711,-0.152133711096361,4.5966247448762,,,21080,21126
planning,1,0,53914.8641756736,53941.5731427182,26.7089670445203,48.9068147236711,48.8807070618753,-0.0261076617957983,,,0.98118042168514,21126,21136
dwelling,9.69999999999998,0,53941.5731427182,54156.6297602504,215.05661753226,48.8807070618753,48.6709150355535,-0.2097920263218,,9.69999997236439,,21136,21233
planning,0.5,0,54156.6297602504,54169.4401748674,12.8104146169644,48.6709150355535,48.6583950046828,-0.0125200308707036,,,0.470379350848343,21233,21238
traveling,5.3,12.369316876853,54169.4401748674,54332.924312795,163.484137927611,48.6583950046828,48.4981599895102,-0.160235015172567,5.22163501984107,,,21238,21291
planning,0.2,0,54332.924312795,54338.0062215958,5.0819088007629,48.4981599895102,48.4931924169704,-0.00496757253976199,,,0.184994071453799,21291,21293
dwelling,13.7,0,54338.0062215958,54648.5023544205,310.496132824723,48.4931924169704,48.1900066838075,-0.303185733162955,,13.6666666183375,,21293,21430
planning,1,0,54648.5023544205,54670.5177858482,22.0154314277315,48.1900066838075,48.1685109312291,-0.021495752578339,,,0.956313285524639,21430,21440
traveling,4.5,8.94427190999916,54670.5177858482,54787.5275618504,117.009776002174,48.1685109312291,48.0540127159218,-0.114498215307371,4.40843266938976,,,21440,21485
planning,0.3,0,54787.5275618504,54794.2614703109,6.73390846054826,48.0540127159218,48.04743498048,-0.00657773544178752,,,0.271129443264868,21485,21488
dwelling,12.6,0,54794.2614703109,55052.0021168199,257.740646508944,48.04743498048,47.795860670374,-0.251574310105973,,12.5863636236919,,21488,21614
planning,0.5,0,55052.0021168199,55063.4021530101,11.4000361902436,47.795860670374,47.7847182095229,-0.0111424608511044,,,0.411051889589033,21614,21619
traveling,4.5,9.21954445729289,55063.4021530101,55189.0263476177,125.624194607532,47.7847182095229,47.6615972425335,-0.123120966989404,4.475653726381,,,21619,21664
planning,0.5,0,55189.0263476177,55200.8271998639,11.8008522462042,47.6615972425335,47.6500558142562,-0.0115414282772761,,,0.468021065785155,21664,21669
dwelling,10.3,0,55200.8271998639,55428.5180971,227.690897236127,47.6500558142562,47.4274853417371,-0.222570472519152,,10.2555555481228,,21669,21772
planning,0.2,0,55428.5180971,55433.8499387514,5.33184165137936,47.4274853417371,47.4222608392075,-0.00522450252959317,,,0.185731188322724,21772,21774
traveling,4.9,11.1803398874989,55433.8499387514,55604.509402116,170.659463364653,47.4222608392075,47.2542890170037,-0.167971822203747,4.95401960005394,,,21774,21823
planning,0.7,0,55604.509402116,55623.5725102849,19.0631081688916,47.2542890170037,47.235598598533,-0.0186904184706975,,,0.629692208412958,21823,21830
dwelling,11.9,0,55623.5725102849,55907.375624159,283.803113874121,47.235598598533,46.9577239037049,-0.277874694828164,,11.8999999369084,,21830,21949
planning,1,0,55907.375624159,55931.7452417989,24.3696176398444,46.9577239037049,46.933851819523,-0.0238720841818534,,,0.995696359286414,21949,21959
traveling,4,7.61577310586391,55931.7452417989,56062.18673528,130.441493481099,46.933851819523,46.8055185727523,-0.128333246770758,3.90863718847006,,,21959,21999
planning,0.5,0,56062.18673528,56076.4154910995,14.2287558195676,46.8055185727523,46.7915486311973,-0.0139699415549543,,,0.46290375902942,21999,22004
dwelling,15.7,0,56076.4154910995,56439.1603382321,362.744847132606,46.7915486311973,46.4362100543776,-0.355338576819733,,15.6294116734437,,22004,22161
planning,0.4,0,56439.1603382321,56448.7680433042,9.60770507201232,46.4362100543776,46.4267917111624,-0.00941834321518797,,,0.322698480184,22161,22165
traveling,4.6,9.8488578017961,56448.7680433042,56583.4896031543,134.721559850157,46.4267917111624,46.2943440723106,-0.132447638851737,4.59662474612267,,,22165,22211
planning,0.9,0,56583.4896031543,56606.649762929,23.1601597747285,46.2943440723106,46.2716151503825,-0.0227289219281062,,,0.80422428057979,22211,22220
dwelling,9.89999999999998,0,56606.649762929,56838.9462137921,232.296450863018,46.2716151503825,46.0438474906702,-0.227767659712349,,9.85555548335786,,22220,22319
planning,0.8,0,56838.9462137921,56860.9630707131,22.0168569210291,46.0438474906702,46.0222117427087,-0.0216357479614402,,,0.702629440523532,22319,22327
traveling,5.3,12.369316876853,56860.9630707131,57039.2696071272,178.306536414086,46.0222117427087,45.8463833312953,-0.175828411413463,5.22163502164976,,,22327,22380
planning,1,0,57039.2696071272,57065.6529586457,26.3833515185179,45.8463833312953,45.8204619713775,-0.0259213599177386,,,0.977809351080076,22380,22390
dwelling,13,0,57065.6529586457,57356.5118248157,290.858866170005,45.8204619713775,45.5351739351773,-0.285288036200249,,12.9333332811253,,22390,22520
planning,0.1,0,57356.5118248157,57359.1463248302,2.6345000145302,45.5351739351773,45.5325842055695,-0.0025897296078341,,,0.00891566677929523,22520,22521
traveling,4.5,8.94427190999916,57359.1463248302,57498.1126752877,138.9663504575,45.5325842055695,45.3956333406398,-0.136950864929702,4.40843266849662,,,22521,22566
planning,0.8,0,57498.1126752877,57517.7271346458,19.6144593580757,45.3956333406398,45.376364390569,-0.0192689500707957,,,0.722686667640031,22566,22574
dwelling,12.1,0,57517.7271346458,57796.9253226727,279.198188026843,45.376364390569,45.1022028023939,-0.27416158817509,,12.0454545382009,,22574,22695
planning,0.6,0,57796.9253226727,57811.759006033,14.833683360368,45.1022028023939,45.0876211033043,-0.0145816990895966,,,0.550342622280358,22695,22701
traveling,4.5,9.21954445729289,57811.759006033,57951.855425575,140.096419542009,45.0876211033043,44.9494235928623,-0.138197510441984,4.47565372632,,,22701,22746
planning,0.5,0,57951.855425575,57965.7852688781,13.9298433031217,44.9494235928623,44.9357051198425,-0.0137184730198285,,,0.430922245326238,22746,22751
dwelling,10.3,0,57965.7852688781,58236.345622265,270.560353386893,44.9357051198425,44.6693810927102,-0.266324027132292,,10.2444444236575,,22751,22854
planning,0.4,0,58236.345622265,58247.9145821624,11.5689598973549,44.6693810927102,44.6579756300156,-0.0114054626945972,,,0.343910845408654,22854,22858
traveling,4.9,11.1803398874989,58247.9145821624,58415.7868672376,167.87228507518,44.6579756300156,44.4919745475952,-0.166001082420408,4.95401960065254,,,22858,22907
planning,0.6,0,58415.7868672376,58431.9929568939,16.2060896563344,44.4919745475952,44.4760072755943,-0.015967272000843,,,0.501977555982853,22907,22913
dwelling,12.1,0,58431.9929568939,58720.4274701437,288.434513249769,44.4760072755943,44.1921767295705,-0.2838305460238,,12.0999999095781,,22913,23034
planning,0.2,0,58720.4274701437,58726.2029627053,5.77549256161001,44.1921767295705,44.186477820914,-0.00569890865647693,,,0.147310923660409,23034,23036
traveling,4,7.61577310586391,58726.2029627053,58862.2947523702,136.091789664868,44.186477820914,44.0518071011771,-0.13467071973691,3.90863718783609,,,23036,23076
planning,0.2,0,58862.2947523702,58867.4924822125,5.19772984233714,44.0518071011771,44.0466843042378,-0.00512279693933948,,,0.155716022266892,23076,23078
dwelling,15.8,0,58867.4924822125,59241.6175949452,374.125112732698,44.0466843042378,43.6782362393938,-0.368448064843989,,15.7882352167867,,23078,23236
planning,0.3,0,59241.6175949452,59249.2750789711,7.65748402591998,43.6782362393938,43.6706853718527,-0.00755086754107737,,,0.256124397821724,23236,23239
traveling,4.6,9.8488578017961,59249.2750789711,59401.6887456239,152.41366665277,43.6706853718527,43.519760969002,-0.150924402850727,4.59662474237286,,,23239,23285
planning,0.1,0,59401.6887456239,59404.425236952,2.73649132811988,43.519760969002,43.5170592702518,-0.00270169875025061,,,0.0336186805992117,23285,23286
dwelling,10.5,0,59404.425236952,59648.9915161979,244.566279245912,43.5170592702518,43.2760321034555,-0.241027166796236,,10.4888888333894,,23286,23391
planning,0.6,0,59648.9915161979,59666.2384441872,17.2469279892539,43.2760321034555,43.2589841555551,-0.0170479479004655,,,0.585628884090414,23391,23397
traveling,5.3,12.369316876853,59666.2384441872,59840.1486939317,173.910249744491,43.2589841555551,43.0866729552517,-0.172311200303405,5.22163501530743,,,23397,23450
planning,0.1,0,59840.1486939317,59842.8182250675,2.6695311358344,43.0866729552517,43.0840359748209,-0.00263698043077909,,,0.0413979994052746,23450,23451
dwelling,13.6,0,59842.8182250675,60156.6305956056,313.812370538071,43.0840359748209,42.7744994844519,-0.309536490369005,,13.5999999709336,,23451,23587
planning,0.9,0,60156.6305956056,60179.3637062744,22.7331106688071,42.7744994844519,42.7520450168886,-0.0224544675632217,,,0.876635469074928,23587,23596
traveling,4.5,8.94427190999916,60179.3637062744,60315.8996280657,136.535921791321,42.7520450168886,42.6168021632805,-0.13524285360819,4.40843266647973,,,23596,23641
planning,1,0,60315.8996280657,60339.6415610695,23.7419330038174,42.6168021632805,42.5933615601769,-0.0234406031035377,,,0.954176579374877,23641,23651
dwelling,11.8,0,60339.6415610695,60619.4850089095,279.84344784003,42.5933615601769,42.316974111019,-0.276387449157937,,11.7499998916464,,23651,23769
planning,0.7,0,60619.4850089095,60638.8761806991,19.3911717895753,42.316974111019,42.2977792359314,-0.0191948750875497,,,0.601478344160785,23769,23776
traveling,4.5,9.21954445729289,60638.8761806991,60778.6789202707,139.802739571605,42.2977792359314,42.1591202933431,-0.138658942588364,4.47565372575197,,,23776,23821
planning,0.4,0,60778.6789202707,60788.5836970236,9.90477675284637,42.1591202933431,42.1493271542231,-0.00979313911995661,,,0.349393722558337,23821,23825
dwelling,10.3,0,60788.5836970236,61015.9628564187,227.379159395125,42.1493271542231,41.9247563193441,-0.224570834878961,,10.244444437981,,23825,23928
planning,0.2,0,61015.9628564187,61021.2577307375,5.29487431880261,41.9247563193441,41.9195140743871,-0.00524224495705994,,,0.127245039853292,23928,23930
traveling,4.9,11.1803398874989,61021.2577307375,61185.0272245135,163.769493776053,41.9195140743871,41.7567317942792,-0.162782280107869,4.95401960006927,,,23930,23979
planning,0.6,0,61185.0272245135,61200.604447005,15.5772224914181,41.7567317942792,41.7413077325507,-0.0154240617285311,,,0.552401923861458,23979,23985
dwelling,12,0,61200.604447005,61478.7138458162,278.10939881127,41.7413077325507,41.4662284598024,-0.275079272748336,,11.9999999306355,,23985,24105
planning,0.9,0,61478.7138458162,61503.5938186314,24.8799728151353,41.4662284598024,41.441556663747,-0.0246717960553298,,,0.840520378236546,24105,24114
traveling,4,7.61577310586391,61503.5938186314,61641.8309795069,138.237160875571,41.441556663747,41.3039547421383,-0.137601921608685,3.90863718812454,,,24114,24154
planning,0.8,0,61641.8309795069,61665.0914546443,23.2604751373074,41.3039547421383,41.2808641790147,-0.0230905631236382,,,0.782189516794206,24154,24162
dwelling,15.3,0,61665.0914546443,62074.9704162593,409.878961615097,41.2808641790147,40.8742530313832,-0.406611147631502,,15.2588235183032,,24162,24315
planning,0.7,0,62074.9704162593,62095.4904684296,20.5200521702864,40.8742530313832,40.8538613773509,-0.0203916540323092,,,0.676441743812768,24315,24322
traveling,4.6,9.8488578017961,62095.4904684296,62241.4355713978,145.945102968166,40.8538613773509,40.7086087065685,-0.145252670782369,4.59662474562447,,,24322,24368
planning,1,0,62241.4355713978,62266.0225029453,24.586931547492,40.7086087065685,40.6842250630082,-0.0243836435603058,,,0.930664150505508,24368,24378
dwelling,9.79999999999998,0,62266.0225029453,62496.4832422672,230.460739321868,40.6842250630082,40.4557282721634,-0.228496790844851,,9.73333332555379,,24378,24476
planning,0.4,0,62496.4832422672,62506.9619080153,10.47866574816,40.4557282721634,40.4453221288959,-0.0104061432674243,,,0.313486758649082,24476,24480
traveling,5.3,12.369316876853,62506.9619080153,62672.9160377693,165.954129753933,40.4453221288959,40.2800210206618,-0.165301108234168,5.22163501984121,,,24480,24533
planning,0.8,0,62672.9160377693,62692.4111222385,19.4950844692357,40.2800210206618,40.2606709011999,-0.0193501194618975,,,0.740402064714874,24533,24541
dwelling,13.1,0,62692.4111222385,62962.4438270904,270.032704851925,40.2606709011999,39.9930547314619,-0.267616169738019,,13.0666666246178,,24541,24672
planning,0.3,0,62962.4438270904,62969.8992000607,7.4553729703257,39.9930547314619,39.9856483115537,-0.00740641990820023,,,0.21212746850793,24672,24675
traveling,4.5,8.94427190999916,62969.8992000607,63104.3517475579,134.452547497145,39.9856483115537,39.8516987580562,-0.133949553497423,4.40843266753147,,,24675,24720
planning,0.1,0,63104.3517475579,63106.7539356205,2.40218806256598,39.8516987580562,39.8493125986924,-0.00238615936382303,,,0.0705474476390118,24720,24721
dwelling,12.8,0,63106.7539356205,63380.2207529144,273.466817293935,39.8493125986924,39.5779465334697,-0.271366065222715,,12.7045454009732,,24721,24849
planning,0.9,0,63380.2207529144,63403.2795982047,23.0588452902957,39.5779465334697,39.5550079909722,-0.0229385424974566,,,0.894537906793539,24849,24858
traveling,4.5,9.21954445729289,63403.2795982047,63538.4262443977,135.146646193032,39.5550079909722,39.420224220331,-0.134783770641263,4.47565372639644,,,24858,24903
planning,0.3,0,63538.4262443977,63545.8778028688,7.45155847103888,39.420224220331,39.4128119031525,-0.00741231717849899,,,0.298241598141927,24903,24906
dwelling,10.5,0,63545.8778028688,63790.5901230441,244.712320175313,39.4128119031525,39.1694807361372,-0.243331167015249,,10.4555554689439,,24906,25011
planning,0.2,0,63790.5901230441,63796.7794786972,6.18935565315041,39.1694807361372,39.1633011455313,-0.00617959060593876,,,0.135685153219026,25011,25013
traveling,4.9,11.1803398874989,63796.7794786972,63986.9158256271,190.136346929874,39.1633011455313,38.972607140164,-0.190694005367291,4.95401960102487,,,25013,25062
planning,0.3,0,63986.9158256271,63995.8778274407,8.96200181359018,38.972607140164,38.9636600026905,-0.00894713747348419,,,0.290842028884851,25062,25065
dwelling,12.5,0,63995.8778274407,64299.4863169134,303.608489472761,38.9636600026905,38.6612844896622,-0.302375513028345,,12.4333332382199,,25065,25190
planning,0.4,0,64299.4863169134,64309.2496807256,9.7633638121697,38.6612844896622,38.6515572748569,-0.0097272148052383,,,0.354412732373325,25190,25194
traveling,4,7.61577310586391,64309.2496807256,64434.1179455335,124.868264807898,38.6515572748569,38.5266766518164,-0.124880623040561,3.90863718791043,,,25194,25234
planning,0.5,0,64434.1179455335,64447.3204044469,13.2024589134235,38.5266766518164,38.5135053624307,-0.0131712893856673,,,0.417092359436126,25234,25239
dwelling,15.6,0,64447.3204044469,64804.7323298873,357.411925440392,38.5135053624307,38.1573898945858,-0.356115467844944,,15.5058822972,,25239,25395
planning,0.9,0,64804.7323298873,64826.6602435846,21.9279136972473,38.1573898945858,38.1355166855416,-0.0218732090442018,,,0.85982696099636,25395,25404
traveling,4.6,9.8488578017961,64826.6602435846,64965.442714301,138.782470716389,38.1355166855416,37.9966104494004,-0.138906236141132,4.59662474537542,,,25404,25450
planning,0.8,0,64965.442714301,64984.3174897964,18.8747754954093,37.9966104494004,37.9777828234929,-0.0188276259075622,,,0.749495124509543,25450,25458
dwelling,9.99999999999998,0,64984.3174897964,65204.4492909705,220.131801174175,37.9777828234929,37.7583097434242,-0.219473080068632,,9.92222219136538,,25458,25558
planning,0.6,0,65204.4492909705,65219.4927134528,15.0434224822311,37.7583097434242,37.7432837448809,-0.0150259985433223,,,0.566734557256698,25558,25564
traveling,5.3,12.369316876853,65219.4927134528,65394.7675967843,175.274883331491,37.7432837448809,37.5673772814109,-0.175906463470007,5.22163502345459,,,25564,25617
planning,0.6,0,65394.7675967843,65409.8117025759,15.0441057916614,37.5673772814109,37.5523434544422,-0.0150338269687396,,,0.507414172920661,25617,25623
dwelling,13.4,0,65409.8117025759,65715.4524927596,305.640790183665,37.5523434544422,37.2471389383756,-0.305204516066517,,13.3999999626418,,25623,25757
planning,0.9,0,65715.4524927596,65738.6394984909,23.1870057313354,37.2471389383756,37.2239404604761,-0.0231984778995624,,,0.879887962713566,25757,25766
traveling,4.5,8.94427190999916,65738.6394984909,65883.1787778283,144.539279337419,37.2239404604761,37.0788049819635,-0.1451354785126,4.40843267001949,,,25766,25811
planning,0.4,0,65883.1787778283,65894.0617506007,10.8829727723496,37.0788049819635,37.0679040416817,-0.0109009402817719,,,0.338315790605078,25811,25815
dwelling,12.6,0,65894.0617506007,66193.3489675746,299.287216973855,37.0679040416817,36.7685336452053,-0.299370396476426,,12.5272727061369,,25815,25941
planning,0.4,0,66193.3489675746,66204.3502314029,11.0012638283224,36.7685336452053,36.757503754126,-0.0110298910792608,,,0.393878166166107,25941,25945
traveling,4.5,9.21954445729289,66204.3502314029,66345.0063332263,140.656101823421,36.757503754126,36.61616197345,-0.141341780676058,4.47565453510322,,,25945,25990
planning,0.8,0,66345.0063332263,66365.4615016503,20.4551684240287,36.61616197345,36.5956656138698,-0.0204963595801857,,,0.723130813567272,25990,25998
dwelling,9.99999999999998,0,66365.4615016503,66596.3848788042,230.9233771539,36.5956656138698,36.3644953375478,-0.231170276321933,,9.99999995584188,,25998,26098
planning,0.5,0,66596.3848788042,66609.810967643,13.4260888388089,36.3644953375478,36.3510245507633,-0.0134707867845876,,,0.494222523174717,26098,26103
traveling,4.9,11.1803398874989,66609.810967643,66773.9772755645,164.166307921449,36.3510245507633,36.1856563586401,-0.165368192123168,4.95401960065538,,,26103,26152
planning,0.1,0,66773.9772755645,66776.5250115321,2.54773596762971,36.1856563586401,36.183100786376,-0.00255557226408598,,,0.0280900666158841,26152,26153
dwelling,12.6,0,66776.5250115321,67059.6067683361,283.081756804037,36.183100786376,35.8994770416827,-0.283623744693301,,12.5999999638789,,26153,26279
planning,0.7,0,67059.6067683361,67076.9511472356,17.3443788994337,35.8994770416827,35.8820719567315,-0.0174050849512426,,,0.615773608826382,26279,26286
traveling,4,7.61577310586391,67076.9511472356,67205.635944657,128.684797421447,35.8820719567315,35.7523952494584,-0.129676707273035,3.90863718868134,,,26286,26326
planning,0.7,0,67205.635944657,67225.7212814445,20.0853367874806,35.7523952494584,35.7321905253981,-0.0202047240603491,,,0.619548665268856,26326,26333
dwelling,15.5,0,67225.7212814445,67624.6150669811,398.893785536551,35.7321905253981,35.3312980561882,-0.400892469209914,,15.4823528099885,,26333,26488
planning,0.6,0,67624.6150669811,67642.9179690684,18.3029020873655,35.3312980561882,35.3128477134466,-0.0184503427415805,,,0.55822202082521,26488,26494
traveling,4.6,9.8488578017961,67642.9179690684,67805.0464275661,162.128458497682,35.3128477134466,35.1489424193753,-0.163905294071299,4.59662474686917,,,26494,26540
planning,0.2,0,67805.0464275661,67810.8054008731,5.75897330697626,35.1489424193753,35.1431394036636,-0.0058030157116491,,,0.142612876417089,26540,26542
dwelling,10.6,0,67810.8054008731,68059.7609726923,248.955571819242,35.1431394036636,34.8928766318287,-0.250262771834905,,10.5888888352406,,26542,26648
planning,0.5,0,68059.7609726923,68074.059413408,14.2984407157055,34.8928766318287,34.8784598374743,-0.0144167943544176,,,0.457741748282817,26648,26653
traveling,5.3,12.369316876853,68074.059413408,68259.6228896036,185.563476195588,34.8784598374743,34.6906496257968,-0.187810211677515,5.22163502074604,,,26653,26706
planning,0.3,0,68259.6228896036,68268.5860380784,8.96314847475151,34.6906496257968,34.6816011305428,-0.00904849525399243,,,0.299009264386262,26706,26709
dwelling,13.6,0,68268.5860380784,68579.7835200422,311.197481963842,34.6816011305428,34.3684234136394,-0.313177716903375,,13.5999999739229,,26709,26845
planning,0.7,0,68579.7835200422,68597.8877028632,18.1041828209418,34.3684234136394,34.3501681626812,-0.018255250958255,,,0.6492452195987,26845,26852
traveling,4.5,8.94427190999916,68597.8877028632,68737.88005944,139.992356576884,34.3501681626812,34.2085608990874,-0.141607263593777,4.40843266977056,,,26852,26897
planning,0.9,0,68737.88005944,68760.1109779783,22.2309185382619,34.2085608990874,34.1861475444918,-0.0224133545955993,,,0.896283192584296,26897,26906
dwelling,12.1,0,68760.1109779783,69047.759039975,287.648061996661,34.1861475444918,33.8961424327859,-0.290005111705867,,12.0136362714281,,26906,27027
planning,0.4,0,69047.759039975,69059.0948032984,11.3357633234118,33.8961424327859,33.8846816509483,-0.0114607818376768,,,0.356137858371183,27027,27031
traveling,4.5,9.21954445729289,69059.0948032984,69216.87531367,157.780510371595,33.8846816509483,33.7245257823674,-0.160155868580844,4.47565372638061,,,27031,27076
planning,0.8,0,69216.87531367,69238.8954640401,22.0201503701828,33.7245257823674,33.7022606050516,-0.0222651773157736,,,0.783722665059376,27076,27084
dwelling,9.99999999999998,0,69238.8954640401,69477.6836457277,238.788181687574,33.7022606050516,33.4611782453956,-0.241082359656005,,9.95555555097631,,27084,27184
planning,0.1,0,69477.6836457277,69480.1743385386,2.49069281083939,33.4611782453956,33.4586614280761,-0.00251681731950271,,,0.0579303362925538,27184,27185
traveling,4.9,11.1803398874989,69480.1743385386,69629.255808006,149.081469467434,33.4586614280761,33.3075248678081,-0.151136560268,4.95401959988024,,,27185,27234
planning,1,0,69629.255808006,69653.8704835731,24.6146755670925,33.3075248678081,33.2826435634964,-0.0248813043117551,,,0.933921693802169,27234,27244
dwelling,11.6,0,69653.8704835731,69918.5836873293,264.713203756182,33.2826435634964,33.0151945336127,-0.267449029883664,,11.5666665776182,,27244,27360
planning,0.2,0,69918.5836873293,69923.6709946502,5.08730732092226,33.0151945336127,33.0100455192419,-0.00514901437080084,,,0.18483922381933,27360,27362
traveling,4,7.61577310586391,69923.6709946502,70061.2353627448,137.564368094609,33.0100455192419,32.8700911189445,-0.139954400297363,3.9086371875816,,,27362,27402
planning,0.4,0,70061.2353627448,70073.0880260583,11.8526633135043,32.8700911189445,32.8580626131533,-0.0120285057912781,,,0.391972648700812,27402,27406
dwelling,15.6,0,70073.0880260583,70403.2892997927,330.201273734361,32.8580626131533,32.5242216284023,-0.333840984750971,,15.5352940150325,,27406,27562
planning,0.3,0,70403.2892997927,70409.4629353667,6.17363557402859,32.5242216284023,32.517979634233,-0.00624199416930082,,,0.271681020934092,27562,27565
traveling,4.6,9.8488578017961,70409.4629353667,70532.0033680936,122.540432726906,32.517979634233,32.3936396217568,-0.124340012476196,4.59662375314344,,,27565,27611
planning,0.8,0,70532.0033680936,70549.138376558,17.1350084643927,32.3936396217568,32.3763000130206,-0.0173396087362434,,,0.745675436522285,27611,27619
dwelling,9.79999999999998,0,70549.138376558,70746.3758253925,197.237448834538,32.3763000130206,32.1767723982273,-0.199527614793297,,9.78888888797701,,27619,27717
planning,0.8,0,70746.3758253925,70765.6460945852,19.270269192697,32.1767723982273,32.1572312643883,-0.0195411338389633,,,0.734150892295005,27717,27725
traveling,5.3,12.369316876853,70765.6460945852,70922.9565810096,157.310486424321,32.1572312643883,31.9971650368064,-0.160066227581847,5.22163501712228,,,27725,27778
planning,0.7,0,70922.9565810096,70941.7200913948,18.7635103852808,31.9971650368064,31.9780996358776,-0.0190654009288345,,,0.614254229865405,27778,27785
dwelling,13.1,0,70941.7200913948,71241.9218308264,300.201739431563,31.9780996358776,31.6735368000838,-0.304562835793778,,13.066666664497,,27785,27916
planning,0.1,0,71241.9218308264,71244.2757609276,2.35393010123516,31.6735368000838,31.6711467453126,-0.00239005477119747,,,0.0295227999524493,27916,27917
traveling,4.5,8.94427190999916,71244.2757609276,71389.1439243885,144.868163460822,31.6711467453126,31.5233098392842,-0.14783690602847,4.40843266348112,,,27917,27962
planning,1,0,71389.1439243885,71415.9388818813,26.7949574928498,31.5233098392842,31.4960422755883,-0.0272675636958972,,,0.952623851124248,27962,27972
dwelling,11.7,0,71415.9388818813,71713.5293710396,297.590489158305,31.4960422755883,31.1932504352286,-0.302791840359635,,11.6272726216995,,27972,28089
planning,0.3,0,71713.5293710396,71721.8193321509,8.28996111133893,31.1932504352286,31.1848016865059,-0.00844874872273493,,,0.223651814595531,28089,28092
traveling,4.5,9.21954445729289,71721.8193321509,71871.7493121167,149.929979965731,31.1848016865059,31.0314730590281,-0.153328627477798,4.47565452876238,,,28092,28137
planning,0.1,0,71871.7493121167,71874.6097084661,2.86039634945337,31.0314730590281,31.0285548360557,-0.00291822297236521,,,0.0463762642408155,28137,28138
dwelling,10.5,0,71874.6097084661,72117.7511590604,243.141450594267,31.0285548360557,30.7811007980551,-0.247454038000669,,10.4222221553793,,28138,28243
planning,0.4,0,72117.7511590604,72127.4416109875,9.69045192714839,30.7811007980551,30.7712292187622,-0.00987157929285942,,,0.399158368955691,28243,28247
traveling,4.9,11.1803398874989,72127.4416109875,72282.4153176816,154.973706694029,30.7712292187622,30.6126515214639,-0.158577697298355,4.95401959927185,,,28247,28296
planning,0.6,0,72282.4153176816,72297.1887555602,14.7734378786699,30.6126515214639,30.597590152939,-0.015061368524858,,,0.538210601648693,28296,28302
dwelling,11.9,0,72297.1887555602,72574.9603645772,277.771609016956,30.597590152939,30.3144507909201,-0.283139362018936,,11.8666666154694,,28302,28421
planning,1,0,72574.9603645772,72600.8221136078,25.8617490306351,30.3144507909201,30.2880405271967,-0.0264102637233492,,,0.973888384631392,28421,28431
traveling,4,7.61577310586391,72600.8221136078,72725.3402913308,124.518177722974,30.2880405271967,30.1604640084679,-0.127576518728798,3.90863718745714,,,28431,28471
planning,0.6,0,72725.3402913308,72739.6108516615,14.2705603306676,30.1604640084679,30.145899634753,-0.0145643737148795,,,0.513665366177102,28471,28477
dwelling,15.3,0,72739.6108516615,73076.4568029621,336.845951300653,30.145899634753,29.8022250086471,-0.343674626105905,,15.2999999488545,,28477,28630
planning,0.3,0,73076.4568029621,73084.0109334116,7.55413044946908,29.8022250086471,29.7945001709892,-0.00772483765793197,,,0.211886392202451,28630,28633
traveling,4.6,9.8488578017961,73084.0109334116,73227.3938162007,143.382882789083,29.7945001709892,29.647335994683,-0.147164176306156,4.59662474136804,,,28633,28679
planning,0.3,0,73227.3938162007,73235.0687745335,7.67495833280555,29.647335994683,29.6394816650145,-0.00785432966857158,,,0.257213718892817,28679,28682
dwelling,10.3,0,73235.0687745335,73463.6005877952,228.531813261754,29.6394816650145,29.4059321073375,-0.233549557676952,,10.2444444127023,,28682,28785
planning,1,0,73463.6005877952,73488.7546058626,25.1540180673182,29.4059321073375,29.380173434087,-0.0257586732505395,,,0.95034252124697,28785,28795
traveling,5.3,12.369316876853,73488.7546058626,73664.9403169033,176.185711040787,29.380173434087,29.1988432047722,-0.181330229314806,5.22163501803011,,,28795,28848
planning,0.8,0,73664.9403169033,73686.1631528147,21.2228359113506,29.1988432047722,29.1770781838575,-0.0217650209147102,,,0.78266903750727,28848,28856
dwelling,13,0,73686.1631528147,74005.4773817607,319.314228946023,29.1770781838575,28.849745618099,-0.327332565758475,,12.9999999034742,,28856,28986
planning,0.6,0,74005.4773817607,74022.1121150212,16.6347332604637,28.849745618099,28.8326537705147,-0.0170918475842647,,,0.547512337874325,28986,28992
traveling,4.5,8.94427190999916,74022.1121150212,74179.5520527945,157.439937773335,28.8326537705147,28.670153124571,-0.162500645943751,4.40843266796596,,,28992,29037
planning,0.2,0,74179.5520527945,74185.0944619816,5.54240918711002,28.670153124571,28.6644548667647,-0.005698257806241,,,0.194738351083496,29037,29039
dwelling,12.7,0,74185.0944619816,74495.2015486507,310.107086669042,28.6644548667647,28.3459957149339,-0.31845915183079,,12.6181817130576,,29039,29166
planning,0.2,0,74495.2015486507,74500.4373649068,5.23581625617226,28.3459957149339,28.3406107738889,-0.00538494104504394,,,0.112332476358436,29166,29168
traveling,4.5,9.21954445729289,74500.4373649068,74644.2510074995,143.81364259262,28.3406107738889,28.1921606192972,-0.148450154591675,4.47565372593756,,,29168,29213
planning,0.4,0,74644.2510074995,74654.3557114265,10.1047039270197,28.1921606192972,28.1817672514835,-0.0103933678137409,,,0.342355275537318,29213,29217
dwelling,10.3,0,74654.3557114265,74869.3985893998,215.042877973334,28.1817672514835,27.9610067986142,-0.220760452869229,,10.2777777754341,,29217,29320
planning,0.5,0,74869.3985893998,74881.714192147,12.3156027472287,27.9610067986142,27.94833282253,-0.0126739760842405,,,0.408660866568723,29320,29325
traveling,4.9,11.1803398874989,74881.714192147,75033.3311418259,151.616949678864,27.94833282253,27.7916905825276,-0.156642240002387,4.95401959987306,,,29325,29374
planning,0.1,0,75033.3311418259,75035.8380358639,2.50689403795695,27.7916905825276,27.7891085378721,-0.00258204465552225,,,0.0192824895732738,29374,29375
dwelling,12.5,0,75035.8380358639,75299.4220453587,263.584009494851,27.7891085378721,27.5180665526382,-0.271041985233911,,12.4666666629415,,29375,29500
planning,0.4,0,75299.4220453587,75308.9219745249,9.49992916613701,27.5180665526382,27.5082786166295,-0.00978793600870986,,,0.378680975371566,29500,29504
traveling,4,7.61577310586391,75308.9219745249,75428.9396440531,120.017669528199,27.5082786166295,27.3841520159685,-0.124126600660983,3.9086371878333,,,29504,29544
planning,0.4,0,75428.9396440531,75439.4182787854,10.4786347323097,27.3841520159685,27.3733356988378,-0.0108163171307112,,,0.323947205830202,29544,29548
dwelling,15.6,0,75439.4182787854,75786.0016696598,346.583390874453,27.3733356988378,27.016099654212,-0.357236044625822,,15.5882352334776,,29548,29704
planning,0.7,0,75786.0016696598,75803.8674986948,17.8658290349558,27.016099654212,26.9976384487749,-0.0184612054370952,,,0.666106171633904,29704,29711
traveling,4.6,9.8488578017961,75803.8674986948,75943.2567932287,139.389294533976,26.9976384487749,26.8531488580706,-0.144489590704261,4.59662375315345,,,29711,29757
planning,0.8,0,75943.2567932287,75961.4304199465,18.1736267177475,26.8531488580706,26.8343864778557,-0.01876238021487,,,0.712796806484928,29757,29765
dwelling,9.89999999999998,0,75961.4304199465,76174.6151221856,213.184702239058,26.8343864778557,26.6143251698411,-0.220061308014632,,9.83333328779703,,29765,29864
planning,0.6,0,76174.6151221856,76189.7611973404,15.1460751548439,26.6143251698411,26.5986521710547,-0.0156729987864423,,,0.553872339530397,29864,29870
traveling,5.3,12.369316876853,76189.7611973404,76380.6563920637,190.895194723256,26.5986521710547,26.3997719874007,-0.19888018365393,5.22163501984208,,,29870,29923
planning,0.8,0,76380.6563920637,76403.2314046388,22.5750125751074,26.3997719874007,26.376352876318,-0.0234191110827737,,,0.726255184090352,29923,29931
dwelling,13.1,0,76403.2314046388,76711.8908550246,308.659450385836,26.376352876318,26.0567325003619,-0.319620375956088,,13.0666665710078,,29931,30062
planning,0.1,0,76711.8908550246,76714.2707615124,2.37990648784034,26.0567325003619,26.0542663451249,-0.00246615523697358,,,0.0686438229888034,30062,30063
traveling,4.5,8.94427190999916,76714.2707615124,76842.5979008721,128.327139359666,26.0542663451249,25.9208886215585,-0.133377723566383,4.40843266644749,,,30063,30108
planning,0.9,0,76842.5979008721,76862.9308550832,20.3329542110732,25.9208886215585,25.8998203950997,-0.0210682264587874,,,0.883002468652483,30108,30117
dwelling,11.9,0,76862.9308550832,77113.1886428934,250.257787810187,25.8998203950997,25.6405801969366,-0.259240198163109,,11.8499999147159,,30117,30236
planning,0.2,0,77113.1886428934,77118.1227243314,4.93408143804118,25.6405801969366,25.6354561437311,-0.00512405320547771,,,0.126580977798017,30236,30238
traveling,4.5,9.21954445729289,77118.1227243314,77246.7707298914,128.648005560026,25.6354561437311,25.5015091023772,-0.133947041353931,4.47565453029137,,,30238,30283
planning,0.7,0,77246.7707298914,77262.8923937183,16.121663826867,25.5015091023772,25.4847719027765,-0.0167371996007404,,,0.647160702264291,30283,30290
dwelling,9.89999999999998,0,77262.8923937183,77470.0100940039,207.117700285598,25.4847719027765,25.2698920347008,-0.214879868075716,,9.88888887997811,,30290,30389
planning,1,0,77470.0100940039,77493.4882829313,23.4781889273872,25.2698920347008,25.2454875474631,-0.0244044872376783,,,0.98552103789079,30389,30399
traveling,4.9,11.1803398874989,77493.4882829313,77626.7426944521,133.254411520829,25.2454875474631,25.1066152409955,-0.138872306467604,4.95401960063858,,,30399,30448
planning,0.8,0,77626.7426944521,77643.9920616905,17.2493672383425,25.1066152409955,25.0886924392608,-0.0179228017346489,,,0.731771980970728,30448,30456
dwelling,11.9,0,77643.9920616905,77876.4743983494,232.482336658912,25.0886924392608,24.8472601426279,-0.241432296632894,,11.8666666044407,,30456,30575
planning,0.9,0,77876.4743983494,77900.9036600052,24.4292616557941,24.8472601426279,24.821769808531,-0.0254903340969435,,,0.865854676826786,30575,30584
traveling,4,7.61577310586391,77900.9036600052,78034.6635430821,133.759883076986,24.821769808531,24.68163770502,-0.140132103511032,3.90863718795409,,,30584,30624
planning,1,0,78034.6635430821,78061.9317843416,27.2682412594877,24.68163770502,24.653162860383,-0.0284748446369285,,,0.901295126301382,30624,30634
dwelling,15.1,0,78061.9317843416,78447.6303946988,385.698610357198,24.653162860383,24.2504094485521,-0.40275341183095,,15.0235293908403,,30634,30785
planning,0.7,0,78447.6303946988,78466.5343726629,18.903977964088,24.2504094485521,24.2306354355419,-0.0197740130101458,,,0.616501434372166,30785,30792
traveling,4.6,9.8488578017961,78466.5343726629,78620.5534135424,154.019040879517,24.2306354355419,24.0688225769093,-0.161812858632587,4.59662474487596,,,30792,30838
planning,0.2,0,78620.5534135424,78625.9772400768,5.4238265343738,24.0688225769093,24.0631444416691,-0.0056781352402524,,,0.138880795196461,30838,30840
dwelling,10.5,0,78625.9772400768,78890.8901922471,264.912952170329,24.0631444416691,23.7859275751434,-0.277216866525706,,10.4999999197364,,30840,30945
planning,0.5,0,78890.8901922471,78904.1933232767,13.3031310295773,23.7859275751434,23.7719870533833,-0.0139405217600554,,,0.455215059872049,30945,30950
traveling,5.3,12.369316876853,78904.1933232767,79078.202640076,174.009316799275,23.7719870533833,23.5888810180426,-0.183106035340685,5.22163501984173,,,30950,31003
planning,0.6,0,79078.202640076,79094.9905935492,16.7879534732201,23.5888810180426,23.571259399633,-0.0176216184095921,,,0.553866056436292,31003,31009
dwelling,13.3,0,79094.9905935492,79417.1402769767,322.149683427473,23.571259399633,23.233554237069,-0.337705162564024,,13.266666574332,,31009,31142
planning,0.1,0,79417.1402769767,79419.7129248594,2.57264788275643,23.233554237069,23.230853057212,-0.00270117985705198,,,0.00339168238449239,31142,31143
traveling,4.5,8.94427190999916,79419.7129248594,79561.6101225833,141.897197723811,23.230853057212,23.0812970713371,-0.149555985874894,4.40843266931849,,,31143,31188
planning,0.7,0,79561.6101225833,79579.2769671268,17.6668445435935,23.0812970713371,23.0627391009922,-0.0185579703448937,,,0.666026432111951,31188,31195
dwelling,12.2,0,79579.2769671268,79878.0610923455,298.784125218634,23.0627391009922,22.7487528394913,-0.313986261500837,,12.1863636248194,,31195,31317
planning,0.2,0,79878.0610923455,79883.8549869562,5.79389461071696,22.7487528394913,22.742644608665,-0.00610823082637424,,,0.153982157120226,31317,31319
traveling,4.5,9.21954445729289,79883.8549869562,80035.5332459186,151.678258962449,22.742644608665,22.5822088575587,-0.160435751106228,4.47565372586203,,,31319,31364
planning,0.1,0,80035.5332459186,80038.1944044051,2.66115848645859,22.5822088575587,22.5794049542862,-0.00280390327251823,,,0.0297393608692255,31364,31365
dwelling,10.6,0,80038.1944044051,80280.8103903409,242.615985935816,22.5794049542862,22.324156626886,-0.25524832740026,,10.5666665664357,,31365,31471
planning,1,0,80280.8103903409,80307.6688327808,26.8584424398869,22.324156626886,22.2958173613956,-0.0283392654903274,,,0.976929942206341,31471,31481
traveling,4.9,11.1803398874989,80307.6688327808,80463.8409885829,156.172155802051,22.2958173613956,22.1304544242669,-0.165362937128755,4.9540196008282,,,31481,31530
planning,0.4,0,80463.8409885829,80473.0116668672,9.17067828431027,22.1304544242669,22.1207914936528,-0.00966293061413026,,,0.353825221330634,31530,31534
dwelling,12.4,0,80473.0116668672,80743.43241004,270.420743172799,22.1207914936528,21.8358333146469,-0.284958179005901,,12.3333332600241,,31534,31658
planning,0.8,0,80743.43241004,80763.2738506104,19.841440570468,21.8358333146469,21.8148744347025,-0.020958879944363,,,0.764504194806854,31658,31666
traveling,4,7.61577310586391,80763.2738506104,80887.1865260523,123.912675441912,21.8148744347025,21.6834539675191,-0.131420467183389,3.90863718810178,,,31666,31706
planning,0.5,0,80887.1865260523,80899.8056484327,12.6191223803617,21.6834539675191,21.670111278478,-0.0133426890410995,,,0.486892096454103,31706,31711
dwelling,15.6,0,80899.8056484327,81235.2837181296,335.478069696881,21.670111278478,21.3158288610581,-0.354282417419881,,15.541176450979,,31711,31867
planning,0.5,0,81235.2837181296,81249.1506563936,13.8669382640073,21.3158288610581,21.3011193040081,-0.0147095570500397,,,0.439652704830588,31867,31872
traveling,4.6,9.8488578017961,81249.1506563936,81405.2289976949,156.078341301341,21.3011193040081,21.1348498590442,-0.166269444963888,4.59662474487627,,,31872,31918
planning,0.7,0,81405.2289976949,81424.0264426081,18.7974449131289,21.1348498590442,21.1149021550197,-0.0199477040244602,,,0.669416528409725,31918,31925
dwelling,9.99999999999998,0,81424.0264426081,81657.2521126878,233.225670079715,21.1149021550197,20.8677458073699,-0.247156347649852,,9.99999996459813,,31925,32025
planning,0.4,0,81657.2521126878,81667.8969141778,10.6448014900525,20.8677458073699,20.8564364661555,-0.0113093412144281,,,0.329270351139659,32025,32029
traveling,5.3,12.369316876853,81667.8969141778,81848.4869837577,180.590069579848,20.8564364661555,20.6635840012687,-0.192852464886755,5.22163501712294,,,32029,32082
planning,0.5,0,81848.4869837577,81860.9971803987,12.5101966410439,20.6635840012687,20.6502914406741,-0.0132925605946248,,,0.475919453676018,32082,32087
dwelling,13.3,0,81860.9971803987,82154.9007479946,293.903567595873,20.6502914406741,20.3382745419718,-0.312016898702225,,13.2666666620857,,32087,32220
planning,0.2,0,82154.9007479946,82159.8930365627,4.99228856810078,20.3382745419718,20.3329615730834,-0.00531296888840416,,,0.107930702305869,32220,32222
traveling,4.5,8.94427190999916,82159.8930365627,82284.7565255162,124.863488953517,20.3329615730834,20.199796865236,-0.133164707847492,4.40843266876553,,,32222,32267
planning,0.6,0,82284.7565255162,82298.8989181786,14.1423926623538,20.199796865236,20.1847471643447,-0.0150497008912787,,,0.500220153808031,32267,32273
dwelling,12.3,0,82298.8989181786,82563.8008404366,264.90192225801,20.1847471643447,19.902961261434,-0.281785902910656,,12.25909079965,,32273,32396
planning,0.3,0,82563.8008404366,82571.8941922347,8.09335179807385,19.902961261434,19.894318396173,-0.00864286526099889,,,0.209506946699061,32396,32399
traveling,4.5,9.21954445729289,82571.8941922347,82718.4155589725,146.521366737812,19.894318396173,19.7372330863721,-0.157085309800962,4.47565372574888,,,32399,32444
planning,0.1,0,82718.4155589725,82721.0074698785,2.59191090599052,19.7372330863721,19.7344645556436,-0.00276853072847061,,,0.0808533728039061,32444,32445
dwelling,10.6,0,82721.0074698785,82958.13670566,237.129235781555,19.7344645556436,19.4815284771302,-0.252936078513418,,10.5444444184646,,32445,32551
planning,0.1,0,82958.13670566,82960.6280823919,2.49137673185032,19.4815284771302,19.4788653143742,-0.00266316275598655,,,0.0421401185843587,32551,32552
traveling,4.9,11.1803398874989,82960.6280823919,83119.2921509713,158.664068579412,19.4788653143742,19.3083853798399,-0.170479934534328,4.95401959930218,,,32552,32601
planning,0.4,0,83119.2921509713,83129.3278878929,10.0357369216363,19.3083853798399,19.2976464206746,-0.0107389591652982,,,0.318584179462757,32601,32605
dwelling,12.1,0,83129.3278878929,83402.237893309,272.910005416066,19.2976464206746,19.0058071843411,-0.291839236333445,,12.0666666174421,,32605,32726
planning,1,0,83402.237893309,83426.687390941,24.4494976320711,19.0058071843411,18.979610691841,-0.0261964925001443,,,0.998528912395964,32726,32736
traveling,4,7.61577310586391,83426.687390941,83548.1095231785,121.422132237407,18.979610691841,18.8489806757628,-0.13063001607815,3.90863718730241,,,32736,32776
planning,0.7,0,83548.1095231785,83565.5428711433,17.4333479648049,18.8489806757628,18.8302809910769,-0.0186996846858776,,,0.656671453977344,32776,32783
dwelling,15.2,0,83565.5428711433,83885.6892233725,320.146352229203,18.8302809910769,18.4873094560477,-0.342971535029282,,15.1647058558919,,32783,32935
planning,0.1,0,83885.6892233725,83887.8752546578,2.18603128533869,18.4873094560477,18.4849643257935,-0.00234513025413818,,,0.0416517590442613,32935,32936
traveling,4.6,9.8488578017961,83887.8752546578,84019.5282233604,131.652968702605,18.4849643257935,18.3430801542031,-0.141884171590426,4.59662474111668,,,32936,32982
planning,0.3,0,84019.5282233604,84027.0255167008,7.49729334034782,18.3430801542031,18.3350156940635,-0.0080644601396358,,,0.202967223363861,32982,32985
dwelling,10.3,0,84027.0255167008,84265.7663023154,238.740785614631,18.3350156940635,18.0782975890692,-0.256718104994217,,10.2333332813631,,32985,33088
planning,0.4,0,84265.7663023154,84276.0927497137,10.3264473983145,18.0782975890692,18.0671678580436,-0.0111297310256795,,,0.313903437456852,33088,33092
traveling,5.3,12.369316876853,84276.0927497137,84448.3455903518,172.252840638088,18.0671678580436,17.88062109593,-0.186546762113519,5.22163501075059,,,33092,33145
planning,0.9,0,84448.3455903518,84473.1748370372,24.8292466854327,17.88062109593,17.8538007057571,-0.0268203901729294,,,0.865032907238283,33145,33154
dwelling,12.7,0,84473.1748370372,84742.8324477914,269.657610754177,17.8538007057571,17.5633391931727,-0.290461512584418,,12.633333234303,,33154,33281
planning,0.9,0,84742.8324477914,84763.2871469669,20.4546991755051,17.5633391931727,17.5412686076851,-0.0220705854876186,,,0.830679434924917,33281,33290
traveling,4.5,8.94427190999916,84763.2871469669,84886.2716992166,122.984552249691,17.5412686076851,17.4081230822844,-0.133145525400689,4.40843266496137,,,33290,33335
planning,0.7,0,84886.2716992166,84902.7781262233,16.506427006665,17.4081230822844,17.3902877897802,-0.017835292504202,,,0.674077603980536,33335,33342
dwelling,12,0,84902.7781262233,85185.6491609706,282.871034747383,17.3902877897802,17.0843484117901,-0.305939377990089,,11.9954545445684,,33342,33462
planning,0.3,0,85185.6491609706,85194.1824225431,8.53326157250558,17.0843484117901,17.075083745093,-0.00926466669711346,,,0.230986734104789,33462,33465
traveling,4.5,9.21954445729289,85194.1824225431,85351.6556458681,157.473223324923,17.075083745093,16.9032886758271,-0.171795069265901,4.47565453029163,,,33465,33510
planning,0.4,0,85351.6556458681,85362.8380823214,11.1824364533677,16.9032886758271,16.8911381862776,-0.012150489549434,,,0.3851395022204,33510,33514
dwelling,10.2,0,85362.8380823214,85600.6646345215,237.826552200044,16.8911381862776,16.6332281831652,-0.257910003112425,,10.188888847682,,33514,33616
planning,0.2,0,85600.6646345215,85605.8074417476,5.14280722614785,16.6332281831652,16.6276388441569,-0.00558933900830993,,,0.128546989694103,33616,33618
traveling,4.9,11.1803398874989,85605.8074417476,85761.5720335765,155.764591828876,16.6276388441569,16.4576010657919,-0.170037778365057,4.95401959891027,,,33618,33667
planning,0.6,0,85761.5720335765,85775.7426206469,14.1705870703445,16.4576010657919,16.4422028652536,-0.0153982005382645,,,0.546044537408268,33667,33673
dwelling,11.8,0,85775.7426206469,86031.4533716506,255.710751003702,16.4422028652536,16.1644136946199,-0.277789170633664,,11.7999999281619,,33673,33791
planning,0.8,0,86031.4533716506,86052.9361427276,21.4827710770915,16.1644136946199,16.1409811596529,-0.0234325349670463,,,0.733396012080919,33791,33799
traveling,4,7.61577310586391,86052.9361427276,86182.1806598942,129.244517166531,16.1409811596529,15.9994393803308,-0.141541779322079,3.90863718720817,,,33799,33839
planning,0.6,0,86182.1806598942,86198.3807843736,16.2001244794374,15.9994393803308,15.981749566681,-0.017689813649822,,,0.58497325515276,33839,33845
dwelling,15.3,0,86198.3807843736,86580.2613408927,381.880556519041,15.981749566681,15.5646969845368,-0.417052582144144,,15.2470587023299,,33845,33998
planning,0.3,0,86580.2613408927,86588.324455347,8.06311445438769,15.5646969845368,15.5558692210071,-0.008827763529764,,,0.261579276796286,33998,34001
traveling,4.6,9.8488578017961,86588.324455347,86732.3023387518,143.97788340479,15.5558692210071,15.3976886982577,-0.158180522749383,4.59662375313554,,,34001,34047
planning,0.4,0,86732.3023387518,86741.9589924574,9.6566537055478,15.3976886982577,15.387122781361,-0.0105659168966685,,,0.396569337292032,34047,34051
dwelling,10.2,0,86741.9589924574,86967.9939677593,226.034975301911,15.387122781361,15.1398948114434,-0.247227969917615,,10.1555555060419,,34051,34153
planning,1,0,86967.9939677593,86995.9637643141,27.9697965547821,15.1398948114434,15.1091657544106,-0.030729057032838,,,0.92389217316523,34153,34163
traveling,5.3,12.369316876853,86995.9637643141,87177.292375376,181.328611061923,15.1091657544106,14.9089666571085,-0.200199097302034,5.22163501802997,,,34163,34216
planning,0.5,0,87177.292375376,87190.8073072869,13.5149319108896,14.9089666571085,14.8941054448612,-0.0148612122473288,,,0.400707339129259,34216,34221
dwelling,13.3,0,87190.8073072869,87515.0813299934,324.274022706522,14.8941054448612,14.5376719876669,-0.356433457194308,,13.2999999668913,,34221,34354
planning,0.7,0,87515.0813299934,87533.7457551242,18.6644251307589,14.5376719876669,14.5171019068321,-0.020570080834764,,,0.657902790267517,34354,34361
traveling,4.5,8.94427190999916,87533.7457551242,87689.3085412607,155.562786136521,14.5171019068321,14.3446532880963,-0.172448618735855,4.40843266671468,,,34361,34406
planning,0.2,0,87689.3085412607,87694.9316522556,5.62311099488579,14.3446532880963,14.338442671449,-0.00621061664729083,,,0.140090095488633,34406,34408
dwelling,12.6,0,87694.9316522556,87998.5238835807,303.59223132515,14.338442671449,14.0035757204296,-0.334866951019359,,12.5636363319511,,34408,34534
planning,0.9,0,87998.5238835807,88019.8308641856,21.3069806048297,14.0035757204296,13.980051955331,-0.0235237650986679,,,0.849765446033676,34534,34543
traveling,4.5,9.21954445729289,88019.8308641856,88152.8361076143,133.005243428765,13.980051955331,13.8325527997134,-0.147499155617592,4.47565372618875,,,34543,34588
planning,0.4,0,88152.8361076143,88162.8766609781,10.0405533638113,13.8325527997134,13.8214450795696,-0.011107720143805,,,0.307168846116297,34588,34592
dwelling,10.4,0,88162.8766609781,88369.7093056553,206.832644677197,13.8214450795696,13.593175013328,-0.228270066241542,,10.3222221604811,,34592,34696
planning,0.4,0,88369.7093056553,88377.0796109754,7.37030532008794,13.593175013328,13.5850419599915,-0.00813305333650227,,,0.397872853935375,34696,34700
traveling,4.9,11.1803398874989,88377.0796109754,88506.6809522502,129.601341274742,13.5850419599915,13.4411708794079,-0.143871080583576,4.95401960104183,,,34700,34749
planning,0.6,0,88506.6809522502,88521.1917986473,14.5108463971847,13.4411708794079,13.4250826398342,-0.0160882395737509,,,0.547978398634947,34749,34755
dwelling,12.2,0,88521.1917986473,88797.0094437174,275.81764507007,13.4250826398342,13.1192058764819,-0.305876763352273,,12.1666666648422,,34755,34877
planning,0.2,0,88797.0094437174,88802.778996675,5.76955295763037,13.1192058764819,13.1127755341322,-0.00643034234967033,,,0.152209510225055,34877,34879
traveling,4,7.61577310586391,88802.778996675,88937.751747565,134.972750889981,13.1127755341322,12.9617620521549,-0.151013481977339,3.90863718835317,,,34879,34919
planning,0.1,0,88937.751747565,88940.5096748437,2.75792727863882,12.9617620521549,12.9586872717198,-0.0030747804351261,,,0.0863815864669066,34919,34920
dwelling,16.1,0,88940.5096748437,89311.0097605665,370.500085722859,12.9586872717198,12.5461888198139,-0.41249845190584,,16.0117646436031,,34920,35081
planning,0.5,0,89311.0097605665,89323.0807777937,12.0710172271647,12.5461888198139,12.5327187944435,-0.0134700253704612,,,0.419511025997672,35081,35086
traveling,4.6,9.8488578017961,89323.0807777937,89458.2786970809,135.197919287253,12.5327187944435,12.3812236144556,-0.151495179987924,4.59662474512534,,,35086,35132
planning,0.6,0,89458.2786970809,89472.328657074,14.0499599930336,12.3812236144556,12.365533112441,-0.0156905020145999,,,0.577911603707085,35132,35138
dwelling,10.2,0,89472.328657074,89683.7497631988,211.421106124835,12.365533112441,12.1295989566255,-0.235934155815468,,10.1111111093964,,35138,35240
planning,0.3,0,89683.7497631988,89691.5853319654,7.83556876657531,12.1295989566255,12.1208167044961,-0.00878225212937878,,,0.288723174999892,35240,35243
traveling,5.3,12.369316876853,89691.5853319654,89851.1144189372,159.52908697183,12.1208167044961,11.9413955217197,-0.179421182776428,5.22163501802938,,,35243,35296
planning,0.4,0,89851.1144189372,89859.9442724294,8.82985349216324,11.9413955217197,11.9315103392062,-0.00988518251348935,,,0.317099324450287,35296,35300
dwelling,13.4,0,89859.9442724294,90121.1204718914,261.176199461974,11.9315103392062,11.6392278654947,-0.292282473711444,,13.3999999128157,,35300,35434
planning,0.7,0,90121.1204718914,90138.3430359651,17.2225640737306,11.6392278654947,11.619869109319,-0.019358756175702,,,0.636044726177021,35434,35441
traveling,4.5,8.94427190999916,90138.3430359651,90273.1768953905,134.833859425446,11.619869109319,11.4676524686862,-0.152216640632881,4.4084326672607,,,35441,35486
planning,0.4,0,90273.1768953905,90282.8188850108,9.64198962025694,11.4676524686862,11.4568037089258,-0.0108487597603641,,,0.368921122349491,35486,35490
dwelling,12.4,0,90282.8188850108,90570.6927002018,287.873815191037,11.4568037089258,11.132647454625,-0.324156254300794,,12.3909090087582,,35490,35614
planning,0.8,0,90570.6927002018,90590.5191531138,19.8264529120206,11.132647454625,11.1102682520149,-0.0223792026101393,,,0.722997799243022,35614,35622
traveling,4.5,9.21954445729289,90590.5191531138,90734.5721529903,144.052999876425,11.1102682520149,10.9467215074408,-0.163546744574099,4.47565372600171,,,35622,35667
planning,0.5,0,90734.5721529903,90747.6423135621,13.0701605718205,10.9467215074408,10.93193341538,-0.0147880920607388,,,0.400411651257654,35667,35672
dwelling,10.2,0,90747.6423135621,91014.0605287956,266.418215233527,10.93193341538,10.6300970597462,-0.301836355633828,,10.1888888137638,,35672,35774
planning,0.3,0,91014.0605287956,91023.2851438093,9.22461501367798,10.6300970597462,10.6196004310794,-0.0104966286667558,,,0.238663253895336,35774,35777
traveling,4.9,11.1803398874989,91023.2851438093,91212.787508491,189.502364681743,10.6196004310794,10.4025344937565,-0.217065937322941,4.95401960044383,,,35777,35826
planning,0.6,0,91212.787508491,91230.8006752923,18.0131668012764,10.4025344937565,10.3820066447385,-0.0205278490180199,,,0.54028344294765,35826,35832
dwelling,12.1,0,91230.8006752923,91545.9602505807,315.159575288359,10.3820066447385,10.023214179438,-0.35879246530048,,12.0666665730272,,35832,35953
planning,0.2,0,91545.9602505807,91551.9294753686,5.96922478789929,10.023214179438,10.0163904375999,-0.0068237418380992,,,0.193448988102467,35953,35955
traveling,0,7.61577310586391,91551.9294753686,,,10.0163904375999,,,3.9086371876905,,,35955,
