phase_type,duration,distance,energy_start,energy_end,energy_consumed,battery_start,battery_end,battery_delta,rho,tau,planning_time,start_time,end_time
traveling,9.89999999999998,19,0,326.38547616577,326.38547616577,100,99.6967350378509,-0.303264962149072,10,,,1,100
planning,0.1,0,326.38547616577,329.143260912097,2.75778474632637,99.6967350378509,99.6941788392829,-0.00255619856807243,,,0.0172099303565034,100,101
dwelling,6.59999999999999,0,329.143260912097,481.115618892988,151.972357980892,99.6941788392829,99.5535898726923,-0.140588966590556,,6.55555553107902,,101,167
planning,0.6,0,481.115618892988,496.609282408865,15.4936635158768,99.5535898726923,99.5392386093446,-0.0143512633476917,,,0.537166779797384,167,173
traveling,7.79999999999999,25.0798724079689,496.609282408865,776.733065722341,280.123783313475,99.5392386093446,99.2785200012491,-0.26071860809553,7.8221511637612,,,173,251
planning,0.1,0,776.733065722341,779.336319652555,2.60325393021401,99.2785200012491,99.2761081149957,-0.00241188625336974,,,0.0393678619499347,251,252
dwelling,10.2,0,779.336319652555,1026.47885711355,247.142537460992,99.2761081149957,99.0472941353826,-0.22881397961315,,10.1727272701689,,252,354
planning,0.7,0,1026.47885711355,1045.87198476861,19.3931276550595,99.0472941353826,99.0293109107688,-0.0179832246137153,,,0.616147196347347,354,361
traveling,4.5,9,1045.87198476861,1204.62174038305,158.749755614445,99.0293109107688,98.8815601852404,-0.147750725528468,4.40770417500848,,,361,406
planning,0.5,0,1204.62174038305,1218.24631869841,13.6245783153554,98.8815601852404,98.8689274848215,-0.0126327004189051,,,0.435833295262456,406,411
dwelling,5.4,0,1218.24631869841,1358.84613172945,140.599813031041,98.8689274848215,98.7386258203419,-0.13030166447956,,5.3333333104116,,411,465
planning,0.1,0,1358.84613172945,1361.9500988479,3.10396711844987,98.7386258203419,98.7357427691495,-0.0028830511923843,,,0.0534550778592168,465,466
traveling,4.6,9,1361.9500988479,1520.01958386991,158.069485022016,98.7357427691495,98.5886787282648,-0.1470640408847,4.55680036835106,,,466,512
planning,0.6,0,1520.01958386991,1536.17160158723,16.1520177173163,98.5886787282648,98.5737021676598,-0.0149765606049925,,,0.534367114825914,512,518
dwelling,4.8,0,1536.17160158723,1647.11220609384,110.940604506608,98.5737021676598,98.4710035982603,-0.102698569399578,,4.70909090936824,,518,566
planning,0.2,0,1647.11220609384,1652.45640155308,5.34419545924288,98.4710035982603,98.4660484541568,-0.00495514410344811,,,0.189825771409715,566,568
traveling,6.99999999999999,21.4709105535839,1652.45640155308,1877.24717124671,224.790769693629,98.4660484541568,98.2570840450484,-0.208964409108404,6.99971051949593,,,568,638
planning,0.1,0,1877.24717124671,1879.76332427953,2.51615303282347,98.2570840450484,98.2547523771599,-0.00233166788854078,,,0.084524295548337,638,639
dwelling,13,0,1879.76332427953,2184.43818326154,304.674858982012,98.2547523771599,97.9726021515722,-0.282150225587614,,12.9058822939606,,639,769
planning,0.8,0,2184.43818326154,2205.38910256149,20.9509192999403,97.9726021515722,97.9531751790635,-0.0194269725087679,,,0.72089127888192,769,777
traveling,7.09999999999999,21.4709105535839,2205.38910256149,2466.97679827883,261.58769571734,97.9531751790635,97.7093670578999,-0.243808121163568,7.10834179148646,,,777,848
planning,0.9,0,2466.97679827883,2493.49189421929,26.5150959404673,97.7093670578999,97.6847410976755,-0.0246259602243839,,,0.840531634445588,848,857
dwelling,9.09999999999999,0,2493.49189421929,2718.65810332202,225.166209102732,97.6847410976755,97.4760371588902,-0.208703938785348,,9.09999999932778,,857,948
planning,0.5,0,2718.65810332202,2732.66984537186,14.0117420498404,97.4760371588902,97.463030182495,-0.0130069763952179,,,0.478114316088192,948,953
traveling,4.5,9,2732.66984537186,2892.83211151757,160.162266145702,97.463030182495,97.3138228119347,-0.149207370560305,4.44816896838248,,,953,998
planning,0.5,0,2892.83211151757,2907.62351843963,14.7914069220669,97.3138228119347,97.3000812723498,-0.013741539584899,,,0.462509709567031,998,1003
dwelling,5.4,0,2907.62351843963,3052.74410412676,145.12058568713,97.3000812723498,97.1654151022146,-0.134666170135134,,5.34444440176304,,1003,1057
planning,0.8,0,3052.74410412676,3075.63321254756,22.8891084207994,97.1654151022146,97.144157781965,-0.0212573202496174,,,0.724435550163487,1057,1065
traveling,4.6,9,3075.63321254756,3231.00561856724,155.37240601968,97.144157781965,96.9995025751738,-0.144655206791228,4.55680036755358,,,1065,1111
planning,0.9,0,3231.00561856724,3255.18143541695,24.1758168497045,96.9995025751738,96.977065325679,-0.0224372494947431,,,0.880384234321393,1111,1120
dwelling,4.7,0,3255.18143541695,3370.1802995886,114.998864171655,96.977065325679,96.8704441768338,-0.10662114884525,,4.66363635502989,,1120,1167
planning,0.6,0,3370.1802995886,3386.10527324229,15.9249736536831,96.8704441768338,96.8556653655055,-0.0147788113283269,,,0.557786409792411,1167,1173
traveling,7.69999999999999,25.0798724079689,3386.10527324229,3657.41359433666,271.308321094378,96.8556653655055,96.6028520260853,-0.252813339420186,7.68103728987544,,,1173,1250
planning,0.8,0,3657.41359433666,3678.92938339684,21.5157890601736,96.6028520260853,96.5828782643538,-0.0199737617314497,,,0.785289001499322,1250,1258
dwelling,11.1,0,3678.92938339684,3935.27776901311,256.348385616271,96.5828782643538,96.3452806451115,-0.237597619242322,,11.0999999209809,,1258,1369
planning,0.4,0,3935.27776901311,3945.58503782597,10.3072688128605,96.3452806451115,96.3357153368955,-0.00956530821603963,,,0.304834735246444,1369,1373
traveling,7.79999999999999,25.0798724079689,3945.58503782597,4198.04570828608,252.460670460113,96.3357153368955,96.1006577078026,-0.235057629092836,7.83013416232657,,,1373,1451
planning,0.4,0,4198.04570828608,4206.27337969526,8.22767140918131,96.1006577078026,96.0930385701538,-0.00761913764881683,,,0.35424169474853,1451,1455
dwelling,9.59999999999998,0,4206.27337969526,4391.4099496398,185.136569944537,96.0930385701538,95.9216804323472,-0.171358137806621,,9.52727272689403,,1455,1551
planning,0.8,0,4391.4099496398,4408.91420512958,17.5042554897855,95.9216804323472,95.9054595694412,-0.0162208629059819,,,0.772044646228112,1551,1559
traveling,7.09999999999999,21.4709105535839,4408.91420512958,4612.54458809872,203.630382969136,95.9054595694412,95.7161503254464,-0.189309243994757,7.06787678459741,,,1559,1630
planning,0.2,0,4612.54458809872,4617.15587704894,4.61128895022284,95.7161503254464,95.7118743716376,-0.00427595380882906,,,0.118264191943064,1630,1632
dwelling,14.8,0,4617.15587704894,4902.49204018821,285.336163139264,95.7118743716376,95.447700353835,-0.264174017802588,,14.7470587482607,,1632,1780
planning,0.1,0,4902.49204018821,4904.60000739182,2.10796720361395,95.447700353835,95.4457470378752,-0.00195331595983816,,,0.0838929161422221,1780,1781
traveling,7.09999999999999,21.4709105535839,4904.60000739182,5107.73221821211,203.132210820289,95.4457470378752,95.256844414582,-0.18890262329316,7.10834179150469,,,1781,1852
planning,0.6,0,5107.73221821211,5121.60925456846,13.8770363563508,95.256844414582,95.2439721828149,-0.0128722317671617,,,0.512572230768184,1852,1858
dwelling,9.89999999999998,0,5121.60925456846,5341.27898579943,219.669731230965,95.2439721828149,95.0402743648383,-0.203697817976561,,9.83636362664373,,1858,1957
planning,0.3,0,5341.27898579943,5348.98274067088,7.70375487145338,95.0402743648383,95.0331193571169,-0.00715500772145106,,,0.219179161578036,1957,1960
traveling,4.5,9,5348.98274067088,5486.39417203962,137.411431368741,95.0331193571169,94.9051995303603,-0.127919826756582,4.44816830895122,,,1960,2005
planning,0.7,0,5486.39417203962,5503.76632753015,17.3721554905314,94.9051995303603,94.8890694231574,-0.016130107202855,,,0.647049046363185,2005,2012
dwelling,9.69999999999998,0,5503.76632753015,5722.17490453451,218.408577004354,94.8890694231574,94.6864649984267,-0.202604424730694,,9.67777770201771,,2012,2109
planning,0.7,0,5722.17490453451,5740.60440330834,18.4294987738303,94.6864649984267,94.6693392242663,-0.0171257741604336,,,0.61350045891827,2109,2116
traveling,4.6,9,5740.60440330834,5881.90163703338,141.297233725041,94.6693392242663,94.5377627158197,-0.131576508446614,4.55680036779656,,,2116,2162
planning,0.6,0,5881.90163703338,5897.19103476402,15.2893977306403,94.5377627158197,94.5235588165373,-0.0142038992823785,,,0.531668988170624,2162,2168
dwelling,6.59999999999999,0,5897.19103476402,6038.75419904714,141.563164283119,94.5235588165373,94.3922723282525,-0.131286488284758,,6.56363636339356,,2168,2234
planning,0.3,0,6038.75419904714,6046.66847480496,7.91427575782018,94.3922723282525,94.3849163049648,-0.00735602328771279,,,0.230134608309879,2234,2237
traveling,7.69999999999999,25.0798724079689,6046.66847480496,6324.38044572326,277.711970918305,94.3849163049648,94.125615117771,-0.259301187193856,7.68103797364348,,,2237,2314
planning,0.4,0,6324.38044572326,6336.20182864802,11.8213829247625,94.125615117771,94.1146100626939,-0.0110050550770922,,,0.331036179575897,2314,2318
dwelling,9.99999999999998,0,6336.20182864802,6577.93513345499,241.733304806961,94.1146100626939,93.8900719246868,-0.224538138007063,,9.98888881581924,,2318,2418
planning,0.3,0,6577.93513345499,6586.12757623609,8.19244278110818,93.8900719246868,93.8824515706636,-0.00762035402325978,,,0.272218245136804,2418,2421
traveling,7.79999999999999,25.0798724079689,6586.12757623609,6841.99018783448,255.86261159839,93.8824515706636,93.6438128221575,-0.238638748506062,7.83013416233354,,,2421,2499
planning,0.4,0,6841.99018783448,6852.22404187622,10.2338540417404,93.6438128221575,93.6342992446159,-0.00951357754159687,,,0.397364922787507,2499,2503
dwelling,8.99999999999999,0,6852.22404187622,7064.56389464146,212.339852765233,93.6342992446159,93.4370601443214,-0.197239100294496,,8.94545454491925,,2503,2593
planning,0.8,0,7064.56389464146,7083.78445768788,19.2205630464223,93.4370601443214,93.419202067892,-0.0178580764293912,,,0.761571385200034,2593,2601
traveling,7.09999999999999,21.4709105535839,7083.78445768788,7306.23628660289,222.45182891501,93.419202067892,93.2117835306146,-0.20741853727742,7.06787678699344,,,2601,2672
planning,1,0,7306.23628660289,7328.16881573682,21.9325291339292,93.2117835306146,93.1914212482254,-0.0203622823892005,,,0.992273996753189,2672,2682
dwelling,14.7,0,7328.16881573682,7641.67824734626,313.509431609443,93.1914212482254,92.9003895558893,-0.291031692336134,,14.6176469566888,,2682,2829
planning,0.5,0,7641.67824734626,7654.70119466146,13.0229473152012,92.9003895558893,92.8882743343427,-0.0121152215466083,,,0.403185961427748,2829,2834
traveling,7.09999999999999,21.4709105535839,7654.70119466146,7884.76497894292,230.063784281456,92.8882743343427,92.6735774355278,-0.214696898814893,7.10834179157392,,,2834,2905
planning,0.7,0,7884.76497894292,7901.80895110611,17.0439721631919,92.6735774355278,92.6577307043278,-0.0158467311999857,,,0.663012549138647,2905,2912
dwelling,10.2,0,7901.80895110611,8141.41239727248,239.603446166367,92.6577307043278,92.4350214276661,-0.222709276661703,,10.1363636368271,,2912,3014
planning,0.4,0,8141.41239727248,8151.76242899864,10.3500317261623,92.4350214276661,92.4253902957726,-0.00963113189347098,,,0.313989014406532,3014,3018
traveling,4.5,9,8151.76242899864,8293.84741215705,142.084983158411,92.4253902957726,92.292813503289,-0.132576792483562,4.44816909606728,,,3018,3063
planning,1,0,8293.84741215705,8319.49373082054,25.6463186634937,92.292813503289,92.2689482033419,-0.0238652999471469,,,0.932492707896485,3063,3073
dwelling,9.49999999999998,0,8319.49373082054,8527.51227863877,208.018547818221,92.2689482033419,92.0756789554415,-0.193269247900403,,9.45555548073746,,3073,3168
planning,0.9,0,8527.51227863877,8547.80491224293,20.2926336041637,92.0756789554415,92.0568186407624,-0.0188603146791309,,,0.842529704922582,3168,3177
traveling,4.6,9,8547.80491224293,8680.30815239921,132.503240156277,92.0568186407624,91.9332974642949,-0.123521176467463,4.55680036780233,,,3177,3223
planning,0.3,0,8680.30815239921,8687.96134454474,7.65319214553892,91.9332974642949,91.9261743874659,-0.00712307682897517,,,0.272932546316743,3223,3226
dwelling,6.99999999999999,0,8687.96134454474,8847.5684899648,159.607145420054,91.9261743874659,91.7777915276421,-0.148382859823784,,6.97272727276256,,3226,3296
planning,0.2,0,8847.5684899648,8852.78694753833,5.21845757353003,91.7777915276421,91.7729327319424,-0.00485879569973235,,,0.13502865125279,3296,3298
traveling,7.69999999999999,25.0798724079689,8852.78694753833,9102.27394506823,249.486997529903,91.7729327319424,91.5399176578157,-0.233015074126698,7.6810379760878,,,3298,3375
planning,0.7,0,9102.27394506823,9118.49915275308,16.2252076848472,91.5399176578157,91.5248274778493,-0.0150901799663643,,,0.634552472588851,3375,3382
dwelling,9.89999999999998,0,9118.49915275308,9322.90663717136,204.407484418285,91.5248274778493,91.3349165104891,-0.189910967360291,,9.83333330740468,,3382,3481
planning,0.5,0,9322.90663717136,9333.90890996189,11.0022727905234,91.3349165104891,91.3246876686924,-0.0102288417966321,,,0.427962897455415,3481,3486
traveling,7.79999999999999,25.0798724079689,9333.90890996189,9557.85237113403,223.943461172144,91.3246876686924,91.1158165481195,-0.208871120572923,7.83013416232817,,,3486,3564
planning,0.7,0,9557.85237113403,9574.45393634195,16.6015652079168,91.1158165481195,91.1003676940984,-0.0154488540210593,,,0.666183438699628,3564,3571
dwelling,8.79999999999999,0,9574.45393634195,9766.1689448619,191.715008519952,91.1003676940984,90.9221025953887,-0.178265098709701,,8.79090908487388,,3571,3659
planning,0.7,0,9766.1689448619,9782.69099084785,16.5220459859502,90.9221025953887,90.9067262790449,-0.0153763163438327,,,0.63137953719494,3659,3666
traveling,7.09999999999999,21.4709105535839,9782.69099084785,10017.8670629729,235.17607212503,90.9067262790449,90.6868540527679,-0.219872226277005,7.06787678775956,,,3666,3737
planning,0.1,0,10017.8670629729,10020.5879165881,2.72085361523568,90.6868540527679,90.6843173703512,-0.00253668241674632,,,0.0294754363895365,3737,3738
dwelling,15.8,0,10020.5879165881,10372.2674697931,351.679553204987,90.6843173703512,90.3571133589348,-0.327204011416384,,15.7294117205941,,3738,3896
planning,0.9,0,10372.2674697931,10392.6363685985,20.3688988053673,90.3571133589348,90.338156773493,-0.0189565854417992,,,0.870208498282919,3896,3905
traveling,7.09999999999999,21.4709105535839,10392.6363685985,10601.7819594706,209.14559087212,90.338156773493,90.1428736152944,-0.195283158198535,7.10834139688508,,,3905,3976
planning,0.3,0,10601.7819594706,10608.4552728809,6.67331341030877,90.1428736152944,90.1366631019563,-0.00621051333817491,,,0.26248430258907,3976,3979
dwelling,10.8,0,10608.4552728809,10850.0081841682,241.552911287312,90.1366631019563,89.9118231416548,-0.224839960301452,,10.7545454545546,,3979,4087
planning,0.4,0,10850.0081841682,10861.1451593711,11.1369752028604,89.9118231416548,89.9014307647929,-0.0103923768619296,,,0.380148415921325,4087,4091
traveling,4.5,9,10861.1451593711,11007.2058668661,146.060707495042,89.9014307647929,89.7648273320693,-0.136603432723618,4.44816909947043,,,4091,4136
planning,0.4,0,11007.2058668661,11017.8260691943,10.6202023281439,89.7648273320693,89.7549217240652,-0.00990560800408957,,,0.34006924269882,4136,4140
dwelling,10.2,0,11017.8260691943,11256.6878382246,238.861769030365,89.7549217240652,89.5324198142221,-0.222501909843089,,10.1888888550203,,4140,4242
planning,0.7,0,11256.6878382246,11274.8024155574,18.1145773327644,89.5324198142221,89.5155259855812,-0.0168938286408746,,,0.612426092929662,4242,4249
traveling,4.6,9,11274.8024155574,11419.6328640063,144.830448448894,89.5155259855812,89.3800799321928,-0.135446053388435,4.55680036781249,,,4249,4295
planning,0.4,0,11419.6328640063,11429.6940310526,10.0611670462804,89.3800799321928,89.3706987416759,-0.00938119051689057,,,0.387926620928555,4295,4299
dwelling,6.89999999999999,0,11429.6940310526,11577.0128690243,147.318837971743,89.3706987416759,89.2335572057263,-0.137141535949567,,6.83636363169731,,4299,4368
planning,0.9,0,11577.0128690243,11600.3742221711,23.3613531467636,89.2335572057263,89.2117642231389,-0.0217929825873995,,,0.866928200989662,4368,4377
traveling,7.69999999999999,25.0798724079689,11600.3742221711,11848.3967442132,248.022522042098,89.2117642231389,88.9796897407798,-0.232074482359067,7.68103797871774,,,4377,4454
planning,0.5,0,11848.3967442132,11861.0554606414,12.65871642823,88.9796897407798,88.9678818640853,-0.0118078766945615,,,0.44186186842079,4454,4459
dwelling,10.2,0,11861.0554606414,12095.0245754561,233.969114814743,88.9678818640853,88.7498480752415,-0.218033788843812,,10.1888888206984,,4459,4561
planning,0.8,0,12095.0245754561,12115.1240502857,20.0994748295179,88.7498480752415,88.7310976505952,-0.0187504246462566,,,0.777165444374688,4561,4569
traveling,7.79999999999999,25.0798724079689,12115.1240502857,12364.862295209,249.738244923366,88.7310976505952,88.4973449908847,-0.23375265971049,7.83013416231372,,,4569,4647
planning,0.5,0,12364.862295209,12376.5232596546,11.6609644456039,88.4973449908847,88.4864732374942,-0.0108717533905036,,,0.445635766493077,4647,4652
dwelling,9.19999999999999,0,12376.5232596546,12581.9427037437,205.419444089095,88.4864732374942,88.2950204629087,-0.1914527745855,,9.13636361175686,,4652,4744
planning,0.4,0,12581.9427037437,12590.7523692981,8.80966555439954,88.2950204629087,88.2868104211819,-0.00821004172685491,,,0.373956918784623,4744,4748
traveling,7.09999999999999,21.4709105535839,12590.7523692981,12794.7656504675,204.013281169362,88.2868104211819,88.0960716368975,-0.190738784284406,7.0678767884634,,,4748,4819
planning,0.3,0,12794.7656504675,12802.1004759124,7.33482544493745,88.0960716368975,88.0892275484385,-0.00684408845896201,,,0.261148815298172,4819,4822
dwelling,15.8,0,12802.1004759124,13134.1717649308,332.0712890184,88.0892275484385,87.7797980622566,-0.309429486181855,,15.7235293801994,,4822,4980
planning,0.7,0,13134.1717649308,13150.8672067287,16.6954417978359,87.7797980622566,87.7642196163517,-0.0155784459049357,,,0.641295069543758,4980,4987
traveling,7.09999999999999,21.4709105535839,13150.8672067287,13359.1424549287,208.275248200085,87.7642196163517,87.5693417834298,-0.194877832921932,7.10834139688388,,,4987,5058
planning,0.3,0,13359.1424549287,13365.5979810147,6.45552608597973,87.5693417834298,87.5633233940469,-0.00601838938288779,,,0.266051056767745,5058,5061
dwelling,10.8,0,13365.5979810147,13577.4210850622,211.823104047526,87.5633233940469,87.3659920971742,-0.197331296872647,,10.7545454545751,,5061,5169
planning,0.5,0,13577.4210850622,13589.2097539057,11.7886688434937,87.3659920971742,87.3549897147553,-0.0110023824189653,,,0.428507325620185,5169,5174
traveling,4.5,9,13589.2097539057,13716.5616333286,127.351879422828,87.3549897147553,87.235852887073,-0.119136827682297,4.4481691025743,,,5174,5219
planning,0.4,0,13716.5616333286,13725.1181127549,8.55647942634459,87.235852887073,87.2278740268667,-0.00797886020629335,,,0.319009454348862,5219,5223
dwelling,10.4,0,13725.1181127549,13919.7252616331,194.607148878173,87.2278740268667,87.0466027926645,-0.181271234202143,,10.3111110865018,,5223,5327
planning,0.4,0,13919.7252616331,13929.0842749033,9.35901327022475,87.0466027926645,87.037866325371,-0.00873646729351663,,,0.371396870345644,5327,5331
traveling,4.6,9,13929.0842749033,14070.7557966782,141.671521774928,87.037866325371,86.9051503511727,-0.132715974198362,4.55680036777208,,,5331,5377
planning,0.7,0,14070.7557966782,14089.2457515319,18.4899548536923,86.9051503511727,86.8878649475614,-0.0172854036112966,,,0.686978653366878,5377,5384
dwelling,6.49999999999999,0,14089.2457515319,14240.1475772108,150.901825678908,86.8878649475614,86.7469847247409,-0.140880222820499,,6.49999999981177,,5384,5449
planning,0.1,0,14240.1475772108,14242.9025299571,2.75495274630339,86.7469847247409,86.7444076032131,-0.00257712152777856,,,0.0926069281895395,5449,5450
traveling,7.69999999999999,25.0798724079689,14242.9025299571,14520.3456280694,277.443098112222,86.7444076032131,86.4837972875626,-0.260610315650467,7.68103797683963,,,5450,5527
planning,0.1,0,14520.3456280694,14523.084247865,2.73861979566936,86.4837972875626,86.4812350530105,-0.0025622345521441,,,0.0175871360509815,5527,5528
dwelling,10.5,0,14523.084247865,14790.6801480224,267.595900157396,86.4812350530105,86.2310554620217,-0.250179590988779,,10.47777773978,,5528,5633
planning,0.3,0,14790.6801480224,14799.0547008374,8.37455281497205,86.2310554620217,86.2232166894592,-0.00783877256253618,,,0.209724555852199,5633,5636
traveling,7.79999999999999,25.0798724079689,14799.0547008374,15068.7339152582,269.679214420816,86.2232166894592,85.9699650434211,-0.253251646038095,7.83013416231244,,,5636,5714
planning,0.1,0,15068.7339152582,15071.2489535495,2.51503829129615,85.9699650434211,85.9676133029752,-0.00235174044586017,,,0.096550011775396,5714,5715
dwelling,9.39999999999998,0,15071.2489535495,15276.9630710182,205.714117468697,85.9676133029752,85.7755177927003,-0.192095510274925,,9.3181818174456,,5715,5809
planning,0.3,0,15276.9630710182,15284.8001524674,7.83708144919183,85.7755177927003,85.7681850980729,-0.00733269462742214,,,0.284307056944633,5809,5812
traveling,7.09999999999999,21.4709105535839,15284.8001524674,15528.427747933,243.627595465639,85.7681850980729,85.5393255607141,-0.228859537358801,7.06787678730353,,,5812,5883
planning,0.8,0,15528.427747933,15548.5200581533,20.0923102202087,85.5393255607141,85.5205308656821,-0.0187946950319571,,,0.75389943543635,5883,5891
dwelling,15,0,15548.5200581533,15925.1600778937,376.640019740425,85.5205308656821,85.1681509584915,-0.352379907190596,,14.9058822683236,,5891,6041
planning,0.3,0,15925.1600778937,15933.6723979766,8.51232008291845,85.1681509584915,85.1601741355098,-0.00797682298174607,,,0.218754617582562,6041,6044
traveling,7.09999999999999,21.4709105535839,15933.6723979766,16199.2615103437,265.589112367057,85.1601741355098,84.9101813928404,-0.249992742669377,7.10834179161103,,,6044,6115
planning,0.8,0,16199.2615103437,16221.1444559112,21.8829455675477,84.9101813928404,84.8896795292641,-0.0205018635763139,,,0.772445012164498,6115,6123
dwelling,9.99999999999998,0,16221.1444559112,16473.3540701892,252.209614278008,84.8896795292641,84.6535835848041,-0.236095944460004,,9.99999999900974,,6123,6223
planning,0.6,0,16473.3540701892,16490.8924707985,17.5384006092791,84.6535835848041,84.6371344631926,-0.0164491216114584,,,0.515951641273745,6223,6229
traveling,4.5,9,16490.8924707985,16653.5993064275,162.706835629062,84.6371344631926,84.4840113700801,-0.153123093112512,4.44816830914354,,,6229,6274
planning,0.3,0,16653.5993064275,16662.5600482885,8.96074186090846,84.4840113700801,84.4756035026914,-0.00840786738869781,,,0.299940815791588,6274,6277
dwelling,10.2,0,16662.5600482885,16918.7443373232,256.184289034707,84.4756035026914,84.2357100848946,-0.239893417796779,,10.1111110744621,,6277,6379
planning,1,0,16918.7443373232,16944.9115248281,26.1671875049578,84.2357100848946,84.2111927021538,-0.0245173827407825,,,0.999622376814068,6379,6389
traveling,4.6,9,16944.9115248281,17083.9689646131,139.057439785021,84.2111927021538,84.0806417386952,-0.130550963458646,4.5568003677612,,,6389,6435
planning,0.8,0,17083.9689646131,17102.9184352279,18.949470614778,84.0806417386952,84.0629043351944,-0.017737403500746,,,0.738646394108168,6435,6443
dwelling,6.59999999999999,0,17102.9184352279,17240.0018395875,137.083404359571,84.0629043351944,83.9347462809255,-0.12815805426898,,6.50909088531452,,6443,6509
planning,0.8,0,17240.0018395875,17258.190113316,18.1882737284977,83.9347462809255,83.9177263718554,-0.0170199090700436,,,0.740299265685515,6509,6517
traveling,6.99999999999999,21.4709105535839,17258.190113316,17474.6606148098,216.470501493837,83.9177263718554,83.7143597116466,-0.203366660208829,6.99971045155097,,,6517,6587
planning,0.6,0,17474.6606148098,17489.0402388298,14.3796240199335,83.7143597116466,83.7008937180266,-0.0134659936199455,,,0.569372598638599,6587,6593
dwelling,8.89999999999999,0,17489.0402388298,17676.5000962264,187.459857396596,83.7008937180266,83.5255562662819,-0.175337451744738,,8.87647053162368,,6593,6682
planning,0.8,0,17676.5000962264,17695.4759839294,18.9758877030108,83.5255562662819,83.5077848605148,-0.0177714057671494,,,0.702220057890489,6682,6690
traveling,7.09999999999999,21.4709105535839,17695.4759839294,17921.1854650759,225.70948114655,83.5077848605148,83.295558887108,-0.212225973406746,7.10834179164255,,,6690,6761
planning,0.1,0,17921.1854650759,17923.436373874,2.25090879803975,83.295558887108,83.2934515734729,-0.00210731363510774,,,0.0111331745535199,6761,6762
dwelling,8.59999999999999,0,17923.436373874,18119.1570742154,195.720700341477,83.2934515734729,83.1101725906202,-0.183278982852741,,8.59090907294064,,6762,6848
planning,0.3,0,18119.1570742154,18127.6980917784,8.54101756300224,83.1101725906202,83.1021535301902,-0.00801906042995881,,,0.287820362215302,6848,6851
traveling,7.79999999999999,25.0798724079689,18127.6980917784,18405.718027618,278.019935839533,83.1021535301902,82.8401806199615,-0.261972910228721,7.78966913684562,,,6851,6929
planning,1,0,18405.718027618,18430.7340826972,25.0160550791988,82.8401806199615,82.8167238496895,-0.0234567702719914,,,0.969557110730802,6929,6939
dwelling,13.3,0,18430.7340826972,18745.5663225367,314.832239839528,82.8167238496895,82.5216480179892,-0.295075831700288,,13.2999999905498,,6939,7072
planning,1,0,18745.5663225367,18773.5409893518,27.9746668151129,82.5216480179892,82.495374098106,-0.0262739198831667,,,0.906760967501822,7072,7082
traveling,7.79999999999999,25.0798724079689,18773.5409893518,19045.9296893254,272.388699973617,82.495374098106,82.2386553220652,-0.256718776040799,7.83013376776117,,,7082,7160
planning,0.5,0,19045.9296893254,19058.6434283085,12.7137389830532,82.2386553220652,82.2267251875865,-0.0119301344787033,,,0.499187739281907,7160,7165
dwelling,10.6,0,19058.6434283085,19322.1985556989,263.555127390398,82.2267251875865,81.9794389310306,-0.247286256555952,,10.5181818177982,,7165,7271
planning,0.4,0,19322.1985556989,19331.8258954082,9.62733970933186,81.9794389310306,81.9704082969023,-0.00903063412829397,,,0.369378869515718,7271,7275
traveling,4.5,9,19331.8258954082,19466.6970275578,134.871132149579,81.9704082969023,81.8435327998229,-0.126875497079439,4.4077042994786,,,7275,7320
planning,0.2,0,19466.6970275578,19472.2728851603,5.57585760252914,81.8435327998229,81.8382928602028,-0.0052399396200542,,,0.180842969444504,7320,7322
dwelling,10.1,0,19472.2728851603,19716.2257799728,243.952894812501,81.8382928602028,81.6093959529678,-0.228896907235011,,10.0777777032092,,7322,7423
planning,1,0,19716.2257799728,19742.7255695882,26.4997896154018,81.6093959529678,81.5845024155141,-0.0248935374536643,,,0.934651742424613,7423,7433
traveling,4.6,9,19742.7255695882,19887.2834623872,144.557892798966,81.5845024155141,81.4483717697505,-0.1361306457636,4.55680036783679,,,7433,7479
planning,0.7,0,19887.2834623872,19904.1331696045,16.8497072172904,81.4483717697505,81.4325583895886,-0.0158133801618732,,,0.649833669074556,7479,7486
dwelling,6.59999999999999,0,19904.1331696045,20051.5051069853,147.371937380834,81.4325583895886,81.294342434004,-0.13821595558467,,6.53636363655512,,7486,7552
planning,0.5,0,20051.5051069853,20064.5384561057,13.0333491203819,81.294342434004,81.2820978176542,-0.012244616349733,,,0.403479979759889,7552,7557
traveling,6.99999999999999,21.4709105535839,20064.5384561057,20275.3809609653,210.842504859575,81.2820978176542,81.0836127770908,-0.19848504056344,6.99970974512186,,,7557,7627
planning,0.4,0,20275.3809609653,20284.5808770254,9.19991606013718,81.0836127770908,81.0749798774591,-0.00863289963174907,,,0.328727816354605,7627,7631
dwelling,16.1,0,20284.5808770254,20661.8941055929,377.313228567498,81.0749798774591,80.7207857071619,-0.354194170297205,,16.0294116947995,,7631,7792
planning,0.3,0,20661.8941055929,20670.0218049328,8.12769933987875,80.7207857071619,80.7131421410627,-0.00764356609913364,,,0.206803786857512,7792,7795
traveling,7.09999999999999,21.4709105535839,20670.0218049328,20913.8811983632,243.859393430426,80.7131421410627,80.4829940887757,-0.230148052287021,7.10834139688373,,,7795,7866
planning,0.5,0,20913.8811983632,20928.1270683975,14.2458700343195,80.4829940887757,80.4695851151513,-0.0134089736243794,,,0.429059933903769,7866,7871
dwelling,10.6,0,20928.1270683975,21204.7068376661,276.579769268585,80.4695851151513,80.209492245681,-0.260092869470327,,10.5545454384628,,7871,7977
planning,0.8,0,21204.7068376661,21226.2510809768,21.54424331064,80.209492245681,80.1892225607802,-0.0202696849008248,,,0.799983126597488,7977,7985
traveling,4.5,9,21226.2510809768,21371.398335695,145.147254718286,80.1892225607802,80.0522993918012,-0.13692316897901,4.44816898939842,,,7985,8030
planning,0.7,0,21371.398335695,21389.2713951966,17.8730595016059,80.0522993918012,80.0354918093518,-0.0168075824493741,,,0.630684393234948,8030,8037
dwelling,5.9,0,21389.2713951966,21520.3221014853,131.050706288606,80.0354918093518,79.9124273438026,-0.123064465549163,,5.86666665657082,,8037,8096
planning,0.1,0,21520.3221014853,21522.986329483,2.66422799777501,79.9124273438026,79.909920353323,-0.00250699047961689,,,0.0451980989617544,8096,8097
traveling,4.6,9,21522.986329483,21677.2777453755,154.291415892425,79.909920353323,79.7642405974212,-0.145679755901824,4.55680036758035,,,8097,8143
planning,0.6,0,21677.2777453755,21693.8564381477,16.5786927722256,79.7642405974212,79.7486309341212,-0.0156096632999834,,,0.543643590408624,8143,8149
dwelling,5,0,21693.8564381477,21811.2706367421,117.414198594397,79.7486309341212,79.6382783871515,-0.110352546969651,,4.96363636323694,,8149,8199
planning,0.5,0,21811.2706367421,21825.5281479605,14.2575112184568,79.6382783871515,79.624847174821,-0.0134312123305165,,,0.496012260461923,8199,8204
traveling,7.69999999999999,25.0798724079689,21825.5281479605,22097.5886711609,272.060523200351,79.624847174821,79.367670251728,-0.257176923093027,7.68103802144289,,,8204,8281
planning,0.9,0,22097.5886711609,22120.3787139441,22.7900427832137,79.367670251728,79.3462263327738,-0.0214439189542475,,,0.841576032862135,8281,8290
dwelling,12.4,0,22120.3787139441,22389.2680707809,268.889356836771,79.3462263327738,79.0935982018065,-0.252628130967267,,12.3555555481802,,8290,8414
planning,0.5,0,22389.2680707809,22402.1799671551,12.9118963742694,79.0935982018065,79.0814429188015,-0.0121552830050007,,,0.400299609789809,8414,8419
traveling,7.79999999999999,25.0798724079689,22402.1799671551,22659.4242674953,257.244300340142,79.0814429188015,78.838387741368,-0.243055177433476,7.83013416236348,,,8419,8497
planning,0.6,0,22659.4242674953,22673.5797901346,14.1555226392811,78.838387741368,78.8250718362718,-0.0133159050962064,,,0.576544853507704,8497,8503
dwelling,9.89999999999998,0,22673.5797901346,22885.0456171932,211.46582705859,78.8250718362718,78.6263267785396,-0.198745057732168,,9.87272726756521,,8503,8602
planning,0.5,0,22885.0456171932,22897.3152760804,12.2696588872204,78.6263267785396,78.6147774927509,-0.0115492857887602,,,0.431531890977799,8602,8607
traveling,7.09999999999999,21.4709105535839,22897.3152760804,23135.5144232828,238.19914720242,78.6147774927509,78.3895570701578,-0.225220422593083,7.06787678647866,,,8607,8678
planning,0.8,0,23135.5144232828,23157.6131377292,22.0987144464016,78.3895570701578,78.3687214832855,-0.0208355868722663,,,0.761004918571954,8678,8686
dwelling,14.7,0,23157.6131377292,23510.071125819,352.457988089787,78.3687214832855,78.0368846268372,-0.331836856448277,,14.6764705182959,,8686,8833
planning,0.8,0,23510.071125819,23533.3900204141,23.3188945950897,78.0368846268372,78.0148754203914,-0.0220092064458015,,,0.718434488108851,8833,8841
traveling,7.09999999999999,21.4709105535839,23533.3900204141,23777.8975708098,244.50755039576,78.0148754203914,77.783488180063,-0.231387240328431,7.10834179160351,,,8841,8912
planning,0.5,0,23777.8975708098,23792.506570344,14.6089995341354,77.783488180063,77.7696957540961,-0.0137924259669546,,,0.457244624001166,8912,8917
dwelling,10.4,0,23792.506570344,24053.7982455,261.291675156011,77.7696957540961,77.5234297628315,-0.246265991264536,,10.372727238157,,8917,9021
planning,0.9,0,24053.7982455,24076.5419859488,22.7437404487791,77.5234297628315,77.501990145595,-0.0214396172365383,,,0.842410696794571,9021,9030
traveling,4.5,9,24076.5419859488,24224.6249220335,148.082936084706,77.501990145595,77.3618778607386,-0.140112284856343,4.44816910482167,,,9030,9075
planning,0.4,0,24224.6249220335,24235.4972576834,10.8723356499504,77.3618778607386,77.3516184211933,-0.0102594395453224,,,0.39057159013332,9075,9079
dwelling,10.4,0,24235.4972576834,24479.1670033763,243.669745692863,77.3516184211933,77.1220460418633,-0.229572379330065,,10.399999945544,,9079,9183
planning,0.2,0,24479.1670033763,24484.1346752803,4.96767190403989,77.1220460418633,77.1173622781865,-0.00468376367678047,,,0.165908202093553,9183,9185
traveling,4.6,9,24484.1346752803,24617.401916945,133.267241664667,77.1173622781865,76.9914501370865,-0.125912141099974,4.55680036781348,,,9185,9231
planning,0.2,0,24617.401916945,24622.0812672102,4.67935026521081,76.9914501370865,76.9870405224103,-0.00440961467616319,,,0.133217228685687,9231,9233
dwelling,6.99999999999999,0,24622.0812672102,24760.7507658003,138.669498590116,76.9870405224103,76.8565664850188,-0.130474037391551,,6.92727272702558,,9233,9303
planning,0.9,0,24760.7507658003,24780.1769825506,19.4262167503148,76.8565664850188,76.8382724788081,-0.0182940062106809,,,0.838376267524289,9303,9312
traveling,7.69999999999999,25.0798724079689,24780.1769825506,25032.3829559366,252.205973386004,76.8382724788081,76.5994409638942,-0.238831514913954,7.68103797909307,,,9312,9389
planning,0.4,0,25032.3829559366,25043.0152848996,10.6323289629981,76.5994409638942,76.5894028779506,-0.0100380859435774,,,0.322037224412159,9389,9393
dwelling,10.4,0,25043.0152848996,25291.4902387244,248.474953824738,76.5894028779506,76.3550693679233,-0.234333510027284,,10.3111110704111,,9393,9497
planning,0.1,0,25291.4902387244,25294.2134760531,2.72323732870791,76.3550693679233,76.3524969290439,-0.00257243887942593,,,0.00578753112448926,9497,9498
traveling,7.79999999999999,25.0798724079689,25294.2134760531,25559.4312067679,265.217730714798,76.3524969290439,76.1011126102058,-0.251384318838035,7.83013416232313,,,9498,9576
planning,0.8,0,25559.4312067679,25579.904879465,20.4736726971314,76.1011126102058,76.0817818462348,-0.0193307639710696,,,0.751305868724385,9576,9584
dwelling,8.69999999999999,0,25579.904879465,25786.4296444532,206.524764988222,76.0817818462348,75.886923945651,-0.194857900583756,,8.61818181855559,,9584,9671
planning,0.8,0,25786.4296444532,25807.4187424656,20.9890980123891,75.886923945651,75.8670961685944,-0.0198277770566051,,,0.799557816705739,9671,9679
traveling,7.09999999999999,21.4709105535839,25807.4187424656,26041.4075289037,233.988786438113,75.8670961685944,75.6452888417477,-0.221807326846672,7.06787678814884,,,9679,9750
planning,0.9,0,26041.4075289037,26061.8271309424,20.4196020386589,75.6452888417477,75.6260255092074,-0.0192633325403762,,,0.832492556553625,9750,9759
dwelling,15.1,0,26061.8271309424,26390.9228755638,329.095744621463,75.6260255092074,75.3156246508593,-0.310400858348032,,15.0352940784661,,9759,9910
planning,0.8,0,26390.9228755638,26413.591991463,22.6691158991198,75.3156246508593,75.2941764614875,-0.0214481893718528,,,0.755722303031553,9910,9918
traveling,7.09999999999999,21.4709105535839,26413.591991463,26655.0790228651,241.487031402103,75.2941764614875,75.0650385989373,-0.229137862550189,7.10834139688361,,,9918,9989
planning,0.1,0,26655.0790228651,26657.6734516961,2.5944288310784,75.0650385989373,75.0625859771542,-0.00245262178309247,,,0.0415550772130681,9989,9990
dwelling,11,0,26657.6734516961,26925.0938706433,267.420418947124,75.0625859771542,74.8099297915132,-0.252656185641001,,10.9545454547317,,9990,10100
planning,0.1,0,26925.0938706433,26927.7062178973,2.61234725404938,74.8099297915132,74.8074593628611,-0.00247042865213132,,,0.0930797426571073,10100,10101
traveling,4.5,9,26927.7062178973,27070.7348377681,143.028619870827,74.8074593628611,74.6718068585588,-0.135652504302271,4.44816910003584,,,10101,10146
planning,0.3,0,27070.7348377681,27077.7016300457,6.96679227755158,74.6718068585588,74.6652263115259,-0.00658054703286837,,,0.211425243703345,10146,10149
dwelling,10.4,0,27077.7016300457,27300.7168742308,223.015244185121,74.6652263115259,74.454719608542,-0.210506702983892,,10.311111100599,,10149,10253
planning,0.4,0,27300.7168742308,27309.8942045316,9.17733030073941,74.454719608542,74.4460501912135,-0.00866941732856219,,,0.346801194666545,10253,10257
traveling,4.6,9,27309.8942045316,27437.4896299019,127.595425370364,74.4460501912135,74.3252296817917,-0.120820509421804,4.5568003678356,,,10257,10303
planning,0.7,0,27437.4896299019,27453.1770491863,15.6874192843788,74.3252296817917,74.3104119839315,-0.0148176978601668,,,0.609822486178632,10303,10310
dwelling,6.49999999999999,0,27453.1770491863,27590.1681200436,136.991070857297,74.3104119839315,74.1810799828685,-0.129332001063005,,6.46363636170008,,10310,10375
planning,1,0,27590.1681200436,27618.2221579776,28.0540379339873,74.1810799828685,74.1545083588861,-0.0265716239824201,,,0.994286178579941,10375,10385
traveling,7.69999999999999,25.0798724079689,27618.2221579776,27881.9569590322,263.734801054619,74.1545083588861,73.903926311697,-0.250582047189013,7.68103797796671,,,10385,10462
planning,0.9,0,27881.9569590322,27906.9510953774,24.9941363451726,73.903926311697,73.8802489563906,-0.0236773553064324,,,0.802171773909143,10462,10471
dwelling,9.79999999999998,0,27906.9510953774,28135.8185102323,228.867414854951,73.8802489563906,73.6638420489243,-0.21640690746635,,9.74444440161662,,10471,10569
planning,0.8,0,28135.8185102323,28155.0702486996,19.2517384672428,73.6638420489243,73.6456309568614,-0.0182110920628276,,,0.794049772363956,10569,10577
traveling,7.79999999999999,25.0798724079689,28155.0702486996,28416.7034435649,261.633194865368,73.6456309568614,73.3969637951339,-0.248667161727496,7.83013416229234,,,10577,10655
planning,0.9,0,28416.7034435649,28439.1703690318,22.4669254668261,73.3969637951339,73.3756964877605,-0.0212673073734919,,,0.868520188482589,10655,10664
dwelling,8.79999999999999,0,28439.1703690318,28645.0400437741,205.869674742298,73.3756964877605,73.180931656222,-0.194764831538407,,8.73636363022024,,10664,10752
planning,0.5,0,28645.0400437741,28657.4107917997,12.3707480256162,73.180931656222,73.1692199813548,-0.0117116748672714,,,0.492897216448602,10752,10757
traveling,7.09999999999999,21.4709105535839,28657.4107917997,28891.478625639,234.067833839275,73.1692199813548,72.9467165560269,-0.22250342532783,7.06787678820392,,,10757,10828
planning,0.7,0,28891.478625639,28909.6580400097,18.1794143707739,72.9467165560269,72.9294915522551,-0.0172250037718129,,,0.651720713173152,10828,10835
dwelling,15.3,0,28909.6580400097,29221.2008784256,311.54283841591,72.9294915522551,72.634992576121,-0.294498976134165,,15.2529411115165,,10835,10988
planning,1,0,29221.2008784256,29241.9943040597,20.7934256340741,72.634992576121,72.615330842415,-0.019661733705945,,,0.94924773024779,10988,10998
traveling,7.09999999999999,21.4709105535839,29241.9943040597,29472.7457808336,230.751476773868,72.615330842415,72.3958750273111,-0.219455815103956,7.10834139688418,,,10998,11069
planning,0.7,0,29472.7457808336,29491.0949552128,18.349174379171,72.3958750273111,72.3784768333769,-0.0173981939341985,,,0.641716043749518,11069,11076
dwelling,10.5,0,29491.0949552128,29717.5188334015,226.423878188762,72.3784768333769,72.1642158689845,-0.214260964392381,,10.427272722746,,11076,11181
planning,0.1,0,29717.5188334015,29720.0937094155,2.57487601397224,72.1642158689845,72.1617743703983,-0.00244149858620801,,,0.0136907079331228,11181,11182
traveling,4.5,9,29720.0937094155,29860.4913769772,140.397667561741,72.1617743703983,72.0282867198386,-0.13348765055963,4.4481691025743,,,11182,11227
planning,0.4,0,29860.4913769772,29871.6011496944,11.1097727172164,72.0282867198386,72.0177409352809,-0.0105457845577774,,,0.397973352548745,11227,11231
dwelling,10.4,0,29871.6011496944,30108.8691977684,237.268048073929,72.0177409352809,71.7929932927232,-0.224747642557716,,10.311111083762,,11231,11335
planning,0.8,0,30108.8691977684,30129.5240444569,20.6548466884778,71.7929932927232,71.7733994969924,-0.0195937957307137,,,0.789507295403463,11335,11343
traveling,4.6,9,30129.5240444569,30281.366774661,151.842730204138,71.7733994969924,71.6288207922304,-0.144578704762054,4.55680036780209,,,11343,11389
planning,0.8,0,30281.366774661,30303.8213228463,22.4545481852983,71.6288207922304,71.6074937830107,-0.0213270092196751,,,0.795164469300737,11389,11397
dwelling,6.59999999999999,0,30303.8213228463,30476.2719619203,172.45063907405,71.6074937830107,71.4438295986251,-0.163664184385652,,6.54545454317373,,11397,11463
planning,0.4,0,30476.2719619203,30488.6887969424,12.4168350220789,71.4438295986251,71.4320176382047,-0.0118119604203883,,,0.348019482903936,11463,11467
traveling,7.69999999999999,25.0798724079689,30488.6887969424,30783.9072579398,295.218460997363,71.4320176382047,71.150114199344,-0.281903438860624,7.68103797852983,,,11467,11544
planning,0.3,0,30783.9072579398,30792.5736463212,8.66638838140352,71.150114199344,71.1418755868617,-0.00823861248233015,,,0.231454235949206,11544,11547
dwelling,10.4,0,30792.5736463212,31035.5286892688,242.955042947578,71.1418755868617,70.911468540269,-0.230407046592745,,10.3777777692061,,11547,11651
planning,0.8,0,31035.5286892688,31056.3997476,20.8710583312095,70.911468540269,70.8916480493143,-0.0198204909546433,,,0.771513410310111,11651,11659
traveling,7.79999999999999,25.0798724079689,31056.3997476,31332.2106557201,275.810908120176,70.8916480493143,70.6284772862563,-0.263170763058028,7.83013416230732,,,11659,11737
planning,0.6,0,31332.2106557201,31347.8217420397,15.6110863195972,70.6284772862563,70.613647866577,-0.0148294196793444,,,0.552789582668432,11737,11743
dwelling,9.09999999999999,0,31347.8217420397,31549.3950146049,201.57327256514,70.613647866577,70.4224834992554,-0.191164367321576,,9.03636363567914,,11743,11834
planning,0.1,0,31549.3950146049,31552.0891843366,2.69416973168336,70.4224834992554,70.4199225696763,-0.00256092957911846,,,0.0201121561440312,11834,11835
traveling,7.09999999999999,21.4709105535839,31552.0891843366,31816.8071796599,264.717995323375,70.4199225696763,70.1669864000988,-0.252936169577481,7.06787678807796,,,11835,11906
planning,0.5,0,31816.8071796599,31831.3130216313,14.5058419713241,70.1669864000988,70.1531806471967,-0.013805752902087,,,0.453187056195841,11906,11911
dwelling,15.5,0,31831.3130216313,32221.1108944082,389.797872776966,70.1531806471967,69.7827777680602,-0.370402879136535,,15.4176469817435,,11911,12066
planning,0.3,0,32221.1108944082,32230.1779927091,9.06709830083128,69.7827777680602,69.7741397039509,-0.00863806410929158,,,0.218148791388569,12066,12069
traveling,7.09999999999999,21.4709105535839,32230.1779927091,32487.0151213091,256.837128600007,69.7741397039509,69.5287009004609,-0.245438803489932,7.10834179160415,,,12069,12140
planning,0.8,0,32487.0151213091,32508.7556973652,21.7405760561414,69.5287009004609,69.5080123705161,-0.0206885299448203,,,0.787442035965909,12140,12148
dwelling,10.1,0,32508.7556973652,32748.6993004475,239.943603082262,69.5080123705161,69.2800082375402,-0.22800413297594,,10.0727272643608,,12148,12249
planning,0.9,0,32748.6993004475,32772.5795640819,23.880263634459,69.2800082375402,69.2572839727328,-0.0227242648073371,,,0.800055464716858,12249,12258
traveling,4.5,9,32772.5795640819,32921.0452448924,148.465680810441,69.2572839727328,69.1155521123918,-0.141731860341054,4.44816909975335,,,12258,12303
planning,0.1,0,32921.0452448924,32923.8987622956,2.85351740322949,69.1155521123918,69.1128337258368,-0.00271838655496026,,,0.0149414441250411,12303,12304
dwelling,10.5,0,32923.8987622956,33194.4767149403,270.577952644679,69.1128337258368,68.8553608365747,-0.257472889262075,,10.4999999714337,,12304,12409
planning,0.4,0,33194.4767149403,33205.6217578426,11.1450429023025,68.8553608365747,68.8447437298675,-0.0106171067072438,,,0.331796050759367,12409,12413
traveling,4.6,9,33205.6217578426,33355.7145575519,150.09279970936,68.8447437298675,68.7014116731427,-0.14333205672483,4.55680036783472,,,12413,12459
planning,0.4,0,33355.7145575519,33367.1373425931,11.422785041148,68.7014116731427,68.690524542001,-0.0108871311416436,,,0.331613547350544,12459,12463
dwelling,6.79999999999999,0,33367.1373425931,33519.5174314802,152.380088887119,68.690524542001,68.5456849840882,-0.144839557912832,,6.72727271318487,,12463,12531
planning,0.9,0,33519.5174314802,33541.9014830695,22.3840515892516,68.5456849840882,68.5243832666144,-0.0213017174737473,,,0.828091790007003,12531,12540
traveling,7.69999999999999,25.0798724079689,33541.9014830695,33788.6996690841,246.798186014646,68.5243832666144,68.2886386708134,-0.23574459580108,7.68103797683952,,,12540,12617
planning,0.4,0,33788.6996690841,33798.0029370021,9.30326791797415,68.2886386708134,68.279789372406,-0.00884929840736959,,,0.341906724929587,12617,12621
dwelling,10.2,0,33798.0029370021,34018.9731999109,220.970262908777,68.279789372406,68.0697258569985,-0.210063515407469,,10.1777777233531,,12621,12723
planning,0.6,0,34018.9731999109,34034.0404069905,15.0672070796791,68.0697258569985,68.0553778949805,-0.01434796201805,,,0.565013572815923,12723,12729
traveling,7.79999999999999,25.0798724079689,34034.0404069905,34292.2114708547,258.171063864167,68.0553778949805,67.8085061706719,-0.246871724308534,7.83013416230288,,,12729,12807
planning,0.8,0,34292.2114708547,34313.2178714601,21.0064006053508,67.8085061706719,67.7884858483505,-0.0200203223214857,,,0.750715043355517,12807,12815
dwelling,8.79999999999999,0,34313.2178714601,34535.4470686885,222.229197228451,67.7884858483505,67.5767476703012,-0.211738178049217,,8.72727271751294,,12815,12903
planning,0.5,0,34535.4470686885,34551.3205914065,15.873522718015,67.5767476703012,67.5615763749664,-0.0151712953348238,,,0.437559158853371,12903,12908
traveling,7.09999999999999,21.4709105535839,34551.3205914065,34813.9354285493,262.61483714277,67.5615763749664,67.3098761055579,-0.251700269408474,7.06787678820381,,,12908,12979
planning,0.5,0,34813.9354285493,34826.7203188346,12.7848902853293,67.3098761055579,67.2976883213989,-0.0121877841590106,,,0.493382745870668,12979,12984
dwelling,15.5,0,34826.7203188346,35150.1031934072,323.382874572548,67.2976883213989,66.9900209303794,-0.307667391019493,,15.4529411083037,,12984,13139
planning,0.9,0,35150.1031934072,35170.5058752233,20.4026818161728,66.9900209303794,66.9705901140231,-0.0194308163563619,,,0.802093181455427,13139,13148
traveling,7.09999999999999,21.4709105535839,35170.5058752233,35412.5852184724,242.07934324909,66.9705901140231,66.7387129481663,-0.231877165856829,7.1083413968844,,,13148,13219
planning,0.5,0,35412.5852184724,35426.8453570145,14.2601385420785,66.7387129481663,66.7250911044069,-0.0136218437593243,,,0.486449292752107,13219,13224
dwelling,10.6,0,35426.8453570145,35685.430619725,258.585262710505,66.7250911044069,66.4785097641273,-0.246581340279604,,10.5909090907116,,13224,13330
planning,0.5,0,35685.430619725,35699.1572710211,13.7266512960632,66.4785097641273,66.4654001533265,-0.0131096108008393,,,0.441930741479837,13330,13335
traveling,4.5,9,35699.1572710211,35862.313384313,163.15611329196,66.4654001533265,66.308882941438,-0.15651721188847,4.44816910172932,,,13335,13380
planning,0.5,0,35862.313384313,35878.5002271031,16.1868427900554,66.308882941438,66.2933848395569,-0.0154981018811498,,,0.406393093076115,13380,13385
dwelling,10.2,0,35878.5002271031,36144.3267745921,265.826547489029,66.2933848395569,66.039569990587,-0.253814848969867,,10.1777777745973,,13385,13487
planning,0.1,0,36144.3267745921,36147.1795525144,2.85277792223496,66.039569990587,66.0368427009071,-0.00272728967991043,,,0.0266776017121627,13487,13488
traveling,4.6,9,36147.1795525144,36296.8991868396,149.719634325207,66.0368427009071,65.8934108562091,-0.143431844697957,4.55680036783246,,,13488,13534
planning,0.7,0,36296.8991868396,36314.6070739563,17.7078871167178,65.8934108562091,65.8765044723419,-0.0169063838672372,,,0.615122193292809,13534,13541
dwelling,6.39999999999999,0,36314.6070739563,36470.5614565186,155.95438256229,65.8765044723419,65.7276573249591,-0.148847147382781,,6.35454545116613,,13541,13605
planning,0.4,0,36470.5614565186,36481.2563266388,10.6948701201763,65.7276573249591,65.7174377042241,-0.0102196207350147,,,0.372212671332582,13605,13609
traveling,7.69999999999999,25.0798724079689,36481.2563266388,36756.6318779194,275.375551280616,65.7174377042241,65.4530877296859,-0.264349974538192,7.68103797665168,,,13609,13686
planning,0.6,0,36756.6318779194,36773.6050579171,16.9731799977526,65.4530877296859,65.4368516680348,-0.0162360616510853,,,0.575534044286226,13686,13692
dwelling,9.99999999999998,0,36773.6050579171,37018.0109393306,244.405881413455,65.4368516680348,65.2034411510608,-0.233410516974018,,9.96666664578512,,13692,13792
planning,0.1,0,37018.0109393306,37020.6186019178,2.6076625871865,65.2034411510608,65.2009486189975,-0.00249253206331446,,,0.00727345306805638,13792,13793
traveling,7.79999999999999,25.0798724079689,37020.6186019178,37282.8953206664,262.276718748653,65.2009486189975,64.9492593368745,-0.251689282122982,7.83013416232864,,,13793,13871
planning,1,0,37282.8953206664,37306.2649521868,23.3696315203561,64.9492593368745,64.9269427796341,-0.022316557240373,,,0.935868455104186,13871,13881
dwelling,8.39999999999999,0,37306.2649521868,37496.8198572945,190.554905107711,64.9269427796341,64.7450055194306,-0.181937260203554,,8.345454518294,,13881,13965
planning,0.4,0,37496.8198572945,37508.1940864792,11.3742291847375,64.7450055194306,64.7341154624312,-0.0108900569993438,,,0.370442918798932,13965,13969
traveling,7.09999999999999,21.4709105535839,37508.1940864792,37766.5544901001,258.360403620871,64.7341154624312,64.4857213339132,-0.248394128518001,7.06787678705664,,,13969,14040
planning,0.5,0,37766.5544901001,37780.4604804625,13.9059903623638,64.4857213339132,64.4724070431461,-0.0133142907670987,,,0.477343231760488,14040,14045
dwelling,15.2,0,37780.4604804625,38119.6723081063,339.211827643798,64.4724070431461,64.1483785396276,-0.324028503518548,,15.1352941098546,,14045,14197
planning,0.8,0,38119.6723081063,38139.1671071845,19.4947990782166,64.1483785396276,64.1297358760964,-0.0186426635311676,,,0.750747869670998,14197,14205
traveling,7.09999999999999,21.4709105535839,38139.1671071845,38365.0226943915,225.855587207072,64.1297358760964,63.9129028391245,-0.216833036971948,7.10834179164866,,,14205,14276
planning,0.9,0,38365.0226943915,38386.598580602,21.5758862104631,63.9129028391245,63.8922680059391,-0.0206348331853548,,,0.835817006136603,14276,14285
dwelling,10.1,0,38386.598580602,38618.8945826816,232.296002079551,63.8922680059391,63.6701731633928,-0.222094842546326,,10.0454545456591,,14285,14386
planning,1,0,38618.8945826816,38646.0340426875,27.1394600059284,63.6701731633928,63.644171140155,-0.0260020232377656,,,0.929889106774738,14386,14396
traveling,4.5,9,38646.0340426875,38790.9400634199,144.906020732429,63.644171140155,63.5049755514848,-0.139195588670226,4.4481690977712,,,14396,14441
planning,0.1,0,38790.9400634199,38793.6384690725,2.69840565258346,63.5049755514848,63.502389967688,-0.00258558379682228,,,0.0366162505895519,14441,14442
dwelling,10.5,0,38793.6384690725,39043.3431234363,249.704654363763,63.502389967688,63.2634481750503,-0.238941792637704,,10.4222222056456,,14442,14547
planning,0.2,0,39043.3431234363,39048.259522455,4.91639901871531,63.2634481750503,63.2587412832688,-0.00470689178142436,,,0.179939974838467,14547,14549
traveling,4.6,9,39048.259522455,39184.0914945785,135.831972123531,63.2587412832688,63.1283661877103,-0.130375095558584,4.55680036782002,,,14549,14595
planning,0.6,0,39184.0914945785,39198.6153197268,14.5238251482806,63.1283661877103,63.1144613877442,-0.013904799966113,,,0.54899769246539,14595,14601
dwelling,6.49999999999999,0,39198.6153197268,39327.7158308899,129.100511163131,63.1144613877442,62.9911037505916,-0.123357637152516,,6.45454545321107,,14601,14666
planning,0.3,0,39327.7158308899,39334.4608547714,6.7450238815145,62.9911037505916,62.9846503978111,-0.00645335278050396,,,0.218619427718791,14666,14669
traveling,7.69999999999999,25.0798724079689,39334.4608547714,39576.1846743571,241.723819585663,62.9846503978111,62.7523086990473,-0.232341698763847,7.68103797589981,,,14669,14746
planning,1,0,39576.1846743571,39600.8330924624,24.6484181053238,62.7523086990473,62.72869501405,-0.0236136849973221,,,0.943945448540021,14746,14756
dwelling,9.59999999999998,0,39600.8330924624,39815.1921912673,214.359098804838,62.72869501405,62.5235277772312,-0.205167236818752,,9.52222222143951,,14756,14852
planning,0.9,0,39815.1921912673,39836.9405665868,21.7483753195847,62.5235277772312,62.5026914251408,-0.0208363520903916,,,0.861478960748996,14852,14861
traveling,7.79999999999999,25.0798724079689,39836.9405665868,40103.1294188149,266.188852228101,62.5026914251408,62.2463533468041,-0.256338078336761,7.83013416231851,,,14861,14939
planning,0.6,0,40103.1294188149,40120.4330354941,17.3036166791862,62.2463533468041,62.2297331476371,-0.0166201991669155,,,0.595149110138384,14939,14945
dwelling,9.09999999999999,0,40120.4330354941,40356.9058318777,236.472796383619,62.2297331476371,62.0028697479628,-0.226863399674293,,9.03636361152327,,14945,15036
planning,0.2,0,40356.9058318777,40362.3782504552,5.47241857749759,62.0028697479628,61.9976156209355,-0.00525412702730677,,,0.18616302950738,15036,15038
traveling,7.09999999999999,21.4709105535839,40362.3782504552,40618.7254226769,256.347172221685,61.9976156209355,61.7503750857045,-0.247240535231008,7.06787678782414,,,15038,15109
planning,0.2,0,40618.7254226769,40624.3711830532,5.64576037625375,61.7503750857045,61.744950623209,-0.0054244624955615,,,0.126938505814758,15109,15111
dwelling,15.7,0,40624.3711830532,40973.9019698676,349.530786814466,61.744950623209,61.4099782367339,-0.334972386475052,,15.6470587599584,,15111,15268
planning,1,0,40973.9019698676,40995.1925513775,21.2905815098711,61.4099782367339,61.3895801888787,-0.0203980478551955,,,0.9893334696805,15268,15278
traveling,7.09999999999999,21.4709105535839,40995.1925513775,41211.1661327406,215.973581363069,61.3895801888787,61.1817071242639,-0.207873064614795,7.1083413968843,,,15278,15349
planning,1,0,41211.1661327406,41236.3421615152,25.1760287745637,61.1817071242639,61.1575355609798,-0.0241715632841775,,,0.978096169536066,15349,15359
dwelling,10.1,0,41236.3421615152,41481.3839760151,245.041814499942,61.1575355609798,60.9223222487115,-0.235213312268229,,10.0909090912052,,15359,15460
planning,1,0,41481.3839760151,41510.9661827172,29.5822067020781,60.9223222487115,60.8938515445294,-0.0284707041821051,,,0.941278625758492,15460,15470
traveling,4.5,9,41510.9661827172,41665.3176025268,154.351419809609,60.8938515445294,60.7449252809105,-0.14892626361889,4.44816910144718,,,15470,15515
planning,0.8,0,41665.3176025268,41684.7963141998,19.4787116730586,60.7449252809105,60.7262209642845,-0.0187043166260139,,,0.702483008969785,15515,15523
dwelling,9.89999999999998,0,41684.7963141998,41881.0149692143,196.218655014454,60.7262209642845,60.5381731820248,-0.188047782259694,,9.86666665579648,,15523,15622
planning,0.7,0,41881.0149692143,41894.4541660813,13.4391968669588,60.5381731820248,60.5252962660581,-0.0128769159667073,,,0.628494276625724,15622,15629
traveling,4.6,9,41894.4541660813,41996.4939986844,102.039832603128,60.5252962660581,60.4273686899046,-0.0979275761535163,4.55680036785982,,,15629,15675
planning,0.3,0,41996.4939986844,42002.3784545657,5.88445588132163,60.4273686899046,60.4217286037035,-0.00564008620114009,,,0.207178697852317,15675,15678
dwelling,6.99999999999999,0,42002.3784545657,42136.3675972988,133.989142733066,60.4217286037035,60.2933187182437,-0.128409885459774,,6.9727272727478,,15678,15748
planning,0.3,0,42136.3675972988,42143.1477444806,6.78014718186751,60.2933187182437,60.2868098958763,-0.00650882236734418,,,0.240303516327871,15748,15751
traveling,7.69999999999999,25.0798724079689,42143.1477444806,42366.6079513375,223.4602068569,60.2868098958763,60.0715834571693,-0.215226438707028,7.68103797852992,,,15751,15828
planning,0.5,0,42366.6079513375,42377.8622077159,11.2542563783209,60.0715834571693,60.0607770062667,-0.010806450902642,,,0.469489967369933,15828,15833
dwelling,10.2,0,42377.8622077159,42607.496471553,229.634263837179,60.0607770062667,59.840240878895,-0.220536127371624,,10.177777741082,,15833,15935
planning,0.9,0,42607.496471553,42631.1892248325,23.6927532794798,59.840240878895,59.8174428360698,-0.0227980428252152,,,0.800944431534323,15935,15944
traveling,7.79999999999999,25.0798724079689,42631.1892248325,42895.8403362498,264.651111417326,59.8174428360698,59.5617617276431,-0.255681108426749,7.83013416228412,,,15944,16022
planning,0.7,0,42895.8403362498,42915.2512326875,19.4108964376719,59.5617617276431,59.543064824988,-0.0186969026551225,,,0.609720987712848,16022,16029
dwelling,8.99999999999999,0,42915.2512326875,43120.8896543245,205.638421637013,59.543064824988,59.3454187008775,-0.197646124110456,,8.97272727292084,,16029,16119
planning,0.6,0,43120.8896543245,43137.9432616996,17.05360737507,59.3454187008775,59.3289824540117,-0.0164362468658084,,,0.588678335359406,16119,16125
traveling,7.09999999999999,21.4709105535839,43137.9432616996,43378.3278716771,240.384609977511,59.3289824540117,59.0966283446236,-0.232354109388062,7.06787678872215,,,16125,16196
planning,0.8,0,43378.3278716771,43399.8886013762,21.560729699042,59.0966283446236,59.0758560243001,-0.0207723203234877,,,0.734944052725254,16196,16204
dwelling,15.3,0,43399.8886013762,43781.0149041149,381.12630273871,59.0758560243001,58.7089240388798,-0.366931985420315,,15.2941176441436,,16204,16357
planning,1,0,43781.0149041149,43812.5630107141,31.5481065992717,58.7089240388798,58.6784471601689,-0.0304768787108927,,,0.944924758617872,16357,16367
traveling,7.09999999999999,21.4709105535839,43812.5630107141,44092.6556687445,280.092658030415,58.6784471601689,58.4066790107424,-0.271768149426542,7.10834139688465,,,16367,16438
planning,0.2,0,44092.6556687445,44098.007822743,5.35215399848676,58.4066790107424,58.4015185038954,-0.00516050684703373,,,0.180285439557082,16438,16440
dwelling,11,0,44098.007822743,44370.1211124064,272.113289663335,58.4015185038954,58.1393537417026,-0.262164762192782,,10.9636363352028,,16440,16550
planning,0.7,0,44370.1211124064,44389.1753423878,19.0542299814624,58.1393537417026,58.1209712351404,-0.0183825065622187,,,0.637773457314001,16550,16557
traveling,4.5,9,44389.1753423878,44539.0489672462,149.873624858374,58.1209712351404,57.9759195753423,-0.145051659798099,4.44816910341785,,,16557,16602
planning,0.4,0,44539.0489672462,44550.1157691885,11.0668019422737,57.9759195753423,57.9652384189737,-0.010681156368527,,,0.362536857221573,16602,16606
dwelling,10.4,0,44550.1157691885,44784.1931584231,234.077389234604,57.9652384189737,57.739834047872,-0.225404371101781,,10.3444444232338,,16606,16710
planning,0.6,0,44784.1931584231,44799.5916379078,15.398479484742,57.739834047872,57.7249817373623,-0.0148523105096814,,,0.54374994712572,16710,16716
traveling,4.6,9,44799.5916379078,44946.6602441426,147.068606234796,57.7249817373623,57.5826658162226,-0.142315921139691,4.55680036782485,,,16716,16762
planning,0.3,0,44946.6602441426,44954.2116667834,7.55142264081223,57.5826658162226,57.5753824827507,-0.00728333347186805,,,0.298348690634622,16762,16765
dwelling,6.99999999999999,0,44954.2116667834,45102.1798649149,147.96819813145,57.5753824827507,57.4329257439888,-0.14245673876195,,6.97272726355874,,16765,16835
planning,0.4,0,45102.1798649149,45111.7378940676,9.55802915268578,57.4329257439888,57.4237108376862,-0.00921490630257438,,,0.336645913148936,16835,16839
traveling,7.69999999999999,25.0798724079689,45111.7378940676,45352.8124503976,241.074556329986,57.4237108376862,57.1903825136299,-0.23332832405633,7.68103712150937,,,16839,16916
planning,0.7,0,45352.8124503976,45369.4204424403,16.6079920427292,57.1903825136299,57.1743667487554,-0.0160157648745027,,,0.623357997297772,16916,16923
dwelling,10.1,0,45369.4204424403,45589.2687879902,219.848345549915,57.1743667487554,56.9625213060619,-0.211845442693445,,10.0333332664792,,16923,17024
planning,0.9,0,45589.2687879902,45613.5698434806,24.3010554904176,56.9625213060619,56.9390429833859,-0.0234783226759774,,,0.84602312325386,17024,17033
traveling,7.79999999999999,25.0798724079689,45613.5698434806,45886.7568372287,273.186993748117,56.9390429833859,56.6739857065708,-0.265057276815128,7.8301341622926,,,17033,17111
planning,0.8,0,45886.7568372287,45907.5482076149,20.7913703861705,56.6739857065708,56.653900286897,-0.0200854196737694,,,0.756886608234078,17111,17119
dwelling,8.99999999999999,0,45907.5482076149,46121.3465249519,213.798317336972,56.653900286897,56.4475492354997,-0.206351051397341,,8.90909090832136,,17119,17209
planning,0.3,0,46121.3465249519,46129.7943453811,8.44782042919542,56.4475492354997,56.4393773361403,-0.00817189935939666,,,0.26735524811147,17209,17212
traveling,7.09999999999999,21.4709105535839,46129.7943453811,46365.1399659536,235.345620572487,56.4393773361403,56.2111052982085,-0.22827203793176,7.06787678859621,,,17212,17283
planning,0.8,0,46365.1399659536,46385.4132390825,20.2732731289725,56.2111052982085,56.1915142899481,-0.01959100826042,,,0.711902282978194,17283,17291
dwelling,15.3,0,46385.4132390825,46745.4771596536,360.063920571076,56.1915142899481,55.8437770885932,-0.347737201354946,,15.2588234514615,,17291,17444
planning,0.7,0,46745.4771596536,46761.8570921908,16.3799325371801,55.8437770885932,55.8279552857259,-0.0158218028672295,,,0.612400045307715,17444,17451
traveling,7.09999999999999,21.4709105535839,46761.8570921908,46974.9235333273,213.066441136514,55.8279552857259,55.6214253335659,-0.206529952160004,7.10834139688361,,,17451,17522
planning,0.7,0,46974.9235333273,46990.4704294636,15.5468961363003,55.6214253335659,55.6064121641491,-0.015013169416811,,,0.622629857784063,17522,17529
dwelling,10.4,0,46990.4704294636,47201.7553106692,211.284881205553,55.6064121641491,55.4025229422603,-0.203889221888822,,10.3545454544132,,17529,17633
planning,0.3,0,47201.7553106692,47209.6515203185,7.89620964930509,55.4025229422603,55.3948805379697,-0.00764240429059981,,,0.263057220402044,17633,17636
traveling,4.5,9,47209.6515203185,47345.4901201472,135.838599828712,55.3948805379697,55.2631374567263,-0.131743081243386,4.44816910116508,,,17636,17681
planning,0.1,0,47345.4901201472,47347.8993877716,2.40926762438176,55.2631374567263,55.2608076869461,-0.00232976978021071,,,0.0714122957649198,17681,17682
dwelling,10.6,0,47347.8993877716,47592.9219115232,245.022523751679,55.2608076869461,55.0239395161836,-0.236868170762534,,10.5555555500934,,17682,17788
planning,0.2,0,47592.9219115232,47597.8161742041,4.89426268087118,55.0239395161836,55.0192043189085,-0.00473519727502492,,,0.130096479339719,17788,17790
traveling,4.6,9,47597.8161742041,47736.603264326,138.78709012187,55.0192043189085,54.8845255012047,-0.134678817703808,4.55680036782139,,,17790,17836
planning,0.5,0,47736.603264326,47750.3215166664,13.7182523404335,54.8845255012047,54.8712314821283,-0.0132940190764543,,,0.485126336327351,17836,17841
dwelling,6.59999999999999,0,47750.3215166664,47900.8589142091,150.537397542699,54.8712314821283,54.7256497645541,-0.145581717574217,,6.59090908709679,,17841,17907
planning,0.6,0,47900.8589142091,47914.017326829,13.1584126199232,54.7256497645541,54.7129290488678,-0.0127207156862497,,,0.557202676743496,17907,17913
traveling,7.69999999999999,25.0798724079689,47914.017326829,48110.9728158606,196.955489031556,54.7129290488678,54.5221491265817,-0.190779922286161,7.68103797665173,,,17913,17990
planning,0.5,0,48110.9728158606,48121.1050818188,10.1322659581856,54.5221491265817,54.5123589131393,-0.00979021344233644,,,0.416794696654255,17990,17995
dwelling,10.1,0,48121.1050818188,48319.4933001893,198.38821837055,54.5123589131393,54.3206972680054,-0.191661645133955,,10.0666666462757,,17995,18096
planning,0.6,0,48319.4933001893,48333.9791733902,14.4858732009234,54.3206972680054,54.306670541746,-0.0140267262594094,,,0.525746761855734,18096,18102
traveling,7.79999999999999,25.0798724079689,48333.9791733902,48566.2297313756,232.25055798539,54.306670541746,54.0810935115982,-0.225577030147733,7.83013416231894,,,18102,18180
planning,0.5,0,48566.2297313756,48577.8108282563,11.5810968806327,54.0810935115982,54.0698810384963,-0.0112124731019136,,,0.498311068708596,18180,18185
dwelling,9.09999999999999,0,48577.8108282563,48779.7652135142,201.954385257908,54.0698810384963,53.8744100737161,-0.195470964780242,,9.02727270758943,,18185,18276
planning,0.5,0,48779.7652135142,48793.452386767,13.6871732528452,53.8744100737161,53.8611277101776,-0.0132823635384938,,,0.483079008026614,18276,18281
traveling,7.09999999999999,21.4709105535839,48793.452386767,49032.2135590402,238.761172273131,53.8611277101776,53.6286475063945,-0.232480203783069,7.06787678762839,,,18281,18352
planning,0.8,0,49032.2135590402,49053.6970394837,21.4834804435159,53.6286475063945,53.6077971521581,-0.0208503542364085,,,0.762654951154105,18352,18360
dwelling,15,0,49053.6970394837,49392.1760738781,338.479034394382,53.6077971521581,53.279887657524,-0.327909494634056,,14.9941175988633,,18360,18510
planning,0.8,0,49392.1760738781,49412.5388939079,20.3628200298917,53.279887657524,53.2601284412507,-0.0197592162733287,,,0.771574138332645,18510,18518
traveling,7.09999999999999,21.4709105535839,49412.5388939079,49651.9237917891,239.384897881122,53.2601284412507,53.0268262937335,-0.233302147517186,7.10834139688318,,,18518,18589
planning,0.5,0,49651.9237917891,49665.1777603353,13.2539685461888,53.0268262937335,53.0139540265838,-0.012872267149703,,,0.414285447431926,18589,18594
dwelling,10.5,0,49665.1777603353,49916.2800036737,251.102243338428,53.0139540265838,52.7703370505793,-0.243616976004517,,10.4818181515292,,18594,18699
planning,0.9,0,49916.2800036737,49942.5232416011,26.243237927396,52.7703370505793,52.7448069872943,-0.0255300632850464,,,0.811921193787961,18699,18708
traveling,4.5,9,49942.5232416011,50095.2010050046,152.677763403495,52.7448069872943,52.5958988366693,-0.148908150624933,4.44816910060074,,,18708,18753
planning,0.6,0,50095.2010050046,50111.5650138073,16.3640088027314,52.5958988366693,52.5799901161552,-0.015908720514112,,,0.572406638852499,18753,18759
dwelling,10.1,0,50111.5650138073,50371.941279209,260.376265401654,52.5799901161552,52.3269709282855,-0.253019187869683,,10.0333333254514,,18759,18860
planning,1,0,50371.941279209,50403.9758843416,32.0346051326633,52.3269709282855,52.2957424999419,-0.0312284283436384,,,0.98725973008218,18860,18870
traveling,4.6,9,50403.9758843416,50572.9737105259,168.997826184321,52.2957424999419,52.1305588447072,-0.165183655234721,4.55680036781984,,,18870,18916
planning,0.1,0,50572.9737105259,50575.8562748321,2.88256430615002,52.1305588447072,52.1277524659666,-0.00280637874056566,,,0.0812634860241317,18916,18917
dwelling,7.29999999999999,0,50575.8562748321,50759.3908082732,183.534533441067,52.1277524659666,51.9493635900201,-0.178388875946496,,7.28181817259261,,18917,18990
planning,0.1,0,50759.3908082732,50762.286395811,2.89558753783786,51.9493635900201,51.9465435897135,-0.00282000030656349,,,0.047131253025221,18990,18991
traveling,7.69999999999999,25.0798724079689,50762.286395811,51039.9593346293,277.672938818258,51.9465435897135,51.6750576623289,-0.271485927384639,7.68103797834226,,,18991,19068
planning,0.9,0,51039.9593346293,51063.3365439204,23.3772092911022,51.6750576623289,51.652313978663,-0.0227436836658796,,,0.843618518620558,19068,19077
dwelling,9.79999999999998,0,51063.3365439204,51293.5580452595,230.22150133914,51.652313978663,51.4285574146128,-0.223756564050277,,9.76666663869703,,19077,19175
planning,0.1,0,51293.5580452595,51296.4138481075,2.85580284799653,51.4285574146128,51.425774514467,-0.00278290014572491,,,0.0707860896548786,19175,19176
traveling,7.79999999999999,25.0798724079689,51296.4138481075,51583.0769027392,286.663054631725,51.425774514467,51.1451862341964,-0.280588280270614,7.83013416236974,,,19176,19254
planning,0.7,0,51583.0769027392,51602.9778023373,19.9008995981203,51.1451862341964,51.1257859248923,-0.019400309304082,,,0.658461901870795,19254,19261
dwelling,8.69999999999999,0,51602.9778023373,51817.4732680677,214.495465730404,51.1257859248923,50.917026819914,-0.208759104978292,,8.6818181754322,,19261,19348
planning,0.9,0,51817.4732680677,51841.1913786086,23.7181105408308,50.917026819914,50.8939205070914,-0.0231063128226197,,,0.837512989209228,19348,19357
traveling,7.09999999999999,21.4709105535839,51841.1913786086,52085.7815859425,244.59020733396,50.8939205070914,50.6545942287445,-0.239326278346951,7.06787678821047,,,19357,19428
planning,0.5,0,52085.7815859425,52098.9986642536,13.2170783110632,50.6545942287445,50.6417124929125,-0.0128817358319893,,,0.40598991378603,19428,19433
dwelling,15.5,0,52098.9986642536,52440.2911179966,341.292453743037,50.6417124929125,50.3096920256625,-0.332020467249933,,15.4529411231997,,19433,19588
planning,0.2,0,52440.2911179966,52444.988893369,4.69777537238406,50.3096920256625,50.3051175830235,-0.00457444263906837,,,0.16006708695881,19588,19590
traveling,7.09999999999999,21.4709105535839,52444.988893369,52662.7424493318,217.753555962765,50.3051175830235,50.09225681517,-0.212860767853442,7.10834179158045,,,19590,19661
planning,0.5,0,52662.7424493318,52674.2982495067,11.5558001749596,50.09225681517,50.0810025572575,-0.0112542579125474,,,0.407488085101175,19661,19666
dwelling,10.4,0,52674.2982495067,52891.9105197183,217.612270211524,50.0810025572575,49.8692535193219,-0.211749037935562,,10.3363636325954,,19666,19770
planning,0.2,0,52891.9105197183,52896.7260208932,4.81550117493316,49.8692535193219,49.8645598475218,-0.00469367180016889,,,0.138804957241811,19770,19772
traveling,4.5,9,52896.7260208932,53026.7735417412,130.047520847984,49.8645598475218,49.7374745619588,-0.127085285562927,4.44816909606663,,,19772,19817
planning,1,0,53026.7735417412,53049.8757083122,23.1021665710141,49.7374745619588,49.7149624677702,-0.0225120941886772,,,0.983461030117891,19817,19827
dwelling,9.49999999999998,0,53049.8757083122,53239.1632294219,189.287521109705,49.7149624677702,49.5307627833295,-0.184199684440628,,9.45555554551095,,19827,19922
planning,0.6,0,53239.1632294219,53252.2426512258,13.0794218039446,49.5307627833295,49.5180214511304,-0.0127413321990915,,,0.518587490201534,19922,19928
traveling,4.6,9,53252.2426512258,53382.2587352426,130.016084016715,49.5180214511304,49.3909264205666,-0.127095030563886,4.55680036779864,,,19928,19974
planning,0.8,0,53382.2587352426,53401.5568526389,19.2981173963417,49.3909264205666,49.3721014739099,-0.0188249466566504,,,0.74922218215447,19974,19982
dwelling,6.39999999999999,0,53401.5568526389,53538.7907420162,137.233889377247,49.3721014739099,49.2383907964148,-0.133710677495124,,6.36363635194726,,19982,20046
planning,0.9,0,53538.7907420162,53561.283476094,22.4927340778013,49.2383907964148,49.2164348787848,-0.0219559176299455,,,0.839390459051504,20046,20055
traveling,7.69999999999999,25.0798724079689,53561.283476094,53829.9059382006,268.622462106614,49.2164348787848,48.9528042149051,-0.263630663879766,7.68103797646384,,,20055,20132
planning,0.9,0,53829.9059382006,53853.2111069535,23.3051687529514,48.9528042149051,48.9300346022877,-0.0227696126173171,,,0.830512688905273,20132,20141
dwelling,9.69999999999998,0,53853.2111069535,54083.5901314451,230.379024491565,48.9300346022877,48.7051396595735,-0.224894942714229,,9.65555552200449,,20141,20238
planning,0.2,0,54083.5901314451,54089.0300201017,5.43988865663414,48.7051396595735,48.6998193028329,-0.00532035674060438,,,0.195693849368965,20238,20240
traveling,7.79999999999999,25.0798724079689,54089.0300201017,54356.8126926751,267.782672573412,48.6998193028329,48.4368900361732,-0.262929266659761,7.83013416237062,,,20240,20318
planning,0.6,0,54356.8126926751,54371.9345578144,15.1218651392846,48.4368900361732,48.4221082404919,-0.0147817956812091,,,0.552649844216659,20318,20324
dwelling,8.79999999999999,0,54371.9345578144,54578.3493831077,206.414825293308,48.4221082404919,48.2204678689156,-0.201640371576353,,8.78181817574073,,20324,20412
planning,0.9,0,54578.3493831077,54601.7602499971,23.4108668893896,48.2204678689156,48.1975659116539,-0.0229019572616451,,,0.850971636966499,20412,20421
traveling,7.09999999999999,21.4709105535839,54601.7602499971,54847.7509247711,245.990674773951,48.1975659116539,47.9557832247268,-0.241782686927188,7.06787678768996,,,20421,20492
planning,0.9,0,54847.7509247711,54870.6398862852,22.8889615141743,47.9557832247268,47.9333883219631,-0.022394902763665,,,0.82941851176438,20492,20501
dwelling,15,0,54870.6398862852,55216.6734477101,346.033561424825,47.9333883219631,47.5951097998444,-0.338278522118742,,14.9117645935135,,20501,20651
planning,0.8,0,55216.6734477101,55238.7635183297,22.0900706196553,47.5951097998444,47.5734601472877,-0.0216496525566399,,,0.704112582217105,20651,20659
traveling,7.09999999999999,21.4709105535839,55238.7635183297,55494.0205317713,255.257013441558,47.5734601472877,47.322096572509,-0.251363574778722,7.10834139688393,,,20659,20730
planning,0.7,0,55494.0205317713,55511.5742905345,17.553758763177,47.322096572509,47.3049062910246,-0.0171902814843818,,,0.617219328029792,20730,20737
dwelling,10.4,0,55511.5742905345,55745.7163387942,234.142048259731,47.3049062910246,47.0758507805993,-0.22905551042534,,10.3181818182651,,20737,20841
planning,0.4,0,55745.7163387942,55756.0532171425,10.3368783482802,47.0758507805993,47.0657198877673,-0.0101308928319241,,,0.359886474190986,20841,20845
traveling,4.5,9,55756.0532171425,55885.549196543,129.495979400584,47.0657198877673,46.9385906099066,-0.12712927786071,4.44816910031847,,,20845,20890
planning,0.4,0,55885.549196543,55894.3996198871,8.85042334409809,46.9385906099066,46.9299303433715,-0.00866026653518048,,,0.342616326566547,20890,20894
dwelling,10.3,0,55894.3996198871,56121.4583295635,227.058709676305,46.9299303433715,46.7077019450207,-0.222228398350737,,10.2222221523428,,20894,20997
planning,0.2,0,56121.4583295635,56126.9507916692,5.49246210569981,46.7077019450207,46.7023111755313,-0.00539076948942352,,,0.137225430824424,20997,20999
traveling,4.6,9,56126.9507916692,56272.1631207057,145.212329036585,46.7023111755313,46.5594582972171,-0.142852878314201,4.5568003686499,,,20999,21045
planning,0.4,0,56272.1631207057,56282.3704848904,10.2073641846218,46.5594582972171,46.5494468650896,-0.0100114321275342,,,0.397690191895109,21045,21049
dwelling,6.69999999999999,0,56282.3704848904,56436.5609762173,154.190491326895,46.5494468650896,46.3983813567462,-0.151065508343308,,6.69090907475071,,21049,21116
planning,0.4,0,56436.5609762173,56447.1946145358,10.6336383185917,46.3983813567462,46.3879433847883,-0.0104379719579342,,,0.394175452408912,21116,21120
traveling,7.69999999999999,25.0798724079689,56447.1946145358,56733.6452678993,286.450653363478,46.3879433847883,46.105094176687,-0.282849208101283,7.68103797665168,,,21120,21197
planning,0.1,0,56733.6452678993,56736.480253781,2.83498588170914,46.105094176687,46.1023074778082,-0.00278669887880767,,,0.0961657111866669,21197,21198
dwelling,10.5,0,56736.480253781,56991.7477183746,255.26746459354,46.1023074778082,45.8518301315044,-0.25047734630386,,10.4666665952758,,21198,21303
planning,0.4,0,56991.7477183746,57002.5171033578,10.7693849832503,45.8518301315044,45.8412467121128,-0.0105834193915584,,,0.33298789645457,21303,21307
traveling,7.79999999999999,25.0798724079689,57002.5171033578,57262.8534246277,260.336321269904,45.8412467121128,45.5844823306614,-0.256764381451404,7.83013416233713,,,21307,21385
planning,0.3,0,57262.8534246277,57269.9508830208,7.09745839310926,45.5844823306614,45.5775153207496,-0.00696700991181132,,,0.201584581680698,21385,21388
dwelling,9.19999999999999,0,57269.9508830208,57462.4084113917,192.457528370876,45.5775153207496,45.3888014062152,-0.188713914534368,,9.15454542249474,,21388,21480
planning,0.5,0,57462.4084113917,57475.6574442675,13.249032875814,45.3888014062152,45.3757729024322,-0.0130285037830049,,,0.426339132493609,21480,21485
traveling,7.09999999999999,21.4709105535839,57475.6574442675,57711.7840173879,236.126573120338,45.3757729024322,45.1426989780815,-0.23307392435072,7.06787678737878,,,21485,21556
planning,0.9,0,57711.7840173879,57736.540331103,24.7563137151083,45.1426989780815,45.1183311518222,-0.0243678262593008,,,0.848896116379947,21556,21565
dwelling,14.9,0,57736.540331103,58115.8047995209,379.264468417947,45.1183311518222,44.7452515205133,-0.373079631308904,,14.8235293575976,,21565,21714
planning,0.5,0,58115.8047995209,58130.0996107366,14.2948112156737,44.7452515205133,44.7311630220108,-0.0140884985024954,,,0.463267859665542,21714,21719
traveling,7.09999999999999,21.4709105535839,58130.0996107366,58389.8464277478,259.746817011226,44.7311630220108,44.4740283592314,-0.257134662779421,7.10834179161797,,,21719,21790
planning,0.1,0,58389.8464277478,58392.8136254815,2.96719773364021,44.4740283592314,44.4711009355816,-0.0029274236497514,,,0.0425754609689879,21790,21791
dwelling,10.8,0,58392.8136254815,58675.1125540458,282.298928564371,44.4711009355816,44.1929984243127,-0.278102511268969,,10.7727272570268,,21791,21899
planning,0.3,0,58675.1125540458,58683.7556139879,8.64305994205642,44.1929984243127,44.1844702467899,-0.00852817752277701,,,0.264600127623188,21899,21902
traveling,4.5,9,58683.7556139879,58835.6514840951,151.895870107182,44.1844702467899,44.0341792658008,-0.150290980989105,4.4481690963517,,,21902,21947
planning,0.7,0,58835.6514840951,58853.4429631721,17.7914790770592,44.0341792658008,44.0166484064879,-0.0175308593128634,,,0.631520468662081,21947,21954
dwelling,9.79999999999998,0,58853.4429631721,59091.6258338098,238.182870637684,44.0166484064879,43.782023365893,-0.234625040594921,,9.76666662507533,,21954,22052
planning,0.4,0,59091.6258338098,59102.6905406318,11.0647068219914,43.782023365893,43.7711032350217,-0.0109201308712699,,,0.367146252973413,22052,22056
traveling,4.6,9,59102.6905406318,59260.4849013712,157.794360739375,43.7711032350217,43.6147823723513,-0.156320862670427,4.55680036784755,,,22056,22102
planning,1,0,59260.4849013712,59286.0998208076,25.6149194364043,43.6147823723513,43.5895194031937,-0.0252629691576089,,,0.940850363284163,22102,22112
dwelling,6.1,0,59286.0998208076,59425.6237265528,139.523905745264,43.5895194031937,43.4520779990778,-0.137441404115854,,6.09090908248568,,22112,22173
planning,0.4,0,59425.6237265528,59435.8502382653,10.2265117124261,43.4520779990778,43.4419891445061,-0.0100888545717766,,,0.328069779544579,22173,22177
traveling,7.69999999999999,25.0798724079689,59435.8502382653,59678.6209793786,242.770741113294,43.4419891445061,43.2016516825164,-0.240337461989604,7.68103797477195,,,22177,22254
planning,0.4,0,59678.6209793786,59687.4920991763,8.87111979768815,43.2016516825164,43.192910410055,-0.00874127246146372,,,0.338886607521055,22254,22258
dwelling,10.1,0,59687.4920991763,59911.2914413065,223.799342130202,43.192910410055,42.9723332672703,-0.220577142784727,,10.0555555020087,,22258,22359
planning,0.1,0,59911.2914413065,59913.84091207,2.54947076350072,42.9723332672703,42.9698158185656,-0.00251744870470105,,,0.00584533500958551,22359,22360
traveling,7.79999999999999,25.0798724079689,59913.84091207,60189.9767735564,276.135861486437,42.9698158185656,42.6956171177792,-0.274198700786343,7.83013416236723,,,22360,22438
planning,0.3,0,60189.9767735564,60198.0281926725,8.05141911613464,42.6956171177792,42.6876569576586,-0.00796016012065337,,,0.246463726726642,22438,22441
dwelling,9.09999999999999,0,60198.0281926725,60411.8603316318,213.832138959253,42.6876569576586,42.4765534201369,-0.211103537521645,,9.00909090292914,,22441,22532
planning,0.5,0,60411.8603316318,60426.4326446381,14.5723130063416,42.4765534201369,42.4621229714929,-0.0144304486439921,,,0.491368808920883,22532,22537
traveling,7.09999999999999,21.4709105535839,60426.4326446381,60671.7676896565,245.335045018415,42.4621229714929,42.2183969000101,-0.243726071482861,7.06787678686217,,,22537,22608
planning,0.1,0,60671.7676896565,60674.3284626638,2.56077300724428,42.2183969000101,42.215864245898,-0.00253265411205916,,,0.0502472471091925,22608,22609
dwelling,15.5,0,60674.3284626638,61032.2460796128,357.917616949017,42.215864245898,41.8621776089026,-0.353686636995441,,15.4823529147223,,22609,22764
planning,0.1,0,61032.2460796128,61034.7073209775,2.46124136473372,41.8621776089026,41.8597427991276,-0.0024348097749467,,,0.0390312620960234,22764,22765
traveling,7.09999999999999,21.4709105535839,61034.7073209775,61272.9914053865,238.28408440893,41.8597427991276,41.6228067326755,-0.236936066452159,7.10834179155931,,,22765,22836
planning,0.7,0,61272.9914053865,61291.7715429881,18.7801376016432,41.6228067326755,41.6041977630646,-0.0186089696108169,,,0.691275364103997,22836,22843
dwelling,9.99999999999998,0,61291.7715429881,61516.3948055131,224.623262525012,41.6041977630646,41.3820514723326,-0.222146290732034,,9.95454545495393,,22843,22943
planning,0.5,0,61516.3948055131,61529.0912874878,12.6964819746645,41.3820514723326,41.369473451951,-0.0125780203816106,,,0.412421475277891,22943,22948
traveling,4.5,9,61529.0912874878,61669.1591780208,140.067890533013,41.369473451951,41.230265075383,-0.139208376567964,4.44816830877719,,,22948,22993
planning,1,0,61669.1591780208,61693.1053901029,23.946212082119,41.230265075383,41.2065515051591,-0.0237135702238902,,,0.928115208490081,22993,23003
dwelling,9.39999999999998,0,61693.1053901029,61924.1299720214,231.024581918464,41.2065515051591,40.9776240293502,-0.228927475808959,,9.3444444440829,,23003,23097
planning,0.9,0,61924.1299720214,61950.2046875362,26.0747155147983,40.9776240293502,40.9517227120553,-0.0259013172948457,,,0.867015824261318,23097,23106
traveling,4.6,9,61950.2046875362,62105.9814932893,155.776805753114,40.9517227120553,40.7965409820481,-0.155181730007186,4.55680036779829,,,23106,23152
planning,0.1,0,62105.9814932893,62108.7505767353,2.76908344600815,40.7965409820481,40.7937910809127,-0.00274990113546636,,,0.0515908229704826,23152,23153
dwelling,7.19999999999999,0,62108.7505767353,62273.9644826936,165.213905958313,40.7937910809127,40.6300830424546,-0.163708038458132,,7.13636363628622,,23153,23225
planning,0.7,0,62273.9644826936,62292.7183680184,18.7538853248261,40.6300830424546,40.6114603744118,-0.018622668042731,,,0.663779831666429,23225,23232
traveling,6.99999999999999,21.4709105535839,62292.7183680184,62533.6986108337,240.980242815305,40.6114603744118,40.3711279300864,-0.240332444325411,6.99971044948562,,,23232,23302
planning,0.6,0,62533.6986108337,62550.5162722847,16.8176614509503,40.3711279300864,40.3544078482212,-0.0167200818652518,,,0.540438247982854,23302,23308
dwelling,8.79999999999999,0,62550.5162722847,62753.7286343109,203.21236202617,40.3544078482212,40.1528253837418,-0.20158246447938,,8.77058821911228,,23308,23396
planning,0.4,0,62753.7286343109,62764.5377655558,10.8091312449615,40.1528253837418,40.1420792539972,-0.0107461297445326,,,0.307711150907123,23396,23400
traveling,7.09999999999999,21.4709105535839,62764.5377655558,62997.4236763116,232.885910755802,40.1420792539972,39.9097698925134,-0.232309361483885,7.10834179165679,,,23400,23471
planning,0.7,0,62997.4236763116,63014.5936636329,17.1699873213074,39.9097698925134,39.8927120478657,-0.0170578446476881,,,0.627527045889402,23471,23478
dwelling,7.89999999999999,0,63014.5936636329,63183.5314455569,168.937781923923,39.8927120478657,39.725108418579,-0.167603629286717,,7.80909090380113,,23478,23557
planning,0.8,0,63183.5314455569,63203.079512894,19.5480673371203,39.725108418579,39.7056806649042,-0.0194277536747833,,,0.706342959063579,23557,23565
traveling,7.79999999999999,25.0798724079689,63203.079512894,63451.2246211842,248.145108290184,39.7056806649042,39.4580018774147,-0.247678787489448,7.7896691365469,,,23565,23643
planning,0.8,0,63451.2246211842,63471.3189368796,20.0943156954163,39.4580018774147,39.4380120230941,-0.0199898543206132,,,0.71387877530742,23643,23651
dwelling,13.4,0,63471.3189368796,63824.5813105598,353.262373680176,39.4380120230941,39.086186716549,-0.351825306545123,,13.388888818532,,23651,23785
planning,0.2,0,63824.5813105598,63830.908643778,6.32733321829437,39.086186716549,39.0798658802455,-0.00632083630345903,,,0.114791382001071,23785,23787
traveling,7.79999999999999,25.0798724079689,63830.908643778,64148.5175678883,317.608924110289,39.0798658802455,38.7608676507251,-0.318998229520439,7.83013416241283,,,23787,23865
planning,0.1,0,64148.5175678883,64151.5832508168,3.06568292841257,38.7608676507251,38.7578042956304,-0.00306335509473854,,,0.027384806575186,23865,23866
dwelling,10.6,0,64151.5832508168,64413.8554135651,262.272162748392,38.7578042956304,38.4964301482674,-0.261374147362986,,10.5909090823073,,23866,23972
planning,0.4,0,64413.8554135651,64424.3084049123,10.4529913471706,38.4964301482674,38.4860025546733,-0.0104275935941018,,,0.39133407623002,23972,23976
traveling,4.5,9,64424.3084049123,64574.3358600921,150.027455179756,38.4860025546733,38.3357306465853,-0.150271908087944,4.40770351362722,,,23976,24021
planning,0.7,0,64574.3358600921,64593.52728493,19.191424837969,38.3357306465853,38.3165656000205,-0.0191650465647797,,,0.629838982115494,24021,24028
dwelling,9.39999999999998,0,64593.52728493,64808.6466805254,215.11939559532,38.3165656000205,38.1021737474142,-0.214391852606369,,9.3999999922472,,24028,24122
planning,1,0,64808.6466805254,64834.0325383123,25.3858577869614,38.1021737474142,38.0768342744092,-0.0253394730049337,,,0.974075912867394,24122,24132
traveling,4.6,9,64834.0325383123,64975.2402896244,141.207751312097,38.0768342744092,37.9354416208883,-0.141392653520938,4.55680036784573,,,24132,24178
planning,0.3,0,64975.2402896244,64983.0267167128,7.7864270883656,37.9354416208883,37.9276641895161,-0.00777743137215481,,,0.295800444772791,24178,24181
dwelling,6.89999999999999,0,64983.0267167128,65152.7605064181,169.733789705286,37.9276641895161,37.7582000974932,-0.169464092022942,,6.8636363434474,,24181,24250
planning,0.3,0,65152.7605064181,65160.9890153136,8.22850889551773,37.7582000974932,37.7499712690637,-0.00822882842945916,,,0.278530467904849,24250,24253
traveling,6.99999999999999,21.4709105535839,65160.9890153136,65392.936757054,231.947741740434,37.7499712690637,37.5172019891077,-0.232769279956038,6.99970974417897,,,24253,24323
planning,0.9,0,65392.936757054,65414.29632546,21.3595684059328,37.5172019891077,37.4958688206903,-0.0213331684173639,,,0.85527494472386,24323,24332
dwelling,15.3,0,65414.29632546,65719.0164753044,304.720149844412,37.4958688206903,37.1919912181895,-0.303877602500798,,15.2823529244589,,24332,24485
planning,0.5,0,65719.0164753044,65731.2428917282,12.2264164238586,37.1919912181895,37.1797655052144,-0.0122257129751233,,,0.441790841707047,24485,24490
traveling,7.09999999999999,21.4709105535839,65731.2428917282,65957.8372062983,226.594314570088,37.1797655052144,36.9521947643152,-0.227570740899218,7.10834139688433,,,24490,24561
planning,0.4,0,65957.8372062983,65967.2491027138,9.41189641550591,36.9521947643152,36.9427821459342,-0.00941261838099194,,,0.315321599052359,24561,24565
dwelling,10.7,0,65967.2491027138,66186.7102900281,219.461187314257,36.9427821459342,36.7235762973317,-0.219205848602535,,10.6181818180728,,24565,24672
planning,0.6,0,66186.7102900281,66201.0188504366,14.30856040855,36.7235762973317,36.7092557729212,-0.0143205244104863,,,0.51710788784783,24672,24678
traveling,4.5,9,66201.0188504366,66333.028224607,132.009374170331,36.7092557729212,36.5767104620736,-0.13254531084754,4.44816812144908,,,24678,24723
planning,0.4,0,66333.028224607,66342.482438945,9.45421433808224,36.5767104620736,36.5672458233614,-0.00946463871226655,,,0.385414802278336,24723,24727
dwelling,6.1,0,66342.482438945,66481.7910158131,139.30857686809,36.5672458233614,36.4278117400411,-0.139434083320239,,6.09999998149047,,24727,24788
planning,0.9,0,66481.7910158131,66504.5360535622,22.7450377490895,36.4278117400411,36.405013120675,-0.022798619366128,,,0.881355848541497,24788,24797
traveling,4.6,9,66504.5360535622,66650.7682536314,146.232200069207,36.405013120675,36.2578711437075,-0.147141976967546,4.55680036865059,,,24797,24843
planning,0.5,0,66650.7682536314,66663.8200940871,13.0518404556933,36.2578711437075,36.2447772392117,-0.0130939044957543,,,0.460276227426891,24843,24848
dwelling,5.4,0,66663.8200940871,66797.9570920978,134.136998010712,36.2447772392117,36.1102685668831,-0.134508672328565,,5.3181818179741,,24848,24902
planning,0.1,0,66797.9570920978,66800.7426482762,2.78555617833626,36.1102685668831,36.1074704376915,-0.00279812919160349,,,0.0333686006099877,24902,24903
traveling,7.69999999999999,25.0798724079689,66800.7426482762,67086.4848255421,285.742177265915,36.1074704376915,35.8188662599683,-0.288604177723286,7.68103802035316,,,24903,24980
planning,1,0,67086.4848255421,67113.9654239708,27.4805984286941,35.8188662599683,35.7912444122661,-0.0276218477021715,,,0.986062399985997,24980,24990
dwelling,12.2,0,67113.9654239708,67418.4521370879,304.486713117076,35.7912444122661,35.4854489790647,-0.305795433201382,,12.1888888619212,,24990,25112
planning,1,0,67418.4521370879,67446.6761043636,28.223967275786,35.4854489790647,35.4570431057881,-0.0284058732765828,,,0.909618808871603,25112,25122
traveling,7.79999999999999,25.0798724079689,67446.6761043636,67726.2607738557,279.584669492091,35.4570431057881,35.1743322679406,-0.282710837847517,7.83013416239191,,,25122,25200
planning,0.6,0,67726.2607738557,67741.2392037331,14.9784298773302,35.1743322679406,35.1592702041023,-0.0150620638383145,,,0.50897934934522,25200,25206
dwelling,10.1,0,67741.2392037331,67974.2382961009,232.999092367798,35.1592702041023,34.9251176818124,-0.234152522289932,,10.0181817899293,,25206,25307
planning,0.5,0,67974.2382961009,67987.763540003,13.5252439021715,34.9251176818124,34.9114927243534,-0.0136249574590011,,,0.419583330430378,25307,25312
traveling,7.09999999999999,21.4709105535839,67987.763540003,68236.4915411465,248.728001143478,34.9114927243534,34.6597070708707,-0.251785653482671,7.06787678712382,,,25312,25383
planning,0.2,0,68236.4915411465,68241.670318645,5.17877749845502,34.6597070708707,34.6544894279038,-0.005217642966862,,,0.126939351127024,25383,25385
dwelling,15.5,0,68241.670318645,68612.6875511506,371.017232505634,34.6544894279038,34.2808611784812,-0.373628249422616,,15.4529411229065,,25385,25540
planning,0.5,0,68612.6875511506,68624.9713268093,12.2837756586669,34.2808611784812,34.2684802667618,-0.0123809117194043,,,0.444123422701722,25540,25545
traveling,7.09999999999999,21.4709105535839,68624.9713268093,68872.1784498373,247.207123028013,34.2684802667618,34.0178043182109,-0.250675948550864,7.10834179158745,,,25545,25616
planning,0.1,0,68872.1784498373,68874.9822094899,2.80375965258281,34.0178043182109,34.0149711385216,-0.0028331796893184,,,0.0605218598997618,25616,25617
dwelling,10.8,0,68874.9822094899,69138.9165086123,263.934299122426,34.0149711385216,33.7486567701161,-0.266314368405546,,10.7363636305425,,25617,25725
planning,0.6,0,69138.9165086123,69155.8721665061,16.9556578937772,33.7486567701161,33.7315072788303,-0.0171494912858208,,,0.5241908364241,25725,25731
traveling,4.5,9,69155.8721665061,69314.2381066347,158.365940128642,33.7315072788303,33.5706754187424,-0.160831860087875,4.44816910510175,,,25731,25776
planning,0.3,0,69314.2381066347,69323.3937795785,9.15567294375796,33.5706754187424,33.5613992662019,-0.00927615254045122,,,0.251515089465661,25776,25779
dwelling,10.6,0,69323.3937795785,69563.3084503427,239.914670764207,33.5613992662019,33.3192149777311,-0.242184288470831,,10.5111110764437,,25779,25885
planning,0.3,0,69563.3084503427,69570.6306680955,7.32221775285143,33.3192149777311,33.3118147041229,-0.00740027360824058,,,0.21823666508315,25885,25888
traveling,4.6,9,69570.6306680955,69708.5586379029,137.927969807366,33.3118147041229,33.1719490790216,-0.13986562510128,4.55680036783525,,,25888,25934
planning,0.8,0,69708.5586379029,69729.0803862551,20.5217483521847,33.1719490790216,33.1511854024845,-0.0207636765371149,,,0.758314104523415,25934,25942
dwelling,6.39999999999999,0,69729.0803862551,69877.7982670684,148.717880813361,33.1511854024845,33.0008643338888,-0.150321068595687,,6.39999998819982,,25942,26006
planning,0.6,0,69877.7982670684,69892.4021049833,14.6038379148376,33.0008643338888,32.9860909989635,-0.0147733349252519,,,0.524951790600379,26006,26012
traveling,7.69999999999999,25.0798724079689,69892.4021049833,70144.0019931969,251.599888213634,32.9860909989635,32.7302799312423,-0.255811067721275,7.68103797852985,,,26012,26089
planning,0.2,0,70144.0019931969,70148.9109700703,4.90897687344113,32.7302799312423,32.7253094297222,-0.00497050152005585,,,0.135698314902715,26089,26091
dwelling,10.5,0,70148.9109700703,70377.2168967415,228.305926671179,32.7253094297222,32.4943927408553,-0.230916688866891,,10.4777777761454,,26091,26196
planning,0.6,0,70377.2168967415,70391.7226719825,14.5057752409921,32.4943927408553,32.4796970436912,-0.014695697164143,,,0.51918003020717,26196,26202
traveling,7.79999999999999,25.0798724079689,70391.7226719825,70653.5640032109,261.841331228396,32.4796970436912,32.2129236718798,-0.266773371811404,7.83013416231002,,,26202,26280
planning,0.4,0,70653.5640032109,70664.5595778147,10.995574603774,32.2129236718798,32.2017549006558,-0.0111687712239501,,,0.391523285894948,26280,26284
dwelling,9.19999999999999,0,70664.5595778147,70887.6554413732,223.095863558483,32.2017549006558,31.9754466608436,-0.226308239812219,,9.16363633411522,,26284,26376
planning,0.5,0,70887.6554413732,70901.0995521124,13.4441107392777,31.9754466608436,31.9617848803072,-0.0136617805363706,,,0.451235602460327,26376,26381
traveling,7.09999999999999,21.4709105535839,70901.0995521124,71161.4565537034,260.357001590994,31.9617848803072,31.6956375275866,-0.266147352720644,7.06787678801533,,,26381,26452
planning,1,0,71161.4565537034,71190.2935684429,28.8370147394889,31.6956375275866,31.66627619449,-0.0293613330966132,,,0.970062141385968,26452,26462
dwelling,14.9,0,71190.2935684429,71549.406580576,359.113012133064,31.66627619449,31.3013124580784,-0.36496373641155,,14.8999999926595,,26462,26611
planning,0.1,0,71549.406580576,71551.9515595262,2.54497895020177,31.3013124580784,31.2987226916091,-0.00258976646928843,,,0.0357378005527791,26611,26612
traveling,7.09999999999999,21.4709105535839,71551.9515595262,71786.8134646678,234.861905141574,31.2987226916091,31.0585988949667,-0.24012379664244,7.10834179156776,,,26612,26683
planning,0.9,0,71786.8134646678,71810.8515017864,24.0380371185893,31.0585988949667,31.0341010428751,-0.0244978520916135,,,0.852335117559843,26683,26692
dwelling,9.89999999999998,0,71810.8515017864,72049.5840940444,238.732592258049,31.0341010428751,30.7910284107545,-0.243072632120562,,9.86363636399737,,26692,26791
planning,0.9,0,72049.5840940444,72075.1629224022,25.5788283577567,30.7910284107545,30.7649131344378,-0.026115276316709,,,0.878608753643613,26791,26800
traveling,4.5,9,72075.1629224022,72232.2053804342,157.04245803201,30.7649131344378,30.6039303298253,-0.160982804612498,4.4481690989044,,,26800,26845
planning,0.7,0,72232.2053804342,72251.0587082662,18.8533278320683,30.6039303298253,30.5846851235871,-0.0192452062381747,,,0.636451762444644,26845,26852
dwelling,9.89999999999998,0,72251.0587082662,72470.954571229,219.895862962789,30.5846851235871,30.360688533374,-0.22399659021308,,9.86666665706959,,26852,26951
planning,0.7,0,72470.954571229,72487.8888144221,16.9342431930272,30.360688533374,30.3434135470671,-0.0172749863069299,,,0.680122280872943,26951,26958
traveling,4.6,9,72487.8888144221,72622.2199455487,134.331131126688,30.3434135470671,30.2059549578015,-0.137458589265574,4.55680036781658,,,26958,27004
planning,0.8,0,72622.2199455487,72642.1447792611,19.9248337123718,30.2059549578015,30.1856105945171,-0.0203443632844262,,,0.774153645670734,27004,27012
dwelling,6.49999999999999,0,72642.1447792611,72794.8069205061,152.66214124496,30.1856105945171,30.0298012577004,-0.155809336816763,,6.4363636205029,,27012,27077
planning,0.6,0,72794.8069205061,72811.1493044121,16.3423839060706,30.0298012577004,30.0130839052904,-0.0167173524099304,,,0.500647910563211,27077,27083
traveling,7.69999999999999,25.0798724079689,72811.1493044121,73101.1950113954,290.045706983263,30.0130839052904,29.7144606174043,-0.298623287886134,7.68103797683945,,,27083,27160
planning,0.7,0,73101.1950113954,73121.1120763571,19.9170649617008,29.7144606174043,29.6940507919343,-0.0204098254699794,,,0.673585680345275,27160,27167
dwelling,9.89999999999998,0,73121.1120763571,73369.7958686792,248.683792322103,29.6940507919343,29.4395460702428,-0.254504721691536,,9.87777776724221,,27167,27266
planning,0.7,0,73369.7958686792,73389.5084532773,19.7125845981063,29.4395460702428,29.4193295025845,-0.0202165676582275,,,0.630227011043426,27266,27273
traveling,7.79999999999999,25.0798724079689,73389.5084532773,73674.100360186,284.591906908667,29.4193295025845,29.1258792979185,-0.293450204666041,7.83013416227247,,,27273,27351
planning,0.6,0,73674.100360186,73691.0282415458,16.9278813597921,29.1258792979185,29.1084988621588,-0.0173804357596659,,,0.533543346944008,27351,27357
dwelling,8.99999999999999,0,73691.0282415458,73898.2741389781,207.245897432338,29.1084988621588,28.8962150130189,-0.212283849139965,,8.96363636281889,,27357,27447
planning,0.4,0,73898.2741389781,73908.7512305166,10.4770915384579,28.8962150130189,28.8854608609087,-0.010754152110156,,,0.321873233063786,27447,27451
traveling,7.09999999999999,21.4709105535839,73908.7512305166,74131.6384254626,222.88719494603,28.8854608609087,28.6558912188009,-0.229569642107862,7.06787678820895,,,27451,27522
planning,0.7,0,74131.6384254626,74148.0047136587,16.3662881960772,28.6558912188009,28.6391028445055,-0.0167883742953663,,,0.601490024545054,27522,27529
dwelling,15.3,0,74148.0047136587,74475.4279435379,327.423229879219,28.6391028445055,28.3033636171386,-0.335739227366926,,15.2529411200904,,27529,27682
planning,0.3,0,74475.4279435379,74482.9787755703,7.5508320323861,28.3033636171386,28.295600725152,-0.00776289198654467,,,0.231410630402655,27682,27685
traveling,7.09999999999999,21.4709105535839,74482.9787755703,74703.0724297456,220.093654175304,28.295600725152,28.0684623162458,-0.227138408906242,7.10834179162768,,,27685,27756
planning,1,0,74703.0724297456,74728.3135729211,25.2411431755463,28.0684623162458,28.0424877848474,-0.0259745313983402,,,0.975848893971879,27756,27766
dwelling,9.89999999999998,0,74728.3135729211,74937.0378109515,208.724238030351,28.0424877848474,27.828077202192,-0.214410582655418,,9.87272726123339,,27766,27865
planning,0.6,0,74937.0378109515,74950.5318869991,13.4940760476456,27.828077202192,27.814199676779,-0.0138775254129797,,,0.599322012210643,27865,27871
traveling,4.5,9,74950.5318869991,75076.1246047934,125.59271779425,27.814199676779,27.6846030233693,-0.129596653409784,4.4481690991872,,,27871,27916
planning,1,0,75076.1246047934,75100.4248958134,24.3002910200012,27.6846030233693,27.6595734539951,-0.0250295693741265,,,0.966849297278007,27916,27926
dwelling,9.59999999999998,0,75100.4248958134,75319.3834985096,218.958602696235,27.6595734539951,27.4341189316057,-0.225454522389452,,9.57777774687283,,27926,28022
planning,0.1,0,75319.3834985096,75322.0886236784,2.70512516875169,27.4341189316057,27.4313259052078,-0.00279302639787815,,,0.0962170042058588,28022,28023
traveling,4.6,9,75322.0886236784,75475.5812956222,153.492671943837,27.4313259052078,27.272211454184,-0.159114451023765,4.55680036778516,,,28023,28069
planning,0.8,0,75475.5812956222,75497.1832399779,21.6019443557161,27.272211454184,27.2498934079102,-0.0223180462738171,,,0.745606018816293,28069,28077
dwelling,6.29999999999999,0,75497.1832399779,75651.4623469151,154.279106937189,27.2498934079102,27.0906630494307,-0.159230358479554,,6.21818179732961,,28077,28140
planning,0.7,0,75651.4623469151,75671.3843861117,19.9220391966228,27.0906630494307,27.0700496591,-0.0206133903306736,,,0.644962952967966,28140,28147
traveling,7.69999999999999,25.0798724079689,75671.3843861117,75961.3833740118,289.998987900035,27.0700496591,26.7681824938151,-0.301867165284886,7.68103797552404,,,28147,28224
planning,0.2,0,75961.3833740118,75967.2103803307,5.82700631895568,26.7681824938151,26.7621436022711,-0.00603889154396597,,,0.18757866977332,28224,28226
dwelling,10.3,0,75967.2103803307,76217.487859834,250.277479503246,26.7621436022711,26.5033150930547,-0.258828509216482,,10.2999999990393,,28226,28329
planning,1,0,76217.487859834,76243.0930223436,25.6051625096152,26.5033150930547,26.476801607627,-0.0265134854276532,,,0.99652382498289,28329,28339
traveling,7.79999999999999,25.0798724079689,76243.0930223436,76502.9111362536,259.818113909976,26.476801607627,26.2063889935993,-0.270412614027688,7.83013416230262,,,28339,28417
planning,0.3,0,76502.9111362536,76510.1560105105,7.24487425691041,26.2063889935993,26.1988845440559,-0.00750444954344331,,,0.21983034985106,28417,28420
dwelling,9.39999999999998,0,76510.1560105105,76730.3380371599,220.182026649389,26.1988845440559,25.9707838146689,-0.228100729386966,,9.33636363664245,,28420,28514
planning,1,0,76730.3380371599,76759.3038562136,28.9658190537739,25.9707838146689,25.9406696817629,-0.030114132905986,,,0.98427004881447,28514,28524
traveling,7.09999999999999,21.4709105535839,76759.3038562136,77023.1340389229,263.830182709222,25.9406696817629,25.6648868375493,-0.275782844213598,7.06787678820824,,,28524,28595
planning,0.6,0,77023.1340389229,77040.3421668616,17.2081279387348,25.6648868375493,25.6469775716375,-0.0179092659117721,,,0.519652348986291,28595,28601
dwelling,15.4,0,77040.3421668616,77438.7030282902,398.360861428606,25.6469775716375,25.232654366917,-0.414323204720503,,15.3529411645083,,28601,28755
planning,0.1,0,77438.7030282902,77441.1871428616,2.48411457135808,25.232654366917,25.2300700179161,-0.00258434900090521,,,0.0347524532388004,28755,28756
traveling,7.09999999999999,21.4709105535839,77441.1871428616,77670.853056386,229.665913524455,25.2300700179161,24.989943570706,-0.240126447210105,7.10834179158052,,,28756,28827
planning,1,0,77670.853056386,77696.4773621133,25.6243057273095,24.989943570706,24.9632450554329,-0.0266985152731714,,,0.978879377492518,28827,28837
dwelling,9.79999999999998,0,77696.4773621133,77927.7064249916,231.22906287825,24.9632450554329,24.7224561212598,-0.2407889341731,,9.79999999871924,,28837,28935
planning,0.5,0,77927.7064249916,77941.9599133928,14.2534884011984,24.7224561212598,24.7075645996767,-0.0148915215830385,,,0.472314960387733,28935,28940
traveling,4.5,9,77941.9599133928,78107.5178801886,165.557966795866,24.7075645996767,24.5336563058885,-0.173908293788255,4.44816910031861,,,28940,28985
planning,0.3,0,78107.5178801886,78116.3906549982,8.87277480961347,24.5336563058885,24.5243733602583,-0.00928294563016152,,,0.297086743275907,28985,28988
dwelling,10.4,0,78116.3906549982,78386.08874449,269.698089491736,24.5243733602583,24.2425964594034,-0.281776900854901,,10.3222221643398,,28988,29092
planning,0.7,0,78386.08874449,78404.4573053328,18.3685608427913,24.2425964594034,24.2233901245224,-0.0192063348810549,,,0.676437430291885,29092,29099
traveling,4.6,9,78404.4573053328,78542.1527119634,137.695406630592,24.2233901245224,24.0790401928644,-0.144349931657917,4.55680036782525,,,29099,29145
planning,0.2,0,78542.1527119634,78547.1329268246,4.98021486127982,24.0790401928644,24.0738332122729,-0.00520698059150959,,,0.178680178067797,29145,29147
dwelling,7.09999999999999,0,78547.1329268246,78698.8607098848,151.727783060152,24.0738332122729,23.9154492175006,-0.158383994772294,,7.07272727047503,,29147,29218
planning,0.3,0,78698.8607098848,78705.4909440902,6.63023420538229,23.9154492175006,23.9085229677106,-0.00692624979001266,,,0.265624079495429,29218,29221
traveling,7.69999999999999,25.0798724079689,78705.4909440902,78924.1487495107,218.65780542056,23.9085229677106,23.6791379247716,-0.229385042939018,7.68103797702737,,,29221,29298
planning,0.1,0,78924.1487495107,78926.3082382801,2.15948876933544,23.6791379247716,23.6768803354608,-0.00225758931080478,,,0.0815386328990841,29298,29299
dwelling,10.5,0,78926.3082382801,79142.8271809006,216.518942620547,23.6768803354608,23.4505227303784,-0.226357605082406,,10.4888888492667,,29299,29404
planning,0.9,0,79142.8271809006,79167.357718112,24.5305372113507,23.4505227303784,23.424767998769,-0.0257547316093714,,,0.892934540925728,29404,29413
traveling,7.79999999999999,25.0798724079689,79167.357718112,79455.7869605131,288.429242401107,23.424767998769,23.1199396288904,-0.30482836987866,7.83013416232269,,,29413,29491
planning,0.5,0,79455.7869605131,79469.3230526339,13.5360921208194,23.1199396288904,23.1057086586758,-0.0142309702145447,,,0.46341364547831,29491,29496
dwelling,9.19999999999999,0,79469.3230526339,79683.7245897515,214.401537117636,23.1057086586758,22.8806539481895,-0.225054710486361,,9.1363636342002,,29496,29588
planning,0.2,0,79683.7245897515,79689.0819140807,5.35732432914665,22.8806539481895,22.8750164560737,-0.00563749211572429,,,0.179906719725087,29588,29590
traveling,7.09999999999999,21.4709105535839,79689.0819140807,79927.3281618944,238.246247813746,22.8750164560737,22.6231340648633,-0.25188239121043,7.06787678787956,,,29590,29661
planning,0.5,0,79927.3281618944,79940.7093605748,13.3811986803339,22.6231340648633,22.60903617021,-0.0140978946533252,,,0.424188219732047,29661,29666
dwelling,15.4,0,79940.7093605748,80302.7306205658,362.021259991001,22.60903617021,22.2279704075281,-0.381065762681889,,15.3647058523811,,29666,29820
planning,0.1,0,80302.7306205658,80305.3152315072,2.5846109414706,22.2279704075281,22.2252438208738,-0.0027265866543118,,,0.0132673293586013,29820,29821
traveling,7.09999999999999,21.4709105535839,80305.3152315072,80565.1155018193,259.800270312015,22.2252438208738,21.94918160675,-0.276062214123758,7.10834179158437,,,29821,29892
planning,0.2,0,80565.1155018193,80571.0837696388,5.9682678195386,21.94918160675,21.9428625707752,-0.00631903597486172,,,0.183319776199459,29892,29894
dwelling,10.6,0,80571.0837696388,80825.4763985832,254.392628944406,21.9428625707752,21.6742368188503,-0.268625751924816,,10.5636363588036,,29894,30000
planning,1,0,80825.4763985832,80851.9360264266,26.4596278434183,21.6742368188503,21.6462380838281,-0.0279987350221944,,,0.981844978003172,30000,30010
traveling,4.5,9,80851.9360264266,80991.2113295063,139.275303079718,21.6462380838281,21.4983869184632,-0.147851165364987,4.44816909862145,,,30010,30055
planning,0.7,0,80991.2113295063,81008.7172958681,17.5059663617867,21.4983869184632,21.4798627864195,-0.0185241320436553,,,0.666914750923045,30055,30062
dwelling,9.89999999999998,0,81008.7172958681,81215.2895112742,206.572215406093,21.4798627864195,21.2616671207809,-0.218195665638639,,9.85555555165996,,30062,30161
planning,0.8,0,81215.2895112742,81233.7171876894,18.4276764151582,21.2616671207809,21.2421671644148,-0.0194999563661078,,,0.724300400984759,30161,30169
traveling,4.6,9,81233.7171876894,81361.1625232783,127.445335588927,21.2421671644148,21.1068684309791,-0.135298733435704,4.55680036782366,,,30169,30215
planning,0.8,0,81361.1625232783,81380.7788553372,19.6163320589403,21.1068684309791,21.086077015596,-0.0207914153830906,,,0.705946025913637,30215,30223
dwelling,6.49999999999999,0,81380.7788553372,81530.7260226732,149.947167335966,21.086077015596,20.9272067440724,-0.158870271523575,,6.47272727207029,,30223,30288
planning,0.2,0,81530.7260226732,81536.0861537797,5.36013110649947,20.9272067440724,20.9215131559877,-0.00569358808470355,,,0.187648062452892,30288,30290
traveling,7.69999999999999,25.0798724079689,81536.0861537797,81791.4672439482,255.381090168448,20.9215131559877,20.6489553627817,-0.272557793206015,7.68103797608797,,,30290,30367
planning,0.9,0,81791.4672439482,81812.0942443526,20.6270004044927,20.6489553627817,20.6270628796127,-0.0218924831689264,,,0.82539687612291,30367,30376
dwelling,9.69999999999998,0,81812.0942443526,82033.942162473,221.847918120387,20.6270628796127,20.3914500728829,-0.235612806729872,,9.63333329168983,,30376,30473
planning,0.8,0,82033.942162473,82055.8694893223,21.9273268492689,20.3914500728829,20.3680860063158,-0.0233640665671082,,,0.718603762652809,30473,30481
traveling,7.79999999999999,25.0798724079689,82055.8694893223,82305.2069096229,249.337420300639,20.3680860063158,20.101467074542,-0.266618931773809,7.83013416230076,,,30481,30559
planning,0.1,0,82305.2069096229,82307.6685555391,2.46164591617708,20.101467074542,20.0988446636453,-0.0026224108966062,,,0.087129603271072,30559,30560
dwelling,9.59999999999998,0,82307.6685555391,82517.964576963,210.296021423885,20.0988446636453,19.8750359922188,-0.223808671426578,,9.50000000043651,,30560,30656
planning,0.9,0,82517.964576963,82540.408729466,22.444152503027,19.8750359922188,19.8510921372366,-0.0239438549821855,,,0.870578791516999,30656,30665
traveling,7.09999999999999,21.4709105535839,82540.408729466,82775.3846337368,234.97590427073,19.8510921372366,19.5989685379183,-0.252123599318317,7.06787678852976,,,30665,30736
planning,0.1,0,82775.3846337368,82778.0367663326,2.65213259586017,19.5989685379183,19.5961326150154,-0.00283592290288226,,,0.0227019576897743,30736,30737
dwelling,16,0,82778.0367663326,83133.7339586574,355.697192324777,19.5961326150154,19.2163459302911,-0.379786684724255,,15.9411764605185,,30737,30897
planning,0.6,0,83133.7339586574,83149.4028588111,15.6689001536579,19.2163459302911,19.199560396373,-0.0167855339181671,,,0.527822066003341,30897,30903
traveling,7.09999999999999,21.4709105535839,83149.4028588111,83391.3916106087,241.988751797631,19.199560396373,18.938831143427,-0.260729252946007,7.10834139688432,,,30903,30974
planning,0.7,0,83391.3916106087,83408.9667811151,17.5751705064467,18.938831143427,18.9199863689485,-0.0188447744784703,,,0.650391350508002,30974,30981
dwelling,10.4,0,83408.9667811151,83647.1024877033,238.135706588189,18.9199863689485,18.6647873521321,-0.25519901681643,,10.3181818185444,,30981,31085
planning,0.8,0,83647.1024877033,83667.1436876477,20.0411999443895,18.6647873521321,18.6432667096847,-0.0215206424473138,,,0.764078397650995,31085,31093
traveling,4.5,9,83667.1436876477,83800.3804637629,133.236776115184,18.6432667096847,18.4997181306427,-0.143548579042029,4.44816910229267,,,31093,31138
planning,0.3,0,83800.3804637629,83807.7457270698,7.36526330692868,18.4997181306427,18.4918046472628,-0.00791348337995501,,,0.251384285908761,31138,31141
dwelling,10.4,0,83807.7457270698,84038.2665266013,230.52079953147,18.4918046472628,18.2442947912774,-0.247509855985324,,10.3999999556967,,31141,31245
planning,0.3,0,84038.2665266013,84046.0471266863,7.78060008505417,18.2442947912774,18.2359162491175,-0.00837854215989609,,,0.200337326177685,31245,31248
traveling,4.6,9,84046.0471266863,84185.6225100737,139.57538338739,18.2359162491175,18.0851217900335,-0.150794459084015,4.55680036782014,,,31248,31294
planning,0.8,0,84185.6225100737,84205.989351788,20.3668417142908,18.0851217900335,18.0631755190291,-0.0219462710043921,,,0.727694910754253,31294,31302
dwelling,6.39999999999999,0,84205.989351788,84350.6571149285,144.667763140518,18.0631755190291,17.90747476844,-0.155700750589116,,6.32727272728626,,31302,31366
planning,0.6,0,84350.6571149285,84366.1933053899,15.5361904613674,17.90747476844,17.8907127428668,-0.0167620255732537,,,0.580804664936471,31366,31372
traveling,7.69999999999999,25.0798724079689,84366.1933053899,84620.2740577075,254.080752317634,17.8907127428668,17.6150950494613,-0.275617693405454,7.68103797871762,,,31372,31449
planning,0.5,0,84620.2740577075,84631.4293415667,11.1552838592033,17.6150950494613,17.6030654772346,-0.0120295722267514,,,0.412433025513355,31449,31454
dwelling,10.2,0,84631.4293415667,84862.3044945982,230.875153031448,17.6030654772346,17.3538492060444,-0.249216271190139,,10.1888888166309,,31454,31556
planning,0.9,0,84862.3044945982,84886.5985115328,24.2940169345675,17.3538492060444,17.327536491114,-0.0263127149304374,,,0.844785873935616,31556,31565
traveling,7.79999999999999,25.0798724079689,84886.5985115328,85167.8338249581,281.235313425364,17.327536491114,17.0208830480961,-0.306653443017872,7.83013416230588,,,31565,31643
planning,1,0,85167.8338249581,85196.4079492521,28.574124294013,17.0208830480961,16.9898435930939,-0.0310394550022224,,,0.948664582592416,31643,31653
dwelling,8.69999999999999,0,85196.4079492521,85403.2561186183,206.848169366174,16.9898435930939,16.7656194660292,-0.224224127064691,,8.67272727301449,,31653,31740
planning,0.8,0,85403.2561186183,85422.1523602862,18.8962416678987,16.7656194660292,16.7451239322834,-0.0204955337457662,,,0.73214995798097,31740,31748
traveling,7.09999999999999,21.4709105535839,85422.1523602862,85657.7043275765,235.551967290288,16.7451239322834,16.4878353472969,-0.257288584986572,7.06787678860285,,,31748,31819
planning,0.7,0,85657.7043275765,85677.2143068829,19.509979306371,16.4878353472969,16.4665836862325,-0.0212516610643085,,,0.653217027844609,31819,31826
dwelling,15.4,0,85677.2143068829,86049.1358336278,371.921526744976,16.4665836862325,16.0618351385786,-0.404748547653963,,15.3588234745714,,31826,31980
planning,0.2,0,86049.1358336278,86053.9961572249,4.86032359705132,16.0618351385786,16.0565389063315,-0.00529623224712239,,,0.130436257033738,31980,31982
traveling,7.09999999999999,21.4709105535839,86053.9961572249,86306.9620035662,252.965846341278,16.0565389063315,15.7785645532545,-0.277974353076944,7.10834179159646,,,31982,32053
planning,0.9,0,86306.9620035662,86332.6493874763,25.6873839101027,15.7785645532545,15.7504484925545,-0.0281160606999737,,,0.84280682258819,32053,32062
dwelling,9.99999999999998,0,86332.6493874763,86580.6518346276,248.002447151273,15.7504484925545,15.4793637248658,-0.271084767688727,,9.97272726717531,,32062,32162
planning,0.9,0,86580.6518346276,86604.9450902909,24.2932556633168,15.4793637248658,15.4527485430219,-0.0266151818439528,,,0.853701359331711,32162,32171
traveling,4.5,9,86604.9450902909,86743.7770331343,138.83194284339,15.4527485430219,15.3001691476844,-0.152579395337479,4.44816910201108,,,32171,32216
planning,0.4,0,86743.7770331343,86754.3719970021,10.5949638677994,15.3001691476844,15.2885524544091,-0.01161669327524,,,0.320354404049991,32216,32220
dwelling,10.3,0,86754.3719970021,87015.0249465264,260.652949524374,15.2885524544091,15.0026929705413,-0.285859483867871,,10.2888888466457,,32220,32323
planning,0.7,0,87015.0249465264,87036.3111062191,21.2861596926377,15.0026929705413,14.9792507752233,-0.0234421953179407,,,0.635175190635658,32323,32330
traveling,4.6,9,87036.3111062191,87211.0267887182,174.715682499111,14.9792507752233,14.7857161379211,-0.193534637302196,4.55680036779757,,,32330,32376
planning,0.7,0,87211.0267887182,87231.2288914896,20.2021027713927,14.7857161379211,14.7634576070535,-0.0222585308676777,,,0.676687590987179,32376,32383
dwelling,6.59999999999999,0,87231.2288914896,87407.1098247913,175.880933301756,14.7634576070535,14.5697974314616,-0.193660175591823,,6.57272727229126,,32383,32449
planning,0.1,0,87407.1098247913,87410.2663811969,3.15655640556361,14.5697974314616,14.5663088301221,-0.00348860133951234,,,0.0556835613193979,32449,32450
traveling,7.69999999999999,25.0798724079689,87410.2663811969,87718.2969220627,308.030540865817,14.5663088301221,14.2235279510768,-0.342780879045337,7.68103797759092,,,32450,32527
planning,0.8,0,87718.2969220627,87742.1202662156,23.8233441528428,14.2235279510768,14.1971643067031,-0.0263636443736797,,,0.785701362675337,32527,32535
dwelling,9.89999999999998,0,87742.1202662156,87990.2012809793,248.081014763782,14.1971643067031,13.9231619578211,-0.274002348882023,,9.82222216912181,,32535,32634
planning,0.9,0,87990.2012809793,88014.3692020087,24.1679210293805,13.9231619578211,13.8964110958538,-0.0267508619672299,,,0.80005477400782,32634,32643
traveling,7.79999999999999,25.0798724079689,88014.3692020087,88267.6053010912,253.236099082453,13.8964110958538,13.6147453958482,-0.2816657000056,7.83013416230393,,,32643,32721
planning,0.6,0,88267.6053010912,88282.806369608,15.2010685168789,13.6147453958482,13.5979002246824,-0.0168451711658442,,,0.58490325421663,32721,32727
dwelling,9.09999999999999,0,88282.806369608,88477.0812575296,194.274887921594,13.5979002246824,13.3829738552501,-0.214926369432295,,9.07272724523023,,32727,32818
planning,1,0,88477.0812575296,88503.8912933437,26.8100358140364,13.3829738552501,13.3531860869164,-0.0297877683337173,,,0.922600199973327,32818,32828
traveling,7.09999999999999,21.4709105535839,88503.8912933437,88754.0310975437,250.139804199993,13.3531860869164,13.0733613113017,-0.279824775614706,7.06787678866342,,,32828,32899
planning,0.3,0,88754.0310975437,88762.5632284051,8.5321308614075,13.0733613113017,13.0638511683208,-0.00951014298090058,,,0.220019849091482,32899,32902
dwelling,15.8,0,88762.5632284051,89120.2145994246,357.651371019558,13.0638511683208,12.6660786911347,-0.397772477186045,,15.7764705469062,,32902,33060
planning,0.8,0,89120.2145994246,89141.4919715535,21.277372128854,12.6660786911347,12.6423180688568,-0.0237606222779139,,,0.765866481204889,33060,33068
traveling,7.09999999999999,21.4709105535839,89141.4919715535,89376.5968954295,235.104923876032,12.6423180688568,12.3783354904787,-0.263982578378158,7.10834139688441,,,33068,33139
planning,0.2,0,89376.5968954295,89382.3343191792,5.73742374965514,12.3783354904787,12.371906422639,-0.00642906783969899,,,0.124088693356074,33139,33141
dwelling,10.9,0,89382.3343191792,89645.5905247972,263.256205617989,12.371906422639,12.0774359224378,-0.29447050020118,,10.8909090907788,,33141,33250
planning,0.7,0,89645.5905247972,89663.2221545608,17.6316297636367,12.0774359224378,12.0576772237309,-0.0197586987068554,,,0.616289139947802,33250,33257
traveling,4.5,9,89663.2221545608,89800.6833160805,137.461161519677,12.0576772237309,11.9029593247934,-0.154717898937536,4.44816910313706,,,33257,33302
planning,0.1,0,89800.6833160805,89803.1784819032,2.49516582276556,11.9029593247934,11.9001599961148,-0.0027993286786181,,,0.0254688441831183,33302,33303
dwelling,10.7,0,89803.1784819032,90023.4516734163,220.273191513086,11.9001599961148,11.6534835740335,-0.246676422081272,,10.6333332731431,,33303,33410
planning,1,0,90023.4516734163,90047.6283776432,24.1767042268621,11.6534835740335,11.6263176042172,-0.0271659698163518,,,0.994853208760295,33410,33420
traveling,4.6,9,90047.6283776432,90192.7501214252,145.121743782001,11.6263176042172,11.4622997143175,-0.164017889899688,4.55680036865043,,,33420,33466
planning,1,0,90192.7501214252,90218.937761006,26.1876395808067,11.4622997143175,11.4327908290382,-0.0295088852792471,,,0.916045498302061,33466,33476
dwelling,6.49999999999999,0,90218.937761006,90361.3000555553,142.362294549312,11.4327908290382,11.2726969623062,-0.160093866732002,,6.41818181836431,,33476,33541
planning,0.1,0,90361.3000555553,90363.5701633785,2.27010782316211,11.2726969623062,11.270141177758,-0.00255578454818384,,,0.0629050060638234,33541,33542
traveling,7.69999999999999,25.0798724079689,90363.5701633785,90595.3667417431,231.796578364578,11.270141177758,11.0075208021317,-0.26262037562635,7.6810371215168,,,33542,33619
planning,0.9,0,90595.3667417431,90614.7503801221,19.3836383790185,11.0075208021317,10.9856657402727,-0.0218550618589664,,,0.880561811521629,33619,33628
dwelling,9.89999999999998,0,90614.7503801221,90822.6864914138,207.936111291754,10.9856657402727,10.7510515972949,-0.234614142977858,,9.87777773402839,,33628,33727
planning,0.1,0,90822.6864914138,90825.0354541239,2.34896271003527,10.7510515972949,10.7483943675707,-0.00265722972419802,,,0.0268111809254833,33727,33728
traveling,7.79999999999999,25.0798724079689,90825.0354541239,91083.6485755525,258.613121428629,10.7483943675707,10.4534777272117,-0.294916640358995,7.83013416234369,,,33728,33806
planning,1,0,91083.6485755525,91107.9424397608,24.2938642083318,10.4534777272117,10.4259091704594,-0.0275685567522661,,,0.912070984186474,33806,33816
dwelling,8.49999999999999,0,91107.9424397608,91300.2307210418,192.288281280998,10.4259091704594,10.2077139385834,-0.218195231875969,,8.41818181799723,,33816,33901
planning,0.3,0,91300.2307210418,91308.1872376718,7.95651662992896,10.2077139385834,10.1986532149283,-0.00906072365514987,,,0.283540970918743,33901,33904
traveling,0,21.4709105535839,91308.1872376718,,,10.1986532149283,,,7.06787678802003,,,33904,
