phase_type,duration,distance,energy_start,energy_end,energy_consumed,battery_start,battery_end,battery_delta,rho,tau,planning_time,start_time,end_time
traveling,9.79999999999998,14.142135623731,0,289.595204728964,289.595204728964,100,99.7313577158833,-0.26864228411668,10,,,1,99
planning,0.6,0,289.595204728964,306.900418205992,17.3052134770278,99.7313577158833,99.7153087482471,-0.0160489676362232,,,0.572239218412685,99,105
dwelling,2.9,0,306.900418205992,382.535530564911,75.6351123589189,99.7153087482471,99.6452478424153,-0.0700609058318378,,2.89411762230378,,105,134
planning,1,0,382.535530564911,413.311817601331,30.7762870364198,99.6452478424153,99.6166797360924,-0.0285681063228367,,,0.973704902674984,134,144
traveling,4.8,10,413.311817601331,598.600024951626,185.288207350295,99.6166797360924,99.4440390910668,-0.172640645025666,4.70775565617266,,,144,192
planning,0.6,0,598.600024951626,616.307263986505,17.7072390348793,99.4440390910668,99.4276097723984,-0.0164293186683295,,,0.579884973281289,192,198
dwelling,7.49999999999999,0,616.307263986505,804.606543702828,188.299279716323,99.4276097723984,99.253229166488,-0.174380605910414,,7.49999995067474,,198,273
planning,0.7,0,804.606543702828,824.411090437229,19.8045467344009,99.253229166488,99.2348618260426,-0.0183673404453657,,,0.699133559301209,273,280
traveling,5.5,14.142135623731,824.411090437229,1019.92372596828,195.512635531047,99.2348618260426,99.0529020114354,-0.181959814607197,5.56404680009678,,,280,335
planning,0.3,0,1019.92372596828,1027.54171623538,7.61799026710503,99.0529020114354,99.0458450972896,-0.00705691414587761,,,0.237868792007306,335,338
dwelling,9.59999999999998,0,1027.54171623538,1246.9945407439,219.452824508516,99.0458450972896,98.8427678502597,-0.203077247029881,,9.54999998852762,,338,434
planning,0.2,0,1246.9945407439,1252.13538934464,5.14084860074263,98.8427678502597,98.8380044120498,-0.004763438209892,,,0.189471481685439,434,436
traveling,5.6,14.142135623731,1252.13538934464,1437.68862060901,185.553231264368,98.8380044120498,98.6654640854354,-0.172540326614367,5.64258757868248,,,436,492
planning,0.5,0,1437.68862060901,1450.77650567285,13.0878850638451,98.6654640854354,98.653333245086,-0.0121308403493856,,,0.402329867986601,492,497
dwelling,6.39999999999999,0,1450.77650567285,1594.95895152566,144.182445852807,98.653333245086,98.5199011749368,-0.133432070149226,,6.39999995048429,,497,561
planning,0.5,0,1594.95895152566,1607.47150044605,12.5125489203908,98.5199011749368,98.5083084904384,-0.0115926844984102,,,0.473617942098884,561,566
traveling,4.8,10,1607.47150044605,1758.5231388017,151.05163835565,98.5083084904384,98.3679250106407,-0.140383479797748,4.70775560975582,,,566,614
planning,0.6,0,1758.5231388017,1773.28790163283,14.7647628311258,98.3679250106407,98.3542469806522,-0.0136780299884691,,,0.585181638478593,614,620
dwelling,7.69999999999999,0,1773.28790163283,1955.37924434428,182.091342711457,98.3542469806522,98.1856161927282,-0.168630787924002,,7.60588232228065,,620,697
planning,0.8,0,1955.37924434428,1977.34301204093,21.9637676966468,98.1856161927282,98.1652412234191,-0.0203749693090458,,,0.772206732094026,697,705
traveling,5.5,14.142135623731,1977.34301204093,2180.13192532167,202.788913280742,98.1652412234191,97.9762708266941,-0.188970396725011,5.5640465832126,,,705,760
planning,0.9,0,2180.13192532167,2204.95649105174,24.8245657300658,97.9762708266941,97.9532378262792,-0.0230330004149693,,,0.864802580056935,760,769
dwelling,8.19999999999999,0,2204.95649105174,2400.52488038696,195.568389335217,97.9532378262792,97.7720683994251,-0.181169426854055,,8.19999998995415,,769,851
planning,1,0,2400.52488038696,2428.4350271193,27.9101467323394,97.7720683994251,97.7461655094549,-0.0259028899702543,,,0.999792564444752,851,861
traveling,4.8,10,2428.4350271193,2596.79278283104,168.357755711748,97.7461655094549,97.589373548394,-0.156791961060847,4.70775662452623,,,861,909
planning,0.7,0,2596.79278283104,2616.43126565314,19.6384828220916,97.589373548394,97.5711443406501,-0.0182292077439428,,,0.628973104075631,909,916
dwelling,11,0,2616.43126565314,2893.59849410948,277.167228456342,97.5711443406501,97.3141688001732,-0.25697554047683,,10.974999998864,,916,1026
planning,0.1,0,2893.59849410948,2896.45889478218,2.8604006726996,97.3141688001732,97.3115125881914,-0.00265621198185784,,,0.0738418767360661,1026,1027
traveling,5.5,14.142135623731,2896.45889478218,3089.90237217385,193.443477391673,97.3115125881914,97.1313122118442,-0.180200376347145,5.56404658831933,,,1027,1082
planning,0.2,0,3089.90237217385,3095.24885587755,5.34648370370314,97.1313122118442,97.1263509302396,-0.0049612816046789,,,0.132038817368816,1082,1084
dwelling,16.9,0,3095.24885587755,3478.51114700901,383.262291131457,97.1263509302396,96.7712877286479,-0.355063201591676,,16.8333332767625,,1084,1253
planning,0.9,0,3478.51114700901,3502.37963847374,23.868491464732,96.7712877286479,96.7491358883245,-0.0221518403234029,,,0.88990423168468,1253,1262
traveling,4.8,10,3502.37963847374,3654.69030602249,152.310667548749,96.7491358883245,96.6074295551421,-0.141706333182356,4.70775649094046,,,1262,1310
planning,0.6,0,3654.69030602249,3671.34823751793,16.6579314954361,96.6074295551421,96.5919596223166,-0.0154699328255674,,,0.546977086455275,1310,1316
dwelling,9.99999999999998,0,3671.34823751793,3934.9969242482,263.64868673027,96.5919596223166,96.3472438774543,-0.24471574486229,,9.98823525868353,,1316,1416
planning,0.1,0,3934.9969242482,3938.06785230458,3.07092805638513,96.3472438774543,96.344387773722,-0.00285610373229872,,,0.0666769445993232,1416,1417
traveling,4.7,10,3938.06785230458,4103.98430555003,165.916453245446,96.344387773722,96.189731707679,-0.154656066042961,4.6292158281651,,,1417,1464
planning,0.1,0,4103.98430555003,4106.72688404006,2.74257849003152,96.189731707679,96.1871844401754,-0.00254726750362977,,,0.0959450018211512,1464,1465
dwelling,10.7,0,4106.72688404006,4372.28433556818,265.557451528125,96.1871844401754,95.9408008126178,-0.246383627557591,,10.6999999412726,,1465,1572
planning,0.3,0,4372.28433556818,4381.08849487063,8.80415930244817,95.9408008126178,95.9326153380508,-0.00818547456702845,,,0.260998008345242,1572,1575
traveling,5.5,14.142135623731,4381.08849487063,4578.77606046618,197.687565595545,95.9326153380508,95.7482318408474,-0.184383497203356,5.56404790614661,,,1575,1630
planning,0.5,0,4578.77606046618,4592.62817101816,13.8521105519794,95.7482318408474,95.7353608957673,-0.0128709450801097,,,0.472229859496957,1630,1635
dwelling,11.6,0,4592.62817101816,4875.85669733304,283.22852631488,95.7353608957673,95.4725483884002,-0.262812507367116,,11.599999987882,,1635,1751
planning,0.3,0,4875.85669733304,4884.52525536699,8.66855803395629,95.4725483884002,95.4644881418681,-0.00806024653203963,,,0.22218792998221,1751,1754
traveling,4.8,10,4884.52525536699,5046.23626000339,161.711004636401,95.4644881418681,95.3137770704515,-0.150711071416595,4.70775640846084,,,1754,1802
planning,0.3,0,5046.23626000339,5054.6711380742,8.43487807080874,95.3137770704515,95.3059359953225,-0.00784107512900789,,,0.274479407885599,1802,1805
dwelling,10.1,0,5054.6711380742,5299.03092129029,244.359783216086,95.3059359953225,95.0791526272238,-0.226783368098751,,10.0999999992133,,1805,1906
planning,1,0,5299.03092129029,5325.59977018799,26.5688488976957,95.0791526272238,95.0544671084761,-0.0246855187477024,,,0.928010856738739,1906,1916
traveling,4.7,10,5325.59977018799,5483.22500641811,157.625236230129,95.0544671084761,94.9075236028024,-0.146943505673676,4.62921675811745,,,1916,1963
planning,1,0,5483.22500641811,5508.89305951568,25.6680530975636,94.9075236028024,94.8836817805347,-0.02384182226767,,,0.923556061690306,1963,1973
dwelling,8.59999999999999,0,5508.89305951568,5706.52116683586,197.62810732018,94.8836817805347,94.7003172768845,-0.183364503650239,,8.57499992925246,,1973,2059
planning,0.4,0,5706.52116683586,5716.68673197123,10.1655651353676,94.7003172768845,94.690874777021,-0.00944249986353896,,,0.331289642625589,2059,2063
traveling,4.7,10,5716.68673197123,5861.04611778123,144.359385810003,94.690874777021,94.556444081089,-0.134430695931982,4.62921671340331,,,2063,2110
planning,0.1,0,5861.04611778123,5863.53468964769,2.48857186645728,94.556444081089,94.5541328398668,-0.00231124122215931,,,0.0971832059869966,2110,2111
dwelling,12.1,0,5863.53468964769,6132.32645422151,268.791764573823,94.5541328398668,94.3047659175164,-0.249366922350362,,12.0411764644703,,2111,2232
planning,0.4,0,6132.32645422151,6142.67285474055,10.3464005190453,94.3047659175164,94.2951509359227,-0.00961498159377072,,,0.38521587987977,2232,2236
traveling,4.7,10,6142.67285474055,6302.71971989215,160.046865151594,94.2951509359227,94.1458391134318,-0.149311822490915,4.62921589548344,,,2236,2283
planning,0.1,0,6302.71971989215,6305.39981061813,2.6800907259767,94.1458391134318,94.1433471892986,-0.00249192413316734,,,0.0481811440107028,2283,2284
dwelling,17.4,0,6305.39981061813,6703.17040998569,397.770599367564,94.1433471892986,93.7740783733405,-0.369268815958094,,17.3666665556701,,2284,2458
planning,1,0,6703.17040998569,6730.10021017976,26.9298001940688,93.7740783733405,93.7490309960579,-0.0250473772826325,,,0.921336414781853,2458,2468
traveling,5.5,14.142135623731,6730.10021017976,6926.83764533592,196.737435156165,93.7490309960579,93.5652691586235,-0.183761837434332,5.56404680695428,,,2468,2523
planning,0.7,0,6926.83764533592,6946.05069237148,19.2130470355551,93.5652691586235,93.5473925446007,-0.0178766140228248,,,0.651776846130543,2523,2530
dwelling,10.7,0,6946.05069237148,7204.75816364088,258.7074712694,93.5473925446007,93.3070048922113,-0.240387652389444,,10.6749999142954,,2530,2637
planning,0.6,0,7204.75816364088,7221.6528762566,16.8947126157236,93.3070048922113,93.2912775508514,-0.0157273413598915,,,0.523682703745454,2637,2643
traveling,4.8,10,7221.6528762566,7389.04629130456,167.393415047963,93.2912775508514,93.1349484246258,-0.156329126225572,4.70775559654762,,,2643,2691
planning,0.2,0,7389.04629130456,7394.72056683527,5.6742755307032,93.1349484246258,93.1296651002898,-0.00528332433597711,,,0.152366366412905,2691,2693
dwelling,8.39999999999999,0,7394.72056683527,7611.00918203026,216.288615194996,93.1296651002898,92.9284969484701,-0.201168151819701,,8.35555553764049,,2693,2777
planning,0.1,0,7611.00918203026,7613.8684520259,2.85926999563617,92.9284969484701,92.9258340251884,-0.00266292328176121,,,0.0289020656650996,2777,2778
traveling,4.7,10,7613.8684520259,7774.78135866916,160.912906643262,92.9258340251884,92.7755662828399,-0.150267742348461,4.62921697182414,,,2778,2825
planning,0.8,0,7774.78135866916,7797.97225942048,23.1909007513168,92.7755662828399,92.7539614768242,-0.0216048060156737,,,0.778043849281618,2825,2833
dwelling,11,0,7797.97225942048,8065.11231991604,267.140060495557,92.7539614768242,92.5055848455628,-0.248376631261436,,10.9333332747774,,2833,2943
planning,0.2,0,8065.11231991604,8070.69306858185,5.58074866581319,92.5055848455628,92.5003873261818,-0.00519751938099944,,,0.168879971344252,2943,2945
traveling,4.7,10,8070.69306858185,8226.32191419426,155.628845612414,92.5003873261818,92.3550792285572,-0.14530809762455,4.62921673671758,,,2945,2992
planning,0.7,0,8226.32191419426,8244.29637653643,17.9744623421648,92.3550792285572,92.3383536793882,-0.0167255491690383,,,0.609054494316718,2992,2999
dwelling,12.6,0,8244.29637653643,8549.49801264972,305.201636113288,92.3383536793882,92.0545086894776,-0.283844989910605,,12.5529411434785,,2999,3125
planning,1,0,8549.49801264972,8577.38428481905,27.8862721693349,92.0545086894776,92.0285285854993,-0.0259801039782843,,,0.907798941071005,3125,3135
traveling,4.7,10,8577.38428481905,8735.010062975,157.625778155951,92.0285285854993,91.8812779165901,-0.147250668909237,4.62921584081936,,,3135,3182
planning,0.8,0,8735.010062975,8756.9796082557,21.9695452806991,91.8812779165901,91.8608115008752,-0.0204664157149068,,,0.757273162983819,3182,3190
dwelling,12.6,0,8756.9796082557,9044.47705668777,287.497448432068,91.8608115008752,91.59349981032,-0.267311690555147,,12.5499999250204,,3190,3316
planning,0.6,0,9044.47705668777,9058.67720651159,14.2001498238224,91.59349981032,91.5802907184566,-0.0132090918633878,,,0.513956104801505,3316,3322
traveling,5.5,14.142135623731,9058.67720651159,9236.56449583658,177.887289324992,91.5802907184566,91.4141179354217,-0.166172783034924,5.56404685137616,,,3322,3377
planning,0.5,0,9236.56449583658,9248.75265678008,12.1881609434986,91.4141179354217,91.4027752931848,-0.011342642236869,,,0.472332265248782,3377,3382
dwelling,13.8,0,9248.75265678008,9534.91779123681,286.165134456729,91.4027752931848,91.1368564512842,-0.265918841900628,,13.7333332931848,,3382,3520
planning,0.4,0,9534.91779123681,9544.84591264915,9.92812141233844,91.1368564512842,91.1276133236302,-0.00924312765405944,,,0.318613733518638,3520,3524
traveling,4.8,10,9544.84591264915,9687.60551858365,142.759605934505,91.1276133236302,90.99438783528,-0.133225488350149,4.70775559728054,,,3524,3572
planning,0.7,0,9687.60551858365,9704.35986793807,16.7543493544163,90.99438783528,90.9787938036378,-0.0155940316422232,,,0.602400257965727,3572,3579
dwelling,8.09999999999999,0,9704.35986793807,9876.31077880093,171.950910862857,90.9787938036378,90.8189303767075,-0.159863426930286,,8.06666666199217,,3579,3660
planning,1,0,9876.31077880093,9903.26953691797,26.9587581170399,90.8189303767075,90.7938014502992,-0.0251289264083141,,,0.996881006288545,3660,3670
traveling,4.7,10,9903.26953691797,10048.6108003315,145.341263413513,90.7938014502992,90.6580607427582,-0.135740707540961,4.62921582258443,,,3670,3717
planning,0.8,0,10048.6108003315,10067.0435316881,18.4327313565809,90.6580607427582,90.6409070233475,-0.0171537194107003,,,0.709900447291196,3717,3725
dwelling,8.99999999999999,0,10067.0435316881,10260.7676852716,193.724153583549,90.6409070233475,90.4607312091684,-0.180175814179123,,8.94999995794908,,3725,3815
planning,0.3,0,10260.7676852716,10267.6184525643,6.85076729273533,90.4607312091684,90.4543554461629,-0.00637576300547948,,,0.235056835045954,3815,3818
traveling,4.7,10,10267.6184525643,10397.5307925299,129.912339965538,90.4543554461629,90.3331639819371,-0.121191464225774,4.62921581553178,,,3818,3865
planning,0.3,0,10397.5307925299,10404.0969125119,6.5661199820388,90.3331639819371,90.3270550922391,-0.00610888969799817,,,0.25602233376832,3865,3868
dwelling,12.5,0,10404.0969125119,10654.9366261838,250.83971367188,90.3270550922391,90.0938395143395,-0.233215577899642,,12.4941176026704,,3868,3993
planning,0.2,0,10654.9366261838,10659.3704106772,4.43378449336888,90.0938395143395,90.0897131913039,-0.00412632303556393,,,0.142650346985794,3993,3995
traveling,4.7,10,10659.3704106772,10793.010105829,133.639695151869,90.0897131913039,89.9649767358201,-0.12473645548387,4.62921589372486,,,3995,4042
planning,0.5,0,10793.010105829,10805.3245382941,12.3144324651003,89.9649767358201,89.9535025485467,-0.0114741872733646,,,0.412073277714361,4042,4047
dwelling,16.6,0,10805.3245382941,11186.1497703803,380.825232086207,89.9535025485467,89.5988714465486,-0.354631101998066,,16.599999967081,,4047,4213
planning,0.5,0,11186.1497703803,11199.2570221065,13.107251726191,89.5988714465486,89.5866463397222,-0.0122251068264347,,,0.469092961868098,4213,4218
traveling,5.5,14.142135623731,11199.2570221065,11383.3820852503,184.125063143807,89.5866463397222,89.4143069103286,-0.172339429393617,5.5640477391612,,,4218,4273
planning,0.8,0,11383.3820852503,11405.4442699711,22.0621847207603,89.4143069103286,89.393713944828,-0.0205929655005832,,,0.747217085683957,4273,4281
dwelling,10.5,0,11405.4442699711,11647.5428272421,242.098557270967,89.393713944828,89.168165275667,-0.225548669160986,,10.4499999868188,,4281,4386
planning,0.5,0,11647.5428272421,11659.0632645185,11.5204372763965,89.168165275667,89.1574316950691,-0.0107335805979289,,,0.460742876227146,4386,4391
traveling,4.8,10,11659.0632645185,11789.4268659664,130.363601447893,89.1574316950691,89.0357308236673,-0.121700871401799,4.70775559631135,,,4391,4439
planning,0.4,0,11789.4268659664,11798.934462041,9.50759607459622,89.0357308236673,89.0268687871924,-0.00886203647493744,,,0.333547273199825,4439,4443
dwelling,8.09999999999999,0,11798.934462041,11982.0662034932,183.131741452278,89.0268687871924,88.8562431551823,-0.170625632010086,,8.08888886624225,,4443,4524
planning,0.7,0,11982.0662034932,12000.5839783233,18.5177748300466,88.8562431551823,88.8389594608216,-0.0172836943606995,,,0.625029679129942,4524,4531
traveling,4.7,10,12000.5839783233,12163.7781510512,163.194172727886,88.8389594608216,88.6860299372317,-0.152929523589847,4.6292158649939,,,4531,4578
planning,0.6,0,12163.7781510512,12181.3006169132,17.5224658620173,88.6860299372317,88.669652863339,-0.0163770738927127,,,0.576704962817838,4578,4584
dwelling,11.3,0,12181.3006169132,12470.3205955656,289.019978652448,88.669652863339,88.3999298968663,-0.269722966472756,,11.233333302127,,4584,4697
planning,1,0,12470.3205955656,12496.886015681,26.5654201153757,88.3999298968663,88.3751243709265,-0.0248055259397404,,,0.986210699083828,4697,4707
traveling,4.7,10,12496.886015681,12653.7587701656,156.872754484562,88.3751243709265,88.2281523002685,-0.146972070658009,4.62921673779813,,,4707,4754
planning,0.9,0,12653.7587701656,12676.8559830184,23.0972128528083,88.2281523002685,88.2065908852577,-0.0215614150107797,,,0.891582571758429,4754,4763
dwelling,12.5,0,12676.8559830184,12957.2726710036,280.416687985224,88.2065908852577,87.9451585080353,-0.261432377222462,,12.4058822749622,,4763,4888
planning,0.9,0,12957.2726710036,12979.3734006285,22.1007296248554,87.9451585080353,87.9245326004768,-0.0206259075584256,,,0.867667063085114,4888,4897
traveling,4.7,10,12979.3734006285,13119.0606203345,139.687219706064,87.9245326004768,87.7938442986521,-0.130688301824762,4.62921584244795,,,4897,4944
planning,0.8,0,13119.0606203345,13138.5696832632,19.5090629286697,87.7938442986521,87.7756363383379,-0.0182079603141574,,,0.795694331193399,4944,4952
dwelling,12.9,0,13138.5696832632,13417.0341629603,278.464479697119,87.7756363383379,87.5160353591285,-0.259600979209395,,12.8999999259215,,4952,5081
planning,0.6,0,13417.0341629603,13432.0067642901,14.9726013297677,87.5160353591285,87.5020545476264,-0.0139808115020941,,,0.571561840931681,5081,5087
traveling,5.5,14.142135623731,13432.0067642901,13609.4909616752,177.484197385133,87.5020545476264,87.3357364495474,-0.166318098079003,5.56404685185798,,,5087,5142
planning,0.3,0,13609.4909616752,13617.3987091796,7.90774750443416,87.3357364495474,87.3283467766792,-0.00738967286825698,,,0.251180701963122,5142,5145
dwelling,14.1,0,13617.3987091796,13918.0582811851,300.65957200543,87.3283467766792,87.0479726320829,-0.280374144596294,,14.0333332666031,,5145,5286
planning,0.4,0,13918.0582811851,13927.8061408606,9.7478596755027,87.0479726320829,87.0388692827501,-0.00910334933277568,,,0.398823330482776,5286,5290
traveling,4.8,10,13927.8061408606,14080.4052813645,152.599140503904,87.0388692827501,86.8958538020023,-0.143015480747849,4.70775559844247,,,5290,5338
planning,0.3,0,14080.4052813645,14088.1024392745,7.69715790998634,86.8958538020023,86.8886604980576,-0.00719330394460371,,,0.206758961862981,5338,5341
dwelling,8.69999999999999,0,14088.1024392745,14274.4061796072,186.303740332734,86.8886604980576,86.7148667666888,-0.17379373136886,,8.61111110237247,,5341,5428
planning,0.5,0,14274.4061796072,14286.81247013,12.4062905227602,86.7148667666888,86.7032751586023,-0.011591608086448,,,0.476879373687157,5428,5433
traveling,4.7,10,14286.81247013,14439.4083246845,152.59585455458,86.7032751586023,86.5601654979771,-0.143109660625271,4.62921582231476,,,5433,5480
planning,0.6,0,14439.4083246845,14456.065498294,16.6571736094174,86.5601654979771,86.5445794067722,-0.0155860912049093,,,0.589231590840864,5480,5486
dwelling,9.09999999999999,0,14456.065498294,14675.454978615,219.389480321061,86.5445794067722,86.3396119923542,-0.204967414417936,,9.0999999152807,,5486,5577
planning,0.6,0,14675.454978615,14691.6562292055,16.2012505904422,86.3396119923542,86.3244548212803,-0.0151571710738807,,,0.562793600207276,5577,5583
traveling,4.7,10,14691.6562292055,14848.2972880956,156.641058890098,86.3244548212803,86.177458069981,-0.146996751299369,4.62921581575149,,,5583,5630
planning,0.8,0,14848.2972880956,14870.1352059161,21.8379178205505,86.177458069981,86.1570218659158,-0.0204362040651631,,,0.792067001328556,5630,5638
dwelling,12.1,0,14870.1352059161,15159.6753614855,289.540155569372,86.1570218659158,85.8864404241031,-0.270581441812737,,12.0470587302097,,5638,5759
planning,0.8,0,15159.6753614855,15181.4624171248,21.7870556392663,85.8864404241031,85.8660472099698,-0.0203932141332928,,,0.737479419477784,5759,5767
traveling,4.7,10,15181.4624171248,15329.3173159195,147.854898794712,85.8660472099698,85.727361498418,-0.13868571155173,4.62921589479429,,,5767,5814
planning,0.2,0,15329.3173159195,15334.6004321711,5.28311625163587,85.727361498418,85.7224175470225,-0.00494395139557469,,,0.178100354657261,5814,5816
dwelling,17.1,0,15334.6004321711,15740.0625028233,405.462070652218,85.7224175470225,85.3433631899419,-0.379054357080591,,17.0999999340267,,5816,5987
planning,0.4,0,15740.0625028233,15751.4729620299,11.4104592066105,85.3433631899419,85.3326714527141,-0.0106917372277735,,,0.37362958037254,5987,5991
traveling,5.5,14.142135623731,15751.4729620299,15948.3527417243,196.879779694378,85.3326714527141,85.1475282864259,-0.185143166288171,5.56404680738681,,,5991,6046
planning,0.7,0,15948.3527417243,15967.4751927533,19.1224510289594,85.1475282864259,85.1296169197034,-0.0179113667225721,,,0.631342915218935,6046,6053
dwelling,10.8,0,15967.4751927533,16202.8364592063,235.361266453048,85.1296169197034,84.9096806701466,-0.21993624955681,,10.749999932988,,6053,6161
planning,0.3,0,16202.8364592063,16209.7052479155,6.86878870917099,84.9096806701466,84.9032583293824,-0.00642234076420323,,,0.270905649220341,6161,6164
traveling,4.8,10,16209.7052479155,16342.5072072191,132.801959303568,84.9032583293824,84.778794870076,-0.124463459306313,4.70775559670242,,,6164,6212
planning,0.6,0,16342.5072072191,16356.6640788985,14.1568716794554,84.778794870076,84.7655524031856,-0.0132424668904463,,,0.544670640165517,6212,6218
dwelling,7.99999999999999,0,16356.6640788985,16513.0378469569,156.373768058407,84.7655524031856,84.6195320304622,-0.146020372723441,,7.99999996950681,,6218,6298
planning,0.7,0,16513.0378469569,16528.7147168775,15.6768699205459,84.6195320304622,84.6048734552558,-0.0146585752063118,,,0.609596865551495,6298,6305
traveling,4.7,10,16528.7147168775,16658.777975375,130.063258497583,84.6048734552558,84.4829481522401,-0.121925303015786,4.62921586522197,,,6305,6352
planning,0.6,0,16658.777975375,16672.4720489877,13.6940736126635,84.4829481522401,84.4701396090795,-0.0128085431605314,,,0.557297634365454,6352,6358
dwelling,11.3,0,16672.4720489877,16915.6980070687,243.225958080959,84.4701396090795,84.24274564676,-0.227393962319525,,11.2666666406689,,6358,6471
planning,0.7,0,16915.6980070687,16932.4099755289,16.7119684602185,84.24274564676,84.2271036032118,-0.0156420435481692,,,0.681708279346507,6471,6478
traveling,4.7,10,16932.4099755289,17072.308661043,139.898685514097,84.2271036032118,84.0957875202457,-0.131316082966151,4.62921673743825,,,6478,6525
planning,0.3,0,17072.308661043,17079.6908257718,7.38216472876957,84.0957875202457,84.0888747788439,-0.00691274140181974,,,0.286904020014333,6525,6528
dwelling,13,0,17079.6908257718,17345.4886577155,265.797831943746,84.0888747788439,83.8404027200876,-0.248472058756278,,12.9882352436682,,6528,6658
planning,1,0,17345.4886577155,17368.2693288846,22.7806711690937,83.8404027200876,83.8190830281187,-0.0213196919688556,,,0.951847854754233,6658,6668
traveling,4.7,10,17368.2693288846,17500.3237225345,132.054393649891,83.8190830281187,83.6951725800208,-0.123910448097902,4.6292158422052,,,6668,6715
planning,0.7,0,17500.3237225345,17516.2017096297,15.8779870951694,83.6951725800208,83.6803116667428,-0.0148609132779995,,,0.695289398523166,6715,6722
dwelling,13,0,17516.2017096297,17800.8394469018,284.637737272129,83.6803116667428,83.4139622149229,-0.266349451819877,,12.9499999736703,,6722,6852
planning,0.8,0,17800.8394469018,17821.4014435939,20.5619966921295,83.4139622149229,83.3946861933265,-0.019276021596454,,,0.718534241606903,6852,6860
traveling,5.5,14.142135623731,17821.4014435939,18014.4152667417,193.013823147761,83.3946861933265,83.2128923559766,-0.181793837349929,5.56404685220678,,,6860,6915
planning,0.2,0,18014.4152667417,18019.5633019361,5.14803519439374,83.2128923559766,83.208065344607,-0.00482701136959918,,,0.133031538749759,6915,6917
dwelling,14.2,0,18019.5633019361,18336.6328652523,317.069563316258,83.208065344607,82.9111777465879,-0.296887598019069,,14.1999998996613,,6917,7059
planning,0.7,0,18336.6328652523,18355.0619665644,18.4291013120492,82.9111777465879,82.8938883518578,-0.0172893947301418,,,0.607344676728676,7059,7066
traveling,4.8,10,18355.0619665644,18505.6577787349,150.59581217053,82.8938883518578,82.7522558380577,-0.141632513800076,4.70775559854773,,,7066,7114
planning,0.4,0,18505.6577787349,18516.0673513302,10.4095725952757,82.7522558380577,82.7424899478442,-0.00976589021348673,,,0.378457412222976,7114,7118
dwelling,8.59999999999999,0,18516.0673513302,18724.8330682501,208.765716919923,82.7424899478442,82.546767572319,-0.195722375525222,,8.53333332368203,,7118,7204
planning,0.5,0,18724.8330682501,18739.227126954,14.3940587038815,82.546767572319,82.5332440586479,-0.0135235136710889,,,0.417379689589011,7204,7209
traveling,4.7,10,18739.227126954,18903.2856723438,164.058545389787,82.5332440586479,82.3786467710681,-0.154597287579762,4.62921582271266,,,7209,7256
planning,0.8,0,18903.2856723438,18926.6807467172,23.3950743734204,82.3786467710681,82.3566584854323,-0.0219882856358282,,,0.775186480064704,7256,7264
dwelling,8.99999999999999,0,18926.6807467172,19153.4177363548,226.736989637648,82.3566584854323,82.1439214295762,-0.212737055856124,,8.97499992871109,,7264,7354
planning,0.4,0,19153.4177363548,19164.7090139048,11.2912775500008,82.1439214295762,82.1333116949457,-0.0106097346304779,,,0.312333771010346,7354,7358
traveling,4.7,10,19164.7090139048,19309.4603691263,144.751355221462,82.1333116949457,81.9971092637672,-0.136202431178461,4.62921581603206,,,7358,7405
planning,1,0,19309.4603691263,19333.2628194366,23.8024503102824,81.9971092637672,81.9747849423904,-0.0223243213768143,,,0.944380682488048,7405,7415
dwelling,12,0,19333.2628194366,19633.4173009526,300.15448151602,81.9747849423904,81.6930576049614,-0.281727337429061,,11.917646959536,,7415,7535
planning,0.2,0,19633.4173009526,19639.259734478,5.8424335254058,81.6930576049614,81.687563040525,-0.00549456443631868,,,0.147205047718601,7535,7537
traveling,4.7,10,19639.259734478,19818.148805954,178.889071476031,81.687563040525,81.5185921634908,-0.168970877034283,4.62921589372484,,,7537,7584
planning,0.2,0,19818.148805954,19824.4805045789,6.33169862487921,81.5185921634908,81.5126298342322,-0.00596232925853712,,,0.110083465534542,7584,7586
dwelling,16.9,0,19824.4805045789,20225.1470023558,400.666497776874,81.5126298342322,81.1366164425855,-0.376013391646737,,16.8999998886919,,7586,7755
planning,0.9,0,20225.1470023558,20247.659215183,22.5122128272051,81.1366164425855,81.1154734058381,-0.0211430367473326,,,0.875972868527746,7755,7764
traveling,5.5,14.142135623731,20247.659215183,20416.6291134932,168.969898310203,81.1154734058381,80.9563168144061,-0.159156591432051,5.56404680710332,,,7764,7819
planning,0.1,0,20416.6291134932,20418.9052668217,2.2761533284538,80.9563168144061,80.9541809242506,-0.002135890155472,,,0.0558452550345419,7819,7820
dwelling,11.3,0,20418.9052668217,20676.3723331649,257.467066343288,80.9541809242506,80.7125421265854,-0.241638797665189,,11.2999999645317,,7820,7933
planning,1,0,20676.3723331649,20700.4873294421,24.1149962771233,80.7125421265854,80.6898936800609,-0.0226484465245136,,,0.907354808475253,7933,7943
traveling,4.8,10,20700.4873294421,20842.5168185752,142.029489133129,80.6898936800609,80.5561464026278,-0.133747277433073,4.70775559681691,,,7943,7991
planning,1,0,20842.5168185752,20869.1839159991,26.6670974239496,80.5561464026278,80.5310682968111,-0.0250781058167036,,,0.97567093914987,7991,8001
dwelling,7.69999999999999,0,20869.1839159991,21051.0493467093,181.865430710164,80.5310682968111,80.3602568348374,-0.170811461973727,,7.63333331446443,,8001,8078
planning,0.9,0,21051.0493467093,21073.0729546471,22.0236079377682,80.3602568348374,80.3395622815541,-0.0206945532832776,,,0.898068922063116,8078,8087
traveling,4.7,10,21073.0729546471,21209.0221414406,135.949186793478,80.3395622815541,80.2115313322194,-0.128030949334786,4.62921586695284,,,8087,8134
planning,1,0,21209.0221414406,21231.1439316477,22.1217902071003,80.2115313322194,80.1907635050338,-0.0207678271855656,,,0.99626851072718,8134,8144
dwelling,11.2,0,21231.1439316477,21489.1338098506,257.989878202905,80.1907635050338,79.9484261705116,-0.242337334522205,,11.1666666090818,,8144,8256
planning,0.8,0,21489.1338098506,21510.5529127349,21.4191028843234,79.9484261705116,79.9282704768754,-0.0201556936361555,,,0.733091225545276,8256,8264
traveling,4.7,10,21510.5529127349,21662.5808290019,152.02791626699,79.9282704768754,79.7848171954377,-0.143453281437729,4.62921581868978,,,8264,8311
planning,0.2,0,21662.5808290019,21668.5693392139,5.98851021206792,79.7848171954377,79.7791729212666,-0.0056442741711038,,,0.170766984773304,8311,8313
dwelling,13.4,0,21668.5693392139,22020.3592734644,351.789934250432,79.7791729212666,79.4481040228702,-0.331068898396353,,13.3705882054207,,8313,8447
planning,1,0,22020.3592734644,22048.5587617922,28.1994883277839,79.4481040228702,79.4215374802485,-0.0265665426217083,,,0.972686200089076,8447,8457
traveling,4.7,10,22048.5587617922,22225.6500989133,177.091337121135,79.4215374802485,79.2539179938503,-0.167619486398223,4.62921584334933,,,8457,8504
planning,1,0,22225.6500989133,22255.5477937878,29.8976948744967,79.2539179938503,79.2257242692282,-0.0281937246221418,,,0.90142040496197,8504,8514
dwelling,12.9,0,22255.5477937878,22587.2269666687,331.679172880918,79.2257242692282,78.9134825963903,-0.312241672837914,,12.8999999544267,,8514,8643
planning,0.3,0,22587.2269666687,22594.9676042392,7.74063757045951,78.9134825963903,78.9061943504347,-0.00728824595555011,,,0.272142381229007,8643,8646
traveling,5.5,14.142135623731,22594.9676042392,22765.4865618599,170.518957620698,78.9061943504347,78.7452300687079,-0.160964281726791,5.56404685219702,,,8646,8701
planning,0.1,0,22765.4865618599,22767.9298894892,2.4433276293712,78.7452300687079,78.7429305882436,-0.00229948046435879,,,0.080084145011743,8701,8702
dwelling,14.3,0,22767.9298894892,23077.3455649452,309.415675455952,78.7429305882436,78.4520502280543,-0.290880360189206,,14.2999999960629,,8702,8845
planning,0.6,0,23077.3455649452,23092.52034479,15.1747798447832,78.4520502280543,78.4377589574233,-0.0142912706310341,,,0.564093006094713,8845,8851
traveling,4.8,10,23092.52034479,23228.2217556559,135.701410865957,78.4377589574233,78.3097667389744,-0.127992218448867,4.70775559868932,,,8851,8899
planning,0.7,0,23228.2217556559,23244.3901354329,16.1683797769292,78.3097667389744,78.2945527192204,-0.0152140197540405,,,0.646413885521923,8899,8906
dwelling,8.29999999999999,0,23244.3901354329,23424.3544498593,179.964314426456,78.2945527192204,78.1252991087889,-0.169253610431525,,8.2666665910095,,8906,8989
planning,0.7,0,23424.3544498593,23443.3456977648,18.9912479055092,78.1252991087889,78.1073925376974,-0.0179065710914585,,,0.657844163185054,8989,8996
traveling,4.7,10,23443.3456977648,23601.4440132053,158.098315440478,78.1073925376974,77.9578392327424,-0.149553304954978,4.62921582289208,,,8996,9043
planning,0.4,0,23601.4440132053,23612.5063156063,11.0623024010056,77.9578392327424,77.9474045990614,-0.0104346336810295,,,0.385075878767233,9043,9047
dwelling,9.39999999999998,0,23612.5063156063,23832.2466590647,219.740343458427,77.9474045990614,77.7405086228745,-0.206895976186942,,9.39999992574695,,9047,9141
planning,0.6,0,23832.2466590647,23847.9219201963,15.6752611315278,77.7405086228745,77.7257298007896,-0.0147788220849066,,,0.531514249243941,9141,9147
traveling,4.7,10,23847.9219201963,24003.0513371902,155.129416993892,77.7257298007896,77.5789669932531,-0.146762807536419,4.62921581604432,,,9147,9194
planning,0.3,0,24003.0513371902,24011.1070260405,8.05568885031971,77.5789669932531,77.5713682500633,-0.00759874318987386,,,0.23934394594483,9194,9197
dwelling,12.7,0,24011.1070260405,24321.8617304238,310.754704383329,77.5713682500633,77.2785095848038,-0.292858665259473,,12.6176469510617,,9197,9324
planning,0.1,0,24321.8617304238,24324.6203075568,2.75857713295773,77.2785095848038,77.2759058208002,-0.00260376400362361,,,0.0628762558931983,9324,9325
traveling,4.7,10,24324.6203075568,24488.8792453497,164.258937792907,77.2759058208002,77.120300386992,-0.155605433808176,4.6292158942237,,,9325,9372
planning,0.1,0,24488.8792453497,24491.6773930415,2.79814769180666,77.120300386992,77.1176583662516,-0.00264202074039588,,,0.0822083920194249,9372,9373
dwelling,17.1,0,24491.6773930415,24871.2884354082,379.611042366756,77.1176583662516,76.7600929544948,-0.357565411756823,,17.0999999304298,,9373,9544
planning,0.7,0,24871.2884354082,24886.0079114684,14.7194760602215,76.7600929544948,76.7462333578922,-0.0138595966025434,,,0.681152106103643,9544,9551
traveling,5.5,14.142135623731,24886.0079114684,25033.2428799155,147.234968447003,76.7462333578922,76.6071967027101,-0.13903665518211,5.5640468068355,,,9551,9606
planning,0.4,0,25033.2428799155,25042.1371154956,8.89423558018461,76.6071967027101,76.5988162653039,-0.00838043740623107,,,0.334211696126535,9606,9610
dwelling,11,0,25042.1371154956,25256.203214385,214.066098889401,76.5988162653039,76.3973468395158,-0.201469425788119,,10.9499999226195,,9610,9720
planning,0.1,0,25256.203214385,25258.433129304,2.22991491900029,76.3973468395158,76.3952452354488,-0.00210160406695081,,,0.0335896223196844,9720,9721
traveling,4.8,10,25258.433129304,25396.4938210946,138.060691790604,76.3952452354488,76.2647217297706,-0.130523505678184,4.7077555964766,,,9721,9769
planning,0.9,0,25396.4938210946,25419.4622362592,22.9684151645379,76.2647217297706,76.2430397350322,-0.0216819947384863,,,0.826491606032295,9769,9778
dwelling,7.69999999999999,0,25419.4622362592,25590.0887290751,170.626492815878,76.2430397350322,76.0822011255755,-0.160838609456675,,7.6333332738146,,9778,9855
planning,0.9,0,25590.0887290751,25614.0806375171,23.9919084419962,76.0822011255755,76.0595370354176,-0.0226640901579032,,,0.870816363254405,9855,9864
traveling,4.7,10,25614.0806375171,25763.5686907838,149.488053266785,76.0595370354176,75.9179540989913,-0.141582936426289,4.62921586501379,,,9864,9911
planning,1,0,25763.5686907838,25790.0742480744,26.5055572905185,75.9179540989913,75.8929129002698,-0.0250411987215244,,,0.930512342342939,9911,9921
dwelling,10.9,0,25790.0742480744,26041.521537807,251.447289732598,75.8929129002698,75.6556962006688,-0.237216699600992,,10.8333332849144,,9921,10030
planning,0.5,0,26041.521537807,26054.8228985585,13.3013607514986,75.6556962006688,75.6431257847923,-0.0125704158764393,,,0.457887015850102,10030,10035
traveling,4.7,10,26054.8228985585,26209.6930306793,154.870132120814,75.6431257847923,75.4962996699041,-0.14682611488827,4.62921673707812,,,10035,10082
planning,1,0,26209.6930306793,26236.3495634703,26.6565327910139,75.4962996699041,75.4711029436569,-0.0251967262471169,,,0.989806158451988,10082,10092
dwelling,12.3,0,26236.3495634703,26502.393769279,266.044205808677,75.4711029436569,75.2201674238045,-0.250935519852419,,12.2705881981187,,10092,10215
planning,0.2,0,26502.393769279,26507.1170954281,4.72332614917832,75.2201674238045,75.2157077416978,-0.00445968210669889,,,0.142041748351223,10215,10217
traveling,4.7,10,26507.1170954281,26646.4754319811,139.358336553003,75.2157077416978,75.083736478522,-0.131971263175828,4.62921584128625,,,10217,10264
planning,1,0,26646.4754319811,26671.2308383992,24.7554064180913,75.083736478522,75.0603470416029,-0.0233894369190608,,,0.912172343754512,10264,10274
dwelling,12.5,0,26671.2308383992,26953.4012158391,282.170377439841,75.0603470416029,74.793966030259,-0.266381011343981,,12.4499999044392,,10274,10399
planning,0.3,0,26953.4012158391,26961.4105567675,8.00934092839088,74.793966030259,74.7863896600753,-0.00757637018364221,,,0.283340135314643,10399,10402
traveling,5.5,14.142135623731,26961.4105567675,27149.1086776221,187.698120854649,74.7863896600753,74.6081732551627,-0.17821640491259,5.56404684914912,,,10402,10457
planning,0.6,0,27149.1086776221,27165.5910381619,16.4823605397687,74.6081732551627,74.592573222397,-0.0156000327657324,,,0.570353339236255,10457,10463
dwelling,13.3,0,27165.5910381619,27491.7098719022,326.118833740333,74.592573222397,74.2842733686011,-0.30829985379593,,13.2999999979085,,10463,10596
planning,0.7,0,27491.7098719022,27510.2244805588,18.5146086565692,74.2842733686011,74.2667520408564,-0.017521327744646,,,0.607800460893577,10596,10603
traveling,4.8,10,27510.2244805588,27660.7480051703,150.523524611541,74.2667520408564,74.1239490115094,-0.142803029347064,4.70775559699903,,,10603,10651
planning,1,0,27660.7480051703,27686.0458650883,25.2978599179842,74.1239490115094,74.100016751719,-0.0239322597903993,,,0.934562390018701,10651,10661
dwelling,7.69999999999999,0,27686.0458650883,27855.8517180426,169.805852954254,74.100016751719,73.9395996465762,-0.160417105142784,,7.68888884398802,,10661,10738
planning,0.6,0,27855.8517180426,27870.8114920307,14.9597739881174,73.9395996465762,73.9254471358979,-0.0141525106783149,,,0.554316329289458,10738,10744
traveling,4.7,10,27870.8114920307,28011.9273401648,141.115848134148,73.9254471358979,73.7916108303804,-0.133836305517448,4.62921675880011,,,10744,10791
planning,0.3,0,28011.9273401648,28019.4081508619,7.48081069710315,73.7916108303804,73.7845325997027,-0.0070782306777204,,,0.283591618719028,10791,10794
dwelling,9.29999999999998,0,28019.4081508619,28211.2636426415,191.855491779559,73.7845325997027,73.6033383047911,-0.181194294911563,,9.299999981435,,10794,10887
planning,0.9,0,28211.2636426415,28232.9866122101,21.7229695686292,73.6033383047911,73.5827875342194,-0.0205507705716883,,,0.828422805979749,10887,10896
traveling,4.7,10,28232.9866122101,28371.679805953,138.693193742838,73.5827875342194,73.4512285999995,-0.13155893421991,4.62921581523419,,,10896,10943
planning,0.3,0,28371.679805953,28378.913057606,7.23325165300048,73.4512285999995,73.4443847017576,-0.00684389824193943,,,0.285949044987479,10943,10946
dwelling,12.5,0,28378.913057606,28673.953400508,295.040342902041,73.4443847017576,73.1652437164479,-0.279140985309724,,12.4235293751614,,10946,11071
planning,0.9,0,28673.953400508,28698.0464470417,24.0930465337078,73.1652437164479,73.1424124037759,-0.0228313126719968,,,0.831838695092381,11071,11080
traveling,4.7,10,28698.0464470417,28856.4276403495,158.381193307825,73.1424124037759,72.9917997993006,-0.150612604475242,4.62921589468157,,,11080,11127
planning,0.4,0,28856.4276403495,28867.1445517396,10.7169113900454,72.9917997993006,72.9816422093943,-0.010157589906342,,,0.393839988588658,11127,11131
dwelling,16.9,0,28867.1445517396,29240.1184326149,372.973880875343,72.9816422093943,72.6288156198622,-0.352826589532057,,16.8999999928959,,11131,11300
planning,0.5,0,29240.1184326149,29253.5603110086,13.4418783936744,72.6288156198622,72.6160697186115,-0.0127459012507671,,,0.469635662188504,11300,11305
traveling,5.5,14.142135623731,29253.5603110086,29447.8663767034,194.306065694807,72.6160697186115,72.4310466957632,-0.18502302284827,5.56404680751747,,,11305,11360
planning,0.6,0,29447.8663767034,29463.95576817,16.0893914665721,72.4310466957632,72.4157875375761,-0.0152591581870922,,,0.565036631059077,11360,11366
dwelling,10.9,0,29463.95576817,29710.5580692949,246.602301124924,72.4157875375761,72.1823274606645,-0.233460076911626,,10.8749999578752,,11366,11475
planning,0.5,0,29710.5580692949,29724.074296349,13.516227054075,72.1823274606645,72.1695039407884,-0.0128235198760649,,,0.45920136851199,11475,11480
traveling,4.8,10,29724.074296349,29878.1600229783,154.085726629357,72.1695039407884,72.022940753789,-0.146563186999416,4.70775559688763,,,11480,11528
planning,0.9,0,29878.1600229783,29900.4871616724,22.3271386941051,72.022940753789,72.0017758432418,-0.0211649105471565,,,0.89386616837622,11528,11537
dwelling,7.79999999999999,0,29900.4871616724,30079.9764477629,179.489286090513,72.0017758432418,71.8317452501743,-0.170030593067494,,7.75555554801506,,11537,11615
planning,0.3,0,30079.9764477629,30088.2971720135,8.32072425056685,71.8317452501743,71.8238453957818,-0.00789985439249108,,,0.265970544306739,11615,11618
traveling,4.7,10,30088.2971720135,30248.3868346302,160.089662616694,71.8238453957818,71.6713645387606,-0.152480857021288,4.62921586501508,,,11618,11665
planning,0.1,0,30248.3868346302,30250.9819836463,2.59514901609145,71.6713645387606,71.6689022609396,-0.00246227782096753,,,0.0460720460262015,11665,11666
dwelling,11.8,0,30250.9819836463,30507.9076463991,256.925662752845,71.6689022609396,71.4255611732758,-0.243341087663765,,11.7333332634712,,11666,11784
planning,0.3,0,30507.9076463991,30515.0935918165,7.1859454173682,71.4255611732758,71.4187475703455,-0.00681360293030764,,,0.255788548706678,11784,11787
traveling,4.7,10,30515.0935918165,30662.6099355123,147.516343695766,71.4187475703455,71.2783560461856,-0.140391524159895,4.6292167359962,,,11787,11834
planning,0.8,0,30662.6099355123,30685.2667741161,22.6568386038489,71.2783560461856,71.2568259973555,-0.0215300488300727,,,0.715829336459532,11834,11842
dwelling,12.5,0,30685.2667741161,30986.001180181,300.73440606485,71.2568259973555,70.9715620522501,-0.28526394510547,,12.4176470385687,,11842,11967
planning,1,0,30986.001180181,31011.883811481,25.8826313000536,70.9715620522501,70.9469861175917,-0.0245759346584151,,,0.991897359182668,11967,11977
traveling,4.7,10,31011.883811481,31156.0357466986,144.15193521756,70.9469861175917,70.8097765563814,-0.137209561210298,4.62921584139319,,,11977,12024
planning,0.8,0,31156.0357466986,31175.8270405441,19.7912938455302,70.8097765563814,70.7909910666478,-0.0187854897335882,,,0.731537491800562,12024,12032
dwelling,12.7,0,31175.8270405441,31442.0723436187,266.245303074582,70.7909910666478,70.5386756122841,-0.252315454363682,,12.6749999342435,,12032,12159
planning,0.5,0,31442.0723436187,31455.0263624716,12.9540188529245,70.5386756122841,70.5263696352283,-0.0123059770558314,,,0.415174840274179,12159,12164
traveling,5.5,14.142135623731,31455.0263624716,31636.8533614294,181.82699895776,70.5263696352283,70.3530030199594,-0.173366615268861,5.56404685138854,,,12164,12219
planning,0.5,0,31636.8533614294,31649.251602975,12.3982415455903,70.3530030199594,70.3412286480655,-0.0117743718938783,,,0.429217538247723,12219,12224
dwelling,13.8,0,31649.251602975,31941.5588130495,292.307210074501,70.3412286480655,70.0640354002305,-0.277193247835029,,13.7333333324113,,12224,12362
planning,0.2,0,31941.5588130495,31946.2189697215,4.66015667201646,70.0640354002305,70.0596114005218,-0.00442399970866347,,,0.171215005324823,12362,12364
traveling,4.8,10,31946.2189697215,32084.4574655073,138.238495785812,70.0596114005218,69.9280181640972,-0.131593236424607,4.70775559727966,,,12364,12412
planning,0.7,0,32084.4574655073,32101.3901240465,16.9326585392228,69.9280181640972,69.9119343970982,-0.0160837669989888,,,0.606147698295146,12412,12419
dwelling,8.09999999999999,0,32101.3901240465,32281.7023287454,180.312204698857,69.9119343970982,69.7407948529476,-0.171139544150662,,8.06666659171638,,12419,12500
planning,0.3,0,32281.7023287454,32289.4168725606,7.71454381517833,69.7407948529476,69.7334604020337,-0.00733445091388774,,,0.210947366659256,12500,12503
traveling,4.7,10,32289.4168725606,32447.2761875731,157.859315012505,69.7334604020337,69.5827844472151,-0.150675954818581,4.62921675675203,,,12503,12550
planning,0.5,0,32447.2761875731,32461.374857114,14.0986695409556,69.5827844472151,69.5693625176321,-0.0134219295830036,,,0.402179094135287,12550,12555
dwelling,9.09999999999999,0,32461.374857114,32678.9490109455,217.574153831425,69.5693625176321,69.3626170430672,-0.206745474564855,,9.02499995044746,,12555,12646
planning,0.2,0,32678.9490109455,32684.2581358399,5.30912489442926,69.3626170430672,69.3575654128193,-0.00505163024797639,,,0.154970171141313,12646,12648
traveling,4.7,10,32684.2581358399,32844.0840565984,159.825920758522,69.3575654128193,69.2049156845851,-0.152649728234195,4.62921672279967,,,12648,12695
planning,0.7,0,32844.0840565984,32862.2807354253,18.1966788269056,69.2049156845851,69.1876026136084,-0.0173130709766838,,,0.621375857610279,12695,12702
dwelling,11.9,0,32862.2807354253,33157.9172733797,295.636537954415,69.1876026136084,68.9064123737061,-0.281190239902315,,11.8823528552843,,12702,12821
planning,0.8,0,33157.9172733797,33180.6010087092,22.6837353294686,68.9064123737061,68.8847992748523,-0.0216130988538197,,,0.71769383079086,12821,12829
traveling,4.7,10,33180.6010087092,33341.4148928371,160.813884127929,68.8847992748523,68.7311187787353,-0.153680496116976,4.62921560293391,,,12829,12876
planning,0.4,0,33341.4148928371,33352.8200097527,11.4051169155937,68.7311187787353,68.7202490939119,-0.0108696848233905,,,0.381409152890155,12876,12880
dwelling,16.5,0,33352.8200097527,33761.0785629709,408.258553218184,68.7202490939119,68.3317439660072,-0.388505127904693,,16.4999999627096,,12880,13045
planning,1,0,33761.0785629709,33789.1322645994,28.0537016285307,68.3317439660072,68.3050006138069,-0.0267433522002847,,,0.978981934079659,13045,13055
traveling,5.5,14.142135623731,33789.1322645994,33979.9844119718,190.852147372352,68.3050006138069,68.1224435516503,-0.182557062156576,5.56404680724614,,,13055,13110
planning,1,0,33979.9844119718,34005.2218679167,25.2374559448799,68.1224435516503,68.0984107292825,-0.0240328223678716,,,0.994394376478291,13110,13120
dwelling,10.5,0,34005.2218679167,34247.1823970145,241.960529097851,68.0984107292825,67.8681935229206,-0.230217206361843,,10.424999958718,,13120,13225
planning,0.8,0,34247.1823970145,34268.6739978864,21.491600871901,67.8681935229206,67.8477063419787,-0.0204871809418847,,,0.766111721674601,13225,13233
traveling,4.8,10,34268.6739978864,34421.2000301118,152.526032225433,67.8477063419787,67.7019416028699,-0.14576473910887,4.70775559665251,,,13233,13281
planning,0.6,0,34421.2000301118,34436.0450949447,14.8450648328144,67.7019416028699,67.687801686832,-0.0141399160378626,,,0.589146545218194,13281,13287
dwelling,7.99999999999999,0,34436.0450949447,34628.023562654,191.978467709385,67.687801686832,67.504982184907,-0.182819501925024,,7.98888883566518,,13287,13367
planning,0.5,0,34628.023562654,34642.5057110641,14.4821484100612,67.504982184907,67.4911576442246,-0.0138245406823785,,,0.440182119351492,13367,13372
traveling,4.7,10,34642.5057110641,34799.7280847128,157.222373648692,67.4911576442246,67.3407156728992,-0.150441971325407,4.62921586579224,,,13372,13419
planning,0.3,0,34799.7280847128,34807.7270320215,7.99894730871893,67.3407156728992,67.3330867407667,-0.0076289321324623,,,0.258289980493455,13419,13422
dwelling,11.7,0,34807.7270320215,35079.4098684615,271.682836440013,67.3330867407667,67.0743451470683,-0.258741593698431,,11.6666666055304,,13422,13539
planning,0.6,0,35079.4098684615,35094.4548307231,15.0449622615997,67.0743451470683,67.0600022810566,-0.0143428660117024,,,0.503101896379671,13539,13545
traveling,4.7,10,35094.4548307231,35242.1288428983,147.674012175208,67.0600022810566,66.918766369506,-0.141235911550567,4.62921673923496,,,13545,13592
planning,0.7,0,35242.1288428983,35260.297303103,18.1684602047098,66.918766369506,66.9014354972609,-0.0173308722451537,,,0.67308008746076,13592,13599
dwelling,12.7,0,35260.297303103,35554.9775791943,294.680276091298,66.9014354972609,66.6206497111316,-0.280785786129243,,12.6764704854759,,13599,13726
planning,0.3,0,35554.9775791943,35562.7823404709,7.80476127658039,66.6206497111316,66.6132020298424,-0.00744768128920725,,,0.204891689163361,13726,13729
traveling,4.7,10,35562.7823404709,35720.4849830949,157.702642623954,66.6132020298424,66.4621382708167,-0.151063759025689,4.62921584127725,,,13729,13776
planning,0.9,0,35720.4849830949,35746.0276059985,25.5426229036602,66.4621382708167,66.4377325349683,-0.0244057358484326,,,0.856720355874117,13776,13785
dwelling,12.6,0,35746.0276059985,36051.1882611176,305.16065511902,66.4377325349683,66.1466598352294,-0.291072699738905,,12.5499999486676,,13785,13911
planning,0.4,0,36051.1882611176,36063.5892861002,12.4010249826242,66.1466598352294,66.1347919186582,-0.0118679165712479,,,0.349099088670411,13911,13915
traveling,5.5,14.142135623731,36063.5892861002,36254.1640159593,190.574729859109,66.1347919186582,65.9520604718445,-0.182731446813648,5.56404685021114,,,13915,13970
planning,0.8,0,36254.1640159593,36276.7999550379,22.6359390786383,65.9520604718445,65.9304200881599,-0.0216403836846268,,,0.72442497596767,13970,13978
dwelling,13.2,0,36276.7999550379,36585.00456821,308.2046131721,65.9304200881599,65.6363932519244,-0.294026836235474,,13.1999999940076,,13978,14110
planning,1,0,36585.00456821,36609.8500105203,24.8454423103176,65.6363932519244,65.6126701360019,-0.023723115922536,,,0.918389180148255,14110,14120
traveling,4.8,10,36609.8500105203,36757.150779284,147.300768763685,65.6126701360019,65.4715987476436,-0.14107138835827,4.70775559737672,,,14120,14168
planning,0.4,0,36757.150779284,36766.8346553126,9.68387602856819,65.4715987476436,65.4623533727796,-0.00924537486397981,,,0.315247116832202,14168,14172
dwelling,8.39999999999999,0,36766.8346553126,36944.6406544631,177.805999150456,65.4623533727796,65.292820714445,-0.169532658334646,,8.38888883649227,,14172,14256
planning,0.9,0,36944.6406544631,36966.2796144831,21.6389600200127,65.292820714445,65.2721587472935,-0.0206619671514687,,,0.856439235517049,14256,14265
traveling,4.7,10,36966.2796144831,37112.8857161478,146.606101664722,65.2721587472935,65.1316575838288,-0.140501163464677,4.62921582289918,,,14265,14312
planning,0.2,0,37112.8857161478,37117.9993411889,5.11362504115095,65.1316575838288,65.1267704714318,-0.00488711239704287,,,0.15702756821061,14312,14314
dwelling,9.59999999999998,0,37117.9993411889,37337.4684747708,219.469133581886,65.1267704714318,64.9172599055672,-0.209510565864619,,9.59999995286471,,14314,14410
planning,0.9,0,37337.4684747708,37358.5340378673,21.0655630964611,64.9172599055672,64.8971425665707,-0.0201173389964993,,,0.809022153547126,14410,14419
traveling,4.7,10,37358.5340378673,37492.8562161531,134.322178285853,64.8971425665707,64.7685304264598,-0.128612140110903,4.62921581604558,,,14419,14466
planning,1,0,37492.8562161531,37518.4450154407,25.5887992875942,64.7685304264598,64.744064073984,-0.0244663524757982,,,0.905632646992071,14466,14476
dwelling,12,0,37518.4450154407,37778.6856671507,260.240651709923,64.744064073984,64.4956506994921,-0.248413374491832,,11.9176470266425,,14476,14596
planning,0.6,0,37778.6856671507,37794.000186416,15.3145192652955,64.4956506994921,64.4810037595177,-0.014646939974412,,,0.55192771301879,14596,14602
traveling,4.7,10,37794.000186416,37947.6044476806,153.604261264663,64.4810037595177,64.3335557793869,-0.147447980130835,4.62921589550879,,,14602,14649
planning,0.9,0,37947.6044476806,37971.506512881,23.9020652003892,64.3335557793869,64.3106800435085,-0.0228757358783866,,,0.88645591662546,14649,14658
dwelling,16.6,0,37971.506512881,38396.9392693306,425.432756449612,64.3106800435085,63.9035701015852,-0.407109941923252,,16.5666666381918,,14658,14824
planning,1,0,38396.9392693306,38428.9536878023,32.0144184717064,63.9035701015852,63.8728353612908,-0.0307347402944558,,,0.907675372637339,14824,14834
traveling,5.5,14.142135623731,38428.9536878023,38636.7804724953,207.826784692945,63.8728353612908,63.672698774077,-0.200136587213784,5.56404680838738,,,14834,14889
planning,0.7,0,38636.7804724953,38656.0933470118,19.312874516494,63.672698774077,63.6541916379871,-0.0185071360899158,,,0.624159799163395,14889,14896
dwelling,11,0,38656.0933470118,38901.5409045633,245.447557551575,63.6541916379871,63.419524367589,-0.234667270398091,,10.9249999598449,,14896,15006
planning,0.3,0,38901.5409045633,38908.9749806906,7.43407612721057,63.419524367589,63.4124077387801,-0.00711662880888042,,,0.233610094154093,15006,15009
traveling,4.8,10,38908.9749806906,39045.2726044,136.297623709448,63.4124077387801,63.2816833413191,-0.130724397461023,4.70775559720274,,,15009,15057
planning,0.1,0,39045.2726044,39047.5729181846,2.30031378455169,63.2816833413191,63.279482736922,-0.00220060439708902,,,0.0939088173022644,15057,15058
dwelling,8.69999999999999,0,39047.5729181846,39248.8129426116,201.240024427017,63.279482736922,63.0869208796403,-0.19256185728166,,8.64444436565369,,15058,15145
planning,0.3,0,39248.8129426116,39256.9027446525,8.08980204095133,63.0869208796403,63.0791654496368,-0.00775543000350609,,,0.295749412191594,15145,15148
traveling,4.7,10,39256.9027446525,39418.1779339795,161.275189327003,63.0791654496368,62.9239639048876,-0.155201544749218,4.62921586520018,,,15148,15195
planning,0.2,0,39418.1779339795,39423.7196052971,5.54167131756549,62.9239639048876,62.9186483790054,-0.00531552588218887,,,0.126624391351658,15195,15197
dwelling,11.7,0,39423.7196052971,39722.2653934866,298.545788189535,62.9186483790054,62.6325296320646,-0.286118746940872,,11.6666665982827,,15197,15314
planning,1,0,39722.2653934866,39751.8925830488,29.6271895621758,62.6325296320646,62.6040751623142,-0.028454469750379,,,0.992101845027678,15314,15324
traveling,4.7,10,39751.8925830488,39932.4242507709,180.53166772212,62.6040751623142,62.4299003854453,-0.174174776868853,4.62921581834405,,,15324,15371
planning,0.3,0,39932.4242507709,39942.2834160439,9.85916527297377,62.4299003854453,62.4204146644655,-0.00948572097978939,,,0.261434712558202,15371,15374
dwelling,13.2,0,39942.2834160439,40270.7207322287,328.437316184791,62.4204146644655,62.1055222546775,-0.314892409788051,,13.182352855475,,15374,15506
planning,0.4,0,40270.7207322287,40280.5265187826,9.80578655387217,62.1055222546775,62.0961214259097,-0.00940082876781645,,,0.367960361285373,15506,15510
traveling,4.7,10,40280.5265187826,40425.2706232798,144.744104497222,62.0961214259097,61.956898832535,-0.139222593374683,4.62921584186537,,,15510,15557
planning,0.2,0,40425.2706232798,40430.7774916822,5.50686840245908,61.956898832535,61.9516108995384,-0.00528793299663732,,,0.13746677291111,15557,15559
dwelling,13.4,0,40430.7774916822,40755.2815483243,324.504056642065,61.9516108995384,61.6404310249704,-0.31117987456792,,13.3749999369489,,15559,15693
planning,0.6,0,40755.2815483243,40771.411766815,16.1302184907181,61.6404310249704,61.6249407275547,-0.0154902974157096,,,0.537490872197965,15693,15699
traveling,5.5,14.142135623731,40771.411766815,40965.3597395057,193.947972690701,61.6249407275547,61.4378679730106,-0.187072754544168,5.56404685105812,,,15699,15754
planning,0.5,0,40965.3597395057,40979.0357220319,13.6759825261979,61.4378679730106,61.4247283839163,-0.0131395890942727,,,0.436388160437168,15754,15759
dwelling,13.7,0,40979.0357220319,41298.2059980939,319.17027606201,61.4247283839163,61.118582703005,-0.306145680911293,,13.6666666381008,,15759,15896
planning,0.7,0,41298.2059980939,41316.1222646301,17.9162665362164,61.118582703005,61.1013765917268,-0.0172061112781421,,,0.679946475427728,15896,15903
traveling,4.8,10,41316.1222646301,41465.9855404213,149.863275791104,61.1013765917268,60.9570361904176,-0.144340401309208,4.707755597671,,,15903,15951
planning,1,0,41465.9855404213,41491.314119168,25.3285787467903,60.9570361904176,60.9327094394433,-0.0243267509743248,,,0.909061807509198,15951,15961
dwelling,7.89999999999999,0,41491.314119168,41679.3681366726,188.054017504532,60.9327094394433,60.7522006585594,-0.180508780883883,,7.86666666178097,,15961,16040
planning,0.3,0,41679.3681366726,41687.3481959614,7.98005928887142,60.7522006585594,60.7445298200557,-0.00767083850369232,,,0.255804533168903,16040,16043
traveling,4.7,10,41687.3481959614,41837.3326255193,149.984429557895,60.7445298200557,60.599959675078,-0.144570144977784,4.62921676012333,,,16043,16090
planning,0.2,0,41837.3326255193,41842.8335461696,5.50092065023637,60.599959675078,60.5946686439949,-0.00529103108305407,,,0.126251326637296,16090,16092
dwelling,9.49999999999998,0,41842.8335461696,42068.6510407168,225.817494547235,60.5946686439949,60.3778199503675,-0.216848693627405,,9.44999993169629,,16092,16187
planning,0.8,0,42068.6510407168,42091.1376786604,22.4866379436135,60.3778199503675,60.356178825761,-0.0216411246064894,,,0.770458137945529,16187,16195
traveling,4.7,10,42091.1376786604,42238.9132750627,147.775596402316,60.356178825761,60.2136898122786,-0.142489013482432,4.62921581569092,,,16195,16242
planning,0.4,0,42238.9132750627,42247.6679694417,8.75469437897846,60.2136898122786,60.2052874411471,-0.00840237113144582,,,0.309545770935439,16242,16246
dwelling,12.5,0,42247.6679694417,42526.3541217484,278.686152306676,60.2052874411471,59.9377047792728,-0.26758266187435,,12.4294117600108,,16246,16371
planning,0.2,0,42526.3541217484,42531.7792121858,5.4250904374494,59.9377047792728,59.9324832800403,-0.00522149923243376,,,0.197185271200558,16371,16373
traveling,4.7,10,42531.7792121858,42680.252140524,148.472928338189,59.9324832800403,59.7892463206624,-0.143236959377951,4.62921589355548,,,16373,16420
planning,0.6,0,42680.252140524,42696.4085434568,16.1564029327346,59.7892463206624,59.7736946494134,-0.0155516712489856,,,0.539052916092479,16420,16426
dwelling,16.5,0,42696.4085434568,43064.0271002842,367.618556827423,59.7736946494134,59.4205163256626,-0.353178323750853,,16.4666666562699,,16426,16591
planning,0.1,0,43064.0271002842,43066.8888841478,2.86178386356187,59.4205163256626,59.4177581737014,-0.00275815196116724,,,0.0816064543213875,16591,16592
traveling,5.5,14.142135623731,43066.8888841478,43270.3501851687,203.461301020921,59.4177581737014,59.2208037537176,-0.19695441998374,5.56404773744574,,,16592,16647
planning,0.6,0,43270.3501851687,43287.1343738857,16.7841887170071,59.2208037537176,59.2046280591343,-0.0161756945833531,,,0.574746670071348,16647,16653
dwelling,10.6,0,43287.1343738857,43538.3608495005,251.226475614843,59.2046280591343,58.9629577900081,-0.241670269126161,,10.5749999790172,,16653,16759
planning,0.1,0,43538.3608495005,43541.1479717521,2.78712225158961,58.9629577900081,58.9602709801809,-0.00268680982721037,,,0.0546404311537196,16759,16760
traveling,4.8,10,43541.1479717521,43695.1961446303,154.048172878167,58.9602709801809,58.8114326909227,-0.148838289258265,4.70775559615495,,,16760,16808
planning,0.9,0,43695.1961446303,43719.2187327263,24.0225880960134,58.8114326909227,58.7882828700684,-0.0231498208543002,,,0.861370716925761,16808,16817
dwelling,7.59999999999999,0,43719.2187327263,43881.2374249463,162.018692219965,58.7882828700684,58.632525974857,-0.155756895211312,,7.54444443218331,,16817,16893
planning,0.2,0,43881.2374249463,43885.9451049233,4.70767997708026,58.632525974857,58.6279951503263,-0.0045308245307325,,,0.109293044868281,16893,16895
traveling,4.7,10,43885.9451049233,44029.6912199012,143.746114977897,58.6279951503263,58.4891472166433,-0.138847933682982,4.62921696477846,,,16895,16942
planning,0.1,0,44029.6912199012,44032.2792199847,2.58800008341495,58.4891472166433,58.4866532090101,-0.00249400763318874,,,0.0349329951144906,16942,16943
dwelling,11.4,0,44032.2792199847,44300.3692337933,268.090013808622,58.4866532090101,58.2285423694901,-0.258110839520022,,11.3999999460107,,16943,17057
planning,1,0,44300.3692337933,44326.6947294465,26.3254956532182,58.2285423694901,58.203158599383,-0.0253837701071191,,,0.959210169820479,17057,17067
traveling,4.7,10,44326.6947294465,44479.8080235648,153.113294118302,58.203158599383,58.0550303124523,-0.148128286930728,4.62921581631259,,,17067,17114
planning,0.6,0,44479.8080235648,44495.2882959194,15.480272354609,58.0550303124523,58.0401042861261,-0.0149260263261581,,,0.541982809809285,17114,17120
dwelling,12.4,0,44495.2882959194,44768.0095736131,272.721277693694,58.0401042861261,57.777568653642,-0.262535632484145,,12.3882352412369,,17120,17244
planning,0.4,0,44768.0095736131,44777.516167021,9.50659340789571,57.777568653642,57.7684080218725,-0.00916063176943283,,,0.328639473132668,17244,17248
traveling,4.7,10,44777.516167021,44921.0534246415,143.537257620461,57.7684080218725,57.6296046741081,-0.138803347764473,4.62921584033258,,,17248,17295
planning,1,0,44921.0534246415,44945.1541676935,24.1007430520694,57.6296046741081,57.6063726102146,-0.023232063893488,,,0.995365847363241,17295,17305
dwelling,12.3,0,44945.1541676935,45232.4234648055,287.26929711199,57.6063726102146,57.3294885026102,-0.276884107604388,,12.24999995341,,17305,17428
planning,0.8,0,45232.4234648055,45255.8973168216,23.4738520161336,57.3294885026102,57.3067949630248,-0.0226935395854326,,,0.727895042700198,17428,17436
traveling,5.5,14.142135623731,45255.8973168216,45455.5548508045,199.657533982849,57.3067949630248,57.1130525176466,-0.193742445378163,5.56404684954292,,,17436,17491
planning,0.2,0,45455.5548508045,45461.0277342651,5.4728834605703,57.1130525176466,57.107765121667,-0.00528739597960737,,,0.171213743884432,17491,17493
dwelling,13.8,0,45461.0277342651,45782.7661898506,321.738455585546,57.107765121667,56.797465093693,-0.310300027973959,,13.7666666362911,,17493,17631
planning,0.5,0,45782.7661898506,45796.259403048,13.4932131974201,56.797465093693,56.7844260092802,-0.013039084412803,,,0.4966466994201,17631,17636
traveling,4.8,10,45796.259403048,45952.0645504607,155.805147412641,56.7844260092802,56.6334221270689,-0.151003882211342,4.70775559708576,,,17636,17684
planning,0.5,0,45952.0645504607,45964.8779210541,12.8133705934306,56.6334221270689,56.6210453519815,-0.012376775087418,,,0.427685926765233,17684,17689
dwelling,8.29999999999999,0,45964.8779210541,46149.0723849006,184.194463846507,56.6210453519815,56.4433952326371,-0.177650119344349,,8.21111109138238,,17689,17772
planning,0.6,0,46149.0723849006,46164.7437314307,15.6713465301073,56.4433952326371,56.428250428203,-0.015144804434108,,,0.510935901808601,17772,17778
traveling,4.7,10,46164.7437314307,46299.4097212048,134.665989774039,56.428250428203,56.2979235091438,-0.130326919059222,4.62921675879947,,,17778,17825
planning,0.7,0,46299.4097212048,46313.5431904291,14.1334692242963,56.2979235091438,56.2843008302057,-0.0136226789381269,,,0.6857224493742,17825,17832
dwelling,8.89999999999999,0,46313.5431904291,46476.1070422472,162.563851818144,56.2843008302057,56.1277294856155,-0.156571344590198,,8.89999996239678,,17832,17921
planning,0.8,0,46476.1070422472,46496.1621948351,20.0551525878618,56.1277294856155,56.1083495461352,-0.0193799394802951,,,0.718058271287898,17921,17929
traveling,4.7,10,46496.1621948351,46638.3112970364,142.149102201351,56.1083495461352,55.970606728629,-0.137742817506187,4.62921581538365,,,17929,17976
planning,0.4,0,46638.3112970364,46647.2056477173,8.89435068091552,55.970606728629,55.962021744451,-0.00858498417793641,,,0.385667722846378,17976,17980
dwelling,12.4,0,46647.2056477173,46921.0517694017,273.846121684328,55.962021744451,55.6976573799127,-0.264364364538373,,12.3588235027232,,17980,18104
planning,0.2,0,46921.0517694017,46926.1033032573,5.0515338556288,55.6976573799127,55.6927726977712,-0.00488468214143722,,,0.166658520530736,18104,18106
traveling,4.7,10,46926.1033032573,47060.8428612798,134.739558022506,55.6927726977712,55.5622451768722,-0.13052752089903,4.62921589359715,,,18106,18153
planning,0.9,0,47060.8428612798,47080.6119756941,19.7691144143537,55.5622451768722,55.5431553733282,-0.0190898035440412,,,0.870478305638129,18153,18162
dwelling,16.2,0,47080.6119756941,47431.7716449119,351.159669217755,55.5431553733282,55.2040202054494,-0.339135167878723,,16.1666666597513,,18162,18324
planning,0.8,0,47431.7716449119,47452.0475597102,20.2759147983015,55.2040202054494,55.1843996619903,-0.0196205434591548,,,0.785716026839938,18324,18332
traveling,5.5,14.142135623731,47452.0475597102,47625.8265816825,173.779021972259,55.1843996619903,55.0156826757309,-0.168716986259426,5.56404774087387,,,18332,18387
planning,0.4,0,47625.8265816825,47635.9836662455,10.1570845630486,55.0156826757309,55.0058511967997,-0.00983147893114733,,,0.397247166201058,18387,18391
dwelling,11,0,47635.9836662455,47890.7778318637,254.79416561823,55.0058511967997,54.7594385929154,-0.246412603884288,,10.924999966384,,18391,18501
planning,0.7,0,47890.7778318637,47910.7834403963,20.0056085326069,54.7594385929154,54.7400374896521,-0.0194011032632986,,,0.687106954924643,18501,18508
traveling,4.8,10,47910.7834403963,48075.8866387984,165.103198402074,54.7400374896521,54.579410306014,-0.160627183638084,4.70775559664976,,,18508,18556
planning,1,0,48075.8866387984,48102.8967109502,27.0100721517592,54.579410306014,54.5532294958606,-0.0261808101534626,,,0.968089029074987,18556,18566
dwelling,7.59999999999999,0,48102.8967109502,48299.4017084933,196.504997543117,54.5532294958606,54.362832466892,-0.190397028968626,,7.58888887153579,,18566,18642
planning,0.5,0,48299.4017084933,48312.7308874606,13.3291789673385,54.362832466892,54.3499109040368,-0.0129215628551975,,,0.401099593319307,18642,18647
traveling,4.7,10,48312.7308874606,48467.5120992303,154.781211769652,54.3499109040368,54.1993629760347,-0.150547928002027,4.62921586541613,,,18647,18694
planning,0.6,0,48467.5120992303,48484.2160830036,16.7039837733246,54.1993629760347,54.1831568155631,-0.0162061604715902,,,0.598466035295199,18694,18700
dwelling,11.3,0,48484.2160830036,48760.6592383762,276.443155372632,54.1831568155631,53.9153320481762,-0.267824767386976,,11.2999999242685,,18700,18813
planning,0.8,0,48760.6592383762,48782.7634034799,22.1041651037085,53.9153320481762,53.8938801004842,-0.0214519476919222,,,0.787398008465745,18813,18821
traveling,4.7,10,48782.7634034799,48939.0559931065,156.292589626551,53.8938801004842,53.7417505731279,-0.152129527356323,4.62921673887603,,,18821,18868
planning,0.3,0,48939.0559931065,48947.2329597871,8.17696668064309,53.7417505731279,53.7338144260267,-0.00793614710116941,,,0.236741520510262,18868,18871
dwelling,13.1,0,48947.2329597871,49271.4856139074,324.252654120304,53.7338144260267,53.4194073491262,-0.314407076900579,,13.0588234791502,,18871,19002
planning,0.7,0,49271.4856139074,49291.8673556026,20.3817416951206,53.4194073491262,53.399598590139,-0.0198087589871818,,,0.685256365485112,19002,19009
traveling,4.7,10,49291.8673556026,49446.5019003793,154.634544776774,53.399598590139,53.248993793463,-0.150604796675957,4.62921584185789,,,19009,19056
planning,0.8,0,49446.5019003793,49468.7950684758,22.2931680964321,53.248993793463,53.2273350631605,-0.0216587303025122,,,0.733641509378589,19056,19064
dwelling,12.8,0,49468.7950684758,49799.2014550817,330.40638660593,53.2273350631605,52.906565189568,-0.320769873592511,,12.7749999059586,,19064,19192
planning,0.4,0,49799.2014550817,49810.0582562874,10.8568012057003,52.906565189568,52.8960159817483,-0.0105492078197216,,,0.308060254377485,19192,19196
traveling,5.5,14.142135623731,49810.0582562874,49995.8380381769,185.779781889476,52.8960159817483,52.7148538979607,-0.181162083787562,5.56404685103993,,,19196,19251
planning,0.6,0,49995.8380381769,50011.6657783319,15.8277401550149,52.7148538979607,52.6994759236358,-0.0153779743248919,,,0.524283084411578,19251,19257
dwelling,13.6,0,50011.6657783319,50333.4697531004,321.80397476854,52.6994759236358,52.387151080523,-0.312324843112833,,13.5666666048511,,19257,19393
planning,0.7,0,50333.4697531004,50351.9073555213,18.4376024208614,52.387151080523,52.3692290431532,-0.0179220373697717,,,0.687620343478557,19393,19400
traveling,4.8,10,50351.9073555213,50504.1734210795,152.266065558164,52.3692290431532,52.2207883260853,-0.148440717067885,4.70775559759077,,,19400,19448
planning,0.4,0,50504.1734210795,50514.1485030287,9.97508194923284,52.2207883260853,52.2110964555867,-0.00969187049864928,,,0.395927810587865,19448,19452
dwelling,8.49999999999999,0,50514.1485030287,50700.3711507561,186.222647727423,52.2110964555867,52.0303988342288,-0.180697621357886,,8.44444442241091,,19452,19537
planning,0.6,0,50700.3711507561,50716.3057727363,15.9346219801955,52.0303988342288,52.0148999968855,-0.0154988373433511,,,0.591881872763444,19537,19543
traveling,4.7,10,50716.3057727363,50866.3619145843,150.056141847948,52.0148999968855,51.8685306768189,-0.146369320066597,4.6292158224665,,,19543,19590
planning,0.7,0,50866.3619145843,50885.1705744852,18.8086599009694,51.8685306768189,51.8502291410978,-0.0183015357210294,,,0.617859955767983,19590,19597
dwelling,9.09999999999999,0,50885.1705744852,51101.413068069,216.242493583792,51.8502291410978,51.6400952655833,-0.210133875514508,,9.02499995886851,,19597,19688
planning,0.3,0,51101.413068069,51109.1515577958,7.73848972675478,51.6400952655833,51.6325668398891,-0.00752842569417567,,,0.252419660028856,19688,19691
traveling,4.7,10,51109.1515577958,51262.0971072943,152.945549498501,51.6325668398891,51.4832400743769,-0.1493267655122,4.62921581544592,,,19691,19738
planning,0.1,0,51262.0971072943,51264.7585448885,2.66143759417901,51.4832400743769,51.4806492484594,-0.00259082591755799,,,0.0927450214105192,19738,19739
dwelling,12.7,0,51264.7585448885,51557.5815605568,292.823015668386,51.4806492484594,51.1960218492167,-0.28462739924273,,12.6764704953476,,19739,19866
planning,0.7,0,51557.5815605568,51575.0132237405,17.4316631836118,51.1960218492167,51.1790591129976,-0.0169627362190212,,,0.680393781880169,19866,19873
traveling,4.7,10,51575.0132237405,51731.1707053728,156.157481632326,51.1790591129976,51.0264262510119,-0.152632861985701,4.62921589408173,,,19873,19920
planning,0.7,0,51731.1707053728,51750.7756841004,19.6049787275915,51.0264262510119,51.0073148867677,-0.0191113642442531,,,0.686594099630955,19920,19927
dwelling,16.5,0,51750.7756841004,52154.34330024,403.567616139655,51.0073148867677,50.6144589235961,-0.392855963171534,,16.4666666667744,,19927,20092
planning,0.2,0,52154.34330024,52159.799508019,5.45620777896693,50.6144589235961,50.6091386548756,-0.00532026872058822,,,0.11783381817976,20092,20094
traveling,5.5,14.142135623731,52159.799508019,52337.3415806208,177.542072601784,50.6091386548756,50.435545761229,-0.17359289364655,5.56404774087336,,,20094,20149
planning,0.6,0,52337.3415806208,52352.5051888526,15.163608231851,50.435545761229,50.4207701994151,-0.0147755618139129,,,0.5282072717524,20149,20155
dwelling,10.8,0,52352.5051888526,52577.5656533155,225.060464462833,50.4207701994151,50.2018995363451,-0.218870663069957,,10.7249999438267,,20155,20263
planning,0.5,0,52577.5656533155,52589.5611448846,11.995491569156,50.2018995363451,50.1902140628194,-0.0116854735257448,,,0.448764815347726,20263,20268
traveling,4.8,10,52589.5611448846,52719.4391615806,129.878016696028,50.1902140628194,50.063480584341,-0.126733478478414,4.70775559646531,,,20268,20316
planning,0.9,0,52719.4391615806,52741.0694417574,21.6302801767742,50.063480584341,50.0424041548478,-0.0210764294932133,,,0.874497797305249,20316,20325
dwelling,7.69999999999999,0,52741.0694417574,52896.2692570605,155.199815303065,50.0424041548478,49.8914396408775,-0.150964513970315,,7.63333332190039,,20325,20402
planning,0.8,0,52896.2692570605,52912.2921370419,16.0228799813922,49.8914396408775,49.8758530931482,-0.0155865477292778,,,0.74587261459746,20402,20410
traveling,4.7,10,52912.2921370419,53029.4997861164,117.207649074568,49.8758530931482,49.7615356494225,-0.114317443725717,4.6292158655995,,,20410,20457
planning,0.8,0,53029.4997861164,53047.7528370609,18.2530509444914,49.7615356494225,49.743752056746,-0.0177835926764374,,,0.759103873536955,20457,20465
dwelling,11.2,0,53047.7528370609,53287.43625632,239.68341925904,49.743752056746,49.5103430264899,-0.233409030256162,,11.1333333014827,,20465,20577
planning,0.6,0,53287.43625632,53302.5123299143,15.0760735943113,49.5103430264899,49.4956323164008,-0.0147107100890622,,,0.508285302462269,20577,20583
traveling,4.7,10,53302.5123299143,53441.954887951,139.442558036753,49.4956323164008,49.3592282530132,-0.136404063387545,4.62921673707779,,,20583,20630
planning,0.3,0,53441.954887951,53449.1313607428,7.17647279171797,49.3592282530132,49.3522281684431,-0.00700008457018697,,,0.231855335977414,20630,20633
dwelling,13,0,53449.1313607428,53742.2487603857,293.117399642935,49.3522281684431,49.0664256188836,-0.285802549559484,,12.9705881950712,,20633,20763
planning,0.9,0,53742.2487603857,53766.6280538296,24.3792934439043,49.0664256188836,49.0425970089644,-0.0238286099192209,,,0.848480659432001,20763,20772
traveling,4.7,10,53766.6280538296,53931.2218353645,164.593781534888,49.0425970089644,48.8810300265941,-0.161566982370232,4.62921584220653,,,20772,20819
planning,0.7,0,53931.2218353645,53949.4568903442,18.2350549797484,48.8810300265941,48.8632106076418,-0.0178194189522856,,,0.611832830066903,20819,20826
dwelling,13,0,53949.4568903442,54255.595350019,306.138459674781,48.8632106076418,48.5643361628894,-0.298874444752478,,12.9499999929299,,20826,20956
planning,0.1,0,54255.595350019,54258.322758797,2.72740877799515,48.5643361628894,48.5616679724594,-0.00266819042992239,,,0.0943442483964607,20956,20957
traveling,5.5,14.142135623731,54258.322758797,54445.8254859447,187.502727147679,48.5616679724594,48.3775541669126,-0.184113805546843,5.56404685087083,,,20957,21012
planning,0.6,0,54445.8254859447,54462.2817866317,16.456300687023,48.3775541669126,48.3614487653844,-0.0161054015282147,,,0.580433288343742,21012,21018
dwelling,13.6,0,54462.2817866317,54767.063898588,304.782111956243,48.3614487653844,48.0638140440253,-0.297634721359053,,13.5333333113211,,21018,21154
planning,0.1,0,54767.063898588,54769.3160938444,2.25219525643479,48.0638140440253,48.0616140470966,-0.00219999692868811,,,0.0370857692202134,21154,21155
traveling,4.8,10,54769.3160938444,54906.3073096253,136.991215780872,48.0616140470966,47.927361090453,-0.134252956643614,4.70775559724653,,,21155,21203
planning,0.7,0,54906.3073096253,54922.3251968167,16.0178871914322,47.927361090453,47.9117078783788,-0.0156532120741844,,,0.657428618798618,21203,21210
dwelling,8.09999999999999,0,54922.3251968167,55081.6486554257,159.323458608989,47.9117078783788,47.7562323743662,-0.155475504012621,,8.0555554945238,,21210,21291
planning,1,0,55081.6486554257,55103.8523231351,22.2036677094438,47.7562323743662,47.7345350780996,-0.0216972962666517,,,0.975406996580061,21291,21301
traveling,4.7,10,55103.8523231351,55241.6906389297,137.83831579455,47.7345350780996,47.5993207397175,-0.135214338382028,4.62921676016183,,,21301,21348
planning,0.5,0,55241.6906389297,55253.8549331134,12.1642941837563,47.5993207397175,47.5874184223107,-0.0119023174067934,,,0.479798755599135,21348,21353
dwelling,9.19999999999999,0,55253.8549331134,55454.639523436,200.784590322575,47.5874184223107,47.391163238301,-0.19625518400975,,9.14999997119895,,21353,21445
planning,0.4,0,55454.639523436,55464.7180835563,10.0785601202733,47.391163238301,47.3812940135056,-0.00986922479535934,,,0.371024630927692,21445,21449
traveling,4.7,10,55464.7180835563,55611.7889826721,147.070899115795,47.3812940135056,47.2367971571199,-0.144496856385764,4.62921581509599,,,21449,21496
planning,0.6,0,55611.7889826721,55626.4735377499,14.6845550778453,47.2367971571199,47.2224187901706,-0.0143783669492663,,,0.558930659818909,21496,21502
dwelling,12.1,0,55626.4735377499,55901.3167942353,274.843256485336,47.2224187901706,46.9534687481131,-0.268950042057533,,12.0882352434083,,21502,21623
planning,0.3,0,55901.3167942353,55909.6160421705,8.29924793519604,46.9534687481131,46.9453258421845,-0.00814290592856537,,,0.214481460228884,21623,21626
traveling,4.7,10,55909.6160421705,56071.3729788789,161.756936708494,46.9453258421845,46.7860276261653,-0.159298216019195,4.62921589372486,,,21626,21673
planning,0.8,0,56071.3729788789,56093.8978347143,22.524855835356,46.7860276261653,46.7639148657326,-0.0221127604326981,,,0.725131823222728,21673,21681
dwelling,16.3,0,56093.8978347143,56480.9978445499,387.100009835609,46.7639148657326,46.384579471099,-0.3793353946336,,16.2999999748226,,21681,21844
planning,0.3,0,56480.9978445499,56488.4166333964,7.41878884648031,46.384579471099,46.3773037071594,-0.00727576393962437,,,0.294879213314752,21844,21847
traveling,5.5,14.142135623731,56488.4166333964,56659.9551291368,171.538495740446,46.3773037071594,46.2084807700178,-0.168822937141577,5.56404773801855,,,21847,21902
planning,0.4,0,56659.9551291368,56669.6584912094,9.70336207252694,46.2084807700178,46.1989636851422,-0.0095170848756041,,,0.326808952998504,21902,21906
dwelling,10.8,0,56669.6584912094,56914.3595110647,244.701019855376,46.1989636851422,45.9590934719856,-0.239870213156621,,10.7999999147562,,21906,22014
planning,0.1,0,56914.3595110647,56916.772642337,2.41313127227477,45.9590934719856,45.9567257717308,-0.00236770025474442,,,0.04300074335326,22014,22015
traveling,4.8,10,56916.772642337,57059.0313485478,142.258706210821,45.9567257717308,45.8167273706154,-0.139998401115463,4.70775559605024,,,22015,22063
planning,0.4,0,57059.0313485478,57068.9003088516,9.86896030378557,45.8167273706154,45.8070390586568,-0.00968831195862663,,,0.353212148279267,22063,22067
dwelling,8.09999999999999,0,57068.9003088516,57244.2643768137,175.364067962073,45.8070390586568,45.6351111663695,-0.171927892287286,,8.01111103969106,,22067,22148
planning,0.2,0,57244.2643768137,57249.1743358092,4.90995899547852,45.6351111663695,45.6302898060363,-0.00482136033313196,,,0.142740605259869,22148,22150
traveling,4.7,10,57249.1743358092,57398.8081012803,149.633765471081,45.6302898060363,45.4827761106447,-0.147513695391616,4.62921696477866,,,22150,22197
planning,0.5,0,57398.8081012803,57412.0696881505,13.2615868702342,45.4827761106447,45.4697373516306,-0.0130387590141439,,,0.459093808332997,22197,22202
dwelling,11,0,57412.0696881505,57641.4689195246,229.399231374155,45.4697373516306,45.2447688811635,-0.22496847046704,,10.9999999941244,,22202,22312
planning,0.6,0,57641.4689195246,57654.8569525273,13.388033002695,45.2447688811635,45.23162740329,-0.0131414778735817,,,0.539985557526204,22312,22318
traveling,4.7,10,57654.8569525273,57793.6567563084,138.79980378109,45.23162740329,45.0948460850031,-0.136781318286872,4.62921581617777,,,22318,22365
planning,1,0,57793.6567563084,57815.8997151927,22.2429588842933,45.0948460850031,45.0730072325947,-0.0218388524083366,,,0.915462921634878,22365,22375
dwelling,12,0,57815.8997151927,58046.9124424047,231.012727212001,45.0730072325947,44.8464701490727,-0.226537083522075,,11.9529411655309,,22375,22495
planning,0.1,0,58046.9124424047,58049.0835209347,2.17107852997287,44.8464701490727,44.8443381415028,-0.00213200756991228,,,0.0568106388188665,22495,22496
traveling,4.7,10,58049.0835209347,58177.8349204884,128.751399553745,44.8443381415028,44.7175153617714,-0.126822779731377,4.62921583952766,,,22496,22543
planning,0.5,0,58177.8349204884,58189.3433534066,11.5084329181336,44.7175153617714,44.7062038909774,-0.0113114707940269,,,0.464070822094003,22543,22548
dwelling,12.6,0,58189.3433534066,58471.2614356682,281.918082261582,44.7062038909774,44.4290979412966,-0.277105949680724,,12.5749999850024,,22548,22674
planning,0.1,0,58471.2614356682,58473.999556076,2.7381204077974,44.4290979412966,44.4263993850414,-0.00269855625523974,,,0.027241042397339,22674,22675
traveling,5.5,14.142135623731,58473.999556076,58668.2752705844,194.275714508411,44.4263993850414,44.2340820174371,-0.192317367604268,5.56404684804664,,,22675,22730
planning,0.7,0,58668.2752705844,58687.6377848689,19.3625142845485,44.2340820174371,44.2149891627998,-0.0190928546373073,,,0.668417094744165,22730,22737
dwelling,12.9,0,58687.6377848689,59018.4387239986,330.800939129644,44.2149891627998,43.8890099733899,-0.325979189409964,,12.8666665839003,,22737,22866
planning,0.7,0,59018.4387239986,59039.9291824465,21.4904584479082,43.8890099733899,43.8677722402579,-0.0212377331319615,,,0.65497470402901,22866,22873
traveling,4.8,10,59039.9291824465,59209.5472563552,169.618073908736,43.8677722402579,43.6996947820017,-0.168077458256228,4.70775559639091,,,22873,22921
planning,0.4,0,59209.5472563552,59221.1321624806,11.5849061253612,43.6996947820017,43.6882519635042,-0.0114428184974287,,,0.332315667683664,22921,22925
dwelling,8.19999999999999,0,59221.1321624806,59417.9898994154,196.857736934806,43.6882519635042,43.4942412438028,-0.194010719701467,,8.11111108534473,,22925,23007
planning,0.6,0,59417.9898994154,59433.512239626,15.522340210664,43.4942412438028,43.4789267463801,-0.0153144974226578,,,0.501841288332539,23007,23013
traveling,4.7,10,59433.512239626,59584.1530119432,150.640772317165,43.4789267463801,43.3297964602625,-0.149130286117661,4.62921675606785,,,23013,23060
planning,0.6,0,59584.1530119432,59600.0426835699,15.8896716267482,43.3297964602625,43.3141095645093,-0.0156868957531842,,,0.527213802204121,23060,23066
dwelling,8.89999999999999,0,59600.0426835699,59816.7478040356,216.705120465675,43.3141095645093,43.100345030112,-0.213764534397271,,8.89999992633615,,23066,23155
planning,0.6,0,59816.7478040356,59831.8024759217,15.0546718861006,43.100345030112,43.0854859964948,-0.0148590336171708,,,0.568297021272556,23155,23161
traveling,4.7,10,59831.8024759217,59984.3025838703,152.500107948581,43.0854859964948,42.9343552486909,-0.151130747803883,4.62921672056211,,,23161,23208
planning,0.3,0,59984.3025838703,59992.4604201214,8.15783625105541,42.9343552486909,42.9262923460373,-0.00806290265362719,,,0.250711054111222,23208,23211
dwelling,12.2,0,59992.4604201214,60299.3123392036,306.851919082204,42.9262923460373,42.6232209959315,-0.303071350105853,,12.176470550863,,23211,23333
planning,0.3,0,60299.3123392036,60307.8120866762,8.49974747261876,42.6232209959315,42.614810028228,-0.00841096770343341,,,0.26017603476367,23333,23336
traveling,4.7,10,60307.8120866762,60465.5763400078,157.764253331639,42.614810028228,42.4582305893964,-0.156579438831599,4.62921560291869,,,23336,23383
planning,0.7,0,60465.5763400078,60485.9743585596,20.3980185517867,42.4582305893964,42.4380302669227,-0.0202003224737624,,,0.629701496247325,23383,23390
dwelling,16.2,0,60485.9743585596,60842.0078598797,356.033501320111,42.4380302669227,42.0865411504117,-0.351489116510926,,16.1333332945721,,23390,23552
planning,0.6,0,60842.0078598797,60855.0124752058,13.0046153260846,42.0865411504117,42.0737009585128,-0.012840191898924,,,0.599874958377409,23552,23558
traveling,5.5,14.142135623731,60855.0124752058,61006.2991971261,151.286721920333,42.0737009585128,41.9238455043319,-0.149855454180894,5.56404773744612,,,23558,23613
planning,0.9,0,61006.2991971261,61027.7207047753,21.421507649211,41.9238455043319,41.9026648980941,-0.0211806062378344,,,0.879359377074558,23613,23622
dwelling,10.3,0,61027.7207047753,61239.728425085,212.007720309644,41.9026648980941,41.6933258973301,-0.209339000764025,,10.2749999280854,,23622,23725
planning,0.4,0,61239.728425085,61249.4337462412,9.70532115622336,41.6933258973301,41.683722981457,-0.0096029158731028,,,0.362620041595534,23725,23729
traveling,4.8,10,61249.4337462412,61401.2165160196,151.782769778372,41.683722981457,41.5329190888139,-0.150803892643012,4.70775559612504,,,23729,23777
planning,0.1,0,61401.2165160196,61403.7933215303,2.57680551074736,41.5329190888139,41.530366694505,-0.00255239430897092,,,0.0435812183615684,23777,23778
dwelling,8.39999999999999,0,61403.7933215303,61599.5303362794,195.737014749058,41.530366694505,41.3366821098608,-0.193684584644174,,8.33333333313364,,23778,23862
planning,0.3,0,61599.5303362794,61607.4385841972,7.90824791785417,41.3366821098608,41.3288430881489,-0.00783902171188799,,,0.293918540159393,23862,23865
traveling,4.7,10,61607.4385841972,61746.6516379044,139.213053707157,41.3288430881489,41.1905818154572,-0.138261272691672,4.62921560148928,,,23865,23912
planning,0.4,0,61746.6516379044,61756.6997869082,10.0481490037928,41.1905818154572,41.1806246900385,-0.00995712541873672,,,0.31010658730112,23912,23916
dwelling,11.3,0,61756.6997869082,61995.0783786329,238.378591724715,41.1806246900385,40.9448165016218,-0.235808188416719,,11.2333332620646,,23916,24029
planning,1,0,61995.0783786329,62020.1050219017,25.0266432687713,40.9448165016218,40.920004034585,-0.0248124670368242,,,0.926594748125554,24029,24039
traveling,4.7,10,62020.1050219017,62166.7118170048,146.606795103122,40.920004034585,40.774136060766,-0.145867973818994,4.62921581697372,,,24039,24086
planning,0.7,0,62166.7118170048,62185.2393036209,18.5274866160689,40.774136060766,40.7557470721103,-0.0183889886556727,,,0.688066781908481,24086,24093
dwelling,12.5,0,62185.2393036209,62476.392712948,291.15340932714,40.7557470721103,40.4671339690353,-0.288613103075043,,12.44705881834,,24093,24218
planning,0.7,0,62476.392712948,62495.3944359472,19.0017229992009,40.4671339690353,40.4482549799308,-0.0188789891044365,,,0.61402053699777,24218,24225
traveling,4.7,10,62495.3944359472,62649.2098845195,153.815448572313,40.4482549799308,40.294939265883,-0.153315714047807,4.62921584128153,,,24225,24272
planning,0.8,0,62649.2098845195,62669.6880837425,20.4781992229327,40.294939265883,40.274601421475,-0.0203378444080542,,,0.706516553973524,24272,24280
dwelling,12.7,0,62669.6880837425,62955.7472068115,286.059123069012,40.274601421475,39.9908414303182,-0.283759991156742,,12.6499999993359,,24280,24407
planning,0.5,0,62955.7472068115,62968.3175081439,12.57030133238,39.9908414303182,39.9783517095169,-0.0124897208013195,,,0.435998059941183,24407,24412
traveling,5.5,14.142135623731,62968.3175081439,63151.1961577264,182.87864958257,39.9783517095169,39.7958144207492,-0.182537288767733,5.564046850723,,,24412,24467
planning,0.9,0,63151.1961577264,63175.84959981,24.6534420835887,39.7958144207492,39.7712797051699,-0.0245347155792217,,,0.815923789773661,24467,24476
dwelling,13.2,0,63175.84959981,63495.1135159895,319.263916179538,39.7712797051699,39.4539444140315,-0.317335291138406,,13.1999999335873,,24476,24608
planning,0.6,0,63495.1135159895,63511.5512464582,16.4377304687005,39.4539444140315,39.4375731043675,-0.0163713096640308,,,0.56104804350353,24608,24614
traveling,4.8,10,63511.5512464582,63667.9505869188,156.399340460543,39.4375731043675,39.2813327858087,-0.156240318558844,4.70775559741349,,,24614,24662
planning,0.8,0,63667.9505869188,63689.1757140019,21.225127083133,39.2813327858087,39.260194089164,-0.0211386966446412,,,0.748490551060406,24662,24670
dwelling,7.99999999999999,0,63689.1757140019,63885.9341766328,196.758462630911,39.260194089164,39.0643769581578,-0.195817131006187,,7.9999999298908,,24670,24750
planning,0.2,0,63885.9341766328,63891.2718272206,5.33765058778226,39.0643769581578,39.0590580166182,-0.00531894153964885,,,0.125974661089008,24750,24752
traveling,4.7,10,63891.2718272206,64044.1036856221,152.831858401492,39.0590580166182,38.9062535173267,-0.152804499291456,4.62921559937359,,,24752,24799
planning,0.1,0,64044.1036856221,64046.81510474,2.71141911784798,38.9062535173267,38.903550011141,-0.00270350618576742,,,0.00847462521845599,24799,24800
dwelling,9.49999999999998,0,64046.81510474,64260.0697042098,213.254599469816,38.903550011141,38.6913629351141,-0.212187076026815,,9.44999998451294,,24800,24895
planning,0.3,0,64260.0697042098,64267.8434498895,7.77374567971856,38.6913629351141,38.6836126032869,-0.00775033182723917,,,0.251942049494435,24895,24898
traveling,4.7,10,64267.8434498895,64424.7881556317,156.944705742251,38.6836126032869,38.5264734624877,-0.157139140799202,4.62921672354289,,,24898,24945
planning,0.1,0,64424.7881556317,64427.5999177376,2.81176210583362,38.5264734624877,38.5236659129088,-0.00280754957889684,,,0.00796022761458282,24945,24946
dwelling,12.6,0,64427.5999177376,64721.0451677755,293.445250037941,38.5236659129088,38.2312751718235,-0.292390741085271,,12.5176470479061,,24946,25072
planning,0.1,0,64721.0451677755,64723.7197117493,2.67454397378606,38.2312751718235,38.2286045987777,-0.00267057304582607,,,0.0308443487785957,25072,25073
traveling,4.7,10,64723.7197117493,64869.2722329192,145.552521169848,38.2286045987777,38.082911853449,-0.145692745328716,4.62921560288538,,,25073,25120
planning,1,0,64869.2722329192,64895.5057978812,26.2335649620582,38.082911853449,38.0567138227724,-0.0261980306766318,,,0.952113710308383,25120,25130
dwelling,15.7,0,64895.5057978812,65250.8374228724,355.331624991202,38.0567138227724,37.7023466179935,-0.354367204778818,,15.699999994304,,25130,25287
planning,0.4,0,65250.8374228724,65260.8972589911,10.0598361187149,37.7023466179935,37.6922967226186,-0.0100498953749621,,,0.369947450784943,25287,25291
traveling,5.5,14.142135623731,65260.8972589911,65441.7450774711,180.847818480011,37.6922967226186,37.5108253160122,-0.181471406606427,5.56404773515342,,,25291,25346
planning,1,0,65441.7450774711,65471.0203363947,29.2752589235461,37.5108253160122,37.4815020793007,-0.0293232367114982,,,0.940638411082042,25346,25356
dwelling,10.1,0,65471.0203363947,65720.0521085546,249.031772159964,37.4815020793007,37.232562849293,-0.248939230007608,,10.0749999716598,,25356,25457
planning,0.3,0,65720.0521085546,65728.4127478938,8.36063933915284,37.232562849293,37.2241889038515,-0.00837394544153369,,,0.269436101629342,25457,25460
traveling,4.8,10,65728.4127478938,65880.5306915271,152.117943633333,37.2241889038515,37.0714820954039,-0.152706808447604,4.70775559577473,,,25460,25508
planning,0.4,0,65880.5306915271,65891.2881647332,10.7574732060602,37.0714820954039,37.0607084445763,-0.0107736508276162,,,0.339457080062265,25508,25512
dwelling,7.99999999999999,0,65891.2881647332,66073.0327954386,181.744630705361,37.0607084445763,36.8790338851981,-0.181674559378173,,7.94444443976087,,25512,25592
planning,0.4,0,66073.0327954386,66082.847752184,9.81495674548205,36.8790338851981,36.8692112414966,-0.00982264370153274,,,0.397331522408395,25592,25596
traveling,4.7,10,66082.847752184,66221.6668423579,138.819090173885,36.8692112414966,36.7298791629852,-0.139332078511373,4.62921696679728,,,25596,25643
planning,0.4,0,66221.6668423579,66231.4224010732,9.75555871524557,36.7298791629852,36.7201129362719,-0.00976622671329608,,,0.315814864100965,25643,25647
dwelling,11.2,0,66231.4224010732,66456.154213374,224.731812300815,36.7201129362719,36.4955632257007,-0.224549710571246,,11.1666665910557,,25647,25759
planning,0.4,0,66456.154213374,66465.2456781846,9.09146481058269,36.4955632257007,36.4864640469841,-0.00909917871659616,,,0.38358076821662,25759,25763
traveling,4.7,10,66465.2456781846,66599.2259081915,133.980230006942,36.4864640469841,36.3519212322209,-0.134542814763215,4.62921581603054,,,25763,25810
planning,0.9,0,66599.2259081915,66619.7672021973,20.5412940057722,36.3519212322209,36.3313534102157,-0.020567822005205,,,0.888917623352832,25810,25819
dwelling,12.1,0,66619.7672021973,66893.0810113888,273.313809191517,36.3313534102157,36.0575854631171,-0.273767947098605,,12.0176470369909,,25819,25940
planning,0.8,0,66893.0810113888,66916.604811801,23.5238004121929,36.0575854631171,36.0339324361022,-0.0236530270148876,,,0.751361012315614,25940,25948
traveling,4.7,10,66916.604811801,67078.932782724,162.327970923012,36.0339324361022,35.8702078304055,-0.163724605696615,4.62921584034099,,,25948,25995
planning,0.8,0,67078.932782724,67101.1290986416,22.1963159175648,35.8702078304055,35.8478975756428,-0.0223102547627434,,,0.74009436630267,25995,26003
dwelling,12.5,0,67101.1290986416,67381.4604304533,280.3313318117,35.8478975756428,35.5667718683086,-0.281125707334198,,12.4499999137243,,26003,26128
planning,0.7,0,67381.4604304533,67398.0893260208,16.6288955674827,35.5667718683086,35.5500785930575,-0.0166932752510576,,,0.632862098395138,26128,26135
traveling,5.5,14.142135623731,67398.0893260208,67564.3339309188,166.244604898035,35.5500785930575,35.3825624404727,-0.167516152584817,5.56404685054518,,,26135,26190
planning,0.5,0,67564.3339309188,67576.4162746455,12.0823437266808,35.3825624404727,35.3704247165827,-0.0121377238900706,,,0.41506989593759,26190,26195
dwelling,13.6,0,67576.4162746455,67868.3661033309,291.949828685407,35.3704247165827,35.0774170372273,-0.293007679355405,,13.5666666278528,,26195,26331
planning,0.2,0,67868.3661033309,67873.4127068013,5.0466034704732,35.0774170372273,35.0723402658848,-0.00507677134242357,,,0.183301523967309,26331,26333
traveling,4.8,10,67873.4127068013,68021.7227616249,148.310054823582,35.0723402658848,34.9226373631419,-0.149702902742902,4.70775559692804,,,26333,26381
planning,0.7,0,68021.7227616249,68038.6636085036,16.9408468787151,34.9226373631419,34.9055967462299,-0.0170406169119985,,,0.636462189965527,26381,26388
dwelling,7.99999999999999,0,68038.6636085036,68226.9201340081,188.256525504432,34.9055967462299,34.7162297141119,-0.189367032118035,,7.96666660139669,,26388,26468
planning,1,0,68226.9201340081,68256.5437981466,29.6236641384894,34.7162297141119,34.6863292086379,-0.0299005054739894,,,0.925913857229701,26468,26478
traveling,4.7,10,68256.5437981466,68419.5357326829,162.99193453636,34.6863292086379,34.521311035259,-0.165018173378883,4.62921675948096,,,26478,26525
planning,0.9,0,68419.5357326829,68445.8559783895,26.3202457065345,34.521311035259,34.494735490505,-0.0265755447540457,,,0.814567191024525,26525,26534
dwelling,8.79999999999999,0,68445.8559783895,68645.4833690805,199.627390690992,34.494735490505,34.2937878291224,-0.200947661382628,,8.7249999303172,,26534,26622
planning,0.7,0,68645.4833690805,68661.3952371754,15.9118680949468,34.2937878291224,34.2777659865115,-0.0160218426108898,,,0.697287784018109,26622,26629
traveling,4.7,10,68661.3952371754,68800.9666709787,139.571433803256,34.2777659865115,34.1366580804728,-0.141107906038656,4.62921581537566,,,26629,26676
planning,0.6,0,68800.9666709787,68816.9966673472,16.0299963685102,34.1366580804728,34.1204763030008,-0.016181777471985,,,0.559929550538084,26676,26682
dwelling,12.2,0,68816.9966673472,69099.751478275,282.754810927843,34.1204763030008,33.8354397606518,-0.285036542349019,,12.1588234725563,,26682,26804
planning,0.3,0,69099.751478275,69106.8603382104,7.10885993535339,33.8354397606518,33.8282687561675,-0.00717100448432717,,,0.286862969014484,26804,26807
traveling,4.7,10,69106.8603382104,69247.5504837857,140.69014557534,33.8282687561675,33.6858279214296,-0.142440834737883,4.6292158942237,,,26807,26854
planning,0.5,0,69247.5504837857,69260.0808613297,12.530377543997,33.6858279214296,33.6731733114489,-0.0126546099807214,,,0.433431397945881,26854,26859
dwelling,16.7,0,69260.0808613297,69670.4207020129,410.339840683155,33.6731733114489,33.2585664123442,-0.414606899104683,,16.6999999713075,,26859,27026
planning,0.8,0,69670.4207020129,69694.9321709162,24.5114689033071,33.2585664123442,33.2337069431355,-0.0248594692087138,,,0.764735481634747,27026,27034
traveling,5.5,14.142135623731,69694.9321709162,69911.1345377177,216.202366801517,33.2337069431355,33.013248687266,-0.220458255869467,5.56404680697276,,,27034,27089
planning,0.4,0,69911.1345377177,69922.5428552908,11.4083175731066,33.013248687266,33.0016830146493,-0.011565672616662,,,0.33334473558589,27089,27093
dwelling,11,0,69922.5428552908,70189.3537571046,266.810901813791,33.0016830146493,32.7316824088166,-0.270000605832742,,10.9749999903666,,27093,27203
planning,0.4,0,70189.3537571046,70200.1609550365,10.807197931892,32.7316824088166,32.7207254252492,-0.0109569835674037,,,0.324211471577844,27203,27207
traveling,4.8,10,70200.1609550365,70366.8471603911,166.68620535465,32.7207254252492,32.5509475372447,-0.169777888004525,4.70775559663493,,,27207,27255
planning,0.8,0,70366.8471603911,70388.0778338009,21.2306734097365,32.5509475372447,32.5294155482719,-0.0215319889727752,,,0.719149789977263,27255,27263
dwelling,7.79999999999999,0,70388.0778338009,70561.7930419356,173.71520813473,32.5294155482719,32.3535744524459,-0.175841095825973,,7.77777775392967,,27263,27341
planning,0.9,0,70561.7930419356,70586.2625900392,24.469548103647,32.3535744524459,32.3287338656161,-0.0248405868297965,,,0.829330430742091,27341,27350
traveling,4.7,10,70586.2625900392,70752.7301500681,166.467560028905,32.3287338656161,32.1589025425945,-0.169831323021668,4.62921586559036,,,27350,27397
planning,1,0,70752.7301500681,70780.2830467538,27.5528966857091,32.1589025425945,32.1309091898194,-0.0279933527750913,,,0.91240847936178,27397,27407
dwelling,11,0,70780.2830467538,71063.4381392724,283.155092518515,32.1309091898194,31.8433565393477,-0.287552650471682,,10.9333333026034,,27407,27517
planning,1,0,71063.4381392724,71090.5787567712,27.1406174988369,31.8433565393477,31.8157605827898,-0.0275959565579207,,,0.906386529734831,27517,27527
traveling,4.7,10,71090.5787567712,71256.4575706833,165.878813912073,31.8157605827898,31.6462721297472,-0.169488453042614,4.62921674066634,,,27527,27574
planning,0.8,0,71256.4575706833,71280.8189866506,24.3614159673452,31.6462721297472,31.621442593755,-0.0248295359921613,,,0.762773346334435,27574,27582
dwelling,12.7,0,71280.8189866506,71600.937797361,320.118810710395,31.621442593755,31.2958974197061,-0.325545174048933,,12.6470588196452,,27582,27709
planning,0.8,0,71600.937797361,71623.4300931854,22.4922958243551,31.2958974197061,31.272975501,-0.022921918706011,,,0.721389109109888,27709,27717
traveling,4.7,10,71623.4300931854,71778.3373413057,154.907248120304,31.272975501,31.1146194607084,-0.158356040291608,4.62921584289765,,,27717,27764
planning,0.2,0,71778.3373413057,71783.6295314412,5.29219013554393,31.1146194607084,31.1092279138442,-0.0053915468642316,,,0.179336480667972,27764,27766
dwelling,13.6,0,71783.6295314412,72108.1997290284,324.570197587178,31.1092279138442,30.7788356160826,-0.330392297761602,,13.5999999247946,,27766,27902
planning,0.9,0,72108.1997290284,72131.209702027,23.0099729986541,30.7788356160826,30.7553780726684,-0.0234575434142066,,,0.822565548058884,27902,27911
traveling,5.5,14.142135623731,72131.209702027,72311.3332241644,180.123522137394,30.7553780726684,30.5709274069508,-0.184450665717616,5.56404685252248,,,27911,27966
planning,0.5,0,72311.3332241644,72324.6072143951,13.2739902306203,30.5709274069508,30.5573789397678,-0.0135484671830248,,,0.469397578417222,27966,27971
dwelling,14,0,72324.6072143951,72658.9476810304,334.340466635331,30.5573789397678,30.2164024415162,-0.340976498251546,,13.966666602346,,27971,28111
planning,0.7,0,72658.9476810304,72677.9889022394,19.0412212090014,30.2164024415162,30.1969371010587,-0.0194653404575433,,,0.620491007024445,28111,28118
traveling,4.8,10,72677.9889022394,72836.8875126753,158.898610435936,30.1969371010587,30.0338871330199,-0.163049968038752,4.70775559889931,,,28118,28166
planning,0.1,0,72836.8875126753,72839.5741291835,2.68661650821741,30.0338871330199,30.0311395361175,-0.00274759690245929,,,0.0890657378707697,28166,28167
dwelling,8.99999999999999,0,72839.5741291835,73049.1978999962,209.623770812657,30.0311395361175,29.8170868883762,-0.214052647741248,,8.91111105402333,,28167,28257
planning,1,0,73049.1978999962,73077.6130981327,28.4151981365139,29.8170868883762,29.787979232218,-0.0291076561582102,,,0.924701883397885,28257,28267
traveling,4.7,10,73077.6130981327,73244.7316125207,167.118514387941,29.787979232218,29.616020232558,-0.171958999660028,4.62921676849201,,,28267,28314
planning,0.4,0,73244.7316125207,73255.1180359353,10.3864234146749,29.616020232558,29.6053876543346,-0.0106325782233299,,,0.396887036792176,28314,28318
dwelling,9.59999999999998,0,73255.1180359353,73476.7904692398,221.672433304426,29.6053876543346,29.3787167857715,-0.226670868563108,,9.54999992128297,,28318,28414
planning,1,0,73476.7904692398,73500.8834191099,24.0929498701589,29.3787167857715,29.3540564855447,-0.0246603002268699,,,0.946867299625842,28414,28424
traveling,4.7,10,73500.8834191099,73650.3002218294,149.416802719512,29.3540564855447,29.2003963068939,-0.153660178650714,4.62921673599585,,,28424,28471
planning,0.6,0,73650.3002218294,73666.3380137573,16.0377919278981,29.2003963068939,29.183947390046,-0.0164489168479918,,,0.546193309282457,28471,28477
dwelling,12.7,0,73666.3380137573,73976.1755493316,309.837535574232,29.183947390046,28.8663744016333,-0.317572988412671,,12.6176470027621,,28477,28604
planning,0.6,0,73976.1755493316,73992.1113335736,15.9357842420286,28.8663744016333,28.8500120597517,-0.0163623418815853,,,0.577739154248011,28604,28610
traveling,4.7,10,73992.1113335736,74137.3762178086,145.264884235046,28.8500120597517,28.7004379143573,-0.149574145394421,4.62921589706173,,,28610,28657
planning,0.6,0,74137.3762178086,74152.5110897211,15.1348719124944,28.7004379143573,28.6848998638708,-0.0155380504864766,,,0.548532224312448,28657,28663
dwelling,17.2,0,74152.5110897211,74566.5275712832,414.016481562081,28.6848998638708,28.2597410460541,-0.425158817816726,,17.1999999793609,,28663,28835
planning,1,0,74566.5275712832,74594.697848433,28.1702771497949,28.2597410460541,28.2307262653382,-0.0290147807158334,,,0.974180189884139,28835,28845
traveling,5.5,14.142135623731,74594.697848433,74782.5142532739,187.816404840894,28.2307262653382,28.0365119503771,-0.194214314961119,5.56404775106905,,,28845,28900
planning,0.8,0,74782.5142532739,74803.4887363983,20.9744831244461,28.0365119503771,28.0149141534479,-0.0215977969291856,,,0.766442991417253,28900,28908
dwelling,11,0,74803.4887363983,75063.7202210533,260.231484654956,28.0149141534479,27.7471756340715,-0.267738519376479,,10.9749999845872,,28908,29018
planning,0.6,0,75063.7202210533,75079.1290331011,15.4088120477536,27.7471756340715,27.731296508092,-0.015879125979442,,,0.581650057912398,29018,29024
traveling,4.8,10,75079.1290331011,75227.0787886365,147.949755535476,27.731296508092,27.5783268547351,-0.152969653356955,4.70775559832142,,,29024,29072
planning,0.3,0,75227.0787886365,75234.6246551531,7.54586651654972,27.5783268547351,27.5705480736163,-0.00777878111880526,,,0.246523549858576,29072,29075
dwelling,8.59999999999999,0,75234.6246551531,75419.4633468179,184.838691664772,27.5705480736163,27.3803082428372,-0.190239830779053,,8.58888881114392,,29075,29161
planning,0.5,0,75419.4633468179,75432.7779037031,13.3145568852051,27.3803082428372,27.3665610907555,-0.0137471520817236,,,0.433778132831707,29161,29166
traveling,4.7,10,75432.7779037031,75583.7346924329,150.956788729818,27.3665610907555,27.2101535504271,-0.156407540328352,4.62921586657967,,,29166,29213
planning,0.4,0,75583.7346924329,75594.5016506528,10.7669582199596,27.2101535504271,27.1990277286915,-0.0111258217355896,,,0.316419823545657,29213,29217
dwelling,11.7,0,75594.5016506528,75879.1851916194,284.683540966595,27.1990277286915,26.9050986050488,-0.293929123642698,,11.6999999080646,,29217,29334
planning,0.6,0,75879.1851916194,75895.6174696534,16.4322780340008,26.9050986050488,26.8880939738055,-0.017004631243374,,,0.555511142250003,29334,29340
traveling,4.7,10,75895.6174696534,76057.7906887005,162.173219047021,26.8880939738055,26.7195133992598,-0.168580574545697,4.6292158189144,,,29340,29387
planning,0.2,0,76057.7906887005,76063.4209968523,5.63030815184175,26.7195133992598,26.7136804127596,-0.00583298650015251,,,0.173058999465648,29387,29389
dwelling,13.5,0,76063.4209968523,76375.6246198597,312.203623007386,26.7136804127596,26.3908965894245,-0.32278382333509,,13.4235293789253,,29389,29524
planning,0.5,0,76375.6246198597,76388.3240263001,12.6994064404571,26.3908965894245,26.377742644618,-0.0131539448065219,,,0.43087590585039,29524,29529
traveling,4.7,10,76388.3240263001,76529.756573238,141.432546937882,26.377742644618,26.2307974114537,-0.146945233164292,4.62921584230955,,,29529,29576
planning,1,0,76529.756573238,76552.7275149442,22.9709417061531,26.2307974114537,26.2070203681726,-0.0237770432810898,,,0.986047132273207,29576,29586
dwelling,12.7,0,76552.7275149442,76824.3767726258,271.649257681609,26.2070203681726,25.9259050501677,-0.281115318004936,,12.6749999650901,,29586,29713
planning,1,0,76824.3767726258,76851.5679219314,27.1911493056105,25.9259050501677,25.8976590221672,-0.0282460280004706,,,0.946852518235908,29713,29723
traveling,5.5,14.142135623731,76851.5679219314,77054.1183632938,202.550441362386,25.8976590221672,25.6859333440441,-0.211725678123095,5.56404685238697,,,29723,29778
planning,0.9,0,77054.1183632938,77081.7711350555,27.6527717617573,25.6859333440441,25.6571228281303,-0.0288105159138397,,,0.849666118339496,29778,29787
dwelling,13.6,0,77081.7711350555,77462.8319590629,381.060824007349,25.6571228281303,25.2603558266955,-0.396767001434743,,13.5333332882033,,29787,29923
planning,0.4,0,77462.8319590629,77474.9939580081,12.1619989451719,25.2603558266955,25.2476648841556,-0.0126909425399653,,,0.360382165338023,29923,29927
traveling,4.8,10,77474.9939580081,77630.6815173053,155.687559297294,25.2476648841556,25.0849353647629,-0.162729519392652,4.70775559853996,,,29927,29975
planning,0.4,0,77630.6815173053,77640.3584767664,9.67695946100866,25.0849353647629,25.074865182834,-0.0100701819289171,,,0.339646347418594,29975,29979
dwelling,8.59999999999999,0,77640.3584767664,77821.0968009869,180.738324220496,25.074865182834,24.8870348996842,-0.187830283149797,,8.53333327723468,,29979,30065
planning,0.1,0,77821.0968009869,77823.4807722765,2.38397128960059,24.8870348996842,24.884552514968,-0.00248238471625584,,,0.0879432683181837,30065,30066
traveling,4.7,10,77823.4807722765,77946.8593743304,123.378602053985,24.884552514968,24.7558595593808,-0.128692955587184,4.62921675948112,,,30066,30113
planning,0.1,0,77946.8593743304,77948.9922340825,2.13285975210601,24.7558595593808,24.7536405198403,-0.00221903954050973,,,0.0358399289443537,30113,30114
dwelling,9.59999999999998,0,77948.9922340825,78144.8631794094,195.870945326897,24.7536405198403,24.5498647214318,-0.203775798408426,,9.52499993007626,,30114,30210
planning,0.8,0,78144.8631794094,78165.2354065718,20.3722271623701,24.5498647214318,24.5286008402585,-0.0212638811733292,,,0.719383508827249,30210,30218
traveling,4.7,10,78165.2354065718,78320.8361631316,155.600756559783,24.5286008402585,24.3653770144111,-0.163223825847414,4.6292158159624,,,30218,30265
planning,0.1,0,78320.8361631316,78323.6450533988,2.80889026721707,24.3653770144111,24.3624386381165,-0.00293837629455496,,,0.0535740230310154,30265,30266
dwelling,12.8,0,78323.6450533988,78635.5354979898,311.890444590972,24.3624386381165,24.0366157787796,-0.325822859336903,,12.7999999596376,,30266,30394
planning,0.7,0,78635.5354979898,78656.1758974502,20.6403994604043,24.0366157787796,24.0149748203125,-0.021640958467124,,,0.664975000593489,30394,30401
traveling,4.7,10,78656.1758974502,78828.4235335396,172.247636089422,24.0149748203125,23.833515650314,-0.181459169998512,4.62921589419126,,,30401,30448
planning,0.5,0,78828.4235335396,78843.1205039234,14.6969703837676,23.833515650314,23.8180934131128,-0.015422237201161,,,0.495364975959388,30448,30453
dwelling,16.7,0,78843.1205039234,79262.8441799989,419.723676075548,23.8180934131128,23.3782557803197,-0.439837632793154,,16.6999999157297,,30453,30620
planning,0.8,0,79262.8441799989,79284.5646320531,21.7204520542,23.3782557803197,23.3554454256402,-0.0228103546794713,,,0.75693914657097,30620,30628
traveling,5.5,14.142135623731,79284.5646320531,79466.9422212755,182.377589222393,23.3554454256402,23.1631178103417,-0.192327615298474,5.56404680767906,,,30628,30683
planning,0.5,0,79466.9422212755,79480.367749112,13.4255278364872,23.1631178103417,23.1490076117847,-0.0141101985570273,,,0.40184272494135,30683,30688
dwelling,11,0,79480.367749112,79726.8799187085,246.512169596477,23.1490076117847,22.8904103581741,-0.258597253610585,,10.9999999617109,,30688,30798
planning,0.5,0,79726.8799187085,79739.0640434716,12.1841247631382,22.8904103581741,22.8776070188344,-0.0128033393397438,,,0.475201294100958,30798,30803
traveling,4.8,10,79739.0640434716,79882.2955760774,143.231532605831,22.8776070188344,22.7265444826173,-0.151062536217097,4.70775559692923,,,30803,30851
planning,0.1,0,79882.2955760774,79884.7233361422,2.42776006476197,22.7265444826173,22.7239916079092,-0.00255287470811894,,,0.0655172820670181,30851,30852
dwelling,8.59999999999999,0,79884.7233361422,80066.8790054026,182.155669260348,22.7239916079092,22.5326884411592,-0.191303166750004,,8.56666664413514,,30852,30938
planning,0.1,0,80066.8790054026,80069.2223933406,2.34338793807547,22.5326884411592,22.5302232532163,-0.00246518794286388,,,0.0958561843797943,30938,30939
traveling,4.7,10,80069.2223933406,80212.9025095016,143.680116160962,22.5302232532163,22.3783578770227,-0.151865376193648,4.62921697282546,,,30939,30986
planning,0.6,0,80212.9025095016,80227.6204492243,14.717939722701,22.3783578770227,22.3628536441832,-0.0155042328394899,,,0.552978171342966,30986,30992
dwelling,11.2,0,80227.6204492243,80473.7987571799,246.178307955619,22.3628536441832,22.1037284030885,-0.259125241094626,,11.1666666628071,,30992,31104
planning,0.6,0,80473.7987571799,80490.8316252819,17.03286810196,22.1037284030885,22.0857223236711,-0.0180060794174679,,,0.544572851384593,31104,31110
traveling,4.7,10,80490.8316252819,80657.6268727658,166.795247483897,22.0857223236711,21.9085593139138,-0.177163009757276,4.62921673671758,,,31110,31157
planning,0.6,0,80657.6268727658,80674.4948168147,16.8679440489068,21.9085593139138,21.8907138180898,-0.0178454958239698,,,0.501089934346604,31157,31163
dwelling,12.7,0,80674.4948168147,80974.7409693375,300.24615252277,21.8907138180898,21.5736251624098,-0.317088655680006,,12.6529411616231,,31163,31290
planning,0.5,0,80974.7409693375,80988.68620391,13.945234572544,21.5736251624098,21.558849801195,-0.0147753612148307,,,0.482690008830795,31290,31295
traveling,4.7,10,80988.68620391,81146.7672937651,158.08108985507,21.558849801195,21.3906952961158,-0.168154505079212,4.62921584081222,,,31295,31342
planning,1,0,81146.7672937651,81175.0024015909,28.2351078257925,21.3906952961158,21.3607456583446,-0.0299496377711677,,,0.906060676569597,31342,31352
dwelling,12.4,0,81175.0024015909,81485.6946288405,310.692227249616,21.3607456583446,21.0314994616507,-0.329246196693905,,12.3499999206627,,31352,31476
planning,0.7,0,81485.6946288405,81506.1820633108,20.4874344703421,21.0314994616507,21.0097166946283,-0.021782767022394,,,0.671260142013273,31476,31483
traveling,5.5,14.142135623731,81506.1820633108,81708.5926221839,202.410558873133,21.0097166946283,20.7933771812991,-0.216339513329213,5.56404685071878,,,31483,31538
planning,0.6,0,81708.5926221839,81726.2110037502,17.6183815662371,20.7933771812991,20.77462152654,-0.0187556547590972,,,0.524902566263428,31538,31544
dwelling,13.5,0,81726.2110037502,82048.4259878577,322.21498410753,20.77462152654,20.4323819740456,-0.342239552494409,,13.4999999789686,,31544,31679
planning,0.4,0,82048.4259878577,82058.8652151511,10.439227293391,20.4323819740456,20.4212699939146,-0.0111119801310124,,,0.314158690870318,31679,31683
traveling,4.8,10,82058.8652151511,82208.8887301754,150.023515024324,20.4212699939146,20.2609892645268,-0.160280729387758,4.70775559720254,,,31683,31731
planning,0.3,0,82208.8887301754,82216.1521751918,7.2634450164187,20.2609892645268,20.2532595132275,-0.0077297512993546,,,0.260139605846846,31731,31734
dwelling,8.49999999999999,0,82216.1521751918,82414.2617217328,198.109546540931,20.2532595132275,20.0424221427762,-0.210837370451305,,8.44444442070315,,31734,31819
planning,0.5,0,82414.2617217328,82427.2362916232,12.974569890459,20.0424221427762,20.0285848216369,-0.0138373211392668,,,0.481895961095895,31819,31824
traveling,4.7,10,82427.2362916232,82585.8367311497,158.60043952649,20.0285848216369,19.8585302292175,-0.17005459241939,4.62921559937983,,,31824,31871
planning,0.6,0,82585.8367311497,82601.0728108475,15.2360796978173,19.8585302292175,19.842270611104,-0.0162596181135157,,,0.523406451738595,31871,31877
dwelling,8.99999999999999,0,82601.0728108475,82797.6235478688,196.550737021302,19.842270611104,19.6328275213185,-0.209443089785449,,8.97499996968501,,31877,31967
planning,0.7,0,82797.6235478688,82815.5674697889,17.9439219200867,19.6328275213185,19.6136524764487,-0.019175044869808,,,0.600294701918509,31967,31974
traveling,4.7,10,82815.5674697889,82978.099270836,162.531801047109,19.6136524764487,19.4389079182562,-0.174744558192479,4.62921581523102,,,31974,32021
planning,0.4,0,82978.099270836,82989.730568828,11.631297992004,19.4389079182562,19.4264408590283,-0.0124670592279017,,,0.339657345085383,32021,32025
dwelling,12.4,0,82989.730568828,83281.045194667,291.314625838975,19.4264408590283,19.1149205364519,-0.311520322576442,,12.3235293802207,,32025,32149
planning,0.3,0,83281.045194667,83288.0106482315,6.96545356448041,19.1149205364519,19.1074675545919,-0.00745298186003396,,,0.217327084750251,32149,32152
traveling,4.7,10,83288.0106482315,83410.145647655,122.134999423535,19.1074675545919,18.9765078517501,-0.130959702841757,4.62921589342954,,,32152,32199
planning,0.8,0,83410.145647655,83426.7175319727,16.5718843177019,18.9765078517501,18.9587883356035,-0.0177195161466308,,,0.728425829540653,32199,32207
dwelling,16.3,0,83426.7175319727,83764.7373003427,338.01976837001,18.9587883356035,18.5969629036529,-0.361825431950596,,16.233333286427,,32207,32370
planning,0.9,0,83764.7373003427,83788.6955151013,23.958214758517,18.5969629036529,18.5712022099301,-0.025760693722745,,,0.866618231523625,32370,32379
traveling,5.5,14.142135623731,83788.6955151013,83964.7036794801,176.0081643788,18.5712022099301,18.3811879203527,-0.190014289577412,5.56404680698126,,,32379,32434
planning,0.3,0,83964.7036794801,83971.9066438804,7.20296440030506,18.3811879203527,18.3734462127827,-0.00774170757000547,,,0.21902133684662,32434,32437
dwelling,11.1,0,83971.9066438804,84186.7745249388,214.86788105841,18.3734462127827,18.1429835671082,-0.23046264567455,,11.0749999740759,,32437,32548
planning,0.2,0,84186.7745249388,84191.37039185,4.59586691120057,18.1429835671082,18.1380404533538,-0.00494311375441114,,,0.164039910119615,32548,32550
traveling,4.8,10,84191.37039185,84334.9417175487,143.571325698766,18.1380404533538,17.9828641993542,-0.155176253999571,4.70775559652082,,,32550,32598
planning,0.8,0,84334.9417175487,84354.4577600958,19.5160425470385,17.9828641993542,17.961835892747,-0.0210283066072066,,,0.783286053159969,32598,32606
dwelling,7.79999999999999,0,84354.4577600958,84529.0820559299,174.624295834103,17.961835892747,17.7737917505151,-0.188044142231902,,7.74444438514696,,32606,32684
planning,0.2,0,84529.0820559299,84534.2720388308,5.1899829008762,17.7737917505151,17.7681880045457,-0.00560374596941671,,,0.188157498986612,32684,32686
traveling,4.7,10,84534.2720388308,84680.529929458,146.257890627225,17.7681880045457,17.6096772752894,-0.158510729256246,4.62921696881189,,,32686,32733
planning,0.3,0,84680.529929458,84688.0841330712,7.55420361316646,17.6096772752894,17.6015168453309,-0.00816042995850808,,,0.299874644771436,32733,32736
dwelling,11.4,0,84688.0841330712,84952.620308922,264.536175850881,17.6015168453309,17.3158326278958,-0.285684217435151,,11.3333333013249,,32736,32850
planning,0.6,0,84952.620308922,84970.0684851001,17.4481761781062,17.3158326278958,17.2969068425019,-0.0189257853938649,,,0.518445957535801,32850,32856
traveling,4.7,10,84970.0684851001,85142.6012798896,172.53279478944,17.2969068425019,17.1087242577161,-0.188182584785764,4.62921581705536,,,32856,32903
planning,0.2,0,85142.6012798896,85148.8530342946,6.25175440506428,17.1087242577161,17.1019260414478,-0.0067982162683613,,,0.160870554172264,32903,32905
dwelling,13,0,85148.8530342946,85460.8849955126,312.031961217988,17.1019260414478,16.763732132292,-0.338193909155734,,12.9647058007298,,32905,33035
planning,0.3,0,85460.8849955126,85468.6147600168,7.72976450415445,16.763732132292,16.7553374676259,-0.00839466466612748,,,0.207017324531373,33035,33038
traveling,4.7,10,85468.6147600168,85623.3884395074,154.773679490565,16.7553374676259,16.5863765369269,-0.168960930699019,4.62921584033824,,,33038,33085
planning,0.2,0,85623.3884395074,85628.6503985179,5.26195901053143,16.5863765369269,16.5806540072758,-0.00572252965106657,,,0.167203507056785,33085,33087
dwelling,13.1,0,85628.6503985179,85955.4240963522,326.773697834287,16.5806540072758,16.2251718964741,-0.355482110801734,,13.0499999094964,,33087,33218
planning,0.9,0,85955.4240963522,85980.853972646,25.4298762938706,16.2251718964741,16.1974201591158,-0.0277517373582796,,,0.886074097635024,33218,33227
traveling,5.5,14.142135623731,85980.853972646,86173.6268793923,192.772906746235,16.1974201591158,15.9859457383482,-0.211474420767633,5.56404685038399,,,33227,33282
planning,0.3,0,86173.6268793923,86182.0021026202,8.37522322792211,15.9859457383482,15.9767946821401,-0.00915105620808276,,,0.276791758594891,33282,33285
dwelling,13.8,0,86182.0021026202,86496.4631967508,314.461094130587,15.9767946821401,15.6339012091933,-0.342893472946841,,13.7333332376219,,33285,33423
planning,1,0,86496.4631967508,86522.2780144754,25.8148177245748,15.6339012091933,15.6056674315573,-0.0282337776359274,,,0.932198453687456,33423,33433
traveling,4.8,10,86522.2780144754,86685.4587330382,163.180718562886,15.6056674315573,15.4261262968403,-0.179541134717015,4.70775559733081,,,33433,33481
planning,0.3,0,86685.4587330382,86694.3312794535,8.87254641525215,15.4261262968403,15.4163873486703,-0.00973894817004961,,,0.236375253954946,33481,33484
dwelling,8.49999999999999,0,86694.3312794535,86905.7767907564,211.44551130294,15.4163873486703,15.1847901318105,-0.231597216859804,,8.47777772769576,,33484,33569
planning,0.7,0,86905.7767907564,86924.9981579483,19.2213671918289,15.1847901318105,15.1636860809998,-0.0211040508106759,,,0.679712542910056,33569,33576
traveling,4.7,10,86924.9981579483,87076.6932947422,151.695136793918,15.1636860809998,14.9964963661554,-0.167189714844366,4.62921582270741,,,33576,33623
planning,0.2,0,87076.6932947422,87082.0079068517,5.31461210950511,14.9964963661554,14.9906575471192,-0.00583881903621375,,,0.131447526508894,33623,33625
dwelling,9.59999999999998,0,87082.0079068517,87305.5926472312,223.584740379505,14.9906575471192,14.7453154921623,-0.245342054956868,,9.574999945882,,33625,33721
planning,0.8,0,87305.5926472312,87327.8923443199,22.2996970886888,14.7453154921623,14.7207541124252,-0.0245613797371718,,,0.746997438633573,33721,33729
traveling,4.7,10,87327.8923443199,87485.970586065,158.078241745156,14.7207541124252,14.5458571640572,-0.174896948368005,4.62921581610431,,,33729,33776
planning,0.6,0,87485.970586065,87502.4522993794,16.4817133143224,14.5458571640572,14.5276847429057,-0.0181724211514673,,,0.539137463425788,33776,33782
dwelling,12.4,0,87502.4522993794,87805.2776583284,302.825358949034,14.5276847429057,14.1940331806404,-0.333651562265308,,12.3352940968292,,33782,33906
planning,0.7,0,87805.2776583284,87825.6057782681,20.3281199397024,14.1940331806404,14.1715437008476,-0.0224894797927977,,,0.608659109532831,33906,33913
traveling,4.7,10,87825.6057782681,87992.4915250047,166.88574673656,14.1715437008476,13.985984446888,-0.185559253959571,4.62921589518185,,,33913,33960
planning,0.7,0,87992.4915250047,88012.0754755867,19.5839505820768,13.985984446888,13.9643018815804,-0.0216825653076249,,,0.671222647683159,33960,33967
dwelling,16.7,0,88012.0754755867,88459.9016816902,447.826206103418,13.9643018815804,13.4679160135194,-0.496385868061033,,16.6999999345982,,33967,34134
planning,0.2,0,88459.9016816902,88465.7227764362,5.82109474601748,13.4679160135194,13.4614433938414,-0.0064726196779521,,,0.143066362444294,34134,34136
traveling,5.5,14.142135623731,88465.7227764362,88667.1414662256,201.418689789411,13.4614433938414,13.2361413427223,-0.225302051119133,5.56404680724116,,,34136,34191
planning,0.2,0,88667.1414662256,88672.9709694257,5.82950320011878,13.2361413427223,13.2296484236887,-0.00649291903360094,,,0.195281779760131,34191,34193
dwelling,11.3,0,88672.9709694257,88976.3466337261,303.375664300373,13.2296484236887,12.8918183655304,-0.337830058158243,,11.2249999823529,,34193,34306
planning,0.5,0,88976.3466337261,88990.0537910527,13.7071573266439,12.8918183655304,12.8765295117725,-0.0152888537579585,,,0.405599510394822,34306,34311
traveling,4.8,10,88990.0537910527,89147.4952805893,157.441489536563,12.8765295117725,12.7001551172179,-0.176374394554591,4.70775559685527,,,34311,34359
planning,0.2,0,89147.4952805893,89153.1173732381,5.62209264884586,12.7001551172179,12.6938728070318,-0.00628231018610137,,,0.175429078554373,34359,34361
dwelling,8.49999999999999,0,89153.1173732381,89355.1810980732,202.063724835069,12.6938728070318,12.4685090089884,-0.22536379804334,,8.44444442081888,,34361,34446
planning,0.1,0,89355.1810980732,89357.7778825106,2.5967844374245,12.4685090089884,12.4656063016007,-0.00290270738775078,,,0.0466985942163834,34446,34447
traveling,4.7,10,89357.7778825106,89512.2726271707,154.494744660042,12.4656063016007,12.2919760623822,-0.173630239218458,4.62921697282495,,,34447,34494
planning,0.5,0,89512.2726271707,89525.2962655507,13.0236383800802,12.2919760623822,12.277397312387,-0.014578749995243,,,0.474952008689775,34494,34499
dwelling,11.3,0,89525.2962655507,89774.3076024211,249.011336870331,12.277397312387,11.9990497280618,-0.278347584325225,,11.2666666021824,,34499,34612
planning,0.4,0,89774.3076024211,89784.8414207045,10.5338182833802,11.9990497280618,11.9872295765737,-0.0118201514880916,,,0.349786741032135,34612,34616
traveling,4.7,10,89784.8414207045,89943.5109525273,158.669531822859,11.9872295765737,11.8081304290366,-0.179099147537064,4.62921581697788,,,34616,34663
planning,1,0,89943.5109525273,89970.5592344848,27.0482819574972,11.8081304290366,11.7777178029081,-0.0304126261284772,,,0.95657058303446,34663,34673
dwelling,12.2,0,89970.5592344848,90270.0092988373,299.450064352495,11.7777178029081,11.4410622939994,-0.336655508908699,,12.1470587424081,,34673,34795
planning,0.7,0,90270.0092988373,90286.7246242625,16.7153254251898,11.4410622939994,11.4222530845088,-0.0188092094906089,,,0.681912826250397,34795,34802
traveling,4.7,10,90286.7246242625,90419.4677796054,132.743155342949,11.4222530845088,11.2723305692805,-0.149922515228306,4.6292158406942,,,34802,34849
planning,0.2,0,90419.4677796054,90423.9414987111,4.47371910563379,11.2723305692805,11.2672948867852,-0.00503568249533259,,,0.184592301922596,34849,34851
dwelling,13.2,0,90423.9414987111,90669.2178255689,245.276326857813,11.2672948867852,10.9915680231902,-0.275726863594969,,13.1249999373628,,34851,34983
planning,0.8,0,90669.2178255689,90685.3156448053,16.0978192363837,10.9915680231902,10.973432466736,-0.018135556454224,,,0.708497251583408,34983,34991
traveling,5.5,14.142135623731,90685.3156448053,90832.1865794621,146.870934656865,10.973432466736,10.8070932206921,-0.166339246043913,5.56404685105401,,,34991,35046
planning,0.9,0,90832.1865794621,90852.4271823459,20.240602883714,10.8070932206921,10.7842200192666,-0.0228732014254902,,,0.889813855929279,35046,35055
dwelling,13.3,0,90852.4271823459,91146.866860342,294.439677996095,10.7842200192666,10.4510574119805,-0.333162607286077,,13.2666666130801,,35055,35188
planning,0.6,0,91146.866860342,91163.1110520504,16.2441917084507,10.4510574119805,10.4325897450504,-0.01846766693013,,,0.516181728774979,35188,35194
traveling,4.8,10,91163.1110520504,91314.021635221,150.910583170553,10.4325897450504,10.260355417389,-0.172234327661348,4.70775559733053,,,35194,35242
planning,0.8,0,91314.021635221,91334.4317627866,20.4101275656867,10.260355417389,10.2371375637016,-0.0232178536874095,,,0.799980074202813,35242,35250
dwelling,7.99999999999999,0,91334.4317627866,91517.7783159928,183.346553206196,10.2371375637016,10.0287168926123,-0.208420671089321,,7.97777772079461,,35250,35330
planning,0.4,0,91517.7783159928,91528.6220824277,10.8437664348312,10.0287168926123,10.016343892728,-0.012372999884338,,,0.38016935513969,35330,35334
traveling,0,10,91528.6220824277,,,10.016343892728,,,4.62921675948166,,,35334,
