phase_type,duration,distance,energy_start,energy_end,energy_consumed,battery_start,battery_end,battery_delta,rho,tau,planning_time,start_time,end_time
traveling,9.59999999999998,8.06225774829855,0,236.972883833536,236.972883833536,100,99.7806483788344,-0.2193516211656,10,,,1,97
planning,0.1,0,236.972883833536,239.515568416961,2.5426845834248,99.7806483788344,99.7782938973679,-0.00235448146651152,,,0.0549221079755381,97,98
dwelling,3.8,0,239.515568416961,322.379402749986,82.8638343330254,99.7782938973679,99.7016830274856,-0.076610869882316,,3.79999997335569,,98,136
planning,0.7,0,322.379402749986,339.735821462812,17.3564187128259,99.7016830274856,99.6856149669809,-0.0160680605046224,,,0.680689649336119,136,143
traveling,4.6,9.48683298050514,339.735821462812,480.042992789724,140.307171326912,99.6856149669809,99.5553733251829,-0.130241641798008,4.5326966175652,,,143,189
planning,0.7,0,480.042992789724,497.515537068127,17.4725442784024,99.5553733251829,99.5391952350364,-0.0161780901465676,,,0.607934489855719,189,196
dwelling,7.29999999999999,0,497.515537068127,671.691486821757,174.175949753631,99.5391952350364,99.377991595253,-0.161203639783423,,7.29999995098514,,196,269
planning,0.6,0,671.691486821757,688.597369979787,16.9058831580301,99.377991595253,99.362314487492,-0.0156771077609505,,,0.574616372424446,269,275
traveling,4.8,9.89949493661167,688.597369979787,840.360912929401,151.763542949614,99.362314487492,99.2213478363856,-0.140966651106382,4.71740110022631,,,275,323
planning,1,0,840.360912929401,867.491318074703,27.1304051453019,99.2213478363856,99.1961986575371,-0.0251491788484799,,,0.924870341184491,323,333
dwelling,6.49999999999999,0,867.491318074703,1022.03271716864,154.541399093933,99.1961986575371,99.0531415730048,-0.14305708453233,,6.44705882232519,,333,398
planning,0.5,0,1022.03271716864,1036.22598815047,14.1932709818295,99.0531415730048,99.0399762761877,-0.0131652968170783,,,0.446756994734423,398,403
traveling,3.2,4.47213595499958,1036.22598815047,1149.28208989871,113.056101748243,99.0399762761877,98.9347666121699,-0.105209664017821,3.17995344464926,,,403,435
planning,0.9,0,1149.28208989871,1176.60747417178,27.3253842730712,98.9347666121699,98.9093963566589,-0.0253702555110209,,,0.805342396416802,435,444
dwelling,6.29999999999999,0,1176.60747417178,1338.99822421524,162.390750043465,98.9093963566589,98.7589194428291,-0.150476913829763,,6.27499994964121,,444,507
planning,0.4,0,1338.99822421524,1349.80362817388,10.8054039586375,98.7589194428291,98.748901018183,-0.0100184246461339,,,0.358801142350062,507,511
traveling,4.6,9.48683298050514,1349.80362817388,1503.51670902162,153.713080847735,98.748901018183,98.6059511608885,-0.142949857294454,4.52714782432149,,,511,557
planning,0.3,0,1503.51670902162,1512.24605291007,8.72934388844919,98.6059511608885,98.5978494323941,-0.00810172849448065,,,0.289638389100356,557,560
dwelling,8.89999999999999,0,1512.24605291007,1738.57682877047,226.330775860399,98.5978494323941,98.3881147576549,-0.209734674739124,,8.8999999783503,,560,649
planning,0.2,0,1738.57682877047,1744.45178609367,5.87495732320372,98.3881147576549,98.382660832627,-0.0054539250279646,,,0.122363434795416,649,651
traveling,6.29999999999999,18.0277563773199,1744.45178609367,1995.07747594337,250.625689849698,98.382660832627,98.148838069491,-0.23382276313599,6.32873540899867,,,651,714
planning,0.3,0,1995.07747594337,2004.42153581232,9.3440598689499,98.148838069491,98.1401556101147,-0.00868245937627421,,,0.239861257960592,714,717
dwelling,8.79999999999999,0,2004.42153581232,2236.7496546238,232.328118811487,98.1401556101147,97.9247126953088,-0.215442914805891,,8.7333332645074,,717,805
planning,0.5,0,2236.7496546238,2251.3346273548,14.5849727309942,97.9247126953088,97.9111704136722,-0.0135422816366457,,,0.471007940418957,805,810
traveling,5.7,14.3178210632764,2251.3346273548,2439.47051230351,188.135884948714,97.9111704136722,97.7361456272843,-0.175024786387894,5.62268510345674,,,810,867
planning,0.7,0,2439.47051230351,2457.16114117259,17.6906288690789,97.7361456272843,97.7197461131467,-0.016399514137575,,,0.607651908253847,867,874
dwelling,8.09999999999999,0,2457.16114117259,2643.09681032141,185.935669148822,97.7197461131467,97.5475458923464,-0.172200220800335,,8.0749999837706,,874,955
planning,0.8,0,2643.09681032141,2664.10349152308,21.0066812016635,97.5475458923464,97.5280616284923,-0.0194842638540393,,,0.76502734876674,955,963
traveling,3,4.47213595499958,2664.10349152308,2759.22327245241,95.1197809293376,97.5280616284923,97.4396130797567,-0.0884485487356699,2.99382274702727,,,963,993
planning,0.5,0,2759.22327245241,2772.02521070934,12.8019382569305,97.4396130797567,97.4277416221668,-0.0118714575898053,,,0.415613346243303,993,998
dwelling,9.89999999999998,0,2772.02521070934,2996.78873735195,224.763526642607,97.4277416221668,97.2195577791815,-0.208183842985392,,9.82352939610836,,998,1097
planning,0.1,0,2996.78873735195,2999.11363753331,2.32490018136241,97.2195577791815,97.2174038107459,-0.00215396843550764,,,0.0403027479146998,1097,1098
traveling,4.7,9.89949493661167,2999.11363753331,3133.22523862151,134.111601088195,97.2174038107459,97.0928368247519,-0.124566985994008,4.63886028947223,,,1098,1145
planning,0.3,0,3133.22523862151,3139.4109235903,6.18568496879652,97.0928368247519,97.0871120834617,-0.00572474129026546,,,0.250033445286703,1145,1148
dwelling,16,0,3139.4109235903,3462.52720155448,323.116277964171,97.0871120834617,96.7880905768379,-0.299021506623745,,15.9999999820145,,1148,1308
planning,0.6,0,3462.52720155448,3475.9326065264,13.4054049719266,96.7880905768379,96.7756723474509,-0.0124182293870803,,,0.533457320284923,1308,1314
traveling,4.7,9.48683298050514,3475.9326065264,3610.5992179542,134.666611427794,96.7756723474509,96.6505442597709,-0.12512808767994,4.62367191477022,,,1314,1361
planning,0.5,0,3610.5992179542,3622.90743572521,12.308217771013,96.6505442597709,96.6391300257398,-0.0114142340311503,,,0.417652428383118,1361,1366
dwelling,9.39999999999998,0,3622.90743572521,3831.14640347098,208.238967745768,96.6391300257398,96.4462095245066,-0.192920501233132,,9.37499997713472,,1366,1460
planning,0.4,0,3831.14640347098,3841.99209395963,10.8456904886548,96.4462095245066,96.4361392101448,-0.0100703143617835,,,0.381515537056716,1460,1464
traveling,3.2,4.47213595499958,3841.99209395963,3944.37807095564,102.385976996007,96.4361392101448,96.3408547942477,-0.0952844158970976,3.16196798160903,,,1464,1496
planning,0.8,0,3944.37807095564,3966.84409667178,22.4660257161459,96.3408547942477,96.3199844100102,-0.0208703842375115,,,0.733200973886584,1496,1504
dwelling,6.19999999999999,0,3966.84409667178,4115.65628399569,148.812187323906,96.3199844100102,96.1819816773875,-0.138002732622766,,6.1352941098461,,1504,1566
planning,0.7,0,4115.65628399569,4134.73352267011,19.0772386744175,96.1819816773875,96.1642641643215,-0.0177175130660174,,,0.625456376969793,1566,1573
traveling,4.7,9.89949493661167,4134.73352267011,4285.99889521769,151.265372547582,96.1642641643215,96.0234496340013,-0.140814530320114,4.63886054012417,,,1573,1620
planning,0.1,0,4285.99889521769,4288.64966574287,2.65077052518245,96.0234496340013,96.020988373544,-0.00246126045736617,,,0.0591970895423723,1620,1621
dwelling,9.89999999999998,0,4288.64966574287,4516.32470277204,227.675037029167,96.020988373544,95.8099006449066,-0.211087728637338,,9.8999999647132,,1621,1720
planning,1,0,4516.32470277204,4543.45787627478,27.1331735027388,95.8099006449066,95.7846965886678,-0.0252040562388061,,,0.935183349841836,1720,1730
traveling,6.29999999999999,18.0277563773199,4543.45787627478,4760.42431235613,216.966436081349,95.7846965886678,95.5824447458551,-0.202251842812757,6.28237141894973,,,1730,1793
planning,0.8,0,4760.42431235613,4780.67358188823,20.2492695320998,95.5824447458551,95.5636475967696,-0.0187971490855148,,,0.732317500489339,1793,1801
dwelling,10.1,0,4780.67358188823,5014.92076970387,234.247187815639,95.5636475967696,95.3463829994105,-0.217264597359048,,10.0555555534299,,1801,1902
planning,0.4,0,5014.92076970387,5024.88870538881,9.96793568494286,95.3463829994105,95.3371300861069,-0.00925291330361233,,,0.312363736453457,1902,1906
traveling,5.7,14.3178210632764,5024.88870538881,5215.92917628358,191.040470894774,95.3371300861069,95.1590483125494,-0.178081773557523,5.62268606974292,,,1906,1963
planning,0.8,0,5215.92917628358,5237.28449088567,21.3553146020886,95.1590483125494,95.1392067272513,-0.0198415852980247,,,0.762099781249904,1963,1971
dwelling,11.6,0,5237.28449088567,5506.6464457853,269.361954899632,95.1392067272513,94.8892977216928,-0.249909005558507,,11.5499999388481,,1971,2087
planning,0.8,0,5506.6464457853,5525.23797815158,18.591532366273,94.8892977216928,94.8720472080972,-0.0172505135956129,,,0.723987555550315,2087,2095
traveling,4.5,9.48683298050514,5525.23797815158,5651.13081097891,125.892832827333,94.8720472080972,94.7549731747867,-0.11707403331053,4.50189137442113,,,2095,2140
planning,0.7,0,5651.13081097891,5666.75381606579,15.6230050868789,94.7549731747867,94.7404817010431,-0.0144914737435613,,,0.607275132414373,2140,2147
dwelling,12.8,0,5666.75381606579,5944.42971295127,277.675896885477,94.7404817010431,94.4829449126754,-0.25753678836773,,12.7999999125074,,2147,2275
planning,1,0,5944.42971295127,5971.88205732333,27.4523443720664,94.4829449126754,94.4574182737361,-0.025526638939354,,,0.971596513684496,2275,2285
traveling,4.8,9.89949493661167,5971.88205732333,6137.23030241752,165.348245094183,94.4574182737361,94.3031496684308,-0.154268605305276,4.71740031971301,,,2285,2333
planning,0.4,0,6137.23030241752,6148.11686167607,10.8865592585535,94.3031496684308,94.2930266453923,-0.0101230230384601,,,0.393338328322703,2333,2337
dwelling,13,0,6148.11686167607,6488.28857649295,340.17171481688,94.2930266453923,93.9768212600112,-0.316205385381096,,12.9235293944314,,2337,2467
planning,0.2,0,6488.28857649295,6494.24460662943,5.95603013648361,93.9768212600112,93.9712754027871,-0.00554585722414913,,,0.163077915283351,2467,2469
traveling,3.2,4.47213595499958,6494.24460662943,6606.08140139747,111.836794768033,93.9712754027871,93.8668843041307,-0.104391098656393,3.17995354657485,,,2469,2501
planning,0.7,0,6606.08140139747,6626.16975932799,20.0883579305237,93.8668843041307,93.848186866749,-0.0186974373816753,,,0.634688549580581,2501,2508
dwelling,9.39999999999998,0,6626.16975932799,6859.93104324144,233.761283913447,93.848186866749,93.6309550533001,-0.217231813448933,,9.34999998958959,,2508,2602
planning,0.2,0,6859.93104324144,6864.8906172562,4.95957401476062,93.6309550533001,93.6263461248748,-0.0046089284253128,,,0.199320013301063,2602,2604
traveling,4.6,9.48683298050514,6864.8906172562,7011.1253716509,146.234754394708,93.6263461248748,93.4899930132262,-0.13635311164856,4.52714679248994,,,2604,2650
planning,0.2,0,7011.1253716509,7016.40603557848,5.28066392757864,93.4899930132262,93.4850817102557,-0.00491130297052678,,,0.158163629735701,2650,2652
dwelling,11.8,0,7016.40603557848,7273.32004568969,256.914010111203,93.4850817102557,93.2466033326006,-0.238478377655056,,11.7666666355377,,2652,2770
planning,0.7,0,7273.32004568969,7289.14252687269,15.822481183005,93.2466033326006,93.2319097186513,-0.014693613949305,,,0.696885866400471,2770,2777
traveling,6.29999999999999,18.0277563773199,7289.14252687269,7473.75697020373,184.614443331043,93.2319097186513,93.0599199689267,-0.171989749724574,6.32873541367128,,,2777,2840
planning,0.7,0,7473.75697020373,7491.00917010486,17.2521999011269,93.0599199689267,93.0438820379399,-0.0160379309868262,,,0.636897642137315,2840,2847
dwelling,9.69999999999998,0,7491.00917010486,7731.77836995062,240.76919984576,93.0438820379399,92.8200178574978,-0.223864180442135,,9.61111104480243,,2847,2944
planning,0.6,0,7731.77836995062,7748.23007281128,16.4517028606542,92.8200178574978,92.8047025981886,-0.0153152593091477,,,0.54641128321097,2944,2950
traveling,5.7,14.3178210632764,7748.23007281128,7933.1919493073,184.96187649602,92.8047025981886,92.6321011869295,-0.172601411259109,5.62268510942125,,,2950,3007
planning,0.4,0,7933.1919493073,7943.99066393189,10.7987146245896,92.6321011869295,92.6220489735109,-0.0100522134185752,,,0.303088798164378,3007,3011
dwelling,9.59999999999998,0,7943.99066393189,8172.22810458191,228.237440650029,92.6220489735109,92.4098724114799,-0.212176562031004,,9.54999995999865,,3011,3107
planning,0.5,0,8172.22810458191,8186.43940506611,14.2113004841976,92.4098724114799,92.3966329704284,-0.0132394410515815,,,0.408416161444957,3107,3112
traveling,3,4.47213595499958,8186.43940506611,8286.182336197,99.7429311308879,92.3966329704284,92.3035009883336,-0.0931319820947181,2.99382278573681,,,3112,3142
planning,0.3,0,8286.182336197,8294.53055806477,8.34822186777274,92.3035009883336,92.2957251348722,-0.00777585346146736,,,0.220036190136967,3142,3145
dwelling,11.5,0,8294.53055806477,8551.6800682902,257.149510225428,92.2957251348722,92.0567489614487,-0.238976173423453,,11.4882352156273,,3145,3260
planning,0.7,0,8551.6800682902,8568.07164917522,16.3915808850234,92.0567489614487,92.0415083006566,-0.0152406607921449,,,0.623757172760151,3260,3267
traveling,4.7,9.89949493661167,8568.07164917522,8705.74758438863,137.675935213403,92.0415083006566,91.9131375661838,-0.128370734472725,4.63886058327433,,,3267,3314
planning,1,0,8705.74758438863,8729.449107914,23.7015235253748,91.9131375661838,91.8910950125678,-0.0220425536160604,,,0.985167382500927,3314,3324
dwelling,16.8,0,8729.449107914,9116.57009809823,387.120990184232,91.8910950125678,91.531119064642,-0.359975947925761,,16.7333333211901,,3324,3492
planning,0.2,0,9116.57009809823,9121.7231152132,5.15301711496613,91.531119064642,91.5263210125242,-0.00479805211780615,,,0.115071019736563,3492,3494
traveling,4.7,9.48683298050514,9121.7231152132,9264.1388203247,142.415705111502,91.5263210125242,91.3934260953307,-0.132894917193497,4.62367191890803,,,3494,3541
planning,0.9,0,9264.1388203247,9289.07079172446,24.9319713997556,91.3934260953307,91.370188912165,-0.0232371831657616,,,0.882563255563671,3541,3550
dwelling,9.79999999999998,0,9289.07079172446,9520.66642213535,231.595630410895,91.370188912165,91.1547064858119,-0.215482426353049,,9.74999999750879,,3550,3648
planning,0.7,0,9520.66642213535,9538.95584769083,18.2894255554729,91.1547064858119,91.1376692510275,-0.0170372347843681,,,0.64843326167506,3648,3655
traveling,3.2,4.47213595499958,9538.95584769083,9632.92837564206,93.9725279512386,91.1376692510275,91.0499951684704,-0.0876740825571858,3.16196799481764,,,3655,3687
planning,0.1,0,9632.92837564206,9635.35227882704,2.42390318497746,91.0499951684704,91.0477389478078,-0.00225622066257358,,,0.0241633803698744,3687,3688
dwelling,7.29999999999999,0,9635.35227882704,9783.88850371422,148.536224887179,91.0477389478078,90.909701195533,-0.138037752274769,,7.223529401494,,3688,3761
planning,1,0,9783.88850371422,9804.23718205058,20.3486783363587,90.909701195533,90.8907906216401,-0.0189105738928674,,,0.90976604973146,3761,3771
traveling,4.7,9.89949493661167,9804.23718205058,9944.83296513309,140.595783082512,90.8907906216401,90.7595400006727,-0.131250620967435,4.63886162319784,,,3771,3818
planning,0.3,0,9944.83296513309,9952.66698960235,7.83402446925902,90.7595400006727,90.7522402092414,-0.00729979143130777,,,0.247977380567972,3818,3821
dwelling,10.3,0,9952.66698960235,10187.3839479074,234.716958305058,90.7522402092414,90.5338314678225,-0.218408741418912,,10.2999999925264,,3821,3924
planning,0.4,0,10187.3839479074,10198.3457855037,10.9618375962691,90.5338314678225,90.523609474811,-0.0102219930114984,,,0.368243049370231,3924,3928
traveling,6.29999999999999,18.0277563773199,10198.3457855037,10422.5784237926,224.232638288948,90.523609474811,90.3136776166659,-0.209931858145126,6.28237142998967,,,3928,3991
planning,0.5,0,10422.5784237926,10436.1151745746,13.5367507819356,90.3136776166659,90.3010542038938,-0.0126234127720721,,,0.406023894588819,3991,3996
dwelling,11,0,10436.1151745746,10706.3184944154,270.203319840799,90.3010542038938,90.0493348255297,-0.251719378364101,,10.9999999501422,,3996,4106
planning,0.8,0,10706.3184944154,10726.9454822996,20.6269878842177,90.0493348255297,90.0301065819776,-0.0192282435521349,,,0.75525355800622,4106,4114
traveling,5.7,14.3178210632764,10726.9454822996,10918.9475747176,192.00209241799,90.0301065819776,89.8504399652215,-0.179666616756023,5.6226851218946,,,4114,4171
planning,0.4,0,10918.9475747176,10930.4599932595,11.5124185419645,89.8504399652215,89.8396921968514,-0.0107477683700949,,,0.302115637811627,4171,4175
dwelling,12.4,0,10930.4599932595,11235.6368141153,305.176820855739,89.8396921968514,89.5552771549225,-0.284415041928952,,12.374999993911,,4175,4299
planning,0.3,0,11235.6368141153,11244.1157582003,8.47894408506363,89.5552771549225,89.5473613778649,-0.00791577705756197,,,0.257777543410764,4299,4302
traveling,4.5,9.48683298050514,11244.1157582003,11398.4684743044,154.352716104024,89.5473613778649,89.402834065278,-0.144527312586931,4.50189137621067,,,4302,4347
planning,0.8,0,11398.4684743044,11419.6021408447,21.1336665403887,89.402834065278,89.3831178148064,-0.0197162504716033,,,0.782826527867046,4347,4355
dwelling,13,0,11419.6021408447,11724.8693538566,305.267213011861,89.3831178148064,89.0986610010324,-0.284456813774042,,12.9999999077238,,4355,4485
planning,1,0,11724.8693538566,11750.5155386197,25.6461847630635,89.0986610010324,89.074737193994,-0.0239238070383863,,,0.967238210573164,4485,4495
traveling,4.8,9.89949493661167,11750.5155386197,11901.4005315983,150.884992978605,89.074737193994,88.9335831180527,-0.141154075941287,4.71740124031343,,,4495,4543
planning,0.2,0,11901.4005315983,11906.6386049427,5.23807334447338,88.9335831180527,88.928695049858,-0.00488806819470256,,,0.176076645268162,4543,4545
dwelling,13.4,0,11906.6386049427,12217.0714722798,310.432867337016,88.928695049858,88.639357845295,-0.289337204562983,,13.335294095526,,4545,4679
planning,0.6,0,12217.0714722798,12232.0229051015,14.9514328216846,88.639357845295,88.6254099812755,-0.0139478640194852,,,0.536064956809508,4679,4685
traveling,3.2,4.47213595499958,12232.0229051015,12327.7237539471,95.7008488456831,88.6254099812755,88.5359213183647,-0.0894886629108385,3.17995355358038,,,4685,4717
planning,0.9,0,12327.7237539471,12351.7503666058,24.0266126586321,88.5359213183647,88.5134876292934,-0.022433689071292,,,0.817077530521783,4717,4726
dwelling,9.39999999999998,0,12351.7503666058,12570.2778611285,218.527494522696,88.5134876292934,88.3097414199087,-0.203746209384704,,9.37499997928693,,4726,4820
planning,0.3,0,12570.2778611285,12578.3909808525,8.11311972407384,88.3097414199087,88.3021636572206,-0.00757776268802957,,,0.216635042326404,4820,4823
traveling,4.6,9.48683298050514,12578.3909808525,12718.226730602,139.835749749498,88.3021636572206,88.1713399748632,-0.13082368235743,4.5271467942993,,,4823,4869
planning,0.4,0,12718.226730602,12727.672542165,9.44581156299682,88.1713399748632,88.1625299566202,-0.00881001824301109,,,0.340462652965871,4869,4873
dwelling,11.9,0,12727.672542165,12983.2835870603,255.611044895259,88.1625299566202,87.9243178680821,-0.238212088538077,,11.8666665792821,,4873,4992
planning,0.2,0,12983.2835870603,12988.6151187765,5.33153171617596,87.9243178680821,87.9193374259481,-0.0049804421339843,,,0.153901994422688,4992,4994
traveling,6.29999999999999,18.0277563773199,12988.6151187765,13195.6858394449,207.070720668396,87.9193374259481,87.7253163587167,-0.194021067231475,6.32873541406155,,,4994,5057
planning,0.5,0,13195.6858394449,13208.2310644156,12.5452249707359,87.7253163587167,87.7136034802706,-0.0117128784461045,,,0.424949699068271,5057,5062
dwelling,9.99999999999998,0,13208.2310644156,13427.9046501518,219.673585736204,87.7136034802706,87.5087698227855,-0.20483365748504,,9.911111065323,,5062,5162
planning,0.8,0,13427.9046501518,13448.0171024347,20.1124522828941,87.5087698227855,87.4899879245796,-0.0187818982059014,,,0.758015386285559,5162,5170
traveling,5.7,14.3178210632764,13448.0171024347,13610.1614542272,162.144351792489,87.4899879245796,87.3383136890548,-0.151674235524823,5.62268510954284,,,5170,5227
planning,0.8,0,13610.1614542272,13627.7116260516,17.5501718243977,87.3383136890548,87.321945534585,-0.0163681544698306,,,0.742353147444802,5227,5235
dwelling,9.19999999999999,0,13627.7116260516,13804.3201560622,176.608530010591,87.321945534585,87.1574192698617,-0.164526264723293,,9.17499994138337,,5235,5327
planning,0.2,0,13804.3201560622,13808.6603967278,4.34024066566963,87.1574192698617,87.153371204372,-0.00404806548965553,,,0.140031809975024,5327,5329
traveling,3,4.47213595499958,13808.6603967278,13886.6170909869,77.9566942590445,87.153371204372,87.0805146888525,-0.0728565155195184,2.99382278617976,,,5329,5359
planning,0.5,0,13886.6170909869,13897.9596781271,11.3425871402214,87.0805146888525,87.0699303026665,-0.0105843861859967,,,0.440446973908614,5359,5364
dwelling,11.4,0,13897.9596781271,14149.5478221425,251.588144015417,87.0699303026665,86.8351897548185,-0.234740547847963,,11.3058822703813,,5364,5478
planning,0.1,0,14149.5478221425,14152.3140007737,2.76617863120555,86.8351897548185,86.8326021969617,-0.00258755785685594,,,0.0537418009216486,5478,5479
traveling,4.7,9.89949493661167,14152.3140007737,14316.4371394058,164.123138632118,86.8326021969617,86.6785385940767,-0.154063602885032,4.63886058252129,,,5479,5526
planning,0.8,0,14316.4371394058,14340.6351446561,24.1980052502131,86.6785385940767,86.655873521598,-0.0226650724786168,,,0.711549245617373,5526,5534
dwelling,16.8,0,14340.6351446561,14759.0854995247,418.450354868608,86.655873521598,86.2647888237373,-0.391084697860691,,16.7666665642732,,5534,5702
planning,0.7,0,14759.0854995247,14778.9990586716,19.913559146964,86.2647888237373,86.2461452162131,-0.0186436075242256,,,0.690757276899622,5702,5709
traveling,4.7,9.48683298050514,14778.9990586716,14946.8144941793,167.815435507677,86.2461452162131,86.0884730372259,-0.157672178987255,4.62367191867565,,,5709,5756
planning,0.4,0,14946.8144941793,14958.3228471635,11.5083529842086,86.0884730372259,86.0776954568044,-0.0107775804215038,,,0.334491571227346,5756,5760
dwelling,10.2,0,14958.3228471635,15223.6608896025,265.338042439023,86.0776954568044,85.8294744509131,-0.248221005891239,,10.1999999848775,,5760,5862
planning,0.2,0,15223.6608896025,15230.0517645962,6.39087499361813,85.8294744509131,85.8234794309843,-0.00599501992883233,,,0.178518958338699,5862,5864
traveling,3.2,4.47213595499958,15230.0517645962,15340.6435364173,110.591771821164,85.8234794309843,85.719603527345,-0.103875903639334,3.16196799303553,,,5864,5896
planning,0.4,0,15340.6435364173,15352.062377844,11.4188414266773,85.719603527345,85.7089073947558,-0.010696132589203,,,0.381897185883399,5896,5900
dwelling,6.89999999999999,0,15352.062377844,15519.6874017567,167.625023912722,85.7089073947558,85.5521780559805,-0.156729338775278,,6.8705882329646,,5900,5969
planning,0.4,0,15519.6874017567,15530.0851650307,10.3977632740025,85.5521780559805,85.5424481281582,-0.00972992782227777,,,0.320900902665825,5969,5973
traveling,4.7,9.89949493661167,15530.0851650307,15687.1800943308,157.094929300069,85.5424481281582,85.3949181168827,-0.147530011275521,4.63886160960375,,,5973,6020
planning,0.9,0,15687.1800943308,15710.8435673241,23.6634729932885,85.3949181168827,85.3727683292371,-0.0221497876455459,,,0.803856662665089,6020,6029
dwelling,9.29999999999998,0,15710.8435673241,15930.9330601454,220.089492821331,85.3727683292371,85.1669754425591,-0.205792886678026,,9.26666661318322,,6029,6122
planning,1,0,15930.9330601454,15955.866163222,24.9331030765425,85.1669754425591,85.1436467917757,-0.0233286507834265,,,0.951265425887111,6122,6132
traveling,6.29999999999999,18.0277563773199,15955.866163222,16154.1995250315,198.333361809538,85.1436467917757,84.9574678076837,-0.186178984091981,6.28237142696652,,,6132,6195
planning,0.9,0,16154.1995250315,16174.0320358412,19.8325108097288,84.9574678076837,84.9389321577294,-0.0185356499542877,,,0.80240198084347,6195,6204
dwelling,10.5,0,16174.0320358412,16403.5431564616,229.51112062034,84.9389321577294,84.7244162868847,-0.214515870844693,,10.422222175121,,6204,6309
planning,0.9,0,16403.5431564616,16428.205572922,24.6624164603963,84.7244162868847,84.7013060507366,-0.0231102361481277,,,0.858845544674676,6309,6318
traveling,5.7,14.3178210632764,16428.205572922,16627.6990557826,199.493482860646,84.7013060507366,84.5136740129636,-0.187632037772985,5.62268512130973,,,6318,6375
planning,0.2,0,16627.6990557826,16633.1663247707,5.46726898807538,84.5136740129636,84.5085500815772,-0.00512393138640732,,,0.126965799005075,6375,6377
dwelling,12.5,0,16633.1663247707,16933.3320904395,300.1657656688,84.5085500815772,84.2275957035233,-0.280954378053906,,12.4499999856444,,6377,6502
planning,0.6,0,16933.3320904395,16947.4908459809,14.1587555413716,84.2275957035233,84.2143449169933,-0.0132507865300369,,,0.512857979349486,6502,6508
traveling,4.5,9.48683298050514,16947.4908459809,17083.1337002002,135.642854219313,84.2143449169933,84.0870007728194,-0.127344144173861,4.50189137659033,,,6508,6553
planning,0.4,0,17083.1337002002,17092.9807346447,9.84703444457409,84.0870007728194,84.0777798221671,-0.00922095065227779,,,0.367827286270156,6553,6557
dwelling,13.5,0,17092.9807346447,17388.7587372925,295.778002647774,84.0777798221671,83.8010997447821,-0.276680077384967,,13.4666666158943,,6557,6692
planning,0.2,0,17388.7587372925,17394.3234830129,5.56474572039224,83.8010997447821,83.7958799333489,-0.00521981143322137,,,0.198446428477315,6692,6694
traveling,4.8,9.89949493661167,17394.3234830129,17547.7852793223,153.46179630941,83.7958799333489,83.6516254203767,-0.144254512972267,4.71740123925186,,,6694,6742
planning,0.3,0,17547.7852793223,17555.2460221517,7.46074282937116,83.6516254203767,83.6446354671528,-0.00698995322382245,,,0.282551396374373,6742,6745
dwelling,13.2,0,17555.2460221517,17842.3668813047,287.120859152968,83.6446354671528,83.3759636952589,-0.268671771893935,,13.1823529262588,,6745,6877
planning,0.9,0,17842.3668813047,17865.92674529,23.5598639853888,83.3759636952589,83.3538717882917,-0.0220919069672192,,,0.893404678235614,6877,6886
traveling,3.2,4.47213595499958,17865.92674529,17964.9192222035,98.9924769134122,83.3538717882917,83.2608318895417,-0.0930398987499643,3.17995354996575,,,6886,6918
planning,0.1,0,17964.9192222035,17967.6658259285,2.7466037249942,83.2608318895417,83.2582546736097,-0.0025772159320212,,,0.0218170145378155,6918,6919
dwelling,10.1,0,17967.6658259285,18208.2246766845,240.558850756075,83.2582546736097,83.0328742580039,-0.225380415605756,,10.049999979773,,6919,7020
planning,0.9,0,18208.2246766845,18232.2436154323,24.0189387478131,83.0328742580039,83.0103395456772,-0.0225347123267881,,,0.820102764606721,7020,7029
traveling,4.6,9.48683298050514,18232.2436154323,18383.6618376669,151.418222234544,83.0103395456772,82.8678295273005,-0.142510018376697,4.52714679565517,,,7029,7075
planning,1,0,18383.6618376669,18407.6555822255,23.9937445586584,82.8678295273005,82.8453422760549,-0.0224872512456074,,,0.942865993190553,7075,7085
dwelling,11.5,0,18407.6555822255,18660.1866628079,252.531080582354,82.8453422760549,82.6088539715689,-0.236488304485903,,11.4999999181125,,7085,7200
planning,0.1,0,18660.1866628079,18662.548502927,2.3618401191161,82.6088539715689,82.6066402911135,-0.00221368045539805,,,0.0529873706363988,7200,7201
traveling,6.29999999999999,18.0277563773199,18662.548502927,18859.4250207562,196.876517829172,82.6066402911135,82.4214325890944,-0.18520770201917,6.32873541418258,,,7201,7264
planning,0.2,0,18859.4250207562,18864.2836350841,4.85861432786987,82.4214325890944,82.4168765700597,-0.00455601903465208,,,0.139549200122782,7264,7266
dwelling,10.3,0,18864.2836350841,19089.5572521744,225.273617090374,82.4168765700597,82.2058403942049,-0.211036175854844,,10.24444441148,,7266,7369
planning,0.6,0,19089.5572521744,19103.793902541,14.236650366609,82.2058403942049,82.1924909443545,-0.013349449850395,,,0.55319954257838,7369,7375
traveling,5.7,14.3178210632764,19103.793902541,19262.7097025737,158.915800032661,82.1924909443545,82.0431674511236,-0.149323493230924,5.62268510942097,,,7375,7432
planning,0.6,0,19262.7097025737,19275.1523774818,12.4426749080594,82.0431674511236,82.0315141371454,-0.0116533139781438,,,0.50479913244319,7432,7438
dwelling,9.39999999999998,0,19275.1523774818,19457.3748122534,182.222434771629,82.0315141371454,81.8609349193189,-0.170579217826514,,9.34999999162587,,7438,7532
planning,0.1,0,19457.3748122534,19459.6710171282,2.29620487477951,81.8609349193189,81.858781878603,-0.00215304071591049,,,0.0423827443876863,7532,7533
traveling,3,4.47213595499958,19459.6710171282,19541.37680795,81.7057908217976,81.858781878603,81.7820140742741,-0.0767678043288527,2.99382179387117,,,7533,7563
planning,1,0,19541.37680795,19566.7900712577,25.413263307757,81.7820140742741,81.7581566940945,-0.0238573801796633,,,0.996800107830058,7563,7573
dwelling,10.9,0,19566.7900712577,19797.688249388,230.898178130243,81.7581566940945,81.5417806485518,-0.216376045542646,,10.8588234792476,,7573,7682
planning,0.3,0,19797.688249388,19805.2671100893,7.57886070134191,81.5417806485518,81.5346647568526,-0.00711589169918625,,,0.20919281396494,7682,7685
traveling,4.7,9.89949493661167,19805.2671100893,19944.5017615098,139.234651420451,81.5346647568526,81.4036551028495,-0.131009654003108,4.63886058235776,,,7685,7732
planning,0.5,0,19944.5017615098,19957.3758845913,12.8741230815249,81.4036551028495,81.3915631370931,-0.01209196575644,,,0.453090539668656,7732,7737
dwelling,17.1,0,19957.3758845913,20348.5692384284,391.193353837094,81.3915631370931,81.0245374562593,-0.367025680833791,,17.0333332521709,,7737,7908
planning,0.1,0,20348.5692384284,20351.276395082,2.70715665367243,81.0245374562593,81.0219923324865,-0.00254512377276228,,,0.0756313073055626,7908,7909
traveling,4.7,9.48683298050514,20351.276395082,20505.6535630629,154.3771679809,81.0219923324865,80.8764344547065,-0.145557877780064,4.62367287471156,,,7909,7956
planning,0.3,0,20505.6535630629,20513.6389330892,7.98537002628655,80.8764344547065,80.8689274864813,-0.00750696822520069,,,0.225723724893576,7956,7959
dwelling,10.2,0,20513.6389330892,20767.1772657641,253.538332674896,80.8689274864813,80.6307375490071,-0.238189937474218,,10.1999999661434,,7959,8061
planning,0.1,0,20767.1772657641,20769.8304598339,2.65319406979324,80.6307375490071,80.6282428177287,-0.00249473127831834,,,0.0351881242048544,8061,8062
traveling,3.2,4.47213595499958,20769.8304598339,20873.4280584479,103.597598614018,80.6282428177287,80.5305589645223,-0.0976838532064761,3.16196798825419,,,8062,8094
planning,0.7,0,20873.4280584479,20892.474411861,19.0463534130686,80.5305589645223,80.5126427672172,-0.0179161973050697,,,0.692277310541727,8094,8101
dwelling,6.49999999999999,0,20892.474411861,21049.3248863345,156.850474473511,80.5126427672172,80.365290440398,-0.147352326819217,,6.42941172906914,,8101,8166
planning,0.7,0,21049.3248863345,21068.7437189159,19.4188325813957,80.365290440398,80.3470164568731,-0.018273983524864,,,0.677409665553847,8166,8173
traveling,4.7,9.89949493661167,21068.7437189159,21231.0698071871,162.326088271195,80.3470164568731,80.1937379371339,-0.153278519739189,4.63886160960375,,,8173,8220
planning,0.8,0,21231.0698071871,21253.134738046,22.0649308589091,80.1937379371339,80.1729719025727,-0.0207660345612197,,,0.757122972947799,8220,8228
dwelling,9.39999999999998,0,21253.134738046,21467.8527367764,214.717998730357,80.1729719025727,79.9713036494258,-0.201668253146863,,9.36666664640127,,8228,8322
planning,1,0,21467.8527367764,21493.797089649,25.9443528726079,79.9713036494258,79.9468993157585,-0.0244043336673911,,,0.948170163552052,8322,8332
traveling,6.29999999999999,18.0277563773199,21493.797089649,21699.988960913,206.191871263967,79.9468993157585,79.7522969424256,-0.194602373332842,6.28237142601853,,,8332,8395
planning,0.8,0,21699.988960913,21720.5949500325,20.6059891195182,79.7522969424256,79.7329116268089,-0.0193853156166739,,,0.783865650609615,8395,8403
dwelling,10.5,0,21720.5949500325,21968.9963243801,248.401374347595,79.7329116268089,79.499414237473,-0.233497389335923,,10.4666666281359,,8403,8508
planning,0.6,0,21968.9963243801,21985.2388352296,16.2425108495117,79.499414237473,79.4841209764065,-0.0152932610665459,,,0.5074010951211,8508,8514
traveling,5.7,14.3178210632764,21985.2388352296,22180.3251538472,195.086318617585,79.4841209764065,79.2997864943924,-0.184334482014066,5.62268512107508,,,8514,8571
planning,0.1,0,22180.3251538472,22183.1793622405,2.85420839334256,79.2997864943924,79.2970967832665,-0.00268971112595295,,,0.0294966272798243,8571,8572
dwelling,12.5,0,22183.1793622405,22479.2824308364,296.103068595919,79.2970967832665,79.0186304324936,-0.278466350772902,,12.4999999834483,,8572,8697
planning,0.9,0,22479.2824308364,22504.8097787857,25.5273479492316,79.0186304324936,78.9945692434226,-0.0240611890709204,,,0.846684276389072,8697,8706
traveling,4.5,9.48683298050514,22504.8097787857,22661.054500311,156.244721525363,78.9945692434226,78.8468302442325,-0.147738999190111,4.50189137620166,,,8706,8751
planning,0.9,0,22661.054500311,22684.7295003503,23.6750000392676,78.8468302442325,78.8245321092785,-0.022298134953985,,,0.848033495021199,8751,8760
dwelling,12.9,0,22684.7295003503,22986.4341650393,301.704664689008,78.8245321092785,78.5407016765164,-0.283830432762102,,12.8999999197627,,8760,8889
planning,0.5,0,22986.4341650393,22999.0904822924,12.6563172530587,78.5407016765164,78.528783142308,-0.011918534208462,,,0.467441841847867,8889,8894
traveling,4.8,9.89949493661167,22999.0904822924,23137.3549869319,138.264504639556,78.528783142308,78.3983496083987,-0.130433533909283,4.71740123925239,,,8894,8942
planning,0.7,0,23137.3549869319,23153.9813685957,16.6263816637547,78.3983496083987,78.3827013519512,-0.0156482564474487,,,0.678576820533866,8942,8949
dwelling,12.8,0,23153.9813685957,23436.1994109052,282.218042309501,78.3827013519512,78.1172476102721,-0.265453741679138,,12.7823528554277,,8949,9077
planning,0.9,0,23436.1994109052,23459.0127431248,22.8133322196772,78.1172476102721,78.0957546642166,-0.0214929460554742,,,0.851068176721206,9077,9086
traveling,3.2,4.47213595499958,23459.0127431248,23553.8396828002,94.8269396753967,78.0957546642166,78.0062282566787,-0.0895264075379032,3.17995355216111,,,9086,9118
planning,1,0,23553.8396828002,23580.4609734876,26.6212906873188,78.0062282566787,77.9811303124823,-0.0250979441964176,,,0.977215338422685,9118,9128
dwelling,9.19999999999999,0,23580.4609734876,23785.2736007847,204.812627297095,77.9811303124823,77.78839797202,-0.192732340462328,,9.19999998066194,,9128,9220
planning,0.5,0,23785.2736007847,23797.6460008387,12.3724000539987,77.78839797202,77.7767410403699,-0.0116569316501227,,,0.417105619584882,9220,9225
traveling,4.6,9.48683298050514,23797.6460008387,23940.2884465766,142.642445737903,77.7767410403699,77.6419357482543,-0.134805292115544,4.52714679487221,,,9225,9271
planning,0.8,0,23940.2884465766,23961.3621630127,21.0737164361926,77.6419357482543,77.6220631254721,-0.0198726227822021,,,0.74168601976391,9271,9279
dwelling,11.6,0,23961.3621630127,24205.3044030869,243.942240074146,77.6220631254721,77.3925433865019,-0.229519738970254,,11.5666666238678,,9279,9395
planning,1,0,24205.3044030869,24228.6354436006,23.3310405137308,77.3925433865019,77.3705665945527,-0.0219767919491574,,,0.925360819865146,9395,9405
traveling,6.29999999999999,18.0277563773199,24228.6354436006,24423.9593305839,195.323886983249,77.3705665945527,77.1858878326772,-0.18467876187546,6.32873541452997,,,9405,9468
planning,0.8,0,24423.9593305839,24443.7190253176,19.7596947337224,77.1858878326772,77.1672596874197,-0.018628145257523,,,0.772574059698872,9468,9476
dwelling,9.79999999999998,0,24443.7190253176,24662.9671990755,219.248173757951,77.1672596874197,76.960753390271,-0.206506297148735,,9.73333333058596,,9476,9574
planning,1,0,24662.9671990755,24689.0052716196,26.0380725440191,76.960753390271,76.936185567109,-0.0245678231619877,,,0.929226513472531,9574,9584
traveling,5.7,14.3178210632764,24689.0052716196,24862.5399954687,173.534723849112,76.936185567109,76.7720661119978,-0.164119455111219,5.62268511109202,,,9584,9641
planning,0.5,0,24862.5399954687,24873.667448435,11.1274529662951,76.7720661119978,76.7615831242223,-0.0104829877754895,,,0.401624753209796,9641,9646
dwelling,9.79999999999998,0,24873.667448435,25081.9757303571,208.308281922105,76.7615831242223,76.5654049922789,-0.19617813194337,,9.77499993059493,,9646,9744
planning,1,0,25081.9757303571,25107.5703482371,25.594617880015,76.5654049922789,76.5412507485768,-0.0241542437021423,,,0.947905010054437,9744,9754
traveling,3,4.47213595499958,25107.5703482371,25194.8763393752,87.3059911381133,76.5412507485768,76.4587166377263,-0.0825341108505029,2.99382155829261,,,9754,9784
planning,0.6,0,25194.8763393752,25209.8078773199,14.9315379446853,76.4587166377263,76.4446284771215,-0.0140881606047998,,,0.516552377622967,9784,9790
dwelling,11.7,0,25209.8078773199,25496.4857501003,286.677872780416,76.4446284771215,76.1741411244335,-0.270487352687994,,11.6294117065484,,9790,9907
planning,0.7,0,25496.4857501003,25518.8333171387,22.3475670383486,76.1741411244335,76.1529812185268,-0.0211599059066714,,,0.671550797344759,9907,9914
traveling,4.7,9.89949493661167,25518.8333171387,25693.7468584444,174.913541305694,76.1529812185268,75.9869218845371,-0.16605933398975,4.63886058621833,,,9914,9961
planning,0.6,0,25693.7468584444,25711.4994676727,17.7526092283188,75.9869218845371,75.9701276159317,-0.0167942686053237,,,0.553244723494841,9961,9967
dwelling,17.8,0,25711.4994676727,26120.424465773,408.924998100319,75.9701276159317,75.5843458002978,-0.385781815633976,,17.766666662499,,9967,10145
planning,0.7,0,26120.424465773,26137.7564267722,17.3319609991595,75.5843458002978,75.5679788518607,-0.0163669484370104,,,0.618908655172019,10145,10152
traveling,4.7,9.48683298050514,26137.7564267722,26293.2980694604,155.541642688269,75.5679788518607,75.420485108025,-0.147493743835696,4.62367288907763,,,10152,10199
planning,0.9,0,26293.2980694604,26318.1294849829,24.8314155225235,75.420485108025,75.3970016737042,-0.0234834343208661,,,0.86791613647409,10199,10208
dwelling,10.2,0,26318.1294849829,26567.0679099696,248.938424986609,75.3970016737042,75.1618838849331,-0.235117788771049,,10.1499999339412,,10208,10310
planning,1,0,26567.0679099696,26592.9231882643,25.8552782947809,75.1618838849331,75.137444841825,-0.0244390431081456,,,0.917411016273943,10310,10320
traveling,3.2,4.47213595499958,26592.9231882643,26692.7491081766,99.8259199122585,75.137444841825,75.0428409588141,-0.094603883010933,3.1619680051237,,,10320,10352
planning,1,0,26692.7491081766,26719.3478635869,26.5987554102903,75.0428409588141,75.017687553156,-0.0251534056580311,,,0.988359384112091,10352,10362
dwelling,6.69999999999999,0,26719.3478635869,26879.0320666704,159.684203083518,75.017687553156,74.866856886903,-0.150830666253043,,6.64117642252156,,10362,10429
planning,0.4,0,26879.0320666704,26890.0204482344,10.9883815640133,74.866856886903,74.8564596028391,-0.0103972840638988,,,0.390095084510544,10429,10433
traveling,4.7,9.89949493661167,26890.0204482344,27042.6784258681,152.657977633684,74.8564596028391,74.7116395576458,-0.144820045193271,4.63886054478201,,,10433,10480
planning,0.8,0,27042.6784258681,27061.6895096236,19.0110837555003,74.7116395576458,74.6936785130414,-0.0179610446044052,,,0.723627569217249,10480,10488
dwelling,9.99999999999998,0,27061.6895096236,27284.364785407,222.675275783386,74.6936785130414,74.4834131983559,-0.210265314685486,,9.93333332128274,,10488,10588
planning,0.9,0,27284.364785407,27306.4481545762,22.0833691691951,74.4834131983559,74.4625372405457,-0.0208759578102331,,,0.891427815145858,10588,10597
traveling,6.29999999999999,18.0277563773199,27306.4481545762,27508.3914775955,201.943323019368,74.4625372405457,74.2709177269866,-0.191619513559132,6.28237143654267,,,10597,10660
planning,0.4,0,27508.3914775955,27517.9856412203,9.59416362479169,74.2709177269866,74.2618484530581,-0.00906927392850321,,,0.387947032123558,10660,10664
dwelling,11.5,0,27517.9856412203,27772.2246246329,254.238983412553,74.2618484530581,74.0216913793679,-0.240157073690114,,11.4888888722926,,10664,10779
planning,0.1,0,27772.2246246329,27774.5951628852,2.3705382522603,74.0216913793679,74.0194502338024,-0.00224114556553445,,,0.0635932609631803,10779,10780
traveling,5.7,14.3178210632764,27774.5951628852,27953.978880208,179.383717322846,74.0194502338024,73.8491851309182,-0.170265102884159,5.62268512202049,,,10780,10837
planning,1,0,27953.978880208,27979.1229977275,25.1441175194559,73.8491851309182,73.8253930532417,-0.023792077676589,,,0.96355832659201,10837,10847
dwelling,11.8,0,27979.1229977275,28268.4020197454,289.279022017941,73.8253930532417,73.5517007664616,-0.273692286780033,,11.7999999193969,,10847,10965
planning,0.9,0,28268.4020197454,28293.1739328789,24.771913133518,73.5517007664616,73.5282277558971,-0.023473010564544,,,0.85803446579309,10965,10974
traveling,4.5,9.48683298050514,28293.1739328789,28455.5678455563,162.393912677351,73.5282277558971,73.3736902698491,-0.154537486048014,4.5018913767681,,,10974,11019
planning,0.5,0,28455.5678455563,28469.4798816645,13.9120361082751,73.3736902698491,73.3605034456548,-0.0131868241942357,,,0.421618594871525,11019,11024
dwelling,13.4,0,28469.4798816645,28781.2577830858,311.777901421301,73.3605034456548,73.0655329566339,-0.294970489020969,,13.3999999238598,,11024,11158
planning,0.2,0,28781.2577830858,28786.0794261715,4.82164308565552,73.0655329566339,73.0609689749461,-0.00456398168772409,,,0.122178359765938,11158,11160
traveling,4.8,9.89949493661167,28786.0794261715,28920.5456398056,134.466213634074,73.0609689749461,72.9334331671085,-0.127535807837617,4.71740124137256,,,11160,11208
planning,0.8,0,28920.5456398056,28938.8005217136,18.2548819080112,72.9334331671085,72.9161614062363,-0.0172717608721911,,,0.776999692444106,11208,11216
dwelling,12.8,0,28938.8005217136,29224.2036982332,285.403176519641,72.9161614062363,72.6461500516341,-0.270011354602275,,12.7882352239853,,11216,11344
planning,1,0,29224.2036982332,29248.8946597721,24.690961538894,72.6461500516341,72.6227614236071,-0.023388628026936,,,0.993747499035412,11344,11354
traveling,3.2,4.47213595499958,29248.8946597721,29344.0717100211,95.1770502489853,72.6227614236071,72.5323782940336,-0.0903831295735245,3.1799535520479,,,11354,11386
planning,0.1,0,29344.0717100211,29346.5849332498,2.51322322869237,72.5323782940336,72.5299968851999,-0.00238140883369908,,,0.0798889202373512,11386,11387
dwelling,10.1,0,29346.5849332498,29556.6876093389,210.10267608906,72.5299968851999,72.3312845567446,-0.198712328455329,,10.0999999914995,,11387,11488
planning,0.3,0,29556.6876093389,29564.0717202092,7.38411087029817,72.3312845567446,72.3242878508586,-0.00699670588596746,,,0.215025142129325,11488,11491
traveling,4.6,9.48683298050514,29564.0717202092,29699.9930119367,135.921291727573,72.3242878508586,72.1951794010715,-0.12910844978714,4.52714679490283,,,11491,11537
planning,0.3,0,29699.9930119367,29707.3908363852,7.39782444846423,72.1951794010715,72.1881685190797,-0.00701088199178912,,,0.245842671074621,11537,11540
dwelling,12.1,0,29707.3908363852,29970.5115970913,263.120760706144,72.1881685190797,71.9391019482438,-0.249066570835865,,12.0666666245245,,11540,11661
planning,0.5,0,29970.5115970913,29983.9002344245,13.3886373331879,71.9391019482438,71.9263976112901,-0.0127043369536892,,,0.468638038525255,11661,11666
traveling,6.29999999999999,18.0277563773199,29983.9002344245,30187.8190225606,203.918788136067,71.9263976112901,71.7323481616062,-0.194049449683959,6.32873541431964,,,11666,11729
planning,0.9,0,30187.8190225606,30210.887075151,23.0680525903699,71.7323481616062,71.7104656280634,-0.021882533542751,,,0.863167654636289,11729,11738
dwelling,9.59999999999998,0,30210.887075151,30434.4904407438,223.60336559283,71.7104656280634,71.4985535502903,-0.211912077773064,,9.5777777219788,,11738,11834
planning,0.9,0,30434.4904407438,30456.8090938086,22.318653064769,71.4985535502903,71.4773845837165,-0.0211689665738675,,,0.898363917377322,11834,11843
traveling,5.7,14.3178210632764,30456.8090938086,30627.8582756605,171.049181851969,71.4773845837165,71.3147097010219,-0.162674882694532,5.62268511021154,,,11843,11900
planning,0.7,0,30627.8582756605,30644.8053624723,16.9470868117533,71.3147097010219,71.2986367721006,-0.0160729289213322,,,0.69907313489852,11900,11907
dwelling,9.39999999999998,0,30644.8053624723,30864.5889388301,219.783576357851,71.2986367721006,71.0902420833753,-0.208394688725278,,9.39999996524939,,11907,12001
planning,0.7,0,30864.5889388301,30883.8407568234,19.2518179932558,71.0902420833753,71.071950985303,-0.0182910980723676,,,0.690631098783525,12001,12008
traveling,3,4.47213595499958,30883.8407568234,30989.223695719,105.382938895586,71.071950985303,70.9714515156225,-0.100499469680486,2.9938227905746,,,12008,12038
planning,0.1,0,30989.223695719,30992.2615243595,3.03782864057212,70.9714515156225,70.968561071089,-0.002890444533449,,,0.0298074776083581,12038,12039
dwelling,11.9,0,30992.2615243595,31308.6958131383,316.434288778735,70.968561071089,70.6679446350246,-0.300616436064402,,11.8823528965066,,12039,12158
planning,0.6,0,31308.6958131383,31326.7197185567,18.0239054184058,70.6679446350246,70.6507919517683,-0.0171526832563274,,,0.541096543153877,12158,12164
traveling,4.7,9.89949493661167,31326.7197185567,31493.6709889364,166.951270379697,70.6507919517683,70.491458084244,-0.159333867524339,4.63886058452158,,,12164,12211
planning,0.4,0,31493.6709889364,31504.7593271542,11.088338217829,70.491458084244,70.4809150440235,-0.0105430402204689,,,0.371050427820163,12211,12215
dwelling,17.6,0,31504.7593271542,31928.0981073295,423.338780175251,70.4809150440235,70.0789821431121,-0.401932900911362,,17.5999999872172,,12215,12391
planning,0.9,0,31928.0981073295,31952.9275570923,24.829449762874,70.0789821431121,70.0553641682024,-0.0236179749096834,,,0.862170542893141,12391,12400
traveling,4.7,9.48683298050514,31952.9275570923,32116.6556980928,163.728141000469,70.0553641682024,69.8990513586662,-0.156312809536288,4.62367192023585,,,12400,12447
planning,0.5,0,32116.6556980928,32130.7433273963,14.0876293035435,69.8990513586662,69.8856448201184,-0.013406538547784,,,0.42589305291179,12447,12452
dwelling,10.4,0,32130.7433273963,32371.8932936469,241.149966250585,69.8856448201184,69.6566462596256,-0.228998560492755,,10.3999999577078,,12452,12556
planning,0.9,0,32371.8932936469,32392.7022763113,20.8089826643991,69.6566462596256,69.6368842721896,-0.0197619874360129,,,0.869670772414665,12556,12565
traveling,3.2,4.47213595499958,32392.7022763113,32475.0339527725,82.3316764611227,69.6368842721896,69.5585924533105,-0.0782918188791371,3.16196691159959,,,12565,12597
planning,0.8,0,32475.0339527725,32492.2857026544,17.2517498819761,69.5585924533105,69.5422186929786,-0.0163737603318879,,,0.703326908356017,12597,12605
dwelling,6.79999999999999,0,32492.2857026544,32637.2943871062,145.008684451754,69.5422186929786,69.4045864890763,-0.137632203902285,,6.75294114422459,,12605,12673
planning,0.8,0,32637.2943871062,32658.2364491627,20.9420620565179,69.4045864890763,69.3846642357855,-0.0199222532908294,,,0.770152160134254,12673,12681
traveling,4.7,9.89949493661167,32658.2364491627,32809.1727863976,150.93633723486,69.3846642357855,69.2406482672295,-0.144015968555934,4.63886054476117,,,12681,12728
planning,0.8,0,32809.1727863976,32829.6726727089,20.4998863113069,69.2406482672295,69.2211481427122,-0.0195001245173501,,,0.732981477007536,12728,12736
dwelling,9.99999999999998,0,32829.6726727089,33061.4087626405,231.73608993167,69.2211481427122,69.0009275853265,-0.220220557385645,,9.93333328345003,,12736,12836
planning,0.4,0,33061.4087626405,33072.1546834157,10.7459207751454,69.0009275853265,68.9906971377984,-0.0102304475281159,,,0.333752012364873,12836,12840
traveling,6.29999999999999,18.0277563773199,33072.1546834157,33306.2808126246,234.126129208911,68.9906971377984,68.7666213201636,-0.224075817634784,6.28237143355723,,,12840,12903
planning,0.8,0,33306.2808126246,33328.9573678057,22.6765551810895,68.7666213201636,68.7450117593118,-0.0216095608518145,,,0.769912889454783,12903,12911
dwelling,11,0,33328.9573678057,33597.2593821827,268.302014377026,68.7450117593118,68.489760477482,-0.255251281829842,,10.911111081634,,12911,13021
planning,0.8,0,33597.2593821827,33619.6051672046,22.3457850219056,68.489760477482,68.4684635545146,-0.0212969229673945,,,0.770588797489797,13021,13029
traveling,5.7,14.3178210632764,33619.6051672046,33813.2043955379,193.599228333267,68.4684635545146,68.2833770277641,-0.18508652675051,5.62268512252149,,,13029,13086
planning,0.4,0,33813.2043955379,33823.9560703135,10.7516747755726,68.2833770277641,68.2731327035831,-0.0102443241809596,,,0.309240853664137,13086,13090
dwelling,12.5,0,33823.9560703135,34128.6605124381,304.704442124639,68.2731327035831,67.9830933519031,-0.290039351679994,,12.4999999505129,,13090,13215
planning,0.7,0,34128.6605124381,34147.1564272456,18.4959148074777,67.9830933519031,67.9654678368667,-0.0176255150364142,,,0.634284202144982,13215,13222
traveling,4.5,9.48683298050514,34147.1564272456,34286.5333704506,139.37694320501,67.9654678368667,67.8323474637033,-0.133120373163365,4.50189109988389,,,13222,13267
planning,0.1,0,34286.5333704506,34289.1515514696,2.61818101902463,67.8323474637033,67.8298523690514,-0.00249509465193398,,,0.00794917624666425,13267,13268
dwelling,14,0,34289.1515514696,34622.5615892555,333.410037785849,67.8298523690514,67.5124026687827,-0.317449700268696,,13.9666665763071,,13268,13408
planning,0.6,0,34622.5615892555,34637.6821359678,15.1205467123364,67.5124026687827,67.4979941646983,-0.0144085040844431,,,0.592072240598896,13408,13414
traveling,4.8,9.89949493661167,34637.6821359678,34786.0759693815,148.393833413669,67.4979941646983,67.3561674577405,-0.141826706957744,4.71740032118534,,,13414,13462
planning,0.1,0,34786.0759693815,34788.5961370525,2.52016767103487,67.3561674577405,67.3537655561285,-0.00240190161204623,,,0.047293001887755,13462,13463
dwelling,13.6,0,34788.5961370525,35089.4463335129,300.850196460422,67.3537655561285,67.0673925245217,-0.286373031606772,,13.5941176257257,,13463,13599
planning,0.1,0,35089.4463335129,35091.8183943717,2.37206085873186,67.0673925245217,67.0651325885329,-0.00225993598881757,,,0.0533511083864258,13599,13600
traveling,3.2,4.47213595499958,35091.8183943717,35178.9442926407,87.1258982690051,67.0651325885329,66.9819795291313,-0.0831530594016385,3.17995354994521,,,13600,13632
planning,1,0,35178.9442926407,35202.5772039081,23.6329112674721,66.9819795291313,66.9594620084034,-0.0225175207278312,,,0.916039554050978,13632,13642
dwelling,9.19999999999999,0,35202.5772039081,35411.7123241395,209.135120231353,66.9594620084034,66.7602441076702,-0.199217900733174,,9.14999998275871,,13642,13734
planning,0.9,0,35411.7123241395,35439.0950116086,27.3826874691367,66.7602441076702,66.7340641246123,-0.0261799830579008,,,0.853324707415514,13734,13743
traveling,4.6,9.48683298050514,35439.0950116086,35603.7438518794,164.648840270798,66.7340641246123,66.5762118069138,-0.157852317698499,4.52714679447459,,,13743,13789
planning,0.9,0,35603.7438518794,35628.6213588822,24.8775070027841,66.5762118069138,66.5524528683886,-0.0237589385252335,,,0.817124673471105,13789,13798
dwelling,11.4,0,35628.6213588822,35899.3237968931,270.702438010943,66.5524528683886,66.2943442188172,-0.258108649571412,,11.3999999956766,,13798,13912
planning,0.5,0,35899.3237968931,35913.7436378794,14.4198409862875,66.2943442188172,66.2805606496906,-0.0137835691266446,,,0.476284293722335,13912,13917
traveling,6.29999999999999,18.0277563773199,35913.7436378794,36150.74921453,237.005576650583,66.2805606496906,66.0529587116276,-0.227601938062946,6.32873541440236,,,13917,13980
planning,0.8,0,36150.74921453,36172.4482486471,21.6990341170822,66.0529587116276,66.0322278672387,-0.020730844388936,,,0.786773916565967,13980,13988
dwelling,9.69999999999998,0,36172.4482486471,36399.2821289147,226.833880267608,66.0322278672387,65.815861163983,-0.216366703255702,,9.69999994406322,,13988,14085
planning,0.7,0,36399.2821289147,36418.2488801704,18.9667512557135,65.815861163983,65.7977359925109,-0.0181251714720361,,,0.620094421471041,14085,14092
traveling,5.7,14.3178210632764,36418.2488801704,36603.2007386235,184.951858453045,65.7977359925109,65.6205021038782,-0.177233888632742,5.62268510981947,,,14092,14149
planning,0.1,0,36603.2007386235,36605.7296029263,2.52886430282524,65.6205021038782,65.6180869648052,-0.0024151390730367,,,0.0368125803838765,14149,14150
dwelling,9.99999999999998,0,36605.7296029263,36814.465816124,208.736213197735,65.6180869648052,65.4191229421249,-0.1989640226803,,9.92499998168145,,14150,14250
planning,1,0,36814.465816124,36839.0250443793,24.5592282553043,65.4191229421249,65.3956701343687,-0.0234528077562004,,,0.96499149922087,14250,14260
traveling,3,4.47213595499958,36839.0250443793,36932.3961992823,93.3711549029686,65.3956701343687,65.3062141492824,-0.0894559850862748,2.99382279318627,,,14260,14290
planning,0.6,0,36932.3961992823,36949.1981596866,16.8019604043293,65.3062141492824,65.290141291445,-0.0160728578373721,,,0.57012219212256,14290,14296
dwelling,11.5,0,36949.1981596866,37222.0958527098,272.897693023187,65.290141291445,65.0295616678447,-0.260579623600307,,11.488235246492,,14296,14411
planning,0.3,0,37222.0958527098,37230.2857970558,8.18994434599153,65.0295616678447,65.0217271580184,-0.00783450982635259,,,0.231464771420333,14411,14414
traveling,4.7,9.89949493661167,37230.2857970558,37377.9877376875,147.701940631676,65.0217271580184,64.8801284169215,-0.141598741096885,4.6388605843549,,,14414,14461
planning,0.9,0,37377.9877376875,37399.3474203954,21.3596827079091,64.8801284169215,64.8597261618769,-0.020402255044516,,,0.853063149476069,14461,14470
dwelling,17.1,0,37399.3474203954,37784.5544929652,385.207072569829,64.8597261618769,64.4919045058299,-0.367821656047099,,17.0666666279596,,14470,14641
planning,0.4,0,37784.5544929652,37794.619718768,10.0652258027912,64.4919045058299,64.4822796385644,-0.00962486726542977,,,0.322817246260332,14641,14645
traveling,4.7,9.48683298050514,37794.619718768,37948.2664933172,153.646774549146,64.4822796385644,64.3347911292468,-0.147488509317611,4.62367191930166,,,14645,14692
planning,0.2,0,37948.2664933172,37953.4494029541,5.18290963691106,64.3347911292468,64.3298323294156,-0.0049587998311722,,,0.17846940704507,14692,14694
dwelling,10.6,0,37953.4494029541,38223.1346399323,269.685236978279,64.3298323294156,64.0718161922254,-0.258016137190225,,10.5249999885962,,14694,14800
planning,0.2,0,38223.1346399323,38229.4024317311,6.2677917987312,64.0718161922254,64.0658021675794,-0.00601402464604917,,,0.144774681704471,14800,14802
traveling,3.2,4.47213595499958,38229.4024317311,38342.3718910033,112.969459272201,64.0658021675794,63.9571857810966,-0.108616386482794,3.16196799481693,,,14802,14834
planning,0.6,0,38342.3718910033,38360.5689944981,18.1971034948292,63.9571857810966,63.9397312526481,-0.0174545284485106,,,0.513786673063478,14834,14840
dwelling,6.79999999999999,0,38360.5689944981,38533.9069506873,173.337956189185,63.9397312526481,63.7738260622521,-0.165905190395975,,6.72352940897484,,14840,14908
planning,0.6,0,38533.9069506873,38550.9346782102,17.0277275229309,63.7738260622521,63.7575046251617,-0.0163214370903688,,,0.596784878073854,14908,14914
traveling,4.7,9.89949493661167,38550.9346782102,38714.9559862769,164.021308066673,63.7575046251617,63.5997665878703,-0.157738037291374,4.63886161485321,,,14914,14961
planning,0.2,0,38714.9559862769,38720.9006071411,5.94462086424028,63.5997665878703,63.5940637794987,-0.00570280837165171,,,0.146413875770278,14961,14963
dwelling,10.2,0,38720.9006071411,38978.2717300809,257.371122939789,63.5940637794987,63.3476422747288,-0.246421504769877,,10.1333332865253,,14963,15065
planning,0.9,0,38978.2717300809,39005.2626284157,26.9908983347923,63.3476422747288,63.3217376768549,-0.0259045978739039,,,0.827766237553501,15065,15074
traveling,6.29999999999999,18.0277563773199,39005.2626284157,39235.5011805167,230.238552100956,63.3217376768549,63.0999887802514,-0.221748896603557,6.28237143074272,,,15074,15137
planning,0.3,0,39235.5011805167,39243.8964421109,8.39526159423986,63.0999887802514,63.0919367730715,-0.00805200717989152,,,0.259277929000414,15137,15140
dwelling,11.3,0,39243.8964421109,39522.8227602755,278.92631816458,63.0919367730715,62.8247838141645,-0.267152958906991,,11.2444443583205,,15140,15253
planning,1,0,39522.8227602755,39548.5567324894,25.7339722138713,62.8247838141645,62.8001197414499,-0.0246640727145646,,,0.931889592309519,15253,15263
traveling,5.7,14.3178210632764,39548.5567324894,39740.4570508385,191.900318349159,62.8001197414499,62.6154382482783,-0.184681493171652,5.62268512213418,,,15263,15320
planning,1,0,39740.4570508385,39765.3775973517,24.9205465131745,62.6154382482783,62.5915568549514,-0.0238813933268958,,,0.943135598813054,15320,15330
dwelling,11.9,0,39765.3775973517,40002.8146297544,237.437032402726,62.5915568549514,62.3645061591837,-0.227050695767645,,11.8249999180185,,15330,15449
planning,0.7,0,40002.8146297544,40020.7355386799,17.9209089254946,62.3645061591837,62.34732186473,-0.017184294453692,,,0.697051418384359,15449,15456
traveling,4.5,9.48683298050514,40020.7355386799,40167.4465076559,146.710968976004,62.34732186473,62.2061376893557,-0.141184175374299,4.50189109988535,,,15456,15501
planning,0.6,0,40167.4465076559,40183.6915537737,16.245046117765,62.2061376893557,62.1905465454961,-0.0155911438596377,,,0.53157033523457,15501,15507
dwelling,13.5,0,40183.6915537737,40503.5521577982,319.860604024507,62.1905465454961,61.8839876716948,-0.306558873801279,,13.466666584372,,15507,15642
planning,0.1,0,40503.5521577982,40506.1124536029,2.56029580473114,61.8839876716948,61.8815311951015,-0.00245647659328085,,,0.0394345545395528,15642,15643
traveling,4.8,9.89949493661167,40506.1124536029,40648.7225093239,142.610055721016,61.8815311951015,61.7444147582595,-0.137116436842,4.71740124207698,,,15643,15691
planning,0.1,0,40648.7225093239,40651.3374427903,2.61493346632778,61.7444147582595,61.7419047817105,-0.00250997654898555,,,0.00562641000263653,15691,15692
dwelling,13.6,0,40651.3374427903,40954.0884738696,302.751031079337,61.7419047817105,61.451779119395,-0.290125662315582,,13.5235293713302,,15692,15828
planning,0.1,0,40954.0884738696,40956.4778999675,2.38942609792866,61.451779119395,61.4494872156725,-0.00229190372245824,,,0.0203506180803845,15828,15829
traveling,3.2,4.47213595499958,40956.4778999675,41048.0241133161,91.5462133485853,61.4494872156725,61.3614688812459,-0.0880183344266428,3.1799535474236,,,15829,15861
planning,0.2,0,41048.0241133161,41053.5571054295,5.53299211342528,61.3614688812459,61.3561516311136,-0.00531725013230044,,,0.195004092413691,15861,15863
dwelling,9.89999999999998,0,41053.5571054295,41286.7866111478,233.229505718264,61.3561516311136,61.1324175970102,-0.223734034103309,,9.82499996645709,,15863,15962
planning,0.7,0,41286.7866111478,41305.2013265266,18.4147153787999,61.1324175970102,61.1147270275381,-0.0176905694721796,,,0.603273742931909,15962,15969
traveling,4.6,9.48683298050514,41305.2013265266,41450.2480131246,145.046686597969,61.1147270275381,60.9750037476582,-0.139723279879831,4.52714679388721,,,15969,16015
planning,0.8,0,41450.2480131246,41470.8026491452,20.5546360206354,60.9750037476582,60.9552593947989,-0.0197443528593482,,,0.79690551768577,16015,16023
dwelling,11.4,0,41470.8026491452,41730.9399031399,260.137253994733,60.9552593947989,60.7056694138576,-0.249589980941266,,11.3999999635102,,16023,16137
planning,0.1,0,41730.9399031399,41733.4044923979,2.46458925791376,60.7056694138576,60.7033023894223,-0.00236702443529424,,,0.052069966358179,16137,16138
traveling,6.29999999999999,18.0277563773199,41733.4044923979,41953.8546182299,220.450125832089,60.7033023894223,60.4904450988203,-0.212857290602017,6.32873541385836,,,16138,16201
planning,1,0,41953.8546182299,41983.8752945126,30.0206762826201,60.4904450988203,60.461530826346,-0.0289142724742675,,,0.932206238932083,16201,16211
dwelling,9.39999999999998,0,41983.8752945126,42243.112282339,259.236987826458,60.461530826346,60.2120880358225,-0.249442790523545,,9.3555554737562,,16211,16305
planning,0.5,0,42243.112282339,42259.6715305735,16.55924823448,60.2120880358225,60.1961099667163,-0.0159780691061542,,,0.488897357717033,16305,16310
traveling,5.7,14.3178210632764,42259.6715305735,42497.701431563,238.02990098951,60.1961099667163,59.9653743461757,-0.230735620540599,5.62268510875075,,,16310,16367
planning,0.4,0,42497.701431563,42509.8527673781,12.1513358151205,59.9653743461757,59.9536612250109,-0.0117131211648527,,,0.330961685960123,16367,16371
dwelling,9.49999999999998,0,42509.8527673781,42749.3720175611,239.519250182937,59.9536612250109,59.7233079884782,-0.2303532365327,,9.42499993133667,,16371,16466
planning,0.1,0,42749.3720175611,42752.2213077013,2.84929014022782,59.7233079884782,59.7205630992309,-0.002744889247289,,,0.0377317227249615,16466,16467
traveling,3,4.47213595499958,42752.2213077013,42856.3110667125,104.0897590112,59.7205630992309,59.6199716579351,-0.100591441295826,2.99382278351744,,,16467,16497
planning,0.1,0,42856.3110667125,42859.1546443116,2.84357759913837,59.6199716579351,59.6172319869697,-0.00273967096532601,,,0.0392880531895318,16497,16498
dwelling,11.6,0,42859.1546443116,43136.6935260876,277.538881775989,59.6172319869697,59.3503599546874,-0.266872032282315,,11.5999999531979,,16498,16614
planning,0.2,0,43136.6935260876,43141.8530212978,5.15949521012953,59.3503599546874,59.3453935219801,-0.00496643270732022,,,0.123263095972205,16614,16616
traveling,4.7,9.89949493661167,43141.8530212978,43294.9737542434,153.120732945601,59.3453935219801,59.1974789743493,-0.147914547630819,4.63886058136942,,,16616,16663
planning,0.1,0,43294.9737542434,43297.735381163,2.76162691961508,59.1974789743493,59.1948178661429,-0.00266110820643917,,,0.0455646362786316,16663,16664
dwelling,17.3,0,43297.735381163,43712.4857996454,414.750418482465,59.1948178661429,58.795748134353,-0.399069731789851,,17.2333332760965,,16664,16837
planning,0.5,0,43712.4857996454,43725.44073749,12.9549378445736,58.795748134353,58.7832683729491,-0.0124797614038883,,,0.46612160439089,16837,16842
traveling,4.7,9.48683298050514,43725.44073749,43871.3199266169,145.879189126841,58.7832683729491,58.642357960268,-0.140910412681123,4.62367287405135,,,16842,16889
planning,0.9,0,43871.3199266169,43894.1493416427,22.829415025808,58.642357960268,58.6203670899891,-0.0219908702788914,,,0.806066761562036,16889,16898
dwelling,9.59999999999998,0,43894.1493416427,44095.7200375789,201.570695936192,58.6203670899891,58.4265733035027,-0.193793786486353,,9.57499992362129,,16898,16994
planning,0.2,0,44095.7200375789,44100.5807331147,4.86069553580455,58.4265733035027,58.4218922656758,-0.00468103782696971,,,0.110953010379695,16994,16996
traveling,3.2,4.47213595499958,44100.5807331147,44191.424833953,90.8441008383452,58.4218922656758,58.3342207260625,-0.087671539613261,3.16196799005216,,,16996,17028
planning,0.7,0,44191.424833953,44207.4532005395,16.0283665864918,58.3342207260625,58.3187931273616,-0.0154275987009527,,,0.658298232879002,17028,17035
dwelling,6.49999999999999,0,44207.4532005395,44342.340400948,134.887200408506,58.3187931273616,58.1890804304894,-0.129712696872197,,6.48235291997576,,17035,17100
planning,0.4,0,44342.340400948,44352.4266447501,10.0862438020704,58.1890804304894,58.1793597477086,-0.00972068278074545,,,0.345098054049354,17100,17104
traveling,4.7,9.89949493661167,44352.4266447501,44495.0113699457,142.584725195622,58.1793597477086,58.0415723476505,-0.137787400058095,4.6388616038209,,,17104,17151
planning,0.9,0,44495.0113699457,44516.8930932658,21.8817233201044,58.0415723476505,58.0204885649394,-0.0210837827111021,,,0.816072682218288,17151,17160
dwelling,9.19999999999999,0,44516.8930932658,44700.5735746607,183.680481394898,58.0204885649394,57.8438475917894,-0.176640973149979,,9.19999993670574,,17160,17252
planning,1,0,44700.5735746607,44723.1972231212,22.6236484605543,57.8438475917894,57.8220608057053,-0.0217867860841139,,,0.96965377014382,17252,17262
traveling,6.29999999999999,18.0277563773199,44723.1972231212,44927.7297171992,204.532494077997,57.8220608057053,57.6240569340426,-0.198003871662685,6.28237142506844,,,17262,17325
planning,0.6,0,44927.7297171992,44942.3626291883,14.6329119891016,57.6240569340426,57.6099494928568,-0.0141074411858426,,,0.530979785522263,17325,17331
dwelling,10.7,0,44942.3626291883,45179.3949983269,237.032369138564,57.6099494928568,57.3816334413406,-0.228316051516245,,10.6111110562852,,17331,17438
planning,0.8,0,45179.3949983269,45199.4415706024,20.0465722754743,57.3816334413406,57.3622941510836,-0.0193392902570082,,,0.755555016337932,17438,17446
traveling,5.7,14.3178210632764,45199.4415706024,45402.0478262298,202.606255627397,57.3622941510836,57.1657607538892,-0.196533397194379,5.62268512083972,,,17446,17503
planning,0.3,0,45402.0478262298,45410.6906456053,8.64281937549822,57.1657607538892,57.1574056141405,-0.00835513974865165,,,0.277795210290198,17503,17506
dwelling,12.3,0,45410.6906456053,45693.2918469844,282.601201379148,57.1574056141405,56.8849166601899,-0.272488953950663,,12.249999984754,,17506,17629
planning,0.5,0,45693.2918469844,45706.8254219189,13.5335749344667,56.8849166601899,56.8718395828371,-0.0130770773527473,,,0.409043704219183,17629,17634
traveling,4.5,9.48683298050514,45706.8254219189,45845.3782698174,138.552847898507,56.8718395828371,56.7376893449067,-0.134150237930363,4.50189137580055,,,17634,17679
planning,0.9,0,45845.3782698174,45865.7717135971,20.3934437797143,56.7376893449067,56.7180213495997,-0.0196679953070742,,,0.897454903009494,17679,17688
dwelling,12.9,0,45865.7717135971,46143.9592552434,278.187541646279,56.7180213495997,56.4498129882854,-0.268208361314286,,12.8333333056127,,17688,17817
planning,0.1,0,46143.9592552434,46146.5654739109,2.60621866751171,56.4498129882854,56.4472944493131,-0.0025185389723319,,,0.0119701625440988,17817,17818
traveling,4.8,9.89949493661167,46146.5654739109,46294.4470356001,147.881561689152,56.4472944493131,56.3040206793353,-0.143273769977768,4.71740031983798,,,17818,17866
planning,0.2,0,46294.4470356001,46299.4573552538,5.01031965378934,56.3040206793353,56.2991803044677,-0.00484037486757671,,,0.186210164120694,17866,17868
dwelling,13.2,0,46299.4573552538,46620.4134170943,320.956061840487,56.2991803044677,55.9891459904427,-0.310034314024989,,13.1588235275345,,17868,18000
planning,0.3,0,46620.4134170943,46628.6021801074,8.18876301305863,55.9891459904427,55.9812230714483,-0.00792291899446695,,,0.223510639395699,18000,18003
traveling,3.2,4.47213595499958,46628.6021801074,46730.6769047905,102.074724683138,55.9812230714483,55.8822247447174,-0.0989983267308858,3.17995354229372,,,18003,18035
planning,0.5,0,46730.6769047905,46743.8447527649,13.1678479743859,55.8822247447174,55.8694883630369,-0.0127363816805186,,,0.471738536465923,18035,18040
dwelling,9.49999999999998,0,46743.8447527649,46965.0567389298,221.211986164861,55.8694883630369,55.6558034088534,-0.213684954183428,,9.42499992868018,,18040,18135
planning,0.4,0,46965.0567389298,46975.2928558559,10.236116926164,55.6558034088534,55.6459031948367,-0.00990021401671015,,,0.383564748070003,18135,18139
traveling,4.6,9.48683298050514,46975.2928558559,47120.2318161219,144.938960265936,55.6459031948367,55.5052882047671,-0.140614990069601,4.52714679289884,,,18139,18185
planning,0.7,0,47120.2318161219,47137.9922081245,17.7603920025795,55.5052882047671,55.4881088176039,-0.0171793871632318,,,0.618685502093392,18185,18192
dwelling,11.4,0,47137.9922081245,47383.4073320679,245.415123943458,55.4881088176039,55.2511100073543,-0.23699881024956,,11.333333267784,,18192,18306
planning,0.2,0,47383.4073320679,47388.9662195956,5.55888752772444,55.2511100073543,55.2457248671877,-0.00538514016658098,,,0.176258134619267,18306,18308
traveling,6.29999999999999,18.0277563773199,47388.9662195956,47608.8752988343,219.909079238627,55.2457248671877,55.0318483641829,-0.213876503004791,6.32873541328912,,,18308,18371
planning,0.6,0,47608.8752988343,47623.3329446244,14.4576457901203,55.0318483641829,55.017863133854,-0.0139852303289416,,,0.586082457087909,18371,18377
dwelling,9.69999999999998,0,47623.3329446244,47825.5314786115,202.198533987139,55.017863133854,54.8225454704464,-0.195317663407607,,9.61111109297742,,18377,18474
planning,0.9,0,47825.5314786115,47847.7765684687,22.2450898571697,54.8225454704464,54.8010141442171,-0.0215313262292867,,,0.859273294422679,18474,18483
traveling,5.7,14.3178210632764,47847.7765684687,48026.586925214,178.810356745264,54.8010141442171,54.6273269083799,-0.173687235837221,5.62268510916485,,,18483,18540
planning,0.5,0,48026.586925214,48039.0849949334,12.498069719426,54.6273269083799,54.6152252082794,-0.0121017001004873,,,0.492931918403142,18540,18545
dwelling,9.39999999999998,0,48039.0849949334,48251.3090734967,212.224078563355,54.6152252082794,54.4099379245308,-0.205287283748561,,9.39999996529012,,18545,18639
planning,0.7,0,48251.3090734967,48269.2087600828,17.89968658609,54.4099379245308,54.3925958162866,-0.0173421082442502,,,0.643729268075823,18639,18646
traveling,3,4.47213595499958,48269.2087600828,48357.2722888158,88.0635287329278,54.3925958162866,54.307109116873,-0.0854866994136074,2.99382278573805,,,18646,18676
planning,0.9,0,48357.2722888158,48379.7846000862,22.5123112704096,54.307109116873,54.2853006967856,-0.0218084200873463,,,0.8528620412913,18676,18685
dwelling,10.9,0,48379.7846000862,48641.0528893696,261.268289283398,54.2853006967856,54.0322765132766,-0.253024183509083,,10.8882352728003,,18685,18794
planning,0.2,0,48641.0528893696,48646.3588926261,5.30600325651176,54.0322765132766,54.0271307265216,-0.00514578675499422,,,0.147399786244905,18794,18796
traveling,4.7,9.89949493661167,48646.3588926261,48790.4039780948,144.045085468766,54.0271307265216,53.8871208913978,-0.140009835123728,4.6388605829711,,,18796,18843
planning,0.3,0,48790.4039780948,48797.4788334442,7.07485534933949,53.8871208913978,53.8802679789377,-0.00685291246012554,,,0.278273938185394,18843,18846
dwelling,17.4,0,48797.4788334442,49190.4854615005,393.006628056319,53.8802679789377,53.4996523593757,-0.380615619562057,,17.3666666656117,,18846,19020
planning,1,0,49190.4854615005,49219.0837399517,28.5982784512089,53.4996523593757,53.4718682061639,-0.0277841532117549,,,0.975289160770388,19020,19030
traveling,4.7,9.48683298050514,49219.0837399517,49370.5723865507,151.488646599028,53.4718682061639,53.3243951377169,-0.14747306844702,4.62367191917279,,,19030,19077
planning,0.3,0,49370.5723865507,49377.4627362292,6.89034967849875,53.3243951377169,53.3177175068619,-0.00667763085493789,,,0.232650614854335,19077,19080
dwelling,10.4,0,49377.4627362292,49607.0398519743,229.577115745065,53.3177175068619,53.0952813175685,-0.222436189293454,,10.399999934572,,19080,19184
planning,0.1,0,49607.0398519743,49609.7705330763,2.73068110195163,53.0952813175685,53.0926285367579,-0.0026527808105925,,,0.00428149021536872,19184,19185
traveling,3.2,4.47213595499958,49609.7705330763,49712.5172845974,102.746751521103,53.0926285367579,52.9925588723912,-0.1000696643667,3.16196799540945,,,19185,19217
planning,0.5,0,49712.5172845974,49726.2158888024,13.6986042050557,52.9925588723912,52.9792483799684,-0.013310492422768,,,0.427546166227033,19217,19222
dwelling,6.89999999999999,0,49726.2158888024,49888.6641665767,162.448277774238,52.9792483799684,52.8216720100532,-0.157576369915219,,6.84117645605398,,19222,19291
planning,0.2,0,49888.6641665767,49893.64321728,4.97905070331763,52.8216720100532,52.8168387081192,-0.00483330193398501,,,0.187410141273366,19291,19293
traveling,4.7,9.89949493661167,49893.64321728,50037.3980614857,143.754844205694,52.8168387081192,52.6768730549898,-0.139965653129423,4.63886160854998,,,19293,19340
planning,0.7,0,50037.3980614857,50055.6199049912,18.2218435055111,52.6768730549898,52.6591709570557,-0.0177020979340696,,,0.658080731965949,19340,19347
dwelling,9.49999999999998,0,50055.6199049912,50288.0344609304,232.414555939205,52.6591709570557,52.4335113343287,-0.225659622727029,,9.43333332926833,,19347,19442
planning,0.7,0,50288.0344609304,50308.603372066,20.5689111355896,52.4335113343287,52.4134893430718,-0.0200219912568684,,,0.664775583165563,19442,19449
traveling,6.29999999999999,18.0277563773199,50308.603372066,50574.4266412156,265.82326914966,52.4134893430718,52.1529404482021,-0.260548894869757,6.28237142772448,,,19449,19512
planning,0.6,0,50574.4266412156,50594.2321843887,19.8055431731045,52.1529404482021,52.133619274662,-0.0193211735400851,,,0.598125120643948,19512,19518
dwelling,10.8,0,50594.2321843887,50879.3919155603,285.15973117153,52.133619274662,51.8562600771822,-0.277359197479768,,10.7666666467244,,19518,19626
planning,0.4,0,50879.3919155603,50891.2723488106,11.880433250386,51.8562600771822,51.8446838139025,-0.0115762632797285,,,0.360742476848114,19626,19630
traveling,5.7,14.3178210632764,50891.2723488106,51107.1149965923,215.842647781639,51.8446838139025,51.6334370467659,-0.211246767136608,5.62268607139038,,,19630,19687
planning,0.8,0,51107.1149965923,51131.767009735,24.6520131427387,51.6334370467659,51.6093949065314,-0.0240421402344495,,,0.743547357760176,19687,19695
dwelling,11.7,0,51131.767009735,51422.5406781176,290.773668382615,51.6093949065314,51.3265699121014,-0.282824994430065,,11.6249999883661,,19695,19812
planning,0.6,0,51422.5406781176,51439.3924886514,16.8518105337789,51.3265699121014,51.3101492994235,-0.0164206126778765,,,0.530981221941351,19812,19818
traveling,4.5,9.48683298050514,51439.3924886514,51589.3282912376,149.935802586173,51.3101492994235,51.1636333680671,-0.146515931356426,4.50189137515815,,,19818,19863
planning,0.5,0,51589.3282912376,51602.0474090297,12.7191177921341,51.1636333680671,51.151252675891,-0.0123806921760874,,,0.408289170526669,19863,19868
dwelling,13.2,0,51602.0474090297,51933.5410402831,331.493631253339,51.151252675891,50.8285422303155,-0.322710445575517,,13.1333333273497,,19868,20000
planning,0.3,0,51933.5410402831,51941.7404131157,8.19937283260515,50.8285422303155,50.8205495628561,-0.00799266745939775,,,0.244442117953156,20000,20003
traveling,4.8,9.89949493661167,51941.7404131157,52105.1864992175,163.446086101801,50.8205495628561,50.6606432279319,-0.159906334924194,4.71740031956765,,,20003,20051
planning,1,0,52105.1864992175,52133.8937572091,28.7072579916421,50.6606432279319,50.6326330772903,-0.0280101506415988,,,0.904881729120827,20051,20061
dwelling,12.3,0,52133.8937572091,52440.7032333823,306.809476173192,50.6326330772903,50.3337428711814,-0.298890206108908,,12.2882352820591,,20061,20184
planning,0.6,0,52440.7032333823,52458.2118952518,17.508661869535,50.3337428711814,50.3166468971471,-0.0170959740342411,,,0.526607216967428,20184,20190
traveling,3.2,4.47213595499958,52458.2118952518,52565.1172351569,106.905339905083,50.3166468971471,50.2120235887713,-0.1046233083758,3.17995226350134,,,20190,20222
planning,0.6,0,52565.1172351569,52582.6608413238,17.543606166917,50.2120235887713,50.1948897023545,-0.0171338864167865,,,0.569556076794759,20222,20228
dwelling,9.39999999999998,0,52582.6608413238,52827.8724489567,245.21160763286,50.1948897023545,49.9557254531294,-0.239164249225119,,9.39999993117923,,20228,20322
planning,0.7,0,52827.8724489567,52848.4374933994,20.5650444426501,49.9557254531294,49.9356311581966,-0.0200942949328535,,,0.697892202681422,20322,20329
traveling,4.6,9.48683298050514,52848.4374933994,53009.6603701596,161.222876760243,49.9356311581966,49.7776105907391,-0.158020567457449,4.52714679389486,,,20329,20375
planning,0.8,0,53009.6603701596,53032.3121270737,22.6517569140997,49.7776105907391,49.7554825173956,-0.0221280733435236,,,0.702421919156035,20375,20383
dwelling,11.4,0,53032.3121270737,53299.3091174319,266.996990358202,49.7554825173956,49.495211441861,-0.26027107553459,,11.399999988429,,20383,20497
planning,0.2,0,53299.3091174319,53303.9361398837,4.62702245178662,49.495211441861,49.4907008694081,-0.00451057245290798,,,0.159738384398275,20497,20499
traveling,6.29999999999999,18.0277563773199,53303.9361398837,53484.5122435572,180.576103673484,49.4907008694081,49.3141289543392,-0.176571915068855,6.32873541359634,,,20499,20562
planning,0.6,0,53484.5122435572,53496.5675402025,12.0552966453106,49.3141289543392,49.3023909255951,-0.0117380287441051,,,0.525294142848158,20562,20568
dwelling,9.69999999999998,0,53496.5675402025,53684.6919499173,188.124409714816,49.3023909255951,49.1192463187746,-0.183144606820576,,9.68888888614304,,20568,20665
planning,0.4,0,53684.6919499173,53694.2429084856,9.55095856830303,49.1192463187746,49.1099266829773,-0.0093196357972829,,,0.399144496957765,20665,20669
traveling,5.7,14.3178210632764,53694.2429084856,53859.6806832953,165.437774809725,49.1099266829773,48.94802480906,-0.161901873917266,5.62268510862819,,,20669,20726
planning,0.5,0,53859.6806832953,53870.428565739,10.7478824436621,48.94802480906,48.9375464643354,-0.0104783447245964,,,0.442291986627218,20726,20731
dwelling,9.29999999999998,0,53870.428565739,54070.2845178678,199.855952128768,48.9375464643354,48.7426615257022,-0.194884938633258,,9.29999997752027,,20731,20824
planning,1,0,54070.2845178678,54092.6562022511,22.3716843833899,48.7426615257022,48.7208339836752,-0.0218275420269052,,,0.934548798397781,20824,20834
traveling,3,4.47213595499958,54092.6562022511,54177.4882708389,84.8320685877479,48.7208339836752,48.6378139950434,-0.0830199886318681,2.99382278617977,,,20834,20864
planning,0.6,0,54177.4882708389,54192.2644458695,14.7761750306454,48.6378139950434,48.6233790038304,-0.0144349912129869,,,0.590693118319217,20864,20870
dwelling,11.3,0,54192.2644458695,54452.0836863909,259.819240521327,48.6233790038304,48.3696900525328,-0.253688951297555,,11.2058823464289,,20870,20983
planning,0.4,0,54452.0836863909,54463.8130158089,11.7293294180781,48.3696900525328,48.3582000036475,-0.0114900488853706,,,0.318501787653908,20983,20987
traveling,4.7,9.89949493661167,54463.8130158089,54625.3728805628,161.559864753843,48.3582000036475,48.1994790419261,-0.158720961721365,4.63886058296857,,,20987,21034
planning,0.5,0,54625.3728805628,54638.3636379062,12.9907573433884,48.1994790419261,48.1867705512134,-0.0127084907126971,,,0.484021422402229,21034,21039
dwelling,17.2,0,54638.3636379062,55060.4137375572,422.050099651002,48.1867705512134,47.7740327501946,-0.412737801018814,,17.1666666660225,,21039,21211
planning,0.8,0,55060.4137375572,55083.2581379322,22.8444003750556,47.7740327501946,47.7516400596204,-0.0223926905742076,,,0.770666700905985,21211,21219
traveling,4.7,9.48683298050514,55083.2581379322,55228.8636270866,145.605489154412,47.7516400596204,47.6087089247065,-0.142931134913916,4.62367191929502,,,21219,21266
planning,0.3,0,55228.8636270866,55236.3077683768,7.44414129017969,47.6087089247065,47.6014235117021,-0.00728541300436092,,,0.274447753179428,21266,21269
dwelling,10.5,0,55236.3077683768,55481.6292355601,245.321467183298,47.6014235117021,47.3614478593056,-0.239975652396474,,10.4249999547967,,21269,21374
planning,0.3,0,55481.6292355601,55488.7261057373,7.09687017722172,47.3614478593056,47.3545033269961,-0.00694453230955361,,,0.215509656392893,21374,21377
traveling,3.2,4.47213595499958,55488.7261057373,55573.4294040458,84.703298308501,47.3545033269961,47.2714905769558,-0.083012750040325,3.16196799600168,,,21377,21409
planning,0.2,0,55573.4294040458,55578.013451524,4.58404747815803,47.2714905769558,47.2670058579592,-0.00448471899651537,,,0.160487352147483,21409,21411
dwelling,7.19999999999999,0,55578.013451524,55731.4453366337,153.431885109734,47.2670058579592,47.1169957791145,-0.150010078844737,,7.1588235017867,,21411,21483
planning,0.6,0,55731.4453366337,55745.3047915355,13.8594549017362,47.1169957791145,47.1034317345663,-0.0135640445482039,,,0.597249331848213,21483,21489
traveling,4.7,9.89949493661167,55745.3047915355,55874.0169002876,128.712108752101,47.1034317345663,46.9771629209849,-0.126268813581433,4.6388616159003,,,21489,21536
planning,0.3,0,55874.0169002876,55880.4092442413,6.3923439537175,46.9771629209849,46.9709108591692,-0.0062520618156654,,,0.222817754745076,21536,21539
dwelling,10.1,0,55880.4092442413,56095.8147591447,215.405514903461,46.9709108591692,46.7601852816106,-0.21072557755857,,10.066666632064,,21539,21640
planning,0.2,0,56095.8147591447,56101.0239211552,5.20916201048385,46.7601852816106,46.7550766228238,-0.00510865878685962,,,0.118114797959036,21640,21642
traveling,6.29999999999999,18.0277563773199,56101.0239211552,56305.24662779,204.222706634784,46.7550766228238,46.5540974597578,-0.200979163065966,6.28237142904687,,,21642,21705
planning,0.6,0,56305.24662779,56320.1417170791,14.895089289108,46.5540974597578,46.539493102977,-0.0146043567807581,,,0.532362058733308,21705,21711
dwelling,10.9,0,56320.1417170791,56555.7109617347,235.569244655569,46.539493102977,46.3088195558829,-0.230673547094163,,10.8444444009038,,21711,21820
planning,0.8,0,56555.7109617347,56576.2746934233,20.5637316885768,46.3088195558829,46.2886395934928,-0.0201799623900953,,,0.761438745185263,21820,21828
traveling,5.7,14.3178210632764,56576.2746934233,56773.7556363132,197.480942889903,46.2886395934928,46.093897280432,-0.194742313060793,5.62268512095958,,,21828,21885
planning,0.5,0,56773.7556363132,56788.2435666843,14.4879303711714,46.093897280432,46.0796512073495,-0.0142460730825107,,,0.405998395740956,21885,21890
dwelling,12.1,0,56788.2435666843,57081.8269387656,293.58337208123,46.0796512073495,45.7915546939131,-0.288096513436415,,12.0749999287999,,21890,22011
planning,0.9,0,57081.8269387656,57102.561456432,20.7345176664094,45.7915546939131,45.7712149578096,-0.0203397361034803,,,0.876194611654976,22011,22020
traveling,4.5,9.48683298050514,57102.561456432,57228.5032822171,125.941825785092,45.7712149578096,45.6473301780664,-0.12388477974315,4.50189109984816,,,22020,22065
planning,0.7,0,57228.5032822171,57244.6801360444,16.1768538273318,45.6473301780664,45.6314567093272,-0.0158734687392084,,,0.668470374577777,22065,22072
dwelling,13.3,0,57244.6801360444,57548.5291419185,303.849005874108,45.6314567093272,45.3332374831528,-0.29821922617446,,13.2333333044954,,22072,22205
planning,0.4,0,57548.5291419185,57559.8059201962,11.2767782777009,45.3332374831528,45.3221379399597,-0.0110995431930689,,,0.326827923454658,22205,22209
traveling,4.8,9.89949493661167,57559.8059201962,57730.68994336,170.884023163824,45.3221379399597,45.1532474112884,-0.168890528671348,4.71740123889801,,,22209,22257
planning,0.9,0,57730.68994336,57756.3417835698,25.6518402097718,45.1532474112884,45.1279860327394,-0.0252613785489118,,,0.854852147388217,22257,22266
dwelling,12.6,0,57756.3417835698,58088.8140631862,332.472279616355,45.1279860327394,44.8008092839619,-0.327176748777575,,12.5647058625474,,22266,22392
planning,0.6,0,58088.8140631862,58105.6907269906,16.8766638044617,44.8008092839619,44.7841817727403,-0.0166275112215217,,,0.510281764520807,22392,22398
traveling,3.2,4.47213595499958,58105.6907269906,58218.9433292196,113.252602228982,44.7841817727403,44.6721576084873,-0.112024164253043,3.17995354994005,,,22398,22430
planning,0.1,0,58218.9433292196,58222.0917725194,3.14844329978223,44.6721576084873,44.669049719118,-0.00310788936931061,,,0.0826069529452667,22430,22431
dwelling,10.1,0,58222.0917725194,58488.2858759915,266.194103472146,44.669049719118,44.4068840463632,-0.262165672754762,,10.0499999705859,,22431,22532
planning,0.3,0,58488.2858759915,58497.2156717091,8.92979571755131,44.4068840463632,44.3980723525193,-0.00881169384396685,,,0.24342987309335,22532,22535
traveling,4.6,9.48683298050514,58497.2156717091,58656.8555470293,159.639875320187,44.3980723525193,44.2401009856895,-0.15797136682972,4.52714679389968,,,22535,22581
planning,1,0,58656.8555470293,58683.5635634775,26.7080164481813,44.2401009856895,44.2137774814706,-0.0263235042189365,,,0.96387854348846,22581,22591
dwelling,11.2,0,58683.5635634775,58946.4333984732,262.869834995763,44.2137774814706,43.95503642008,-0.258741061390594,,11.1999999741087,,22591,22703
planning,0.4,0,58946.4333984732,58957.2071011621,10.7737026888717,43.95503642008,43.9444109671522,-0.0106254529278118,,,0.386020758110597,22703,22707
traveling,6.29999999999999,18.0277563773199,58957.2071011621,59176.8624025439,219.655301381812,43.9444109671522,43.7268023545043,-0.217608612647915,6.32873541401356,,,22707,22770
planning,0.2,0,59176.8624025439,59182.3614515888,5.4990490448763,43.7268023545043,43.7213750635707,-0.00542729093354666,,,0.146981700707423,22770,22772
dwelling,10.2,0,59182.3614515888,59432.8420926613,250.480641072529,43.7213750635707,43.4744535489211,-0.246921514649635,,10.1999999666908,,22772,22874
planning,0.6,0,59432.8420926613,59448.535118097,15.6930254356412,43.4744535489211,43.4589678076613,-0.0154857412598517,,,0.529082727047284,22874,22880
traveling,5.7,14.3178210632764,59448.535118097,59631.8852261303,183.350108033337,43.4589678076613,43.2774066918098,-0.181561115851409,5.62268510929401,,,22880,22937
planning,0.7,0,59631.8852261303,59649.0103770534,17.125150923086,43.2774066918098,43.2605153854418,-0.0168913063680094,,,0.626959936193637,22937,22944
dwelling,9.29999999999998,0,59649.0103770534,59843.2684967376,194.258119684251,43.2605153854418,43.0692018820995,-0.191313503342322,,9.22499995343859,,22944,23037
planning,0.8,0,59843.2684967376,59860.7614211674,17.4929244297455,43.0692018820995,43.0519629727525,-0.0172389093470144,,,0.771029280199833,23037,23045
traveling,3,4.47213595499958,59860.7614211674,59949.5778639841,88.8164428166856,43.0519629727525,42.9640753084192,-0.087887664333266,2.99382278750494,,,23045,23075
planning,0.2,0,59949.5778639841,59955.2151407647,5.63727678067517,42.9640753084192,42.9585012035336,-0.00557410488568166,,,0.150519537289512,23075,23077
dwelling,11.7,0,59955.2151407647,60254.0059510319,298.790810267179,42.9585012035336,42.6633581179424,-0.295143085591178,,11.6588234445942,,23077,23194
planning,0.2,0,60254.0059510319,60259.8825360531,5.87658502117119,42.6633581179424,42.6575403275018,-0.00581779044054542,,,0.108546818881907,23194,23196
traveling,4.7,9.89949493661167,60259.8825360531,60436.269171791,176.386635737937,42.6575403275018,42.4821329707945,-0.175407356707339,4.63886058312909,,,23196,23243
planning,0.9,0,60436.269171791,60463.9912642596,27.7220924685607,42.4821329707945,42.4546577018781,-0.0274752689164259,,,0.86073494144804,23243,23252
dwelling,16.8,0,60463.9912642596,60924.2393724974,460.248108237836,42.4546577018781,41.9990473113732,-0.455610390504859,,16.7999999838632,,23252,23420
planning,0.1,0,60924.2393724974,60927.1366836062,2.89731110874709,41.9990473113732,41.9961756368988,-0.00287167447439174,,,0.043597630354151,23420,23421
traveling,4.7,9.48683298050514,60927.1366836062,61095.4820827898,168.345399183658,41.9961756368988,41.8286766029558,-0.167499033942967,4.62367287471145,,,23421,23468
planning,0.8,0,61095.4820827898,61120.6677323045,25.1856495146858,41.8286766029558,41.8036724765436,-0.0250041264122558,,,0.773520448866373,23468,23476
dwelling,9.69999999999998,0,61120.6677323045,61355.3169025274,234.649170222918,41.8036724765436,41.5714969579525,-0.232175518591106,,9.69999998459978,,23476,23573
planning,0.7,0,61355.3169025274,61372.6404286454,17.3235261180089,41.5714969579525,41.5543473390837,-0.0171496188687428,,,0.640472882323405,23573,23580
traveling,3.2,4.47213595499958,61372.6404286454,61468.5579183955,95.9174897501071,41.5543473390837,41.4591156046017,-0.0952317344820273,3.16196799243984,,,23580,23612
planning,0.5,0,61468.5579183955,61481.9317615259,13.37384313035,41.4591156046017,41.4458596600933,-0.0132559445084226,,,0.428508847325136,23612,23617
dwelling,6.79999999999999,0,61481.9317615259,61656.9971692468,175.065407720955,41.4458596600933,41.2723848100761,-0.173474850017215,,6.75294117407232,,23617,23685
planning,0.2,0,61656.9971692468,61663.5378743954,6.54070514852356,41.2723848100761,41.265879581762,-0.00650522831404743,,,0.151409354872295,23685,23687
traveling,4.7,9.89949493661167,61663.5378743954,61838.7051492818,175.167274886458,41.265879581762,41.0911937855607,-0.174685796201331,4.63886161170709,,,23687,23734
planning,0.1,0,61838.7051492818,61841.6224910762,2.91734179436753,41.0911937855607,41.0882963432318,-0.00289744232889433,,,0.0959189478409803,23734,23735
dwelling,10.2,0,61841.6224910762,62089.3351870663,247.712695990136,41.0882963432318,40.8428120640465,-0.245484279185291,,10.1333332783538,,23735,23837
planning,0.4,0,62089.3351870663,62099.9417404461,10.6065533798101,40.8428120640465,40.8322862274504,-0.0105258365960736,,,0.38971765628291,23837,23841
traveling,6.29999999999999,18.0277563773199,62099.9417404461,62314.4189398192,214.47719937301,40.8322862274504,40.618521761456,-0.213764465994423,6.28237142677689,,,23841,23904
planning,0.8,0,62314.4189398192,62335.0774415608,20.6585017416364,40.618521761456,40.5980172914078,-0.0205044700482091,,,0.775839336935756,23904,23912
dwelling,10.6,0,62335.0774415608,62560.7504096619,225.672968101113,40.5980172914078,40.3744735927053,-0.223543698702493,,10.5111110409318,,23912,24018
planning,0.4,0,62560.7504096619,62571.1104201706,10.3600105086516,40.3744735927053,40.3641849632738,-0.0102886294315212,,,0.341488411682391,24018,24022
traveling,5.7,14.3178210632764,62571.1104201706,62769.2652909892,198.154870818624,40.3641849632738,40.1664011420877,-0.197783821186071,5.6226860697427,,,24022,24079
planning,0.9,0,62769.2652909892,62794.7951302752,25.5298392860423,40.1664011420877,40.1410030987881,-0.0253980432996315,,,0.817857598590024,24079,24088
dwelling,11.5,0,62794.7951302752,63067.0561418446,272.26101156939,40.1410030987881,39.8706796349569,-0.270323463831218,,11.4499999525825,,24088,24203
planning,0.5,0,63067.0561418446,63080.3648851088,13.3087432641551,39.8706796349569,39.8574426724607,-0.0132369624961584,,,0.417826642325355,24203,24208
traveling,4.5,9.48683298050514,63080.3648851088,63239.9843396634,159.619454554675,39.8574426724607,39.6978948331767,-0.159547839284038,4.50189137479911,,,24208,24253
planning,0.8,0,63239.9843396634,63263.2969164768,23.3125768133541,39.6978948331767,39.6746686857017,-0.0232261474749578,,,0.763554986073408,24253,24261
dwelling,12.8,0,63263.2969164768,63601.6693427493,338.372426272545,39.6746686857017,39.3378729540864,-0.336795731615311,,12.7666666374721,,24261,24389
planning,0.5,0,63601.6693427493,63616.9663447428,15.2970019934291,39.3378729540864,39.3226087122431,-0.0152642418432904,,,0.442720865464516,24389,24394
traveling,4.8,9.89949493661167,63616.9663447428,63795.8848508771,178.918506134287,39.3226087122431,39.1433757162097,-0.179232996033384,4.71740031935069,,,24394,24442
planning,0.9,0,63795.8848508771,63825.0447242371,29.159873360004,39.1433757162097,39.1142373944778,-0.0291383217318923,,,0.831682278464948,24442,24451
dwelling,12.4,0,63825.0447242371,64182.8984043961,357.853680159074,39.1142373944778,38.7571322095309,-0.357105184946988,,12.33529405641,,24451,24575
planning,0.1,0,64182.8984043961,64186.2444407473,3.3460363511258,38.7571322095309,38.7537838497375,-0.00334835979338521,,,0.0307392688390482,24575,24576
traveling,3.2,4.47213595499958,64186.2444407473,64304.4806584172,118.236217669975,38.7537838497375,38.6352246634782,-0.11855918625924,3.17995354147788,,,24576,24608
planning,0.6,0,64304.4806584172,64322.7586798668,18.278021449536,38.6352246634782,38.6169564792826,-0.0182681841956338,,,0.524719147561875,24608,24614
dwelling,9.29999999999998,0,64322.7586798668,64548.7968467516,226.038166884791,38.6169564792826,38.3916826883756,-0.225273790907004,,9.29999996460885,,24614,24707
planning,0.2,0,64548.7968467516,64554.0940330317,5.29718628012051,38.3916826883756,38.3863961153658,-0.00528657300981195,,,0.159571853605362,24707,24709
traveling,4.6,9.48683298050514,64554.0940330317,64704.9376584967,150.843625465051,38.3863961153658,38.2353048853497,-0.1510912300161,4.52714679171283,,,24709,24755
planning,0.1,0,64704.9376584967,64707.6464212777,2.70876278095966,38.2353048853497,38.2325996964937,-0.00270518885596971,,,0.0313276122323702,24755,24756
dwelling,11.8,0,64707.6464212777,64974.6925440086,267.046122730862,38.2325996964937,37.9664199600658,-0.266179736427937,,11.7333332362447,,24756,24874
planning,0.1,0,64974.6925440086,64977.095105229,2.4025612204714,37.9664199600658,37.9640227462907,-0.00239721377503344,,,0.0667367415551084,24874,24875
traveling,6.29999999999999,18.0277563773199,64977.095105229,65181.2698193143,204.174714085268,37.9640227462907,37.7592979337153,-0.204724812575421,6.32873541290824,,,24875,24938
planning,1,0,65181.2698193143,65204.1905713969,22.9207520826167,37.7592979337153,37.7364287777295,-0.0228691559858092,,,0.918563329287243,24938,24948
dwelling,9.19999999999999,0,65204.1905713969,65404.0643266617,199.873755264816,37.7364287777295,37.5370673613442,-0.199361416385273,,9.11111103868993,,24948,25040
planning,0.8,0,65404.0643266617,65424.8235404196,20.7592137578395,37.5370673613442,37.5163112456247,-0.020756115719557,,,0.787422643368262,25040,25048
traveling,5.7,14.3178210632764,65424.8235404196,65611.6138947274,186.790354307865,37.5163112456247,37.3287970140953,-0.187514231529427,5.62268510849152,,,25048,25105
planning,0.7,0,65611.6138947274,65630.7603264151,19.1464316876227,37.3287970140953,37.3096296398948,-0.0191673742004497,,,0.640553619272274,25105,25112
dwelling,9.09999999999999,0,65630.7603264151,65861.1188043604,230.358477945338,37.3096296398948,37.0791839298633,-0.230445710031518,,9.0749999581777,,25112,25203
planning,0.6,0,65861.1188043604,65878.3629267486,17.2441223882488,37.0791839298633,37.0618976118803,-0.0172863179830145,,,0.558486899490962,25203,25209
traveling,3,4.47213595499958,65878.3629267486,65975.2891485284,96.9262217798096,37.0618976118803,36.9645255840157,-0.0973720278645942,2.99382278128285,,,25209,25239
planning,0.1,0,65975.2891485284,65977.7433604611,2.45421193267975,36.9645255840157,36.962070008719,-0.00245557529666485,,,0.0039230672358822,25239,25240
dwelling,11.6,0,65977.7433604611,66211.0353219911,233.291961529947,36.962070008719,36.7291017420882,-0.232968266630834,,11.5117646513643,,25240,25356
planning,0.3,0,66211.0353219911,66217.2809674902,6.24564549914794,36.7291017420882,36.7228607272395,-0.00624101484869044,,,0.251731736152209,25356,25359
traveling,4.7,9.89949493661167,66217.2809674902,66339.7677863051,122.486818814868,36.7228607272395,36.6000913369471,-0.122769390292369,4.63886058234879,,,25359,25406
planning,0.8,0,66339.7677863051,66356.5779960299,16.8102097248193,36.6000913369471,36.5832860275865,-0.0168053093606346,,,0.774822058096994,25406,25414
dwelling,16.8,0,66356.5779960299,66725.8634046982,369.285408668249,36.5832860275865,36.2137185897981,-0.369567437788412,,16.733333224378,,25414,25582
planning,0.8,0,66725.8634046982,66745.2145974612,19.3511927630461,36.2137185897981,36.1943217755039,-0.0193968142941543,,,0.729616713778212,25582,25590
traveling,4.7,9.48683298050514,66745.2145974612,66897.2299633723,152.015365911066,36.1943217755039,36.0412273616974,-0.153094413806549,4.62367191879536,,,25590,25637
planning,0.8,0,66897.2299633723,66919.8408017689,22.6108383966202,36.0412273616974,36.0185047154473,-0.022722646250017,,,0.768969571067748,25637,25645
dwelling,9.89999999999998,0,66919.8408017689,67165.4277681414,245.586966372473,36.0185047154473,35.7720514066767,-0.246453308770661,,9.82499998394044,,25645,25744
planning,0.2,0,67165.4277681414,67170.8906540832,5.46288594178623,35.7720514066767,35.7665603898853,-0.00549101679134623,,,0.113756575158711,25744,25746
traveling,3.2,4.47213595499958,67170.8906540832,67275.1496536899,104.25899960674,35.7665603898853,35.6614473924027,-0.105112997482614,3.16196799422428,,,25746,25778
planning,1,0,67275.1496536899,67302.065228234,26.9155745441094,35.6614473924027,35.6343897665087,-0.0270576258940451,,,0.971880092344223,25778,25788
dwelling,6.39999999999999,0,67302.065228234,67461.8097991337,159.74457089974,35.6343897665087,35.4739229275411,-0.160466838967572,,6.30588233483107,,25788,25852
planning,0.7,0,67461.8097991337,67480.4449849224,18.6351857886766,35.4739229275411,35.4551829496326,-0.0187399779084672,,,0.658112703776126,25852,25859
traveling,4.7,9.89949493661167,67480.4449849224,67646.2806608815,165.835675959039,35.4551829496326,35.28757415454,-0.167608795092647,4.63886161485332,,,25859,25906
planning,0.6,0,67646.2806608815,67664.1234505334,17.8427896519279,35.28757415454,35.2695926055229,-0.0179815490170867,,,0.574112627310237,25906,25912
dwelling,9.79999999999998,0,67664.1234505334,67897.9985560297,233.875105496292,35.2695926055229,35.0345069006089,-0.235085704914034,,9.73333327505235,,25912,26010
planning,0.1,0,67897.9985560297,67900.2065073402,2.20795131052728,35.0345069006089,35.0322891249432,-0.00221777566566317,,,0.0184950890648804,26010,26011
traveling,6.29999999999999,18.0277563773199,67900.2065073402,68086.9368798739,186.730372533697,35.0322891249432,34.8438852427337,-0.188403882209528,6.28237142715595,,,26011,26074
planning,0.1,0,68086.9368798739,68089.1484150746,2.21153520070948,34.8438852427337,34.8416626453785,-0.00222259735513575,,,0.0816407444578862,26074,26075
dwelling,11.3,0,68089.1484150746,68322.6730394855,233.524624410842,34.8416626453785,34.6070609775043,-0.234601667874216,,11.233333328357,,26075,26188
planning,0.9,0,68322.6730394855,68341.2377834551,18.5647439696622,34.6070609775043,34.5884046552515,-0.0186563222528733,,,0.869930368252829,26188,26197
traveling,5.7,14.3178210632764,68341.2377834551,68508.9116369234,167.673853468325,34.5884046552515,34.4190260373421,-0.16937861790931,5.62268512095869,,,26197,26254
planning,0.5,0,68508.9116369234,68520.705744359,11.7941074355331,34.4190260373421,34.4071494235667,-0.0118766137754136,,,0.467545472212262,26254,26259
dwelling,12.1,0,68520.705744359,68776.7478531849,256.042108825917,34.4071494235667,34.1495345201195,-0.257614903447241,,12.0749999097062,,26259,26380
planning,0.4,0,68776.7478531849,68785.9724068111,9.22455362620531,34.1495345201195,34.1402408491413,-0.00929367097822364,,,0.335754887765395,26380,26384
traveling,4.5,9.48683298050514,68785.9724068111,68922.9720124214,136.999605610297,34.1402408491413,34.0016210886382,-0.138619760503026,4.50189137599904,,,26384,26429
planning,0.2,0,68922.9720124214,68928.1983534416,5.22634102022857,34.0016210886382,33.9963449126327,-0.00527617600551622,,,0.176050901525624,26429,26431
dwelling,13.6,0,68928.1983534416,69216.8566247842,288.65827134253,33.9963449126327,33.7055459770313,-0.290798935601451,,13.5666666577586,,26431,26567
planning,0.1,0,69216.8566247842,69219.0588408413,2.20221605713596,33.7055459770313,33.7033256199627,-0.00222035706857326,,,0.0986136424024884,26567,26568
traveling,4.8,9.89949493661167,69219.0588408413,69346.7306489333,127.671808092011,33.7033256199627,33.5742509424142,-0.129074677548473,4.71740031948915,,,26568,26616
planning,0.8,0,69346.7306489333,69365.0460992088,18.3154502754769,33.5742509424142,33.5557685998737,-0.0184823425405511,,,0.794412489342822,26616,26624
dwelling,12.5,0,69365.0460992088,69664.2594627668,299.21336355801,33.5557685998737,33.2535036558615,-0.302264944012201,,12.4705882118111,,26624,26749
planning,0.9,0,69664.2594627668,69689.3567294811,25.097266714336,33.2535036558615,33.2280866950092,-0.0254169608523114,,,0.840571671442318,26749,26758
traveling,3.2,4.47213595499958,69689.3567294811,69798.3359356033,108.979206122211,33.2280866950092,33.1173196857004,-0.110767009308773,3.17995354667894,,,26758,26790
planning,1,0,69798.3359356033,69828.0006822566,29.6647466532595,33.1173196857004,33.0872361671713,-0.0300835185290538,,,0.927645443836503,26790,26800
dwelling,9.09999999999999,0,69828.0006822566,70062.8586381267,234.857955870102,33.0872361671713,32.8494475546072,-0.237788612564152,,9.04999999479986,,26800,26891
planning,0.8,0,70062.8586381267,70085.7691261517,22.9104880249797,32.8494475546072,32.8262075843502,-0.0232399702569808,,,0.736048178892671,26891,26899
traveling,4.6,9.48683298050514,70085.7691261517,70253.4072900608,167.638163909141,32.8262075843502,32.6553646869536,-0.170842897396561,4.52714679488794,,,26899,26945
planning,0.6,0,70253.4072900608,70271.3011579714,17.8938679105631,32.6553646869536,32.6371913380401,-0.0181733489135141,,,0.558911224438317,26945,26951
dwelling,11.8,0,70271.3011579714,70562.7580899586,291.456931987239,32.6371913380401,32.3418217567705,-0.295369581269597,,11.7666665779717,,26951,27069
planning,1,0,70562.7580899586,70589.5434987033,26.7854087446467,32.3418217567705,32.314634664346,-0.0271870924245619,,,0.937126154934116,27069,27079
traveling,6.29999999999999,18.0277563773199,70589.5434987033,70791.0180634433,201.474564740012,32.314634664346,32.1094553901514,-0.205179274194556,6.32873541415074,,,27079,27142
planning,0.4,0,70791.0180634433,70800.1831182512,9.16505480790511,32.1094553901514,32.100165500227,-0.00928988992437496,,,0.354753452932231,27142,27146
dwelling,10.1,0,70800.1831182512,71020.9410142428,220.757895991599,32.100165500227,31.8764401486123,-0.223725351614767,,10.0333332815819,,27146,27247
planning,0.8,0,71020.9410142428,71040.1280426503,19.1870284075267,31.8764401486123,31.8569660580129,-0.0194740905993704,,,0.72672466197557,27247,27255
traveling,5.7,14.3178210632764,71040.1280426503,71225.8792252953,185.751182644948,31.8569660580129,31.6674618666477,-0.189504191365177,5.622685110721,,,27255,27312
planning,0.6,0,71225.8792252953,71241.4482132079,15.5689879126294,31.6674618666477,31.6516330820327,-0.0158287846150245,,,0.568343777677601,27312,27318
dwelling,9.59999999999998,0,71241.4482132079,71455.9907473983,214.54253419039,31.6516330820327,31.4338421392491,-0.21779094278358,,9.59999998505437,,27318,27414
planning,0.8,0,71455.9907473983,71475.6438914268,19.653144028518,31.4338421392491,31.4138605227902,-0.0199816164589492,,,0.771546346335804,27414,27422
traveling,3,4.47213595499958,71475.6438914268,71564.6483021352,89.0044107083813,31.4138605227902,31.3230975050194,-0.0907630177708043,2.99382279491522,,,27422,27452
planning,0.7,0,71564.6483021352,71582.4530640759,17.8047619407298,31.3230975050194,31.3049803420218,-0.0181171629975374,,,0.696321608035384,27452,27459
dwelling,11.5,0,71582.4530640759,71855.617701601,273.164637525057,31.3049803420218,31.027132294845,-0.277848047176828,,11.4588235106171,,27459,27574
planning,0.1,0,71855.617701601,71858.3768665976,2.75916499664891,31.027132294845,31.0243188345701,-0.00281346027495033,,,0.094589257997267,27574,27575
traveling,4.7,9.89949493661167,71858.3768665976,72010.2888430104,151.911976412812,31.0243188345701,30.8689544141545,-0.155364420415545,4.63886058423724,,,27575,27622
planning,0.9,0,72010.2888430104,72032.6131411249,22.3242981145158,30.8689544141545,30.8462118744497,-0.02274253970484,,,0.868155954565379,27622,27631
dwelling,17.1,0,72032.6131411249,72425.1681429794,392.555001854475,30.8462118744497,30.4464074523713,-0.399804422078368,,17.0333332823135,,27631,27802
planning,0.1,0,72425.1681429794,72427.8931691623,2.7250261829322,30.4464074523713,30.4436239158033,-0.00278353656804597,,,0.0942918261930742,27802,27803
traveling,4.7,9.48683298050514,72427.8931691623,72585.6418805306,157.748711368258,30.4436239158033,30.2818516493221,-0.161772266481112,4.623671918794,,,27803,27850
planning,0.9,0,72585.6418805306,72608.209109479,22.567228948421,30.2818516493221,30.2588130458609,-0.0230386034612238,,,0.838673433756595,27850,27859
dwelling,9.79999999999998,0,72608.209109479,72822.6053288085,214.396219329486,30.2588130458609,30.040221450041,-0.218591595819898,,9.72499993463293,,27859,27957
planning,0.6,0,72822.6053288085,72836.6474562832,14.0421274746768,30.040221450041,30.0258872609355,-0.0143341891055648,,,0.58945611228345,27957,27963
traveling,3.2,4.47213595499958,72836.6474562832,72919.9954081487,83.347951865464,30.0258872609355,29.9406633852137,-0.0852238757217982,3.1619679948165,,,27963,27995
planning,0.9,0,72919.9954081487,72939.1410145508,19.1456064021477,29.9406633852137,29.9211349292877,-0.0195284559259115,,,0.87269388630439,27995,28004
dwelling,6.49999999999999,0,72939.1410145508,73066.8242583321,127.683243781343,29.9211349292877,29.7909777201672,-0.130157209120579,,6.42352939481548,,28004,28069
planning,0.1,0,73066.8242583321,73068.9529027751,2.12864444294246,29.7909777201672,29.7888054440171,-0.00217227615006266,,,0.0132024405604068,28069,28070
traveling,4.7,9.89949493661167,73068.9529027751,73213.0810833131,144.128180538013,29.7888054440171,29.6408953861937,-0.147910057823392,4.63886161275629,,,28070,28117
planning,0.1,0,73213.0810833131,73215.6964685264,2.61538521329931,29.6408953861937,29.6382180206,-0.0026773655936978,,,0.0316692036380205,28117,28118
dwelling,10.2,0,73215.6964685264,73435.6793300299,219.982861503522,29.6382180206,29.4134837885039,-0.224734232096097,,10.1666666372528,,28118,28220
planning,0.4,0,73435.6793300299,73445.6292880662,9.9499580362899,29.4134837885039,29.4032967725396,-0.0101870159642985,,,0.381355012579394,28220,28224
traveling,6.29999999999999,18.0277563773199,73445.6292880662,73671.2314919896,225.602203923423,29.4032967725396,29.170733067048,-0.232563705491611,6.28237142829129,,,28224,28287
planning,0.5,0,73671.2314919896,73685.1332590749,13.9017670853063,29.170733067048,29.156465210487,-0.0142678565609629,,,0.415190430935544,28287,28292
dwelling,10.9,0,73685.1332590749,73928.0875174696,242.954258394631,29.156465210487,28.9077303277084,-0.248734882778681,,10.8999999977042,,28292,28401
planning,0.4,0,73928.0875174696,73938.9003672896,10.8128498200094,28.9077303277084,28.896626971476,-0.0111033562323932,,,0.337425667963036,28401,28405
traveling,5.7,14.3178210632764,73938.9003672896,74130.0158076824,191.115440392838,28.896626971476,28.6995619513091,-0.197065020166889,5.6226860697427,,,28405,28462
planning,0.4,0,74130.0158076824,74141.0062259079,10.9904182255268,28.6995619513091,28.6882650330386,-0.011296918270471,,,0.389281281156997,28462,28466
dwelling,12,0,74141.0062259079,74386.7384162878,245.732190379829,28.6882650330386,28.4365041925219,-0.251760840516674,,11.9499999320371,,28466,28586
planning,1,0,74386.7384162878,74411.0724664109,24.3340501231432,28.4365041925219,28.4115095019451,-0.0249946905768113,,,0.938982521499834,28586,28596
traveling,4.5,9.48683298050514,74411.0724664109,74552.3139037952,141.241437384335,28.4115095019451,28.2657905159689,-0.145718985976234,4.50189137577572,,,28596,28641
planning,0.6,0,74552.3139037952,74569.2881153203,16.9742115250992,28.2657905159689,28.2483071193248,-0.0174833966440424,,,0.556155795738926,28641,28647
dwelling,13.2,0,74569.2881153203,74890.3969000766,321.108784756216,28.2483071193248,27.9180649401478,-0.330242179177031,,13.1333332675133,,28647,28779
planning,0.2,0,74890.3969000766,74895.7440219847,5.34712190811115,27.9180649401478,27.9125550999805,-0.00550984016735612,,,0.164532331828722,28779,28781
traveling,4.8,9.89949493661167,74895.7440219847,75045.7783625663,150.034340581624,27.9125550999805,27.757490061167,-0.155065038813468,4.71740031962483,,,28781,28829
planning,0.5,0,75045.7783625663,75058.1102679924,12.3319054260646,27.757490061167,27.7447893726815,-0.0127006884855092,,,0.431697097535198,28829,28834
dwelling,12.9,0,75058.1102679924,75368.3170807181,310.206812725766,27.7447893726815,27.4251450252574,-0.319644347424042,,12.8058823229248,,28834,28963
planning,1,0,75368.3170807181,75400.4666442037,32.149563485611,27.4251450252574,27.3918543137793,-0.0332907114781307,,,0.922742972203087,28963,28973
traveling,3.2,4.47213595499958,75400.4666442037,75509.7511184572,109.284474253451,27.3918543137793,27.2785174449538,-0.113336868825531,3.17995354877361,,,28973,29005
planning,0.2,0,75509.7511184572,75515.1480182689,5.39689981166157,27.2785174449538,27.272942018845,-0.00557542610879835,,,0.118382233274237,29005,29007
dwelling,9.99999999999998,0,75515.1480182689,75729.8805892862,214.732571017361,27.272942018845,27.0516675934636,-0.221274425381338,,9.92499993569097,,29007,29107
planning,0.6,0,75729.8805892862,75745.0158121731,15.1352228868782,27.0516675934636,27.0360327116813,-0.0156348817823684,,,0.554463880202587,29107,29113
traveling,4.6,9.48683298050514,75745.0158121731,75893.8919300108,148.876117837732,27.0360327116813,26.8815651940885,-0.154467517592732,4.5271467950797,,,29113,29159
planning,0.9,0,75893.8919300108,75918.0268083283,24.1348783174471,26.8815651940885,26.856594837481,-0.0249703566075432,,,0.839292691730174,29159,29168
dwelling,11.5,0,75918.0268083283,76183.5132414217,265.486433093422,26.856594837481,26.582314768542,-0.274280068938978,,11.499999983165,,29168,29283
planning,0.4,0,76183.5132414217,76193.027138916,9.5138974943111,26.582314768542,26.5724766646004,-0.0098381039415969,,,0.367758142666742,29283,29287
traveling,6.29999999999999,18.0277563773199,76193.027138916,76408.2669110929,215.23977217685,26.5724766646004,26.3484398032492,-0.224036861351252,6.32873541414823,,,29287,29350
planning,0.6,0,76408.2669110929,76423.5973185623,15.3304074694897,26.3484398032492,26.3325566092666,-0.0158831939825994,,,0.581132854558474,29350,29356
dwelling,9.89999999999998,0,76423.5973185623,76640.1292792546,216.5319606923,26.3325566092666,26.1085574306863,-0.223999178580307,,9.83333332087539,,29356,29455
planning,0.9,0,76640.1292792546,76660.6128651523,20.4835858976876,26.1085574306863,26.0873472375557,-0.0212101931306101,,,0.839535288934811,29455,29464
traveling,5.7,14.3178210632764,76660.6128651523,76843.938322552,183.325457399653,26.0873472375557,25.8963925170916,-0.190954720464035,5.62268511006119,,,29464,29521
planning,0.3,0,76843.938322552,76851.964750805,8.02642825304065,25.8963925170916,25.8880560805895,-0.00833643650208415,,,0.213328037056447,29521,29524
dwelling,9.79999999999998,0,76851.964750805,77085.6676263243,233.702875519288,25.8880560805895,25.6455892095641,-0.242466871025467,,9.77499993853204,,29524,29622
planning,0.4,0,77085.6676263243,77096.9158064883,11.2481801639515,25.6455892095641,25.6338855924664,-0.0117036170977194,,,0.324836621800197,29622,29626
traveling,3,4.47213595499958,77096.9158064883,77200.5391456737,103.623339185448,25.6338855924664,25.5256408440955,-0.108244748370844,2.99382279013686,,,29626,29656
planning,0.4,0,77200.5391456737,77212.8393210513,12.3001753776189,25.5256408440955,25.5128174489221,-0.0128233951734416,,,0.342552617718006,29656,29660
dwelling,11.6,0,77212.8393210513,77526.9570393994,314.117718348032,25.5128174489221,25.1857686751984,-0.327048773723668,,11.5647058451582,,29660,29776
planning,0.2,0,77526.9570393994,77532.8150062778,5.8579668783932,25.1857686751984,25.179657920377,-0.00611075482144585,,,0.106430279512304,29776,29778
traveling,4.7,9.89949493661167,77532.8150062778,77709.3820229916,176.56701671386,25.179657920377,24.9944824269027,-0.185175493474205,4.6388605834419,,,29778,29825
planning,0.8,0,77709.3820229916,77732.9628975231,23.5808745314716,24.9944824269027,24.9698605338204,-0.02462189308239,,,0.771606720841976,29825,29833
dwelling,17,0,77732.9628975231,78175.126288745,442.163391221955,24.9698605338204,24.508591123228,-0.461269410592401,,16.9666666216562,,29833,30003
planning,0.4,0,78175.126288745,78187.4931214897,12.3668327446358,24.508591123228,24.495641279425,-0.0129498438029785,,,0.351154343397961,30003,30007
traveling,4.7,9.48683298050514,78187.4931214897,78357.3538735233,169.860752033594,24.495641279425,24.3171272448166,-0.178514034608416,4.62367191878778,,,30007,30054
planning,0.1,0,78357.3538735233,78360.0320290006,2.678155477377,24.3171272448166,24.3143271052105,-0.00280013960610859,,,0.0804020859534116,30054,30055
dwelling,10.6,0,78360.0320290006,78603.7124524671,243.680423466431,24.3143271052105,24.0599441884645,-0.254382916745993,,10.5249999323517,,30055,30161
planning,0.9,0,78603.7124524671,78628.8660039021,25.1535514350689,24.0599441884645,24.0335966589309,-0.0263475295335773,,,0.871545110178357,30161,30170
traveling,3.2,4.47213595499958,78628.8660039021,78736.1383218373,107.272317935101,24.0335966589309,23.9208283453647,-0.112768313566171,3.16196799718312,,,30170,30202
planning,0.2,0,78736.1383218373,78741.9586893865,5.82036754924047,23.9208283453647,23.9147242524521,-0.00610409291263281,,,0.1881160684005,30202,30204
dwelling,7.19999999999999,0,78741.9586893865,78931.9089877086,189.950298322117,23.9147242524521,23.715728714892,-0.198995537560062,,7.19411761132784,,30204,30276
planning,0.9,0,78931.9089877086,78957.5690663435,25.6600786349009,23.715728714892,23.6888009747492,-0.0269277401427779,,,0.887811628658252,30276,30285
traveling,4.7,9.89949493661167,78957.5690663435,79138.8251812739,181.256114930395,23.6888009747492,23.4973470967152,-0.191453878034029,4.63886162423596,,,30285,30332
planning,0.8,0,79138.8251812739,79164.8850701253,26.0598888513923,23.4973470967152,23.4699094513869,-0.0274376453282663,,,0.754322799098892,30332,30340
dwelling,9.89999999999998,0,79164.8850701253,79439.5210938137,274.636023688363,23.4699094513869,23.1813387262927,-0.288570725094253,,9.83333329839906,,30340,30439
planning,0.5,0,79439.5210938137,79454.3738435297,14.8527497159957,23.1813387262927,23.1657043217471,-0.0156344045455548,,,0.49759807295866,30439,30444
traveling,6.29999999999999,18.0277563773199,79454.3738435297,79702.2443983982,247.87055486851,23.1657043217471,22.903077387029,-0.262626934718099,6.28237143036635,,,30444,30507
planning,0.5,0,79702.2443983982,79716.6270855456,14.3826871474157,22.903077387029,22.8879266623865,-0.0151507246425133,,,0.417129825124982,30507,30512
dwelling,11.1,0,79716.6270855456,79991.6300603259,275.00297478032,22.8879266623865,22.5986868266798,-0.289239835706745,,11.0222221599431,,30512,30623
planning,0.4,0,79991.6300603259,80001.6916155152,10.0615551893279,22.5986868266798,22.5880949795594,-0.0105918471203488,,,0.366874353063926,30623,30627
traveling,5.7,14.3178210632764,80001.6916155152,80185.0649183154,183.373302800173,22.5880949795594,22.3941475482892,-0.193947431270278,5.62268512166614,,,30627,30684
planning,0.4,0,80185.0649183154,80195.4961660188,10.4312477033673,22.3941475482892,22.3831502238131,-0.0109973244760262,,,0.309938104623964,30684,30688
dwelling,12.4,0,80195.4961660188,80512.0839667719,316.587800753172,22.3831502238131,22.0491959846079,-0.333954239205273,,12.3249999123939,,30688,30812
planning,0.3,0,80512.0839667719,80519.4844108083,7.40044403637876,22.0491959846079,22.0413875783784,-0.00780840622942591,,,0.211426989460607,30812,30815
traveling,4.5,9.48683298050514,80519.4844108083,80652.6866453501,133.202234541779,22.0413875783784,21.9003686822689,-0.141018896109554,4.50189137561756,,,30815,30860
planning,0.2,0,80652.6866453501,80657.4187724189,4.73212706882623,21.9003686822689,21.8953750529167,-0.00499362935222081,,,0.150650893811088,30860,30862
dwelling,13.5,0,80657.4187724189,80962.457090264,305.038317845057,21.8953750529167,21.5734072034305,-0.321967849486114,,13.4999999602306,,30862,30997
planning,1,0,80962.457090264,80989.8527794309,27.3956891669513,21.5734072034305,21.544387983013,-0.0290192204175312,,,0.998749840011337,30997,31007
traveling,4.8,9.89949493661167,80989.8527794309,81134.8785153872,145.025735956253,21.544387983013,21.3904272294418,-0.153960753571216,4.71740123960585,,,31007,31055
planning,0.5,0,81134.8785153872,81147.2187676101,12.3402522229444,21.3904272294418,21.3773649911716,-0.0130622382702086,,,0.430422870500749,31055,31060
dwelling,13,0,81147.2187676101,81443.3389064914,296.120138881277,21.3773649911716,21.0639981716704,-0.313366819501208,,12.9999999452728,,31060,31190
planning,0.2,0,81443.3389064914,81448.4124913681,5.07358487669262,21.0639981716704,21.0586170973913,-0.00538107427902901,,,0.179130263145316,31190,31192
traveling,3.2,4.47213595499958,81448.4124913681,81545.3030171684,96.8905258003215,21.0586170973913,20.9555128242241,-0.103104273167222,3.17995354877314,,,31192,31224
planning,0.6,0,81545.3030171684,81560.5845161886,15.2814990201587,20.9555128242241,20.9392950082438,-0.0162178159803013,,,0.513413034026942,31224,31230
dwelling,9.59999999999998,0,81560.5845161886,81801.2626538673,240.678137678755,20.9392950082438,20.6837524090658,-0.255542599177993,,9.5249999879018,,31230,31326
planning,0.2,0,81801.2626538673,81807.0462970258,5.78364315848739,20.6837524090658,20.6775938422794,-0.00615856678639304,,,0.120258478101108,31326,31328
traveling,4.6,9.48683298050514,81807.0462970258,81964.6284509295,157.582153903699,20.6775938422794,20.5091698572536,-0.168423985025886,4.52714679290878,,,31328,31374
planning,0.5,0,81964.6284509295,81978.6313225025,14.0028715729713,20.5091698572536,20.4942536578228,-0.0149161994307292,,,0.402624184446599,31374,31379
dwelling,11.6,0,81978.6313225025,82258.1159851229,279.484662620409,20.4942536578228,20.1969778054506,-0.297275852372181,,11.5333333277927,,31379,31495
planning,1,0,82258.1159851229,82285.1456555052,27.0296703822969,20.1969778054506,20.1681544010872,-0.0288234043634823,,,0.961880842664345,31495,31505
traveling,6.29999999999999,18.0277563773199,82285.1456555052,82507.389051831,222.243396325823,20.1681544010872,19.9297493395002,-0.238405061586938,6.3287354139779,,,31505,31568
planning,0.6,0,82507.389051831,82523.1948102747,15.8057584437047,19.9297493395002,19.9128786649883,-0.0168706745119245,,,0.583164993156259,31568,31574
dwelling,9.79999999999998,0,82523.1948102747,82767.0662624474,243.871452172709,19.9128786649883,19.6525881055648,-0.26029055942351,,9.78888882504802,,31574,31672
planning,0.4,0,82767.0662624474,82778.8639610232,11.7976985757268,19.6525881055648,19.6399539465897,-0.0126341589750503,,,0.351211700997582,31672,31676
traveling,5.7,14.3178210632764,82778.8639610232,82985.069189757,206.20522873383,19.6399539465897,19.4180474635523,-0.221906483037394,5.62268510968333,,,31676,31733
planning,0.3,0,82985.069189757,82993.5564483028,8.48725854577788,19.4180474635523,19.408953685266,-0.00909377828638824,,,0.236550555051639,31733,31736
dwelling,9.69999999999998,0,82993.5564483028,83239.6632508353,246.106802532551,19.408953685266,19.1455190169744,-0.263434668291566,,9.69999999660578,,31736,31833
planning,0.4,0,83239.6632508353,83250.9461911376,11.2829403022915,19.1455190169744,19.1334125702881,-0.0121064466862713,,,0.3536574583738,31833,31837
traveling,3,4.47213595499958,83250.9461911376,83349.543733262,98.5975421243638,19.1334125702881,19.0272814736583,-0.106131096629852,2.9938217939526,,,31837,31867
planning,0.4,0,83349.543733262,83360.7723973171,11.2286640550738,19.0272814736583,19.0152265181152,-0.0120549555430962,,,0.301124602686832,31867,31871
dwelling,11.5,0,83360.7723973171,83635.4807006918,274.708303374719,19.0152265181152,18.72077913125,-0.294447386865127,,11.4235293159356,,31871,31986
planning,0.1,0,83635.4807006918,83638.0019113759,2.52121068414999,18.72077913125,18.7180725305546,-0.00270660069546835,,,0.00349205769296046,31986,31987
traveling,4.7,9.89949493661167,83638.0019113759,83790.0334768424,152.031565466503,18.7180725305546,18.554054169073,-0.164018361481531,4.63886058202351,,,31987,32034
planning,0.7,0,83790.0334768424,83808.39440693,18.3609300875542,18.554054169073,18.5343121494731,-0.0197420195999207,,,0.683588242635009,32034,32041
dwelling,16.8,0,83808.39440693,84220.3098354389,411.915428508917,18.5343121494731,18.0912766870845,-0.443035462388583,,16.7666666433685,,32041,32209
planning,0.7,0,84220.3098354389,84239.5594874358,19.2496519969427,18.0912766870845,18.0705096724667,-0.020767014617828,,,0.691497958259903,32209,32216
traveling,4.7,9.48683298050514,84239.5594874358,84400.7780958139,161.21860837804,18.0705096724667,17.8957251078175,-0.174784564649226,4.62367287668906,,,32216,32263
planning,0.6,0,84400.7780958139,84417.3975671423,16.619471328464,17.8957251078175,17.877773652641,-0.0179514551765365,,,0.543093713147079,32263,32269
dwelling,9.99999999999998,0,84417.3975671423,84656.2070174627,238.809450320361,17.877773652641,17.6201975336854,-0.257576118955537,,9.97499996391445,,32269,32369
planning,0.6,0,84656.2070174627,84672.2290361564,16.0220186936931,17.6201975336854,17.6028744748634,-0.0173230588220292,,,0.512219802259583,32369,32375
traveling,3.2,4.47213595499958,84672.2290361564,84769.1529396173,96.9239034609054,17.6028744748634,17.4978036691536,-0.105070805709779,3.16196799481698,,,32375,32407
planning,0.7,0,84769.1529396173,84787.0320816131,17.8791419958434,17.4978036691536,17.4784723905521,-0.0193312786015234,,,0.698789918855883,32407,32414
dwelling,6.69999999999999,0,84787.0320816131,84947.4132407706,160.381159157434,17.4784723905521,17.3051320342574,-0.173340356294638,,6.62352940878043,,32414,32481
planning,1,0,84947.4132407706,84975.1702775048,27.7570367342123,17.3051320342574,17.2750457278533,-0.0300863064041117,,,0.94409877513459,32481,32491
traveling,4.7,9.89949493661167,84975.1702775048,85133.3545510332,158.18427352843,17.2750457278533,17.1028387393534,-0.172206988499898,4.63886162111792,,,32491,32538
planning,0.9,0,85133.3545510332,85158.3200355059,24.9654844727047,17.1028387393534,17.0757465288342,-0.0270922105192284,,,0.873130238121007,32538,32547
dwelling,9.69999999999998,0,85158.3200355059,85378.2073548523,219.88731934641,17.0757465288342,16.8376647846797,-0.23808174415446,,9.6333333197297,,32547,32644
planning,0.1,0,85378.2073548523,85380.7978630263,2.5905081739329,16.8376647846797,16.8348525022653,-0.00281228241440346,,,0.0689493946775193,32644,32645
traveling,6.29999999999999,18.0277563773199,85380.7978630263,85591.4163625501,210.618499523829,16.8348525022653,16.60491355307,-0.22993894919539,6.28237142829161,,,32645,32708
planning,0.5,0,85591.4163625501,85603.3911468281,11.9747842779616,16.60491355307,16.5919104475003,-0.0130031055696591,,,0.487559569727879,32708,32713
dwelling,10.9,0,85603.3911468281,85845.6569941067,242.265847278599,16.5919104475003,16.3288804650822,-0.263029982418111,,10.8999999952218,,32713,32822
planning,0.9,0,85845.6569941067,85871.2934113542,25.6364172475733,16.3288804650822,16.30091728388,-0.0279631812021783,,,0.881471728177812,32822,32831
traveling,5.7,14.3178210632764,85871.2934113542,86091.6914347839,220.398023429676,16.30091728388,16.0587003699042,-0.242216913975781,5.62268512154996,,,32831,32888
planning,0.5,0,86091.6914347839,86108.5141931474,16.822758363458,16.0587003699042,16.0402618842709,-0.0184384856333502,,,0.482882512986514,32888,32893
dwelling,12.2,0,86108.5141931474,86443.3527519022,334.838558754811,16.0402618842709,15.67419716069,-0.366064723580845,,12.199999983518,,32893,33015
planning,0.3,0,86443.3527519022,86452.2157321533,8.86298025115684,15.67419716069,15.6644843942506,-0.00971276643944563,,,0.250158796212864,33015,33018
traveling,4.5,9.48683298050514,86452.2157321533,86605.833088165,153.617356011659,15.6644843942506,15.4955270355751,-0.168957358675486,4.50189137599058,,,33018,33063
planning,0.5,0,86605.833088165,86618.9559587357,13.1228705706744,15.4955270355751,15.4811586949125,-0.014368340662644,,,0.431957680591955,33063,33068
dwelling,13.3,0,86618.9559587357,86923.116043441,304.160084705378,15.4811586949125,15.1484375988979,-0.33272109601455,,13.2666666630782,,33068,33201
planning,0.9,0,86923.116043441,86947.1051763885,23.9891329474631,15.1484375988979,15.1221052239752,-0.026332374922676,,,0.877523062175699,33201,33210
traveling,4.8,9.89949493661167,86947.1051763885,87102.9320384249,155.826862036425,15.1221052239752,14.9502695044305,-0.17183571954476,4.7174012385435,,,33210,33258
planning,0.8,0,87102.9320384249,87123.0602081133,20.1281696883234,14.9502695044305,14.9281674102558,-0.0221020941746382,,,0.740974264049871,33258,33266
dwelling,12.7,0,87123.0602081133,87422.6349657062,299.574757592985,14.9281674102558,14.5991494509758,-0.329017959280073,,12.6470588141904,,33266,33393
planning,0.9,0,87422.6349657062,87446.126874479,23.4919087727758,14.5991494509758,14.5732783661439,-0.0258710848319037,,,0.874868527009809,33393,33402
traveling,3.2,4.47213595499958,87446.126874479,87548.4339707998,102.307096320816,14.5732783661439,14.4601211433548,-0.113157222789033,3.17995355437688,,,33402,33434
planning,0.5,0,87548.4339707998,87562.4521479043,14.0181771045027,14.4601211433548,14.4446506498084,-0.0154704935463883,,,0.400874202578268,33434,33439
dwelling,9.79999999999998,0,87562.4521479043,87795.5378628086,233.085714904315,14.4446506498084,14.1878611847409,-0.256789465067484,,9.79999996298293,,33439,33537
planning,0.8,0,87795.5378628086,87817.3593610222,21.8214982135396,14.1878611847409,14.1637452763865,-0.0241159083544495,,,0.736297162170889,33537,33545
traveling,4.6,9.48683298050514,87817.3593610222,87971.5415468745,154.182185852274,14.1637452763865,13.9925216791238,-0.171223597262733,4.52714679564146,,,33545,33591
planning,0.4,0,87971.5415468745,87981.7122309252,10.170684050725,13.9925216791238,13.9812801204011,-0.0112415587226931,,,0.352963791664969,33591,33595
dwelling,12.1,0,87981.7122309252,88232.3080257512,250.595794825975,13.9812801204011,13.7048375922646,-0.27644252813645,,12.0999999778878,,33595,33716
planning,0.5,0,88232.3080257512,88242.8981189719,10.5900932207733,13.7048375922646,13.6931402723244,-0.0116973199401826,,,0.429769219145457,33716,33721
traveling,6.29999999999999,18.0277563773199,88242.8981189719,88414.5628364423,171.664717470325,13.6931402723244,13.5026199859799,-0.190520286344558,6.32873541448792,,,33721,33784
planning,0.8,0,88414.5628364423,88432.3784236585,17.8155872162752,13.5026199859799,13.4828999283881,-0.0197200575917744,,,0.725779505617417,33784,33792
dwelling,9.79999999999998,0,88432.3784236585,88634.315982162,201.937558503458,13.4828999283881,13.2593990474977,-0.223500880890432,,9.72222221923095,,33792,33890
planning,0.2,0,88634.315982162,88639.5464244024,5.23044224045589,13.2593990474977,13.2535854535978,-0.00581359389991221,,,0.139275280198288,33890,33892
traveling,5.7,14.3178210632764,88639.5464244024,88832.8113268791,193.264902476643,13.2535854535978,13.0374625152957,-0.216122938302053,5.62268510955187,,,33892,33949
planning,0.9,0,88832.8113268791,88856.977438833,24.1661119539058,13.0374625152957,13.0105449598128,-0.026917555482866,,,0.850101168957451,33949,33958
dwelling,9.09999999999999,0,88856.977438833,89064.9949105387,208.017471705753,13.0105449598128,12.7792105422491,-0.231334417563749,,9.07499998546398,,33958,34049
planning,0.6,0,89064.9949105387,89079.1341159085,14.1392053697782,12.7792105422491,12.7634655200218,-0.0157450222272768,,,0.597614417931776,34049,34055
traveling,3,4.47213595499958,89079.1341159085,89169.0870560438,89.952940135292,12.7634655200218,12.6628298157048,-0.10063570431703,2.99382279013836,,,34055,34085
planning,0.4,0,89169.0870560438,89179.384142549,10.2970865051611,12.6628298157048,12.6513375840652,-0.0114922316395525,,,0.300889521589116,34085,34089
dwelling,11.6,0,89179.384142549,89446.1377585096,266.753615960581,12.6513375840652,12.3537938047891,-0.297543779276092,,11.5647058241104,,34089,34205
planning,0.8,0,89446.1377585096,89467.1534765375,21.0157180278911,12.3537938047891,12.3302754810349,-0.02351832375426,,,0.793940593900506,34205,34213
traveling,4.7,9.89949493661167,89467.1534765375,89620.9993631744,153.845886636947,12.3302754810349,12.1572170026441,-0.173058478390734,4.63886058362565,,,34213,34260
planning,0.3,0,89620.9993631744,89629.2257805099,8.22641733552155,12.1572170026441,12.1479908231265,-0.00922617951760252,,,0.275078565648534,34260,34263
dwelling,17.5,0,89629.2257805099,90062.3868175674,433.161037057434,12.1479908231265,11.6620756331817,-0.485915189944821,,17.4999999897342,,34263,34438
planning,0.9,0,90062.3868175674,90088.9932091932,26.6063916258281,11.6620756331817,11.6320759524838,-0.029999680697955,,,0.849010668624668,34438,34447
traveling,4.7,9.48683298050514,90088.9932091932,90248.6273369034,159.634127710262,11.6320759524838,11.4513682432723,-0.180707709211513,4.6236719202334,,,34447,34494
planning,0.4,0,90248.6273369034,90259.4072402691,10.7799033656484,11.4513682432723,11.4392149542495,-0.0121532890227716,,,0.370161727774908,34494,34498
dwelling,10.5,0,90259.4072402691,90486.6920970052,227.284856736122,11.4392149542495,11.1835778237339,-0.255637130515614,,10.499999995633,,34498,34603
planning,0.3,0,90486.6920970052,90493.7582575509,7.06616054566985,11.1835778237339,11.1756120898402,-0.00796573389364319,,,0.238581450066241,34603,34606
traveling,3.2,4.47213595499958,90493.7582575509,90581.5408870776,87.7826295267587,11.1756120898402,11.076345069467,-0.0992670203732526,3.16196799777314,,,34606,34638
planning,0.7,0,90581.5408870776,90600.3809836541,18.840096576474,11.076345069467,11.0550398890373,-0.0213051804297208,,,0.638758939822325,34638,34645
dwelling,6.79999999999999,0,90600.3809836541,90757.3876119285,157.006628274336,11.0550398890373,10.8777907319294,-0.17724915710788,,6.71176470256259,,34645,34713
planning,1,0,90757.3876119285,90783.2199251056,25.8323131771031,10.8777907319294,10.8485506007101,-0.0292401312193018,,,0.930114457105921,34713,34723
traveling,4.7,9.89949493661167,90783.2199251056,90932.6241601876,149.404235082009,10.8485506007101,10.6785801641199,-0.169970436590161,4.63886028785061,,,34723,34770
planning,0.8,0,90932.6241601876,90951.8748948155,19.2507346279745,10.6785801641199,10.6567798997079,-0.0218002644120432,,,0.784439715976244,34770,34778
dwelling,9.79999999999998,0,90951.8748948155,91159.5645328236,207.689638008087,10.6567798997079,10.4217724339109,-0.23500746579696,,9.76666663160807,,34778,34876
planning,1,0,91159.5645328236,91182.954605039,23.3900722153776,10.4217724339109,10.395238386148,-0.026534047762885,,,0.950847523487907,34876,34886
traveling,6.29999999999999,18.0277563773199,91182.954605039,91373.9379970276,190.98339198863,10.395238386148,10.1773053439019,-0.217933042246152,6.28237143299521,,,34886,34949
planning,0.8,0,91373.9379970276,91394.6103166523,20.6723196246166,10.1773053439019,10.1537671037921,-0.0235382401098079,,,0.761528750150992,34949,34957
dwelling,0,0,91394.6103166523,,,10.1537671037921,,,,10.8777777524731,,34957,
