phase_type,duration,distance,energy_start,energy_end,energy_consumed,battery_start,battery_end,battery_delta,rho,tau,planning_time,start_time,end_time
traveling,9.89999999999998,28.2842712474619,0,308.525695369698,308.525695369698,100,99.7135734021335,-0.286426597866509,10,,,1,100
planning,0.2,0,308.525695369698,313.549822328984,5.02412695928581,99.7135734021335,99.708921589197,-0.00465181293645855,,,0.154231142971912,100,102
dwelling,4.9,0,313.549822328984,424.960687706604,111.41086537762,99.708921589197,99.6058685074392,-0.103053081757793,,4.83333333337,,102,151
planning,0.9,0,424.960687706604,450.084328002059,25.1236402954542,99.6058685074392,99.5825765407064,-0.0232919667328417,,,0.810978913274894,151,160
traveling,5.9,16.0312195418814,450.084328002059,662.899032080607,212.814704078548,99.5825765407064,99.384495779273,-0.19808076143336,5.94810635834629,,,160,219
planning,0.6,0,662.899032080607,678.12812057759,15.229088496983,99.384495779273,99.3703910172916,-0.0141047619814714,,,0.575906772000882,219,225
dwelling,5.1,0,678.12812057759,788.194427716223,110.066307138633,99.3703910172916,99.2686154436882,-0.101775573603376,,5.01176468800838,,225,276
planning,0.7,0,788.194427716223,804.677972700181,16.4835449839583,99.2686154436882,99.2533600148343,-0.0152554288538909,,,0.608255457397924,276,283
traveling,5.99999999999999,16.0312195418814,804.677972700181,973.767635246376,169.089662546195,99.2533600148343,99.0965130269846,-0.156846987849747,6.02040348607209,,,283,343
planning,0.3,0,973.767635246376,979.902465917012,6.13483067063646,99.0965130269846,99.0908424819836,-0.00567054500091047,,,0.299712141723894,343,346
dwelling,5.7,0,979.902465917012,1094.00723430675,114.104768389738,99.0908424819836,98.985387400955,-0.105455081028651,,5.63333332991553,,346,403
planning,0.8,0,1094.00723430675,1113.63069015392,19.6234558471729,98.985387400955,98.9672153823344,-0.018172018620632,,,0.747651872355016,403,411
traveling,8.29999999999999,28.0178514522438,1113.63069015392,1424.55342916625,310.922739012326,98.9672153823344,98.677510566171,-0.289704816163351,8.27046191416241,,,411,494
planning,1,0,1424.55342916625,1452.17676351914,27.6233343528929,98.677510566171,98.6518908324592,-0.0256197337118209,,,0.950675860865956,494,504
dwelling,5.6,0,1452.17676351914,1588.7721383944,136.595374875257,98.6518908324592,98.5253776093749,-0.126513223084288,,5.58888887093628,,504,560
planning,0.4,0,1588.7721383944,1600.27089437615,11.4987559817489,98.5253776093749,98.5147067291568,-0.0106708802181288,,,0.388956617168747,560,564
traveling,7.09999999999999,22.1359436211787,1600.27089437615,1856.47198853167,256.201094155525,98.5147067291568,98.2761172917314,-0.238589437425361,7.11287452471967,,,564,635
planning,1,0,1856.47198853167,1883.46341847853,26.991429946858,98.2761172917314,98.251084698621,-0.0250325931104243,,,0.975504788835978,635,645
dwelling,7.39999999999999,0,1883.46341847853,2074.81857283932,191.355154360791,98.251084698621,98.0736939807989,-0.177390717822078,,7.37777777352339,,645,719
planning,0.7,0,2074.81857283932,2095.41447697697,20.5959041376464,98.0736939807989,98.0545700595534,-0.0191239212455372,,,0.605710365046008,719,726
traveling,8.79999999999998,30.4138126514911,2095.41447697697,2439.95589071446,344.541413737493,98.0545700595534,97.7331801107764,-0.321389948776954,8.78853210249334,,,726,814
planning,1,0,2439.95589071446,2471.05286497695,31.0969742624852,97.7331801107764,97.704278138747,-0.0289019720294164,,,0.965261874385315,814,824
dwelling,12.3,0,2471.05286497695,2768.8091709807,297.756306003753,97.704278138747,97.4283350108104,-0.2759431279366,,12.2666666341913,,824,947
planning,0.2,0,2768.8091709807,2773.5828002564,4.77362927569948,97.4283350108104,97.4239117047457,-0.00442330606470875,,,0.185041305847804,947,949
traveling,5.9,16.0312195418814,2773.5828002564,2979.00919591574,205.426395659341,97.4239117047457,97.2325514783928,-0.191360226352899,5.95043064270422,,,949,1008
planning,0.9,0,2979.00919591574,3005.60694622377,26.5977503080298,97.2325514783928,97.2078405615115,-0.0247109168813324,,,0.852696698070766,1008,1017
dwelling,11.8,0,3005.60694622377,3293.57249115475,287.965544930983,97.2078405615115,96.9408823589552,-0.266958202556239,,11.7882352655019,,1017,1135
planning,0.8,0,3293.57249115475,3316.70890628733,23.1364151325743,96.9408823589552,96.9193894219594,-0.0214929369958412,,,0.754970839377064,1135,1143
traveling,5.99999999999999,16.0312195418814,3316.70890628733,3518.12731223876,201.418405951433,96.9193894219594,96.731843729572,-0.187545692387332,6.02040318990387,,,1143,1203
planning,0.1,0,3518.12731223876,3520.65396301719,2.52665077842767,96.731843729572,96.7295000551156,-0.0023436744564691,,,0.0959515415301738,1203,1204
dwelling,8.19999999999999,0,3520.65396301719,3696.07432432561,175.420361308418,96.7295000551156,96.5670458943513,-0.162454160764312,,8.19999998459828,,1204,1286
planning,0.8,0,3696.07432432561,3716.01479447752,19.9404701519152,96.5670458943513,96.548550238255,-0.0184956560962917,,,0.733987320619276,1286,1294
traveling,8.29999999999999,28.0178514522438,3716.01479447752,3997.44078462628,281.425990148757,96.548550238255,96.2864103094162,-0.262139928838792,8.27046191855182,,,1294,1377
planning,0.9,0,3997.44078462628,4021.8269235532,24.3861389269205,96.2864103094162,96.2637653313077,-0.0226449781085023,,,0.815813295756984,1377,1386
dwelling,8.09999999999999,0,4021.8269235532,4222.11560698272,200.288683429523,96.2637653313077,96.0779553076767,-0.18581002363095,,8.07777773780377,,1386,1467
planning,0.7,0,4222.11560698272,4243.66984557517,21.55423859245,96.0779553076767,96.0579045414506,-0.0200507662261202,,,0.660492393287087,1467,1474
traveling,7.09999999999999,22.1359436211787,4243.66984557517,4505.68616736806,262.016321792888,96.0579045414506,95.8134551656001,-0.244449375850479,7.11287370689947,,,1474,1545
planning,0.4,0,4505.68616736806,4517.01726109508,11.3310937270171,95.8134551656001,95.8029242162775,-0.0105309493226713,,,0.329232472793078,1545,1549
dwelling,8.69999999999999,0,4517.01726109508,4732.66630203939,215.649040944309,95.8029242162775,95.6028021375381,-0.200122078739355,,8.64444442915445,,1549,1636
planning,0.1,0,4732.66630203939,4735.43883272953,2.77253069014114,95.6028021375381,95.6002257303465,-0.00257640719162566,,,0.0909840246129151,1636,1637
traveling,8.79999999999998,30.4138126514911,4735.43883272953,5067.37979054034,331.940957810812,95.6002257303465,95.2903005456573,-0.309925184689192,8.78853210262649,,,1637,1725
planning,0.7,0,5067.37979054034,5087.74310501224,20.3633144718979,95.2903005456573,95.271362209794,-0.0189383358632682,,,0.660100581238131,1725,1732
dwelling,13.5,0,5087.74310501224,5415.8732388437,328.130133831461,95.271362209794,94.9667911823711,-0.304571027422881,,13.4999999908903,,1732,1867
planning,1,0,5415.8732388437,5440.93373741728,25.060498573579,94.9667911823711,94.9435208794685,-0.0232703029026737,,,0.976664652894708,1867,1877
traveling,5.9,16.0312195418814,5440.93373741728,5637.36208813319,196.42835071591,94.9435208794685,94.7604050144537,-0.183115865014727,5.9504316261155,,,1877,1936
planning,0.1,0,5637.36208813319,5640.22088024761,2.85879211442443,94.7604050144537,94.7577459414972,-0.00265907295657541,,,0.0441209882549238,1936,1937
dwelling,13.8,0,5640.22088024761,5957.28691995849,317.066039710884,94.7577459414972,94.4635286787392,-0.294217262757954,,13.7882352717869,,1937,2075
planning,0.3,0,5957.28691995849,5964.92755595476,7.64063599626206,94.4635286787392,94.4564301892835,-0.00709848945568581,,,0.202770679003347,2075,2078
traveling,5.99999999999999,16.0312195418814,5964.92755595476,6181.17078210227,216.243226147516,94.4564301892835,94.2545016196303,-0.201928569653219,6.0204034978372,,,2078,2138
planning,0.8,0,6181.17078210227,6204.43467166374,23.2638895614637,94.2545016196303,94.2328505947143,-0.0216510249160251,,,0.721980470954047,2138,2146
dwelling,7.79999999999999,0,6204.43467166374,6387.65137258355,183.216700919817,94.2328505947143,94.0627381927345,-0.170112401979821,,7.73333330155875,,2146,2224
planning,1,0,6387.65137258355,6410.55516082949,22.9037882459315,94.0627381927345,94.0414775120409,-0.0212606806935867,,,0.98957473642882,2224,2234
traveling,8.29999999999999,28.0178514522438,6410.55516082949,6647.4002339919,236.845073162412,94.0414775120409,93.8210213761643,-0.220456135876574,8.27046191893039,,,2234,2317
planning,0.5,0,6647.4002339919,6657.87512846025,10.474894468357,93.8210213761643,93.8113048355838,-0.00971654058049864,,,0.447699338098992,2317,2322
dwelling,8.89999999999999,0,6657.87512846025,6850.83091073512,192.955782274868,93.8113048355838,93.6322405699888,-0.179064265595002,,8.81111110664091,,2322,2411
planning,0.1,0,6850.83091073512,6853.31189530566,2.48098457053948,93.6322405699888,93.6299349846909,-0.00230558529791836,,,0.0975355357830057,2411,2412
traveling,7.09999999999999,22.1359436211787,6853.31189530566,7073.0478331186,219.735937812938,93.6299349846909,93.42514122477,-0.204793759920875,7.11287453478298,,,2412,2483
planning,0.2,0,7073.0478331186,7078.05845920509,5.01062608649318,93.42514122477,93.4204836538849,-0.00465757088507246,,,0.137003773214991,2483,2485
dwelling,9.19999999999999,0,7078.05845920509,7300.29943212886,222.240972923768,93.4204836538849,93.213961663737,-0.206521990147962,,9.14444440151971,,2485,2577
planning,0.6,0,7300.29943212886,7316.59933229619,16.2999001673334,93.213961663737,93.1987936530035,-0.0151680107334329,,,0.538443310303746,2577,2583
traveling,8.79999999999998,30.4138126514911,7316.59933229619,7643.6146596009,327.015327304705,93.1987936530035,92.8930440085296,-0.305749644473934,8.78853210265592,,,2583,2671
planning,0.9,0,7643.6146596009,7670.40725251607,26.7925929151706,92.8930440085296,92.8680772512347,-0.0249667572949051,,,0.860380986697985,2671,2680
dwelling,13.5,0,7670.40725251607,8005.21817168821,334.810919172143,92.8680772512347,92.5567217811258,-0.311355470108865,,13.4999999610021,,2680,2815
planning,0.3,0,8005.21817168821,8012.68748680069,7.46931511247567,92.5567217811258,92.5497749209074,-0.00694686021843438,,,0.226023466933627,2815,2818
traveling,5.9,16.0312195418814,8012.68748680069,8192.82807387095,180.140587070262,92.5497749209074,92.3817786217326,-0.167996299174803,5.95043162720888,,,2818,2877
planning,0.2,0,8192.82807387095,8197.57976293701,4.75168906605904,92.3817786217326,92.3773609704589,-0.00441765127371241,,,0.180801320243992,2877,2879
dwelling,13.8,0,8197.57976293701,8494.56852540804,296.98876247103,92.3773609704589,92.1014898431083,-0.275871127350598,,13.7941176322327,,2879,3017
planning,0.7,0,8494.56852540804,8511.52626375438,16.9577383463366,92.1014898431083,92.0857176133776,-0.0157722297307146,,,0.697201190472007,3017,3024
traveling,5.99999999999999,16.0312195418814,8511.52626375438,8706.91679765836,195.390533903983,92.0857176133776,91.9032359203028,-0.182481693074806,6.02040349847677,,,3024,3084
planning,0.3,0,8706.91679765836,8713.79047697199,6.87367931363042,91.9032359203028,91.8968455915862,-0.00639032871660561,,,0.218063190268957,3084,3087
dwelling,8.39999999999999,0,8713.79047697199,8888.64812653314,174.857649561147,91.8968455915862,91.7344206104637,-0.162424981122427,,8.39999995923525,,3087,3171
planning,0.4,0,8888.64812653314,8898.79142514965,10.1432986165146,91.7344206104637,91.7249791444539,-0.00944146600984652,,,0.366723253796194,3171,3175
traveling,8.29999999999999,28.0178514522438,8898.79142514965,9176.76164463073,277.970219481076,91.7249791444539,91.4652161320784,-0.259763012375529,8.27046191898055,,,3175,3258
planning,0.9,0,9176.76164463073,9200.96308325329,24.2014386225674,91.4652161320784,91.4426692065376,-0.0225469255407091,,,0.808187836083512,3258,3267
dwelling,8.49999999999999,0,9200.96308325329,9408.12095349599,207.157870242698,91.4426692065376,91.2498726403758,-0.192796566161846,,8.44444438257525,,3267,3352
planning,0.7,0,9408.12095349599,9426.8788486678,18.7578951718078,91.2498726403758,91.2323949856022,-0.0174776547736144,,,0.653522938822275,3352,3359
traveling,7.09999999999999,22.1359436211787,9426.8788486678,9677.40266455849,250.523815890694,91.2323949856022,90.9980046728779,-0.234390312724258,7.11287453489662,,,3359,3430
planning,0.3,0,9677.40266455849,9685.43226304612,8.02959848762657,90.9980046728779,90.9905218361272,-0.00748283675073935,,,0.224269117054589,3430,3433
dwelling,9.09999999999999,0,9685.43226304612,9900.1176293634,214.685366317281,90.9905218361272,90.7907199497264,-0.199801886400778,,9.05555552207031,,3433,3524
planning,0.7,0,9900.1176293634,9918.80623231331,18.6886029499128,90.7907199497264,90.7733016062256,-0.0174183435008075,,,0.604204395591537,3524,3531
traveling,8.79999999999998,30.4138126514911,9918.80623231331,10236.1085203388,317.302288025459,90.7733016062256,90.4762389711172,-0.297062635108361,8.78853210268919,,,3531,3619
planning,0.4,0,10236.1085203388,10247.0336398567,10.9251195178877,90.4762389711172,90.4660511638054,-0.0101878073118229,,,0.361649424722117,3619,3623
dwelling,14.3,0,10247.0336398567,10572.9896774653,325.956037608661,90.4660511638054,90.1626623415675,-0.30338882223792,,14.2333333002078,,3623,3766
planning,0.1,0,10572.9896774653,10575.5636069198,2.57392945446009,90.1626623415675,90.1602632336978,-0.00239910786970654,,,0.0441048120346779,3766,3767
traveling,5.9,16.0312195418814,10575.5636069198,10776.7041912131,201.140584293305,90.1602632336978,89.9720132137652,-0.188250019932582,5.95043162775296,,,3767,3826
planning,0.1,0,10776.7041912131,10779.215617912,2.51142669890214,89.9720132137652,89.9696726655075,-0.00234054825770613,,,0.0436894213209824,3826,3827
dwelling,14,0,10779.215617912,11106.3076891182,327.092071206247,89.9696726655075,89.6650306387839,-0.304642026723641,,13.9470588232411,,3827,3967
planning,0.2,0,11106.3076891182,11111.0655752698,4.75788615159217,89.6650306387839,89.6605980152822,-0.00443262350162854,,,0.168808723412624,3967,3969
traveling,5.99999999999999,16.0312195418814,11111.0655752698,11297.9463335502,186.88075828034,89.6605980152822,89.4858669207868,-0.174731094495428,6.02040349797222,,,3969,4029
planning,0.2,0,11297.9463335502,11303.2119783255,5.26564477536522,89.4858669207868,89.4809550022705,-0.00491191851627093,,,0.148239448123899,4029,4031
dwelling,8.39999999999999,0,11303.2119783255,11506.7219787323,203.510000406724,89.4809550022705,89.2912767986518,-0.189678203618712,,8.36666665345461,,4031,4115
planning,0.5,0,11506.7219787323,11520.6412115655,13.9192328332683,89.2912767986518,89.2782817696818,-0.0129950289700105,,,0.426299771854373,4115,4120
traveling,8.29999999999999,28.0178514522438,11520.6412115655,11827.2942416088,306.653030043246,89.2782817696818,88.9907261842558,-0.287555585426006,8.27046191894975,,,4120,4203
planning,0.3,0,11827.2942416088,11835.2680325121,7.97379090336653,88.9907261842558,88.9832842425072,-0.00744194174863821,,,0.210674857360424,4203,4206
dwelling,9.09999999999999,0,11835.2680325121,12033.8143826331,198.546350120991,88.9832842425072,88.7983572955463,-0.184926946960886,,9.02222216064703,,4206,4297
planning,0.1,0,12033.8143826331,12036.352942712,2.53856007887225,88.7983572955463,88.7959889555614,-0.00236833998492614,,,0.074796860990179,4297,4298
traveling,7.09999999999999,22.1359436211787,12036.352942712,12273.0576082408,236.704665528818,88.7959889555614,88.5742985731395,-0.221690382421841,7.11287453387251,,,4298,4369
planning,0.8,0,12273.0576082408,12291.5482710915,18.4906628507069,88.5742985731395,88.5570619719505,-0.0172366011889693,,,0.739268776635415,4369,4377
dwelling,8.49999999999999,0,12291.5482710915,12479.8303334769,188.282062385391,88.5570619719505,88.3816044512528,-0.175457520697719,,8.45555555436855,,4377,4462
planning,0.3,0,12479.8303334769,12487.7279080374,7.8975745605112,88.3816044512528,88.3742308199544,-0.00737363129842095,,,0.282190051813041,4462,4465
traveling,8.79999999999998,30.4138126514911,12487.7279080374,12800.8114765464,313.083568508971,88.3742308199544,88.0806091731446,-0.293621646809825,8.78853210263767,,,4465,4553
planning,0.7,0,12800.8114765464,12819.7262907182,18.9148141718397,88.0806091731446,88.0629392472703,-0.0176699258743014,,,0.685204693948224,4553,4560
dwelling,13.6,0,12819.7262907182,13130.7398842297,311.013593511438,88.0629392472703,87.7728852782982,-0.290053968972046,,13.5666666663715,,4560,4696
planning,0.8,0,13130.7398842297,13149.1585803951,18.4186961654141,87.7728852782982,87.7557051218805,-0.0171801564177372,,,0.749025791050195,4696,4704
traveling,5.9,16.0312195418814,13149.1585803951,13320.112019025,170.953438629947,87.7557051218805,87.5957915586796,-0.159913563200888,5.95043162629804,,,4704,4763
planning,0.4,0,13320.112019025,13328.9317283517,8.81970932661352,87.5957915586796,87.5875673044171,-0.00822425426245843,,,0.388688294860311,4763,4767
dwelling,13.6,0,13328.9317283517,13634.8491131793,305.917384827631,87.5875673044171,87.3021869411306,-0.285380363286549,,13.5058823444153,,4767,4903
planning,0.6,0,13634.8491131793,13652.3569062731,17.5077930937787,87.3021869411306,87.2858049046252,-0.016382036505405,,,0.539928665506323,4903,4909
traveling,5.99999999999999,16.0312195418814,13652.3569062731,13867.6721328104,215.315226537348,87.2858049046252,87.0836656993957,-0.202139205229457,6.02040349833773,,,4909,4969
planning,0.5,0,13867.6721328104,13882.0548130849,14.3826802745025,87.0836656993957,87.0702078547037,-0.0134578446920557,,,0.463440821469541,4969,4974
dwelling,8.19999999999999,0,13882.0548130849,14078.0132036465,195.958390561595,87.0702078547037,86.8872304637313,-0.182977390972354,,8.16666663686342,,4974,5056
planning,0.1,0,14078.0132036465,14080.5591986524,2.5459950059103,86.8872304637313,86.8848513277738,-0.00237913595751138,,,0.0773718457939546,5056,5057
traveling,8.29999999999999,28.0178514522438,14080.5591986524,14363.6997627047,283.140564052297,86.8848513277738,86.6191635537322,-0.265687774041581,8.2704619189131,,,5057,5140
planning,0.9,0,14363.6997627047,14387.5457630613,23.8460003565979,86.6191635537322,86.5968647041635,-0.0222988495687275,,,0.840807202094562,5140,5149
dwelling,8.39999999999999,0,14387.5457630613,14586.0137457595,198.467982698176,86.5968647041635,86.4114926037067,-0.185372100456831,,8.39999993861954,,5149,5233
planning,0.4,0,14586.0137457595,14596.3838698184,10.3701240588962,86.4114926037067,86.4017960881182,-0.00969651558844475,,,0.392758813732747,5233,5237
traveling,7.09999999999999,22.1359436211787,14596.3838698184,14811.247977545,214.864107726567,86.4017960881182,86.2004613149748,-0.201334773143401,7.11287453444204,,,5237,5308
planning,0.7,0,14811.247977545,14828.0618528579,16.8138753128987,86.2004613149748,86.1847501500348,-0.0157111649400576,,,0.696112702514412,5308,5315
dwelling,8.69999999999999,0,14828.0618528579,15016.0050104008,187.943157542939,86.1847501500348,86.0093066493942,-0.17544350064054,,8.61111110957198,,5315,5402
planning,0.9,0,15016.0050104008,15038.2976193036,22.2926089027715,86.0093066493942,85.9884654370355,-0.0208412123586896,,,0.875652451164702,5402,5411
traveling,8.79999999999998,30.4138126514911,15038.2976193036,15365.0421780752,326.744558771608,85.9884654370355,85.6811514863795,-0.307313950656024,8.78853210268002,,,5411,5499
planning,0.9,0,15365.0421780752,15388.6213310625,23.579152987335,85.6811514863795,85.659087096207,-0.0220643901724742,,,0.856114622025035,5499,5508
dwelling,13.7,0,15388.6213310625,15661.3004693137,272.679138251171,85.659087096207,85.4046001023607,-0.254486993846385,,13.6666666516689,,5508,5645
planning,1,0,15661.3004693137,15687.3829612877,26.082491974068,85.4046001023607,85.380188521532,-0.0244115808286551,,,0.980528103422316,5645,5655
traveling,5.9,16.0312195418814,15687.3829612877,15884.6093675795,197.226406291729,85.380188521532,85.1949302204746,-0.185258301057445,5.95043162829554,,,5655,5714
planning,0.8,0,15884.6093675795,15906.0537057577,21.444338178213,85.1949302204746,85.174849473876,-0.0200807465986088,,,0.779781664174147,5714,5722
dwelling,13.3,0,15906.0537057577,16219.1415739773,313.087868219596,85.174849473876,84.882053925101,-0.292795548774961,,13.2999999817631,,5722,5855
planning,0.3,0,16219.1415739773,16226.8282611105,7.68668713323314,84.882053925101,84.87485786701,-0.00719605809095469,,,0.216297359774045,5855,5858
traveling,5.99999999999999,16.0312195418814,16226.8282611105,16415.6376577507,188.809396640198,84.87485786701,84.6975896588829,-0.177268208127117,6.02040349808447,,,5858,5918
planning,0.7,0,16415.6376577507,16433.6337109218,17.9960531711004,84.6975896588829,84.6807387596072,-0.0168508992757666,,,0.647698127084873,5918,5925
dwelling,7.89999999999999,0,16433.6337109218,16613.6893425644,180.055631642539,84.6807387596072,84.5123461174023,-0.168392642204836,,7.89999999267349,,5925,6004
planning,0.3,0,16613.6893425644,16621.5308086161,7.84146605175192,84.5123461174023,84.5050010220369,-0.00734509536546568,,,0.251329465847386,6004,6007
traveling,8.29999999999999,28.0178514522438,16621.5308086161,16909.2721620847,287.741353468573,84.5050010220369,84.2343178955417,-0.270683126495115,8.27046191909841,,,6007,6090
planning,0.1,0,16909.2721620847,16911.8558349407,2.5836728560098,84.2343178955417,84.2318975017813,-0.00242039376041703,,,0.0770661106052837,6090,6091
dwelling,9.39999999999998,0,16911.8558349407,17134.1700125432,222.314177602544,84.2318975017813,84.0238149486954,-0.208082553085944,,9.3222222173795,,6091,6185
planning,0.6,0,17134.1700125432,17150.5227584801,16.3527459369107,84.0238149486954,84.0084828203621,-0.0153321283332417,,,0.568017941407544,6185,6191
traveling,7.09999999999999,22.1359436211787,17150.5227584801,17387.6932513954,237.170492915262,84.0084828203621,83.7854439425458,-0.223038877816379,7.11287453535036,,,6191,6262
planning,0.6,0,17387.6932513954,17403.0884354934,15.395184097968,83.7854439425458,83.7710168330974,-0.014427109448377,,,0.527311418509146,6262,6268
dwelling,8.79999999999999,0,17403.0884354934,17592.8705011726,189.782065679228,83.7710168330974,83.5934792294953,-0.177537603602062,,8.79999993717763,,6268,6356
planning,0.9,0,17592.8705011726,17614.1556928403,21.2851916676846,83.5934792294953,83.5735469810251,-0.0199322484702549,,,0.893607775544047,6356,6365
traveling,8.79999999999998,30.4138126514911,17614.1556928403,17929.1723708286,315.01667798834,83.5735469810251,83.2768057279543,-0.296741253070806,8.78853210269865,,,6365,6453
planning,0.6,0,17929.1723708286,17947.3816797726,18.2093089439622,83.2768057279543,83.2596972101076,-0.0171085178466654,,,0.541155714592774,6453,6459
dwelling,14.1,0,17947.3816797726,18305.247001295,357.865321522382,83.2596972101076,82.9241560837482,-0.335541126359345,,14.0999999986839,,6459,6600
planning,0.3,0,18305.247001295,18314.4619443326,9.21494303766303,82.9241560837482,82.9154939489992,-0.00866213474903077,,,0.205330685500535,6600,6603
traveling,5.9,16.0312195418814,18314.4619443326,18543.1362848908,228.674340558126,82.9154939489992,82.6996627978207,-0.215831151178506,5.95043162811514,,,6603,6662
planning,0.6,0,18543.1362848908,18560.1050743211,16.9687894303024,82.6996627978207,82.683726185709,-0.0159366121117017,,,0.527758331306808,6662,6668
dwelling,13.5,0,18560.1050743211,18894.3097565446,334.204682223568,82.683726185709,82.3702990538439,-0.313427131865154,,13.4823529418826,,6668,6803
planning,0.8,0,18894.3097565446,18917.2169776378,22.9072210931736,82.3702990538439,82.3487750102075,-0.0215240436363473,,,0.782336344136077,6803,6811
traveling,5.99999999999999,16.0312195418814,18917.2169776378,19139.7576453319,222.540667694131,82.3487750102075,82.1387986434911,-0.209976366716361,6.02040349877459,,,6811,6871
planning,0.7,0,19139.7576453319,19161.6304210329,21.8727757009547,82.1387986434911,82.1182177508895,-0.0205808926016147,,,0.690769621769304,6871,6878
dwelling,8.09999999999999,0,19161.6304210329,19369.1656686282,207.535247595315,82.1182177508895,81.9234146005077,-0.194803150381816,,8.06666666437992,,6878,6959
planning,0.9,0,19369.1656686282,19391.7653470168,22.5996783886003,81.9234146005077,81.9022044767548,-0.0212101237528657,,,0.817329219945034,6959,6968
traveling,8.29999999999999,28.0178514522438,19391.7653470168,19687.9637815303,296.198434513477,81.9022044767548,81.6227805218549,-0.279423954899926,8.27046273677964,,,6968,7051
planning,0.1,0,19687.9637815303,19690.8972383034,2.93345677314937,81.6227805218549,81.6200213938091,-0.00275912804578127,,,0.0792568628065889,7051,7052
dwelling,9.39999999999998,0,19690.8972383034,19950.107828199,259.210589895567,81.6200213938091,81.3763787354853,-0.243642658323864,,9.39999999516271,,7052,7146
planning,0.7,0,19950.107828199,19972.1567099746,22.0488817756195,81.3763787354853,81.3556145969745,-0.0207641385108133,,,0.68106152162319,7146,7153
traveling,7.09999999999999,22.1359436211787,19972.1567099746,20233.0418314113,260.885121436684,81.3556145969745,81.1092836745943,-0.24633092238021,7.11287453625579,,,7153,7224
planning,0.5,0,20233.0418314113,20247.3962221843,14.3543907729982,81.1092836745943,81.0957794401647,-0.0135042344295044,,,0.432699222306564,7224,7229
dwelling,8.99999999999999,0,20247.3962221843,20464.6618738371,217.265651652797,81.0957794401647,80.891777066839,-0.204002373325793,,8.98888888862648,,7229,7319
planning,1,0,20464.6618738371,20491.6982662545,27.0363924173653,80.891777066839,80.8663555566802,-0.0254215101587789,,,0.926150727184998,7319,7329
traveling,8.79999999999998,30.4138126514911,20491.6982662545,20819.6341349107,327.935868656219,80.8663555566802,80.5564495896623,-0.309905967017883,8.78853210271252,,,7329,7417
planning,0.2,0,20819.6341349107,20825.0923014455,5.45816653477959,80.5564495896623,80.5513152587346,-0.0051343309277172,,,0.102034792138577,7417,7419
dwelling,14.6,0,20825.0923014455,21165.3803888661,340.288087420671,80.5513152587346,80.2317397776385,-0.319575481096123,,14.5999999387284,,7419,7565
planning,0.3,0,21165.3803888661,21173.4686260767,8.08823721054068,80.2317397776385,80.2241301537516,-0.00760962388686437,,,0.260669434241915,7565,7568
traveling,5.9,16.0312195418814,21173.4686260767,21408.3748654451,234.906239368425,80.2241301537516,80.0016950082771,-0.22243514547452,5.95043163027271,,,7568,7627
planning,0.8,0,21408.3748654451,21432.0962784514,23.721413006333,80.0016950082771,79.9793447112356,-0.0223502970414842,,,0.780655534551607,7627,7635
dwelling,13.5,0,21432.0962784514,21739.5991409228,307.502862471381,79.9793447112356,79.6904679134518,-0.288876797783814,,13.4941176353356,,7635,7770
planning,0.6,0,21739.5991409228,21755.0422347876,15.4430938647747,79.6904679134518,79.6759389379399,-0.014528975511908,,,0.584077323333388,7770,7776
traveling,5.99999999999999,16.0312195418814,21755.0422347876,21946.6019754041,191.559740616492,79.6759389379399,79.4951685914258,-0.180770346514038,6.02040349877191,,,7776,7836
planning,0.9,0,21946.6019754041,21969.1882219974,22.5862465932878,79.4951685914258,79.4739212752917,-0.021247316134108,,,0.89569483147989,7836,7845
dwelling,7.89999999999999,0,21969.1882219974,22137.2348466802,168.046624682822,79.4739212752917,79.3160927682995,-0.157828506992232,,7.86666666144503,,7845,7924
planning,0.1,0,22137.2348466802,22139.5749948625,2.34014818226933,79.3160927682995,79.3138926722921,-0.00220009600739957,,,0.0990073323604962,7924,7925
traveling,8.29999999999999,28.0178514522438,22139.5749948625,22411.783327642,272.20833277953,79.3138926722921,79.056763993667,-0.257128678625108,8.27046273627023,,,7925,8008
planning,0.5,0,22411.783327642,22423.9484519039,12.1651242619409,79.056763993667,79.0453191084134,-0.0114448852535673,,,0.409391398065276,8008,8013
dwelling,8.99999999999999,0,22423.9484519039,22623.8452636387,199.896811734805,79.0453191084134,78.8574132545495,-0.18790585386391,,8.94444441802835,,8013,8103
planning,1,0,22623.8452636387,22650.8824141047,27.0371504659452,78.8574132545495,78.8319402218923,-0.0254730326571746,,,0.933978515783283,8103,8113
traveling,7.09999999999999,22.1359436211787,22650.8824141047,22903.6316716553,252.749257550593,78.8319402218923,78.5927886865745,-0.239151535317788,7.11287453580347,,,8113,8184
planning,0.8,0,22903.6316716553,22927.0330144022,23.401342746889,78.5927886865745,78.5707130409882,-0.0220756455863551,,,0.738104279761543,8184,8192
dwelling,8.69999999999999,0,22927.0330144022,23145.3183634107,218.285349008536,78.5707130409882,78.3651582989274,-0.20555474206077,,8.64444443476947,,8192,8279
planning,0.6,0,23145.3183634107,23161.2025400733,15.8841766625592,78.3651582989274,78.3501895321637,-0.0149687667637153,,,0.536379244180853,8279,8285
traveling,8.79999999999998,30.4138126514911,23161.2025400733,23479.3640806114,318.16154053812,78.3501895321637,78.0489197066606,-0.301269825503127,8.78853210270781,,,8285,8373
planning,0.3,0,23479.3640806114,23487.658181116,8.29410050464139,78.0489197066606,78.0410969726054,-0.00782273405518197,,,0.231778578517614,8373,8376
dwelling,14.5,0,23487.658181116,23799.0685525774,311.410371461432,78.0410969726054,77.7481559758236,-0.292940996781837,,14.4666666551633,,8376,8521
planning,0.6,0,23799.0685525774,23812.4200410937,13.3514885162076,77.7481559758236,77.7355902991553,-0.0125656766682738,,,0.552723307388929,8521,8527
traveling,5.9,16.0312195418814,23812.4200410937,23993.7315227718,181.311481678174,77.7355902991553,77.564227534446,-0.171362764709315,5.950431629197,,,8527,8586
planning,0.2,0,23993.7315227718,23999.0697521161,5.3382293442628,77.564227534446,77.5591924125843,-0.00503512186166688,,,0.126019252113497,8586,8588
dwelling,14,0,23999.0697521161,24343.2174056432,344.147653527154,77.5591924125843,77.2348340634689,-0.324358349115357,,13.9882352549811,,8588,8728
planning,1,0,24343.2174056432,24371.0048246773,27.7874190340299,77.2348340634689,77.2086020300667,-0.026232033402195,,,0.945855681686318,8728,8738
traveling,5.99999999999999,16.0312195418814,24371.0048246773,24590.521718447,219.516893769684,77.2086020300667,77.0004541430387,-0.208147887028062,6.02040349919599,,,8738,8798
planning,0.6,0,24590.521718447,24607.3185012032,16.7967827562316,77.0004541430387,76.9845923736848,-0.0158617693538332,,,0.591552824402699,8798,8804
dwelling,8.29999999999999,0,24607.3185012032,24820.7543564766,213.435855273423,76.9845923736848,76.7832214516961,-0.20137092198874,,8.26666665921038,,8804,8887
planning,0.4,0,24820.7543564766,24832.5687170611,11.8143605844816,76.7832214516961,76.7720544078252,-0.0111670438708984,,,0.388887339992728,8887,8891
traveling,8.29999999999999,28.0178514522438,24832.5687170611,25174.8700394216,342.301322360512,76.7720544078252,76.4466177014815,-0.325436706343694,8.27046273688162,,,8891,8974
planning,0.8,0,25174.8700394216,25200.1687636327,25.2987242110503,76.4466177014815,76.4226736083464,-0.0239440931351567,,,0.73046276893506,8974,8982
dwelling,8.79999999999999,0,25200.1687636327,25413.3983756518,213.229612019171,76.4226736083464,76.2214866834708,-0.201186924875515,,8.7111111002006,,8982,9070
planning,0.4,0,25413.3983756518,25422.9371657216,9.53879006972784,76.2214866834708,76.2124887288717,-0.00899795459915254,,,0.378400520702662,9070,9074
traveling,7.09999999999999,22.1359436211787,25422.9371657216,25642.3946397966,219.457474075021,76.2124887288717,76.0047418386774,-0.207746890194258,7.11287453636862,,,9074,9145
planning,0.5,0,25642.3946397966,25654.4045226072,12.0098828106347,76.0047418386774,75.9934094706757,-0.0113323680017459,,,0.490098556340559,9145,9150
dwelling,8.99999999999999,0,25654.4045226072,25860.1794891595,205.774966552279,75.9934094706757,75.7993225405146,-0.194086930161134,,8.99999998981105,,9150,9240
planning,1,0,25860.1794891595,25886.8042665647,26.624777405159,75.7993225405146,75.7741642169041,-0.0251583236104125,,,0.935699705658125,9240,9250
traveling,8.79999999999998,30.4138126514911,25886.8042665647,26219.5651029674,332.760836402751,75.7741642169041,75.4579345611402,-0.316229655763934,8.78853210270334,,,9250,9338
planning,0.3,0,26219.5651029674,26228.2285101508,8.66340718338688,75.4579345611402,75.4497370035492,-0.0081975575910036,,,0.293706246279026,9338,9341
dwelling,14.5,0,26228.2285101508,26566.5781845371,338.349674386343,75.4497370035492,75.1303271582852,-0.319409845264033,,14.433333273664,,9341,9486
planning,0.1,0,26566.5781845371,26569.469153383,2.89096884590253,75.1303271582852,75.1275906676321,-0.00273649065307779,,,0.0870713400922664,9486,9487
traveling,5.9,16.0312195418814,26569.469153383,26785.9940132494,216.524859866342,75.1275906676321,74.9218265450518,-0.205764122580291,5.95043162883682,,,9487,9546
planning,0.5,0,26785.9940132494,26800.3800636372,14.3860503878059,74.9218265450518,74.9082069162993,-0.0136196287525365,,,0.435104745920375,9546,9551
dwelling,13.7,0,26800.3800636372,27108.4846137709,308.104550133685,74.9082069162993,74.6172813720635,-0.290925544235748,,13.6529411304301,,9551,9688
planning,0.6,0,27108.4846137709,27121.3426910291,12.8580772581809,74.6172813720635,74.6051453645948,-0.0121360074687402,,,0.51776297618474,9688,9694
traveling,5.99999999999999,16.0312195418814,27121.3426910291,27315.3327916329,193.990100603838,74.6051453645948,74.4210430891005,-0.184102275494297,6.02040349895699,,,9694,9754
planning,0.7,0,27315.3327916329,27332.6692304173,17.3364387844522,74.4210430891005,74.4046517649734,-0.0163913241270421,,,0.638663899904845,9754,9761
dwelling,8.09999999999999,0,27332.6692304173,27505.239951915,172.570721497636,74.4046517649734,74.2417308339831,-0.162920930990325,,8.03333329571748,,9761,9842
planning,0.7,0,27505.239951915,27521.709146667,16.4691947520296,74.2417308339831,74.2261653590703,-0.0155654749128331,,,0.690013693341833,9842,9849
traveling,8.29999999999999,28.0178514522438,27521.709146667,27780.6883441115,258.979197444536,74.2261653590703,73.9804512399626,-0.245714119107717,8.2704627365759,,,9849,9932
planning,0.1,0,27780.6883441115,27783.0328647871,2.34452067556776,73.9804512399626,73.9782348586304,-0.00221638133211854,,,0.0844450719310088,9932,9933
dwelling,9.39999999999998,0,27783.0328647871,28003.5750773072,220.542212520082,73.9782348586304,73.769713461617,-0.208521397013484,,9.37777777074808,,9933,10027
planning,0.2,0,28003.5750773072,28009.0670702874,5.49199298021267,73.769713461617,73.7645108530134,-0.00520260860355393,,,0.140424444896955,10027,10029
traveling,7.09999999999999,22.1359436211787,28009.0670702874,28240.0958029583,231.028732670933,73.7645108530134,73.5450962019912,-0.219414651022191,7.11287453523693,,,10029,10100
planning,0.9,0,28240.0958029583,28262.751537183,22.6557342246997,73.5450962019912,73.5236515037498,-0.0214446982413676,,,0.830302773544174,10100,10109
dwelling,8.49999999999999,0,28262.751537183,28441.6997593314,178.948222148327,73.5236515037498,73.3545654092271,-0.169086094522754,,8.48888886311065,,10109,10194
planning,0.4,0,28441.6997593314,28450.802842553,9.10308322165292,73.3545654092271,73.3459567759281,-0.00860863329900496,,,0.355349182301921,10194,10198
traveling,8.79999999999998,30.4138126514911,28450.802842553,28709.7920177048,258.989175151775,73.3459567759281,73.1002150297143,-0.245741746213767,8.78853210265576,,,10198,10286
planning,0.5,0,28709.7920177048,28720.788353302,10.9963355972141,73.1002150297143,73.0898167646845,-0.0103982650298065,,,0.484991309547116,10286,10291
dwelling,13.9,0,28720.788353302,28988.1457468351,267.357393533111,73.0898167646845,72.8372683138836,-0.25254845080093,,13.899999955712,,10291,10430
planning,0.1,0,28988.1457468351,28990.5555181801,2.40977134501736,72.8372683138836,72.8349867704645,-0.00228154341913012,,,0.0170849060354217,10430,10431
traveling,5.9,16.0312195418814,28990.5555181801,29172.7172565171,182.161738336988,72.8349867704645,72.6619133835252,-0.173073386939237,5.95043162666325,,,10431,10490
planning,0.8,0,29172.7172565171,29190.0902864176,17.373029900431,72.6619133835252,72.6454794947604,-0.0164338887647801,,,0.768325103241626,10490,10498
dwelling,13.2,0,29190.0902864176,29474.3263746642,284.236088246664,72.6454794947604,72.3765793771382,-0.268900117622266,,13.1411764710807,,10498,10630
planning,0.8,0,29474.3263746642,29491.3454933926,17.0191187283817,72.3765793771382,72.3604785156851,-0.0161008614531113,,,0.729720647851297,10630,10638
traveling,5.99999999999999,16.0312195418814,29491.3454933926,29650.1049310919,158.759437699326,72.3604785156851,72.2098903736161,-0.150588142068983,6.02040349861048,,,10638,10698
planning,0.4,0,29650.1049310919,29659.2187080085,9.11377691659072,72.2098903736161,72.201260858859,-0.00862951475707519,,,0.37516415666569,10698,10702
dwelling,8.39999999999999,0,29659.2187080085,29851.4197321231,192.201024114598,72.201260858859,72.0192403913323,-0.182020467526669,,8.33333332759501,,10702,10786
planning,0.6,0,29851.4197321231,29867.3855669386,15.9658348155135,72.0192403913323,72.004093044231,-0.0151473471013759,,,0.599024171709355,10786,10792
traveling,8.29999999999999,28.0178514522438,29867.3855669386,30155.4133318251,288.027764886428,72.004093044231,71.7297020726741,-0.274390971556826,8.27046191897531,,,10792,10875
planning,0.8,0,30155.4133318251,30176.5299784914,21.1166466663381,71.7297020726741,71.7096635615248,-0.0200385111492949,,,0.775531330701923,10875,10883
dwelling,8.59999999999999,0,30176.5299784914,30369.3373046931,192.807326201706,71.7096635615248,71.5270120867655,-0.182651474759339,,8.54444444287527,,10883,10969
planning,0.8,0,30369.3373046931,30389.4436532882,20.1063485951054,71.5270120867655,71.5079391124946,-0.0190729742708839,,,0.791076918535172,10969,10977
traveling,7.09999999999999,22.1359436211787,30389.4436532882,30651.465068281,262.021414992811,71.5079391124946,71.2579175033019,-0.250021609192729,7.11287453523693,,,10977,11048
planning,0.6,0,30651.465068281,30667.7561002165,16.2910319354814,71.2579175033019,71.2424448352698,-0.0154726680320607,,,0.513368359157972,11048,11054
dwelling,8.79999999999999,0,30667.7561002165,30880.9183235233,213.162223306816,71.2424448352698,71.0402378612617,-0.202206974008092,,8.78888887489165,,11054,11142
planning,1,0,30880.9183235233,30908.2627588604,27.3444353371051,71.0402378612617,71.0142583208264,-0.025979540435344,,,0.988236784436241,11142,11152
traveling,8.79999999999998,30.4138126514911,30908.2627588604,31215.1638532073,306.901094346904,71.0142583208264,70.7215553528575,-0.292702967968921,8.78853210270808,,,11152,11240
planning,0.2,0,31215.1638532073,31220.4623651447,5.29851193742434,70.7215553528575,70.7165215898802,-0.00503376297724856,,,0.139050647841577,11240,11242
dwelling,14.6,0,31220.4623651447,31550.8805854534,330.418220308624,70.7165215898802,70.4031120348266,-0.313409555053639,,14.5666666650308,,11242,11388
planning,0.5,0,31550.8805854534,31564.6456722541,13.7650868007659,70.4031120348266,70.3900237546817,-0.0130882801448422,,,0.400167024519524,11388,11393
traveling,5.9,16.0312195418814,31564.6456722541,31765.4977638778,200.852091623634,70.3900237546817,70.1984144856303,-0.191609269051469,5.95043162991476,,,11393,11452
planning,0.7,0,31765.4977638778,31783.7340487191,18.236284841325,70.1984144856303,70.1810827055453,-0.0173317800849588,,,0.661282072011364,11452,11459
dwelling,13.6,0,31783.7340487191,32091.2586112426,307.524562523493,70.1810827055453,69.8892235789459,-0.291859126599391,,13.5588234887638,,11459,11595
planning,0.8,0,32091.2586112426,32110.7717480295,19.513136786929,69.8892235789459,69.8706861126049,-0.0185374663410443,,,0.733746404972057,11595,11603
traveling,5.99999999999999,16.0312195418814,32110.7717480295,32309.7769922998,199.00524427032,69.8706861126049,69.6807715223717,-0.189914590233201,6.02040349905579,,,11603,11663
planning,0.1,0,32309.7769922998,32312.1995820502,2.42258975037839,69.6807715223717,69.678469734373,-0.00230178799868952,,,0.0696739378036068,11663,11664
dwelling,8.79999999999999,0,32312.1995820502,32482.8412365141,170.641654463932,69.678469734373,69.5166752645109,-0.161794469862102,,8.73333330862713,,11664,11752
planning,0.2,0,32482.8412365141,32486.9410158311,4.09977931698086,69.5166752645109,69.5127858942721,-0.00388937023876679,,,0.138185884950589,11752,11754
traveling,8.29999999999999,28.0178514522438,32486.9410158311,32728.8883962149,241.947380383794,69.5127858942721,69.282248506701,-0.230537387571133,8.27046273677967,,,11754,11837
planning,1,0,32728.8883962149,32751.3476007138,22.4592044989113,69.282248506701,69.2609168232302,-0.0213316834707484,,,0.962082218257669,11837,11847
dwelling,8.49999999999999,0,32751.3476007138,32939.3510516903,188.003450976463,69.2609168232302,69.0823536218431,-0.178563201387092,,8.49999994514334,,11847,11932
planning,0.2,0,32939.3510516903,32944.4308295773,5.07977788699645,69.0823536218431,69.077521267883,-0.00483235396013981,,,0.149110502005001,11932,11934
traveling,7.09999999999999,22.1359436211787,32944.4308295773,33184.397898816,239.967069238686,69.077521267883,68.8482650535282,-0.22925621435482,7.11287453557699,,,11934,12005
planning,0.1,0,33184.397898816,33187.0564240371,2.65852522112982,68.8482650535282,68.845733959681,-0.0025310938472245,,,0.0352005225064934,12005,12006
dwelling,9.39999999999998,0,33187.0564240371,33406.388546608,219.332122570908,68.845733959681,68.6372009021036,-0.208533057577384,,9.32222218942286,,12006,12100
planning,0.6,0,33406.388546608,33422.2300491861,15.8415025780851,68.6372009021036,68.6221162721141,-0.0150846299894596,,,0.565352055721245,12100,12106
traveling,8.79999999999998,30.4138126514911,33422.2300491861,33706.5186390155,284.288589829397,68.6221162721141,68.3505690901028,-0.271547182011318,8.78853210266982,,,12106,12194
planning,1,0,33706.5186390155,33729.4102086368,22.8915696212571,68.3505690901028,68.3287995880331,-0.0217695020697306,,,0.97523917151878,12194,12204
dwelling,13.5,0,33729.4102086368,34037.0493648913,307.639156254569,68.3287995880331,68.0361954966678,-0.292604091365305,,13.4999999254353,,12204,12339
planning,0.9,0,34037.0493648913,34060.4569780934,23.4076132020855,68.0361954966678,68.0138950422625,-0.0223004544052685,,,0.833450419024462,12339,12348
traveling,5.9,16.0312195418814,34060.4569780934,34259.2269267261,198.769948632675,68.0138950422625,67.8237902321777,-0.190104810084776,5.95043162811517,,,12348,12407
planning,0.3,0,34259.2269267261,34267.4742637979,8.2473370718435,67.8237902321777,67.8159257135257,-0.00786451865204185,,,0.281077235297717,12407,12410
dwelling,13.8,0,34267.4742637979,34579.8942081368,312.419944338872,67.8159257135257,67.5186191913421,-0.297306522183575,,13.7823529365914,,12410,12548
planning,1,0,34579.8942081368,34604.1815661959,24.2873580591113,67.5186191913421,67.4954853961462,-0.0231337951959034,,,0.908102451526495,12548,12558
traveling,5.99999999999999,16.0312195418814,34604.1815661959,34802.2647577036,198.0831915077,67.4954853961462,67.3059679440318,-0.189517452114387,6.02040349907513,,,12558,12618
planning,0.3,0,34802.2647577036,34809.9510752488,7.68631754520902,67.3059679440318,67.2986404487234,-0.00732749530840238,,,0.252956933660542,12618,12621
dwelling,8.59999999999999,0,34809.9510752488,35006.71814728,196.767072031136,67.2986404487234,67.1112725196993,-0.187367929024148,,8.53333332915024,,12621,12707
planning,1,0,35006.71814728,35033.5325289093,26.8143816293159,67.1112725196993,67.0856895215038,-0.0255829981955031,,,0.988675774137523,12707,12717
traveling,8.29999999999999,28.0178514522438,35033.5325289093,35335.5070242824,301.974495373172,67.0856895215038,66.7961770039557,-0.289512517548005,8.27046273738981,,,12717,12800
planning,0.3,0,35335.5070242824,35343.8894953385,8.38247105610208,66.7961770039557,66.7881724798863,-0.00800452406944885,,,0.235746350088228,12800,12803
dwelling,9.29999999999998,0,35343.8894953385,35566.8530340081,222.963538669508,66.7881724798863,66.5756266811684,-0.212545798717926,,9.26666662880628,,12803,12896
planning,0.7,0,35566.8530340081,35585.2639504612,18.4109164530964,66.5756266811684,66.5580547093023,-0.0175719718660616,,,0.644290523477278,12896,12903
traveling,7.09999999999999,22.1359436211787,35585.2639504612,35829.6056312479,244.341680786711,66.5580547093023,66.3238547639557,-0.234199945346646,7.11287453727097,,,12903,12974
planning,1,0,35829.6056312479,35856.4130828491,26.8074516012639,66.3238547639557,66.2982552564004,-0.0255995075552278,,,0.958593973515384,12974,12984
dwelling,8.59999999999999,0,35856.4130828491,36055.5119720673,199.098889218156,66.2982552564004,66.1084271162321,-0.189828140168316,,8.58888886244355,,12984,13070
planning,0.7,0,36055.5119720673,36074.5011635939,18.9891915265907,66.1084271162321,66.0902864121432,-0.0181407040889212,,,0.660736354202089,13070,13077
traveling,8.79999999999998,30.4138126514911,36074.5011635939,36423.2350743571,348.733910763251,66.0902864121432,65.7549543473354,-0.335332064807844,8.7885321027078,,,13077,13165
planning,0.3,0,36423.2350743571,36431.6939553143,8.45888095720147,65.7549543473354,65.7468660790515,-0.00808826828389897,,,0.248194699867659,13165,13168
dwelling,14.5,0,36431.6939553143,36767.8144469549,336.120491640584,65.7468660790515,65.4261620394051,-0.320704039646401,,14.4666666606175,,13168,13313
planning,0.4,0,36767.8144469549,36778.6108154215,10.796368466632,65.4261620394051,65.4158405536349,-0.010321485770163,,,0.383518573304277,13313,13317
traveling,5.9,16.0312195418814,36778.6108154215,36986.4781563276,207.867340906028,65.4158405536349,65.2162695421837,-0.19957101145117,5.95043163062944,,,13317,13376
planning,0.5,0,36986.4781563276,37000.3616031866,13.8834468590721,65.2162695421837,65.202988622155,-0.0132809200286772,,,0.47565823743146,13376,13381
dwelling,13.9,0,37000.3616031866,37339.9932442461,339.631641059452,65.202988622155,64.8785338642676,-0.324454757887494,,13.8294117161836,,13381,13520
planning,0.2,0,37339.9932442461,37345.0066105097,5.01336626357079,64.8785338642676,64.8737422659236,-0.00479159834392817,,,0.137888598914117,13520,13522
traveling,5.99999999999999,16.0312195418814,37345.0066105097,37537.6599835551,192.653373045439,64.8737422659236,64.6889462366505,-0.184796029273102,6.02040349833725,,,13522,13582
planning,0.9,0,37537.6599835551,37560.6646765086,23.004692953451,64.6889462366505,64.6669488605802,-0.0219973760703027,,,0.805759396564239,13582,13591
dwelling,7.79999999999999,0,37560.6646765086,37727.9676792881,167.303002779518,64.6669488605802,64.5072610777997,-0.159687782780523,,7.76666666612925,,13591,13669
planning,0.6,0,37727.9676792881,37741.9558993195,13.9882200314241,64.5072610777997,64.4938966429077,-0.013364434891983,,,0.56339163607236,13669,13675
traveling,8.29999999999999,28.0178514522438,37741.9558993195,37984.20296333,242.247064010546,64.4938966429077,64.2617400534506,-0.232156589457077,8.2704627362702,,,13675,13758
planning,0.4,0,37984.20296333,37993.9223420981,9.71937876802258,64.2617400534506,64.2524471535338,-0.00929289991681514,,,0.392172659070687,13758,13762
dwelling,9.09999999999999,0,37993.9223420981,38177.1636437896,183.241301691567,64.2524471535338,64.0775656183655,-0.174881535168282,,9.04444443209398,,13762,13853
planning,0.9,0,38177.1636437896,38199.2539768318,22.0903330422152,64.0775656183655,64.0564372000295,-0.021128418336076,,,0.852579462712376,13853,13862
traveling,7.09999999999999,22.1359436211787,38199.2539768318,38444.5486115244,245.294634692589,64.0564372000295,63.820628709872,-0.235808490157467,7.1128745359166,,,13862,13933
planning,0.9,0,38444.5486115244,38469.213334784,24.6647232595496,63.820628709872,63.7969991387838,-0.0236295710881933,,,0.861215685576114,13933,13942
dwelling,8.59999999999999,0,38469.213334784,38684.1430933099,214.929758525905,63.7969991387838,63.591294130848,-0.205705007935819,,8.55555552411688,,13942,14028
planning,0.7,0,38684.1430933099,38702.8149766305,18.6718833206323,63.591294130848,63.5734071902632,-0.0178869405848232,,,0.672891960840949,14028,14035
traveling,8.79999999999998,30.4138126514911,38702.8149766305,39031.5160539556,328.701077325037,63.5734071902632,63.2567793868183,-0.316627803444888,8.78853210270766,,,14035,14123
planning,0.7,0,39031.5160539556,39051.1070821509,19.5910281953475,63.2567793868183,63.2379927760175,-0.018786610800781,,,0.653201801188107,14123,14130
dwelling,14.1,0,39051.1070821509,39396.3595627772,345.25248062631,63.2379927760175,62.9073854185564,-0.330607357461105,,14.0666666666732,,14130,14271
planning,1,0,39396.3595627772,39423.6022237196,27.2426609424001,62.9073854185564,62.8812593738516,-0.0261260447047817,,,0.973193476806613,14271,14281
traveling,5.9,16.0312195418814,39423.6022237196,39625.2775129363,201.675289216721,62.8812593738516,62.6871469014615,-0.194112472390096,5.95043163063006,,,14281,14340
planning,0.7,0,39625.2775129363,39642.7560291433,17.4785162069529,62.6871469014615,62.6703983729959,-0.0167485284655626,,,0.656245337615855,14340,14347
dwelling,13.7,0,39642.7560291433,39955.0246529551,312.268623811855,62.6703983729959,62.3714123002175,-0.298986072778447,,13.6294117641564,,14347,14484
planning,0.9,0,39955.0246529551,39978.4645058696,23.4398529144673,62.3714123002175,62.3489312642304,-0.0224810359870773,,,0.802193946106675,14484,14493
traveling,5.99999999999999,16.0312195418814,39978.4645058696,40178.3773009878,199.912795118224,62.3489312642304,62.1564503781261,-0.192480886104327,6.02040349932941,,,14493,14553
planning,1,0,40178.3773009878,40203.7770710403,25.3997700524633,62.1564503781261,62.1320906205926,-0.0243597575334888,,,0.907255035758638,14553,14563
dwelling,7.89999999999999,0,40203.7770710403,40388.6495989764,184.872527936073,62.1320906205926,61.9549259944691,-0.177164626123499,,7.8999999910535,,14563,14642
planning,0.8,0,40388.6495989764,40411.251818399,22.6022194226243,61.9549259944691,61.9332146954915,-0.0217112989775856,,,0.794192132871177,14642,14650
traveling,8.29999999999999,28.0178514522438,40411.251818399,40717.1167346584,305.864916259394,61.9332146954915,61.6380480563549,-0.29516663913666,8.27046273789768,,,14650,14733
planning,0.5,0,40717.1167346584,40730.4657146662,13.3489800078169,61.6380480563549,61.6252297842213,-0.0128182721335506,,,0.488463093425593,14733,14738
dwelling,9.19999999999999,0,40730.4657146662,40945.9774609947,215.511746328513,61.6252297842213,61.4185758170994,-0.206653967121888,,9.12222217954597,,14738,14830
planning,0.8,0,40945.9774609947,40968.488527121,22.5110661262879,61.4185758170994,61.396938948266,-0.021636868833383,,,0.769845497502,14830,14838
traveling,7.09999999999999,22.1359436211787,40968.488527121,41203.8873809488,235.398853827835,61.396938948266,61.1700723491473,-0.226866599118765,7.11287453794564,,,14838,14909
planning,0.8,0,41203.8873809488,41222.6857542998,18.7983733509391,61.1700723491473,61.1520381045379,-0.0180342446094102,,,0.773988667106995,14909,14917
dwelling,8.89999999999999,0,41222.6857542998,41411.5173074636,188.831553163829,61.1520381045379,60.9710534226325,-0.180984681905329,,8.85555555200548,,14917,15006
planning,0.9,0,41411.5173074636,41434.4155743075,22.8982668439348,60.9710534226325,60.9490601378975,-0.0219932847350535,,,0.822282703089548,15006,15015
traveling,8.79999999999998,30.4138126514911,41434.4155743075,41725.6390209902,291.223446682663,60.9490601378975,60.6682300386371,-0.280830099260356,8.78853210273141,,,15015,15103
planning,1,0,41725.6390209902,41749.7048414584,24.0658204681895,60.6682300386371,60.6451218532878,-0.0231081853493436,,,0.91233747192129,15103,15113
dwelling,14,0,41749.7048414584,42031.4335119923,281.728670533928,60.6451218532878,60.375049797075,-0.270072056212769,,13.9333333102871,,15113,15253
planning,0.1,0,42031.4335119923,42033.6905609417,2.25704894934461,60.375049797075,60.3728833290189,-0.00216646805608889,,,0.0573861544186158,15253,15254
traveling,5.9,16.0312195418814,42033.6905609417,42195.9221760569,162.231615115277,60.3728833290189,60.2167640385835,-0.156119290435456,5.95043163098612,,,15254,15313
planning,0.2,0,42195.9221760569,42200.2189787417,4.29680268473749,60.2167640385835,60.2126409696965,-0.00412306888701863,,,0.196213851072261,15313,15315
dwelling,14.2,0,42200.2189787417,42500.6963093819,300.477330640191,60.2126409696965,59.9242936912998,-0.28834727839665,,14.1647058313001,,15315,15457
planning,1,0,42500.6963093819,42527.4142962297,26.7179868477906,59.9242936912998,59.8985825818742,-0.0257111094256501,,,0.934720449672889,15457,15467
traveling,5.99999999999999,16.0312195418814,42527.4142962297,42726.1458699964,198.731573766716,59.8985825818742,59.706689658741,-0.191892923133182,6.02040349948774,,,15467,15527
planning,1,0,42726.1458699964,42752.5194538588,26.3735838623834,59.706689658741,59.6813070510682,-0.025382607672789,,,0.999125415127547,15527,15537
dwelling,7.99999999999999,0,42752.5194538588,42942.9173449889,190.397891130095,59.6813070510682,59.4982616758234,-0.183045375244774,,7.93333332762779,,15537,15617
planning,0.1,0,42942.9173449889,42945.5100476162,2.59270262734935,59.4982616758234,59.4957663092658,-0.00249536655760352,,,0.0285722006758137,15617,15618
traveling,8.29999999999999,28.0178514522438,42945.5100476162,43256.0168299953,310.506782379089,59.4957663092658,59.1951336985635,-0.300632610702316,8.27046273708482,,,15618,15701
planning,0.3,0,43256.0168299953,43265.1367714555,9.11994146021607,59.1951336985635,59.1863339496357,-0.00879974892776403,,,0.280984773961943,15701,15704
dwelling,9.29999999999998,0,43265.1367714555,43495.0826696494,229.94589819391,59.1863339496357,58.9650203742739,-0.221313575361854,,9.23333327801894,,15704,15797
planning,0.4,0,43495.0826696494,43505.1146950311,10.0320253816535,58.9650203742739,58.9553622443969,-0.00965812987698911,,,0.354840487231913,15797,15801
traveling,7.09999999999999,22.1359436211787,43505.1146950311,43722.9953137039,217.880618672832,58.9553622443969,58.7449807997042,-0.210381444692672,7.11287453602945,,,15801,15872
planning,0.1,0,43722.9953137039,43725.2709838155,2.27567011158681,58.7449807997042,58.7427917538652,-0.00218904583896062,,,0.0530093578860151,15872,15873
dwelling,9.39999999999998,0,43725.2709838155,43933.5573887878,208.286404972278,58.7427917538652,58.5424490734256,-0.200342680439682,,9.36666665819639,,15873,15967
planning,0.1,0,43933.5573887878,43936.3667499628,2.80936117498641,58.5424490734256,58.5397390685958,-0.00271000482976547,,,0.0331868807469328,15967,15968
traveling,8.79999999999998,30.4138126514911,43936.3667499628,44247.0133023433,310.646552380516,58.5397390685958,58.2389341729066,-0.300804895689247,8.78853210266109,,,15968,16056
planning,0.3,0,44247.0133023433,44254.7051456092,7.69184326594404,58.2389341729066,58.2315201045205,-0.00741406838604775,,,0.273727668023782,16056,16059
dwelling,14.2,0,44254.7051456092,44560.5670031957,305.861857586489,58.2315201045205,57.9372134615537,-0.294306642966852,,14.1333333260524,,16059,16201
planning,0.2,0,44560.5670031957,44565.1844398406,4.6174366448904,57.9372134615537,57.9327664464198,-0.00444701513385581,,,0.180762326419944,16201,16203
traveling,5.9,16.0312195418814,44565.1844398406,44730.6842484676,165.499808627021,57.9327664464198,57.7729598258146,-0.159806620605181,5.95043162648068,,,16203,16262
planning,0.5,0,44730.6842484676,44742.4826384874,11.7983900197578,57.7729598258146,57.761591635745,-0.0113681900695966,,,0.458902253491196,16262,16267
dwelling,13.5,0,44742.4826384874,45063.1432522677,320.660613780361,57.761591635745,57.4525303262661,-0.30906130947897,,13.4235294029,,16267,16402
planning,0.7,0,45063.1432522677,45080.6785036289,17.5352513611724,57.4525303262661,57.4356155810017,-0.0169147452643088,,,0.685984239494641,16402,16409
traveling,5.99999999999999,16.0312195418814,45080.6785036289,45266.4064169188,185.72791328992,57.4356155810017,57.2558853664099,-0.179730214591849,6.02040349846457,,,16409,16469
planning,0.9,0,45266.4064169188,45287.7619164633,21.3554995444283,57.2558853664099,57.2352931429192,-0.0205922234907305,,,0.847989568747121,16469,16478
dwelling,7.79999999999999,0,45287.7619164633,45455.6907450868,167.928828623561,57.2352931429192,57.0735155497818,-0.161777593137373,,7.79999997382157,,16478,16556
planning,0.6,0,45455.6907450868,45470.3054017984,14.6146567115939,57.0735155497818,57.0594156939736,-0.0140998558082259,,,0.587019948474265,16556,16562
traveling,8.29999999999999,28.0178514522438,45470.3054017984,45758.12893067,287.823528871566,57.0594156939736,56.7802221896218,-0.279193504351717,8.27046191894022,,,16562,16645
planning,0.5,0,45758.12893067,45771.7010745638,13.5721438938199,56.7802221896218,56.767105529348,-0.0131166602738517,,,0.414465628694083,16645,16650
dwelling,8.89999999999999,0,45771.7010745638,45969.8624095441,198.16133498033,56.767105529348,56.576011377533,-0.191094151815022,,8.82222222222121,,16650,16739
planning,0.6,0,45969.8624095441,45984.0260182947,14.1636087505976,56.576011377533,56.5623425323983,-0.0136688451346316,,,0.503497180477341,16739,16745
traveling,7.09999999999999,22.1359436211787,45984.0260182947,46195.7770885796,211.751070284867,56.5623425323983,56.3573246246278,-0.205017907770497,7.1128745350098,,,16745,16816
planning,0.4,0,46195.7770885796,46204.9052339251,9.1281453454867,56.3573246246278,56.348516104009,-0.00880852061889215,,,0.390645042748605,16816,16820
dwelling,8.99999999999999,0,46204.9052339251,46390.8982650442,185.993031119076,56.348516104009,56.1691953124708,-0.179320791538188,,8.96666665131632,,16820,16910
planning,0.3,0,46390.8982650442,46398.2344123906,7.33614734646108,56.1691953124708,56.1621087309002,-0.00708658157052611,,,0.280046961342486,16910,16913
traveling,8.79999999999998,30.4138126514911,46398.2344123906,46677.0764575247,278.842045134072,56.1621087309002,55.8917297370549,-0.270378993845299,8.78853210266463,,,16913,17001
planning,0.7,0,46677.0764575247,46694.4696703257,17.3932128009619,55.8917297370549,55.8749185481006,-0.016811188954307,,,0.682276294572546,17001,17008
dwelling,13.8,0,46694.4696703257,47025.3288290351,330.859158709478,55.8749185481006,55.5551893965563,-0.319729151544308,,13.7666666563716,,17008,17146
planning,0.9,0,47025.3288290351,47048.5397638822,23.2109348470403,55.5551893965563,55.5327346776133,-0.0224547189430169,,,0.813461348717135,17146,17155
traveling,5.9,16.0312195418814,47048.5397638822,47241.481796656,192.942032773855,55.5327346776133,55.3453879844761,-0.187346693137243,5.95043162829536,,,17155,17214
planning,0.1,0,47241.481796656,47244.1076803347,2.62588367865101,55.3453879844761,55.3428463906482,-0.00254159382788544,,,0.0302202579953675,17214,17215
dwelling,14,0,47244.1076803347,47545.0286491932,300.920968858511,55.3428463906482,55.0521763096764,-0.2906700809718,,13.9999999514008,,17215,17355
planning,0.9,0,47545.0286491932,47568.0671330688,23.0384838756509,55.0521763096764,55.0298750586978,-0.0223012509785718,,,0.883256337715429,17355,17364
traveling,5.99999999999999,16.0312195418814,47568.0671330688,47760.3563890679,192.289255999021,55.0298750586978,54.843087274874,-0.186787783823775,6.02040349888191,,,17364,17424
planning,0.7,0,47760.3563890679,47778.561598519,18.2052094510873,54.843087274874,54.8254560230087,-0.0176312518653745,,,0.638394310124832,17424,17431
dwelling,8.09999999999999,0,47778.561598519,47961.3763542079,182.81475568896,54.8254560230087,54.648666281463,-0.176789741545669,,8.0999999994868,,17431,17512
planning,0.1,0,47961.3763542079,47963.7828854034,2.40653119547642,54.648666281463,54.6463372082219,-0.00232907324108567,,,0.0883728675146618,17512,17513
traveling,8.29999999999999,28.0178514522438,47963.7828854034,48249.5768774975,285.793992094099,54.6463372082219,54.3682217315476,-0.278115476674273,8.27046191906294,,,17513,17596
planning,0.3,0,48249.5768774975,48257.544710294,7.96783279649389,54.3682217315476,54.3604980260813,-0.00772370546633283,,,0.251004025736307,17596,17599
dwelling,9.09999999999999,0,48257.544710294,48471.2967930659,213.752082771935,54.3604980260813,54.1535669142001,-0.206931111881232,,9.09999999222176,,17599,17690
planning,0.1,0,48471.2967930659,48473.787842786,2.49104972009081,54.1535669142001,54.1511533872504,-0.00241352694961705,,,0.00729902319302822,17690,17691
traveling,7.09999999999999,22.1359436211787,48473.787842786,48704.2371305549,230.44928776889,54.1511533872504,53.9269674487758,-0.224185938474605,7.11287453512369,,,17691,17762
planning,0.4,0,48704.2371305549,48714.1516703326,9.91453977772471,53.9269674487758,53.9173588394684,-0.00960860930746321,,,0.367282092107761,17762,17766
dwelling,8.99999999999999,0,48714.1516703326,48908.4842316613,194.332561328694,53.9173588394684,53.7292793589789,-0.188079480489492,,8.97777775663394,,17766,17856
planning,0.9,0,48908.4842316613,48932.2255648628,23.7413332015203,53.7292793589789,53.7062463445478,-0.0230330144310571,,,0.879667419508443,17856,17865
traveling,8.79999999999998,30.4138126514911,48932.2255648628,49208.1354486579,275.909883795102,53.7062463445478,53.4378287187117,-0.268417625836086,8.78853210266973,,,17865,17953
planning,0.1,0,49208.1354486579,49210.2946454402,2.15919678225328,53.4378287187117,53.4357379282592,-0.00209079045259131,,,0.0281749001230678,17953,17954
dwelling,14.4,0,49210.2946454402,49541.9755979426,331.680952502415,53.4357379282592,53.1142567157085,-0.321481212550637,,14.3999999987026,,17954,18098
planning,0.1,0,49541.9755979426,49544.6046928265,2.62909488385776,53.1142567157085,53.1117039499864,-0.00255276572213603,,,0.0104798202121504,18098,18099
traveling,5.9,16.0312195418814,49544.6046928265,49748.1634215019,203.558728675416,53.1117039499864,52.913174329108,-0.198529620878425,5.95043162629803,,,18099,18158
planning,0.3,0,49748.1634215019,49756.001169333,7.83774783113768,52.913174329108,52.9055624780252,-0.00761185108270723,,,0.243628310736945,18158,18161
dwelling,13.7,0,49756.001169333,50084.7440991869,328.742929853877,52.9055624780252,52.5865450139453,-0.319017464079984,,13.605882340126,,18161,18298
planning,0.9,0,50084.7440991869,50109.6762964624,24.9321972755133,52.5865450139453,52.5623009773476,-0.0242440365976151,,,0.830473567419809,18298,18307
traveling,5.99999999999999,16.0312195418814,50109.6762964624,50323.7279249581,214.051628495668,52.5623009773476,52.3532567019858,-0.209044275361826,6.02040349876579,,,18307,18367
planning,0.9,0,50323.7279249581,50350.0677084149,26.3397834568459,52.3532567019858,52.3276156106167,-0.0256410913690814,,,0.816579986001585,18367,18376
dwelling,7.89999999999999,0,50350.0677084149,50550.640448162,200.572739747062,52.3276156106167,52.13269675974,-0.194918850876718,,7.86666664398751,,18376,18455
planning,0.5,0,50550.640448162,50565.6830961567,15.0426479946691,52.13269675974,52.1180425991511,-0.0146541605888828,,,0.496718590822262,18455,18460
traveling,8.29999999999999,28.0178514522438,50565.6830961567,50903.0462634367,337.363167280062,52.1180425991511,51.7875053427896,-0.330537256361509,8.27046191907441,,,18460,18543
planning,0.3,0,50903.0462634367,50911.942360657,8.8960972203131,51.7875053427896,51.7788363754329,-0.00866896735668377,,,0.228757444970574,18543,18546
dwelling,9.19999999999999,0,50911.942360657,51144.5602722992,232.617911642221,51.7788363754329,51.5525919265469,-0.226244448886035,,9.11111106771426,,18546,18638
planning,0.7,0,51144.5602722992,51165.4243666956,20.8640943963401,51.5525919265469,51.5322515648805,-0.0203403616664488,,,0.660566046848941,18638,18645
traveling,7.09999999999999,22.1359436211787,51165.4243666956,51443.0001399611,277.575773265526,51.5322515648805,51.2602514113743,-0.27200015350612,7.11287453535036,,,18645,18716
planning,0.6,0,51443.0001399611,51459.7069997769,16.7068598158075,51.2602514113743,51.2439723389112,-0.0162790724631634,,,0.522166647562148,18716,18722
dwelling,8.79999999999999,0,51459.7069997769,51682.0470028373,222.340003060337,51.2439723389112,51.0275562928412,-0.216416046069952,,8.79999996560952,,18722,18810
planning,1,0,51682.0470028373,51712.4893652589,30.4423624216652,51.0275562928412,50.99784481702,-0.0297114758212302,,,0.904814934262528,18810,18820
traveling,8.79999999999998,30.4138126514911,51712.4893652589,52053.1031807516,340.613815492725,50.99784481702,50.6638970641574,-0.33394775286262,8.78853210270795,,,18820,18908
planning,0.5,0,52053.1031807516,52067.6394010184,14.5362202667238,50.6638970641574,50.6497115713441,-0.0141854928132261,,,0.470385719519422,18908,18913
dwelling,14.3,0,52067.6394010184,52399.2115006255,331.572099607103,50.6497115713441,50.3269681998447,-0.32274337149947,,14.2666666415228,,18913,19056
planning,0.6,0,52399.2115006255,52416.6356737835,17.4241731580187,50.3269681998447,50.3099557227157,-0.0170124771289295,,,0.569411976210986,19056,19062
traveling,5.9,16.0312195418814,52416.6356737835,52637.0005208976,220.36484711407,50.3099557227157,50.0938273980039,-0.21612832471186,5.95043162991452,,,19062,19121
planning,0.6,0,52637.0005208976,52654.1125413457,17.1120204481485,50.0938273980039,50.0771178247584,-0.0167095732455209,,,0.512117478825181,19121,19127
dwelling,13.7,0,52654.1125413457,52990.3604890037,336.247947658019,50.0771178247584,49.7493174916686,-0.327800333089812,,13.6588234902699,,19127,19264
planning,0.7,0,52990.3604890037,53010.7298492859,20.369360282195,49.7493174916686,49.7294105456187,-0.0199069460498364,,,0.634923240767133,19264,19271
traveling,5.99999999999999,16.0312195418814,53010.7298492859,53242.1427895073,231.412940221373,49.7294105456187,49.5020534200705,-0.227357125548188,6.02040349890589,,,19271,19331
planning,0.5,0,53242.1427895073,53256.2940966666,14.1513071592854,49.5020534200705,49.4882233764354,-0.013830043635096,,,0.452286470705251,19331,19336
dwelling,8.29999999999999,0,53256.2940966666,53476.8825733353,220.58847666876,49.4882233764354,49.2727842907458,-0.215439085689631,,8.29999995863672,,19336,19419
planning,0.9,0,53476.8825733353,53502.5844797732,25.7019064379056,49.2727842907458,49.2476532128552,-0.0251310778905776,,,0.84938678904749,19419,19428
traveling,8.29999999999999,28.0178514522438,53502.5844797732,53826.0470449338,323.462565160531,49.2476532128552,48.9295752553611,-0.318077957494168,8.2704627373901,,,19428,19511
planning,0.6,0,53826.0470449338,53844.7685990102,18.7215540764228,48.9295752553611,48.9112354621207,-0.0183397932403579,,,0.538759405860849,19511,19517
dwelling,8.99999999999999,0,53844.7685990102,54090.6703488507,245.90174984045,48.9112354621207,48.6707491656307,-0.240486296490012,,8.96666665563794,,19517,19607
planning,0.6,0,54090.6703488507,54107.6915141601,17.0211653094957,48.6707491656307,48.6540913091937,-0.0166578564369857,,,0.579593928395377,19607,19613
traveling,7.09999999999999,22.1359436211787,54107.6915141601,54373.109494095,265.417979934806,48.6540913091937,48.3930516691693,-0.261039640024386,7.11287453682096,,,19613,19684
planning,0.3,0,54373.109494095,54381.3502862045,8.24079210957279,48.3930516691693,48.3849867008563,-0.00806496831306447,,,0.291815958723316,19684,19687
dwelling,9.29999999999998,0,54381.3502862045,54594.5772823052,213.226996100697,48.3849867008563,48.1767162460101,-0.208270454846151,,9.24444444048681,,19687,19780
planning,0.6,0,54594.5772823052,54607.474813126,12.8975308208246,48.1767162460101,48.1641261952078,-0.0125900508023378,,,0.595231620807214,19780,19786
traveling,8.79999999999998,30.4138126514911,54607.474813126,54901.370014307,293.895201180952,48.1641261952078,47.8754046190321,-0.288721576175661,8.7885321026983,,,19786,19874
planning,0.4,0,54901.370014307,54911.8168185751,10.4468042681183,47.8754046190321,47.8651786133049,-0.0102260057272261,,,0.311460672443634,19874,19878
dwelling,14.3,0,54911.8168185751,55205.5954148571,293.778596281983,47.8651786133049,47.5783104244903,-0.286868188814601,,14.2999999382852,,19878,20021
planning,0.2,0,55205.5954148571,55209.964645616,4.36923075889354,47.5783104244903,47.5740403482287,-0.00427007626159082,,,0.141941422220651,20021,20023
traveling,5.9,16.0312195418814,55209.964645616,55384.6205539507,174.655908334666,47.5740403482287,47.4026355055078,-0.171404842720925,5.95043162937708,,,20023,20082
planning,0.8,0,55384.6205539507,55404.0682974687,19.4477435180524,47.4026355055078,47.3836002450852,-0.0190352604225339,,,0.715078138409586,20082,20090
dwelling,13.5,0,55404.0682974687,55724.5762931306,320.507995661872,47.3836002450852,47.0698841990968,-0.313716045988443,,13.4058823450217,,20090,20225
planning,0.7,0,55724.5762931306,55742.5518315207,17.9755383901211,47.0698841990968,47.0522678565196,-0.0176163425771989,,,0.612687890576826,20225,20232
traveling,5.99999999999999,16.0312195418814,55742.5518315207,55941.2829208848,198.731089364141,47.0522678565196,46.8567165459609,-0.195551310558677,6.02040349889829,,,20232,20292
planning,0.4,0,55941.2829208848,55952.2851802482,11.0022593633257,46.8567165459609,46.8459205281739,-0.0107960177870225,,,0.360102955538536,20292,20296
dwelling,8.39999999999999,0,55952.2851802482,56158.4879466025,206.202766354298,46.8459205281739,46.6438395258302,-0.202081002343675,,8.39999996361797,,20296,20380
planning,0.4,0,56158.4879466025,56168.9791133126,10.4911667100896,46.6438395258302,46.6335476900308,-0.0102918357993786,,,0.393073196848225,20380,20384
traveling,8.29999999999999,28.0178514522438,56168.9791133126,56448.678402494,279.699289181423,46.6335476900308,46.358014591297,-0.275533098733796,8.27046191911215,,,20384,20467
planning,0.2,0,56448.678402494,56453.703484535,5.02508204102924,46.358014591297,46.3530851961507,-0.00492939514637669,,,0.147745768027934,20467,20469
dwelling,9.29999999999998,0,56453.703484535,56668.693465603,214.989981067971,46.3530851961507,46.1423547504513,-0.210730445699333,,9.23333331440217,,20469,20562
planning,0.4,0,56668.693465603,56678.7390170045,10.045551401483,46.1423547504513,46.1324967083308,-0.00985804212056252,,,0.347203256264252,20562,20566
traveling,7.09999999999999,22.1359436211787,56678.7390170045,56947.7939604059,269.054943401388,46.1324967083308,45.8666025801423,-0.265894128188499,7.11287453535019,,,20566,20637
planning,0.5,0,56947.7939604059,56961.6596806527,13.8657202468094,45.8666025801423,45.8529711878782,-0.0136313922641094,,,0.43603292777912,20637,20642
dwelling,8.89999999999999,0,56961.6596806527,57193.4169243033,231.757243650623,45.8529711878782,45.625265971921,-0.22770521595713,,8.89999995544839,,20642,20731
planning,1,0,57193.4169243033,57225.0337587237,31.616834420427,45.625265971921,45.5941089135641,-0.0311570583569676,,,0.950004785423749,20731,20741
traveling,8.79999999999998,30.4138126514911,57225.0337587237,57551.5153129957,326.481554271995,45.5941089135641,45.2713295012971,-0.322779412266954,8.78853210269399,,,20741,20829
planning,1,0,57551.5153129957,57575.4338785307,23.9185655349429,45.2713295012971,45.2478337686926,-0.0234957326044736,,,0.911855438657137,20829,20839
dwelling,13.7,0,57575.4338785307,57877.72363494,302.28975640938,45.2478337686926,44.9510629154394,-0.296770853253236,,13.6666666656202,,20839,20976
planning,0.3,0,57877.72363494,57884.2286427391,6.50500779903814,44.9510629154394,44.9446762707101,-0.00638664472929662,,,0.2683379260464,20976,20979
traveling,5.9,16.0312195418814,57884.2286427391,58058.3596694962,174.131026757139,44.9446762707101,44.7729702056851,-0.171706065024949,5.95043162847665,,,20979,21038
planning,0.8,0,58058.3596694962,58075.5707090999,17.2110396037169,44.7729702056851,44.7560679615154,-0.016902244169728,,,0.779990573568753,21038,21046
dwelling,13.4,0,58075.5707090999,58345.5724007304,270.001691630452,44.7560679615154,44.4910155125336,-0.265052448981777,,13.3176470548012,,21046,21180
planning,0.5,0,58345.5724007304,58357.9792996932,12.4068989627849,44.4910155125336,44.4788048372934,-0.0122106752402615,,,0.468651036385943,21180,21185
traveling,5.99999999999999,16.0312195418814,58357.9792996932,58528.8484885892,170.869188896038,44.4788048372934,44.3102742332693,-0.168530604024035,6.02040349848889,,,21185,21245
planning,0.9,0,58528.8484885892,58547.5599429033,18.7114543141215,44.3102742332693,44.2918889276735,-0.0183853055958778,,,0.862290365286402,21245,21254
dwelling,7.79999999999999,0,58547.5599429033,58702.9646498954,155.404706992063,44.2918889276735,44.1392316582601,-0.152657269413339,,7.79999999892928,,21254,21332
planning,0.9,0,58702.9646498954,58724.6139595274,21.6493096319973,44.1392316582601,44.1179182271376,-0.0213134311225502,,,0.883919289024603,21332,21341
traveling,8.29999999999999,28.0178514522438,58724.6139595274,58983.9376024094,259.323642882009,44.1179182271376,43.8615635992445,-0.256354627893067,8.27046273657603,,,21341,21424
planning,0.9,0,58983.9376024094,59007.0643377379,23.1267353284857,43.8615635992445,43.8387647776342,-0.0227988216103086,,,0.804535334250757,21424,21433
dwelling,8.59999999999999,0,59007.0643377379,59194.1725800218,187.108242283968,43.8387647776342,43.6546276281215,-0.18413714951275,,8.57777775465481,,21433,21519
planning,0.4,0,59194.1725800218,59203.2549567734,9.08237675156852,43.6546276281215,43.6456838583311,-0.0089437697903918,,,0.387941887975717,21519,21523
traveling,7.09999999999999,22.1359436211787,59203.2549567734,59405.6164418801,202.36148510666,43.6456838583311,43.445763650213,-0.199920208118051,7.11287453557719,,,21523,21594
planning,0.3,0,59405.6164418801,59412.2261179164,6.60967603634344,43.445763650213,43.4392543712434,-0.00650927896957398,,,0.266119167652779,21594,21597
dwelling,9.19999999999999,0,59412.2261179164,59604.9193710516,192.693253135163,43.4392543712434,43.2495477536304,-0.189706617613062,,9.12222220663432,,21597,21689
planning,0.8,0,59604.9193710516,59626.4391596139,21.5197885623493,43.2495477536304,43.2282947146701,-0.0212530389602534,,,0.705741190900698,21689,21697
traveling,8.79999999999998,30.4138126514911,59626.4391596139,59949.5292071335,323.090047519596,43.2282947146701,42.9074332292029,-0.320861485467233,8.78853210268906,,,21697,21785
planning,0.4,0,59949.5292071335,59960.0749637789,10.5457566454206,42.9074332292029,42.8970139428702,-0.0104192863326489,,,0.30467294249823,21785,21789
dwelling,14.3,0,59960.0749637789,60282.5704995177,322.495535738773,42.8970139428702,42.5788819365175,-0.318132006352748,,14.2333333330123,,21789,21932
planning,0.2,0,60282.5704995177,60287.4549197118,4.88442019407375,42.5788819365175,42.5740575913964,-0.00482434512105812,,,0.125667743709663,21932,21934
traveling,5.9,16.0312195418814,60287.4549197118,60473.1607760967,185.705856384877,42.5740575913964,42.3898957721401,-0.184161819256289,5.95043162883713,,,21934,21993
planning,0.8,0,60473.1607760967,60493.0087988798,19.8480227831387,42.3898957721401,42.3702801228378,-0.0196156493023096,,,0.776257557099309,21993,22001
dwelling,13.4,0,60493.0087988798,60781.197407868,288.188608988181,42.3702801228378,42.0858368646978,-0.284443258139987,,13.3529411296435,,22001,22135
planning,0.1,0,60781.197407868,60783.9404668326,2.74305896458827,42.0858368646978,42.0831206871194,-0.00271617757847764,,,0.0212630890003241,22135,22136
traveling,5.99999999999999,16.0312195418814,60783.9404668326,60997.9631519312,214.022685098615,42.0831206871194,41.8701567471684,-0.212963939950995,6.02040349796529,,,22136,22196
planning,0.5,0,60997.9631519312,61010.4115590432,12.4484071119732,41.8701567471684,41.857840337578,-0.0123164095903334,,,0.428478896132566,22196,22201
dwelling,8.09999999999999,0,61010.4115590432,61189.4495957867,179.038036743557,41.857840337578,41.6809126328627,-0.176927704715311,,8.06666665579135,,22201,22282
planning,0.3,0,61189.4495957867,61196.8576547434,7.40805895662925,41.6809126328627,41.6735809823058,-0.00733165055690677,,,0.295658043071394,22282,22285
traveling,8.29999999999999,28.0178514522438,61196.8576547434,61469.4417499097,272.584095166334,41.6735809823058,41.4025728331865,-0.271008149119332,8.27046191896228,,,22285,22368
planning,0.9,0,61469.4417499097,61495.0927645652,25.6510146555083,41.4025728331865,41.3771219593996,-0.0254508737869088,,,0.889301732197149,22368,22377
dwelling,8.49999999999999,0,61495.0927645652,61709.4372596511,214.344495085868,41.3771219593996,41.1647475038168,-0.21237445558279,,8.43333330840563,,22377,22462
planning,0.9,0,61709.4372596511,61733.8047093304,24.3674496793101,41.1647475038168,41.1405750517946,-0.0241724520221425,,,0.839697259726775,22462,22471
traveling,7.09999999999999,22.1359436211787,61733.8047093304,61977.2880793579,243.483370027505,41.1405750517946,40.8980193508316,-0.242555700963038,7.11287453466938,,,22471,22542
planning,0.4,0,61977.2880793579,61987.3506354456,10.0625560876942,40.8980193508316,40.8880414415613,-0.0099779092702903,,,0.377615226109061,22542,22546
dwelling,8.99999999999999,0,61987.3506354456,62190.1296088621,202.77897341652,40.8880414415613,40.6871803780409,-0.200861063520421,,8.93333327559006,,22546,22636
planning,0.8,0,62190.1296088621,62210.5727172759,20.4431084137686,40.6871803780409,40.6668954262155,-0.0202849518253956,,,0.713469560784717,22636,22644
traveling,8.79999999999998,30.4138126514911,62210.5727172759,62515.1217381254,304.549020849488,40.6668954262155,40.3631419135557,-0.303753512659839,8.78853210270366,,,22644,22732
planning,0.2,0,62515.1217381254,62520.344556493,5.22281836762704,40.3631419135557,40.3579544191013,-0.00518749445439681,,,0.111250065165969,22732,22734
dwelling,14.6,0,62520.344556493,62822.216914252,301.872357758999,40.3579544191013,40.0588251278408,-0.299129291260506,,14.5333333145871,,22734,22880
planning,0.9,0,62822.216914252,62844.6144880877,22.3975738357112,40.0588251278408,40.0365772009394,-0.0222479269013647,,,0.865499156734585,22880,22889
traveling,5.9,16.0312195418814,62844.6144880877,63032.697096206,188.082608118355,40.0365772009394,39.8490018243261,-0.187575376613253,5.95043162955599,,,22889,22948
planning,0.2,0,63032.697096206,63037.7983262638,5.10123005778587,39.8490018243261,39.8439307723806,-0.00507105194551372,,,0.149181023071648,22948,22950
dwelling,14.1,0,63037.7983262638,63346.7511326308,308.952806367008,39.8439307723806,39.5372351099417,-0.306695662438962,,14.0235293762669,,22950,23091
planning,0.2,0,63346.7511326308,63351.5746337914,4.82350116054295,39.5372351099417,39.5324400924491,-0.00479501749261146,,,0.11442785600857,23091,23093
traveling,5.99999999999999,16.0312195418814,63351.5746337914,63545.5690743504,193.994440559029,39.5324400924491,39.3386832907387,-0.193756801710407,6.02040349821356,,,23093,23153
planning,1,0,63545.5690743504,63573.0016963688,27.4326220184084,39.3386832907387,39.3113532926259,-0.0273299981127764,,,0.921518106164333,23153,23163
dwelling,7.69999999999999,0,63573.0016963688,63743.2464632399,170.244766871088,39.3113532926259,39.1421592027396,-0.169194089886311,,7.6333332989466,,23163,23240
planning,0.1,0,63743.2464632399,63745.8125981599,2.56613491996541,39.1421592027396,39.1396038768132,-0.00255532592632335,,,0.0236838820548652,23240,23241
traveling,8.29999999999999,28.0178514522438,63745.8125981599,64043.0376318008,297.225033640934,39.1396038768132,38.8418793537518,-0.297724523061454,8.2704619190948,,,23241,23324
planning,0.8,0,64043.0376318008,64065.428174375,22.3905425741468,38.8418793537518,38.8195401325249,-0.0223392212269147,,,0.755111856022415,23324,23332
dwelling,8.69999999999999,0,64065.428174375,64268.4233337387,202.995159363738,38.8195401325249,38.6174269290783,-0.202113203446601,,8.6222221892473,,23332,23419
planning,0.7,0,64268.4233337387,64285.8154880013,17.3921542625612,38.6174269290783,38.6000933270883,-0.0173336019899253,,,0.602557017506909,23419,23426
traveling,7.09999999999999,22.1359436211787,64285.8154880013,64539.0267922335,253.211304232238,38.6000933270883,38.3461380065099,-0.253955320578484,7.11287453557719,,,23426,23497
planning,0.4,0,64539.0267922335,64549.5974907029,10.5706984694261,38.3461380065099,38.3355875718209,-0.0105504346889305,,,0.388229903656356,23497,23501
dwelling,9.09999999999999,0,64549.5974907029,64750.4818067783,200.884316075433,38.3355875718209,38.1354799409103,-0.200107630910651,,9.022222199252,,23501,23592
planning,0.1,0,64750.4818067783,64753.0030018702,2.52119509183831,38.1354799409103,38.1329638755096,-0.00251606540064131,,,0.0635354201918429,23592,23593
traveling,8.79999999999998,30.4138126514911,64753.0030018702,65043.9224681013,290.919466231077,38.1329638755096,37.8413118625453,-0.29165201296437,8.78853210266974,,,23593,23681
planning,0.8,0,65043.9224681013,65063.6146748773,19.6922067760388,37.8413118625453,37.8216510139924,-0.0196608485528742,,,0.741368537884629,23681,23689
dwelling,13.7,0,65063.6146748773,65360.4103207569,296.79564587964,37.8216510139924,37.5256516831054,-0.295999330886957,,13.6999999568307,,23689,23826
planning,0.3,0,65360.4103207569,65367.0728927722,6.6625720152806,37.5256516831054,37.5190027981081,-0.00664888499730409,,,0.277701597195302,23826,23829
traveling,5.9,16.0312195418814,65367.0728927722,65530.8057896369,163.73289686464,37.5190027981081,37.3550758488143,-0.163926949293831,5.95043162648068,,,23829,23888
planning,0.5,0,65530.8057896369,65542.3351179566,11.5293283197607,37.3550758488143,37.3435601606051,-0.0115156882092435,,,0.499089502177866,23888,23893
dwelling,13.5,0,65542.3351179566,65833.2620808367,290.926962880039,37.3435601606051,37.0530790362066,-0.290481124398482,,13.4235294000091,,23893,24028
planning,1,0,65833.2620808367,65855.9124434384,22.6503626017366,37.0530790362066,37.0304424941732,-0.0226365420333892,,,0.941611102654649,24028,24038
traveling,5.99999999999999,16.0312195418814,65855.9124434384,66051.7541668685,195.841723430058,37.0304424941732,36.8335940094692,-0.196848484703978,6.02040349889258,,,24038,24098
planning,0.5,0,66051.7541668685,66064.7469841766,12.992817308128,36.8335940094692,36.8205797290803,-0.0130142803888802,,,0.452971063618617,24098,24103
dwelling,8.29999999999999,0,66064.7469841766,66269.6855503739,204.938566197365,36.8205797290803,36.6153761665111,-0.205203562569238,,8.29999998121297,,24103,24186
planning,0.8,0,66269.6855503739,66292.4279688445,22.742418470516,36.6153761665111,36.5925541336526,-0.0228220328584996,,,0.768303710277999,24186,24194
traveling,8.29999999999999,28.0178514522438,66292.4279688445,66624.252865088,331.824896243488,36.5925541336526,36.2572468007212,-0.335307332931379,8.27046191906082,,,24194,24277
planning,0.7,0,66624.252865088,66644.4361662829,20.1833011949639,36.2572468007212,36.236969559617,-0.0202772411042176,,,0.659295954437554,24277,24284
dwelling,8.69999999999999,0,66644.4361662829,66869.2152207301,224.779054447135,36.236969559617,36.0114171941508,-0.225552365466157,,8.69999999290198,,24284,24371
planning,0.5,0,66869.2152207301,66883.4841482876,14.2689275575685,36.0114171941508,35.9970747571745,-0.0143424369763139,,,0.429368961748424,24371,24376
traveling,7.09999999999999,22.1359436211787,66883.4841482876,67144.079529368,260.595381080348,35.9970747571745,35.7338466042772,-0.263228152897277,7.11287453569006,,,24376,24447
planning,0.1,0,67144.079529368,67147.0078660349,2.92833666692604,35.7338466042772,35.7308998789949,-0.00294672528233519,,,0.0286156646912215,24447,24448
dwelling,9.39999999999998,0,67147.0078660349,67379.0110215435,232.003155508646,35.7308998789949,35.4979177692419,-0.232982109753046,,9.3333333282732,,24448,24542
planning,0.1,0,67379.0110215435,67381.732801837,2.72178029349016,35.4979177692419,35.4951800808019,-0.00273768843999278,,,0.0955591960829181,24542,24543
traveling,8.79999999999998,30.4138126514911,67381.732801837,67697.5817901234,315.84898828638,35.4951800808019,35.1758340009686,-0.319346079833231,8.78853210265652,,,24543,24631
planning,0.9,0,67697.5817901234,67722.3235129149,24.7417227915139,35.1758340009686,35.1509209576697,-0.0249130432989233,,,0.883277007825097,24631,24640
dwelling,13.5,0,67722.3235129149,68046.1098530109,323.786340095932,35.1509209576697,34.8252961798047,-0.325624777864995,,13.499999972643,,24640,24775
planning,0.8,0,68046.1098530109,68064.4883393105,18.3784862996399,34.8252961798047,34.8068160657462,-0.0184801140585407,,,0.729985117428018,24775,24783
traveling,5.9,16.0312195418814,68064.4883393105,68251.0078700517,186.519530741236,34.8068160657462,34.6183025902597,-0.188513475486516,5.95043162811493,,,24783,24842
planning,0.5,0,68251.0078700517,68264.2204026121,13.2125325603411,34.6183025902597,34.6049854948529,-0.0133170954067552,,,0.409084367075103,24842,24847
dwelling,13.6,0,68264.2204026121,68595.7545432889,331.534140676828,34.6049854948529,34.2710147249045,-0.333970769948401,,13.5823528728286,,24847,24983
planning,0.3,0,68595.7545432889,68604.1441519671,8.38960867818969,34.2710147249045,34.2625435568233,-0.00847116808119353,,,0.225928881533895,24983,24986
traveling,5.99999999999999,16.0312195418814,68604.1441519671,68819.2099031992,215.065751232134,34.2625435568233,34.0443531561026,-0.218190400720751,6.02040349807687,,,24986,25046
planning,0.6,0,68819.2099031992,68836.3951741418,17.1852709425875,34.0443531561026,34.0269830111129,-0.0173701449896342,,,0.537290655829059,25046,25052
dwelling,7.99999999999999,0,68836.3951741418,69031.8000331699,195.404859028116,34.0269830111129,33.829848324003,-0.197134687109894,,7.9999999560872,,25052,25132
planning,0.6,0,69031.8000331699,69047.9573262862,16.1572931162518,33.829848324003,33.8135216630779,-0.0163266609250954,,,0.523764054662577,25132,25138
traveling,8.29999999999999,28.0178514522438,69047.9573262862,69322.4090818239,274.451755537681,33.8135216630779,33.5351242874019,-0.27839737567605,8.27046191896578,,,25138,25221
planning,0.1,0,69322.4090818239,69324.8727600866,2.46367826269125,33.5351242874019,33.5326356669645,-0.00248862043738995,,,0.0484514620147616,25221,25222
dwelling,9.29999999999998,0,69324.8727600866,69522.2251610427,197.352400956137,33.5326356669645,33.333575369158,-0.199060297806547,,9.23333328862707,,25222,25315
planning,0.9,0,69522.2251610427,69544.4756195031,22.2504584603885,33.333575369158,33.3110844017097,-0.0224909674482774,,,0.89930614483716,25315,25324
traveling,7.09999999999999,22.1359436211787,69544.4756195031,69773.9845625974,229.508943094363,33.3110844017097,33.0780154566161,-0.233068945093564,7.11287453546368,,,25324,25395
planning,0.1,0,69773.9845625974,69776.2394129182,2.25485032075085,33.0780154566161,33.0757371575623,-0.00227829905381327,,,0.0918361178431365,25395,25396
dwelling,9.39999999999998,0,69776.2394129182,69968.5247776342,192.285364716023,33.0757371575623,32.8816022737116,-0.194134883850658,,9.31111110368144,,25396,25490
planning,0.1,0,69968.5247776342,69970.9932323926,2.46845475840382,32.8816022737116,32.8791038641319,-0.00249840957975067,,,0.00570134217280804,25490,25491
traveling,8.79999999999998,30.4138126514911,69970.9932323926,70261.0560964423,290.062864049658,32.8791038641319,32.5840325990679,-0.295071265063953,8.78853210267493,,,25491,25579
planning,0.3,0,70261.0560964423,70268.7397647621,7.6836683198344,32.5840325990679,32.5762447099753,-0.00778788909267547,,,0.271560974625374,25579,25582
dwelling,14.3,0,70268.7397647621,70589.7354478869,320.995683124827,32.5762447099753,32.2512576014911,-0.324987108484208,,14.2333333274425,,25582,25725
planning,0.3,0,70589.7354478869,70596.6747109185,6.93926303159969,32.2512576014911,32.2442261453889,-0.00703145610211209,,,0.237469589919888,25725,25728
traveling,5.9,16.0312195418814,70596.6747109185,70776.7868607858,180.112149867229,32.2442261453889,32.0609067456725,-0.183319399716467,5.95043162757209,,,25728,25787
planning,0.5,0,70776.7868607858,70789.1897633289,12.402902543181,32.0609067456725,32.0483203461728,-0.0125863994996962,,,0.423821520261014,25787,25792
dwelling,13.6,0,70789.1897633289,71121.4806679326,332.29090460368,32.0483203461728,31.7109871624397,-0.337333183733126,,13.5294117616709,,25792,25928
planning,1,0,71121.4806679326,71150.3617649094,28.881096976751,31.7109871624397,31.6815815326284,-0.0294056298112118,,,0.902559425043184,25928,25938
traveling,5.99999999999999,16.0312195418814,71150.3617649094,71366.1120663443,215.750301434877,31.6815815326284,31.4609299441476,-0.22065158848083,6.02040349905622,,,25938,25998
planning,1,0,71366.1120663443,71393.0556850363,26.9436186920066,31.4609299441476,31.4335033830403,-0.0274265611072799,,,0.904586791058381,25998,26008
dwelling,7.89999999999999,0,71393.0556850363,71588.5082188875,195.452533851188,31.4335033830403,31.2346999081882,-0.198803474852138,,7.83333330894437,,26008,26087
planning,0.8,0,71588.5082188875,71609.5314159677,21.0231970802124,31.2346999081882,31.2132918270651,-0.0214080811231305,,,0.797718998491208,26087,26095
traveling,8.29999999999999,28.0178514522438,71609.5314159677,71891.7422447047,282.210828737021,31.2132918270651,30.9245051272923,-0.288786699772746,8.27046191911079,,,26095,26178
planning,0.4,0,71891.7422447047,71901.414645749,9.67240104427037,30.9245051272923,30.9146568607872,-0.00984826650513071,,,0.370203880611527,26178,26182
dwelling,9.09999999999999,0,71901.414645749,72109.3231578398,207.908512090842,30.9146568607872,30.7030372840218,-0.211619576765383,,9.03333333217492,,26182,26273
planning,0.4,0,72109.3231578398,72119.4047625499,10.0816047101398,30.7030372840218,30.6927592121103,-0.0102780719115003,,,0.314223576648039,26273,26277
traveling,7.09999999999999,22.1359436211787,72119.4047625499,72345.9544376873,226.549675137387,30.6927592121103,30.460821064317,-0.231938147793333,7.11287453602958,,,26277,26348
planning,0.1,0,72345.9544376873,72348.3292380281,2.37480034073815,30.460821064317,30.458399933804,-0.00242113051299597,,,0.083830293365811,26348,26349
dwelling,9.39999999999998,0,72348.3292380281,72556.7632064661,208.433968438039,30.458399933804,30.2459946141201,-0.212405319683892,,9.3666666241312,,26349,26443
planning,0.6,0,72556.7632064661,72571.5184963289,14.7552898628055,30.2459946141201,30.2309334025968,-0.0150612115232676,,,0.518429451482802,26443,26449
traveling,8.79999999999998,30.4138126514911,72571.5184963289,72877.3200994651,305.801603136148,30.2309334025968,29.9168067714761,-0.314126631120757,8.78853210267918,,,26449,26537
planning,0.1,0,72877.3200994651,72880.1291483469,2.80904888181249,29.9168067714761,29.9139309071643,-0.00287586431172926,,,0.0956472111968758,26537,26538
dwelling,14.5,0,72880.1291483469,73245.6909072995,365.561758952652,29.9139309071643,29.5400041387657,-0.373926768398597,,14.4666666157662,,26538,26683
planning,1,0,73245.6909072995,73273.2504900539,27.5595827543584,29.5400041387657,29.5117587558272,-0.0282453829385396,,,0.977422321105833,26683,26693
traveling,5.9,16.0312195418814,73273.2504900539,73469.1156013171,195.865111263178,29.5117587558272,29.3102610213021,-0.201497734525102,5.95043162991466,,,26693,26752
planning,0.8,0,73469.1156013171,73488.7589513899,19.6433500728599,29.3102610213021,29.2901454801063,-0.020115541195814,,,0.767662468473518,26752,26760
dwelling,13.5,0,73488.7589513899,73813.9249785628,325.166027172905,29.2901454801063,28.9570269719696,-0.333118508136696,,13.4588235136231,,26760,26895
planning,0.3,0,73813.9249785628,73822.564001012,8.63902244919154,28.9570269719696,28.9481489605031,-0.00887801146650347,,,0.270598135772125,26895,26898
traveling,5.99999999999999,16.0312195418814,73822.564001012,74043.7435167444,221.179515732394,28.9481489605031,28.7196818367022,-0.228467123800833,6.02040349835544,,,26898,26958
planning,0.2,0,74043.7435167444,74049.4291939855,5.68567724108289,28.7196818367022,28.7138350561864,-0.00584678051584575,,,0.185208755824896,26958,26960
dwelling,8.49999999999999,0,74049.4291939855,74265.3751310866,215.945937101147,28.7138350561864,28.4920406196541,-0.221794436532306,,8.46666665100742,,26960,27045
planning,0.6,0,74265.3751310866,74282.8581769688,17.4830458821525,28.4920406196541,28.474039844996,-0.0180007746581055,,,0.532400698080209,27045,27051
traveling,8.29999999999999,28.0178514522438,74282.8581769688,74580.5304963717,297.672319402904,28.474039844996,28.1661815840314,-0.307858260964597,8.27046273647408,,,27051,27134
planning,0.4,0,74580.5304963717,74591.5190061325,10.9885097607912,28.1661815840314,28.1548644970637,-0.0113170869676793,,,0.303138218637378,27134,27138
dwelling,9.09999999999999,0,74591.5190061325,74799.1111592932,207.59215316076,28.1548644970637,27.9415151666251,-0.213349330438604,,9.06666664351239,,27138,27229
planning,0.7,0,74799.1111592932,74816.4819024897,17.3707431965013,27.9415151666251,27.9236356847905,-0.0178794818345978,,,0.676277110085888,27229,27236
traveling,7.09999999999999,22.1359436211787,74816.4819024897,75050.7028608967,234.220958406921,27.9236356847905,27.6812788135365,-0.242356871254056,7.11287453614282,,,27236,27307
planning,0.4,0,75050.7028608967,75061.7354599164,11.0325990197016,27.6812788135365,27.6698949354896,-0.0113838780468214,,,0.32510803333062,27307,27311
dwelling,9.09999999999999,0,75061.7354599164,75300.8570448943,239.121584977955,27.6698949354896,27.4231965248796,-0.24669841060998,,9.07777772591607,,27311,27402
planning,0.1,0,75300.8570448943,75304.0184344952,3.16138960089302,27.4231965248796,27.4199240602478,-0.00327246463183783,,,0.0251813193201814,27402,27403
traveling,8.79999999999998,30.4138126514911,75304.0184344952,75623.9705728529,319.95213835765,27.4199240602478,27.0875826666561,-0.33234139359174,8.78853210267026,,,27403,27491
planning,0.3,0,75623.9705728529,75631.5601609896,7.58958813673235,27.0875826666561,27.0797434408213,-0.00783922583475416,,,0.293799137151074,27491,27494
dwelling,14.2,0,75631.5601609896,75939.9441089655,308.383947975919,27.0797434408213,26.7616257246401,-0.318117716181202,,14.1999999975603,,27494,27636
planning,1,0,75939.9441089655,75964.7042732446,24.7601642790833,26.7616257246401,26.7360253083977,-0.025600416242419,,,0.992059534386166,27636,27646
traveling,5.9,16.0312195418814,75964.7042732446,76136.6919344358,171.987661191175,26.7360253083977,26.5576662707326,-0.178359037665103,5.95043162865707,,,27646,27705
planning,0.6,0,76136.6919344358,76150.1363315271,13.4443970913708,26.5576662707326,26.5437727437286,-0.0138935270039937,,,0.509864694421918,27705,27711
dwelling,13.6,0,76150.1363315271,76433.6425153701,283.50618384291,26.5437727437286,26.2508650144244,-0.292907729304186,,13.5352941175684,,27711,27847
planning,0.4,0,76433.6425153701,76442.5429300902,8.9004147201922,26.2508650144244,26.2416569453724,-0.0092080690519829,,,0.366537029903277,27847,27851
traveling,5.99999999999999,16.0312195418814,76442.5429300902,76635.4939646695,192.951034579295,26.2416569453724,26.0407772264246,-0.200879718947785,6.02040349833314,,,27851,27911
planning,0.1,0,76635.4939646695,76638.3173683929,2.8234037233633,26.0407772264246,26.0378441195171,-0.00293310690749848,,,0.0150284232680404,27911,27912
dwelling,8.59999999999999,0,76638.3173683929,76853.8350437492,215.517675356328,26.0378441195171,25.8142399148409,-0.223604204676228,,8.5666666621742,,27912,27998
planning,0.4,0,76853.8350437492,76865.3986101852,11.5635664360016,25.8142399148409,25.8022112113442,-0.0120287034967532,,,0.389424524007797,27998,28002
traveling,8.29999999999999,28.0178514522438,76865.3986101852,77156.9019315616,291.503321376338,25.8022112113442,25.4976496243553,-0.304561586988903,8.27046191903518,,,28002,28085
planning,0.8,0,77156.9019315616,77178.0708669954,21.1689354338014,25.4976496243553,25.4756298065755,-0.022019817779718,,,0.744279175219714,28085,28093
dwelling,8.59999999999999,0,77178.0708669954,77379.460256545,201.389389549673,25.4756298065755,25.2663936273695,-0.209236179206069,,8.57777772049771,,28093,28179
planning,0.8,0,77379.460256545,77400.6722614704,21.2120049253135,25.2663936273695,25.2443072652724,-0.0220863620970455,,,0.716234128245026,28179,28187
traveling,7.09999999999999,22.1359436211787,77400.6722614704,77645.5229291665,244.850667696155,25.2443072652724,24.9880194941745,-0.256287771097956,7.11287453580351,,,28187,28258
planning,0.2,0,77645.5229291665,77651.114023176,5.59109400949092,24.9880194941745,24.9821866430496,-0.00583285112488596,,,0.179707755616284,28258,28260
dwelling,9.29999999999998,0,77651.114023176,77883.5662386737,232.452215497644,24.9821866430496,24.7399535078373,-0.242233135212324,,9.24444442180958,,28260,28353
planning,0.7,0,77883.5662386737,77903.7435398106,20.1773011369951,24.7399535078373,24.7188705480944,-0.0210829597428486,,,0.601035336649601,28353,28360
traveling,8.79999999999998,30.4138126514911,77903.7435398106,78198.0382124657,294.294672655014,24.7188705480944,24.4103247749207,-0.308545773173719,8.78853210269811,,,28360,28448
planning,0.4,0,78198.0382124657,78208.9461409658,10.907928500179,24.4103247749207,24.3989212656733,-0.011403509247387,,,0.346530798393253,28448,28452
dwelling,14.3,0,78208.9461409658,78540.034280732,331.088139766187,24.3989212656733,24.0533129832827,-0.345608282390579,,14.2999999297188,,28452,28595
planning,0.7,0,78540.034280732,78557.286531824,17.2522510919516,24.0533129832827,24.0352752020947,-0.0180377811880668,,,0.632126368663665,28595,28602
traveling,5.9,16.0312195418814,78557.286531824,78761.4728390294,204.186307205411,24.0352752020947,23.8204042917831,-0.214870910311603,5.95043162919686,,,28602,28661
planning,0.4,0,78761.4728390294,78772.417095308,10.9442562786571,23.8204042917831,23.8089325825876,-0.0114717091954653,,,0.370473718679788,28661,28665
dwelling,13.8,0,78772.417095308,79093.6234266626,321.206331354566,23.8089325825876,23.4727542048427,-0.336178377744858,,13.7882352174088,,28665,28803
planning,0.8,0,79093.6234266626,79114.7417673118,21.1183406491618,23.4727542048427,23.4505951859903,-0.0221590188524665,,,0.704477246455887,28803,28811
traveling,5.99999999999999,16.0312195418814,79114.7417673118,79316.4228608853,201.681093573497,23.4505951859903,23.2379259797262,-0.212669206264046,6.02040349891963,,,28811,28871
planning,0.7,0,79316.4228608853,79333.9652629987,17.5424021133804,23.2379259797262,23.2195137596366,-0.0184122200895978,,,0.680162984788956,28871,28878
dwelling,8.09999999999999,0,79333.9652629987,79520.8388831433,186.873620144615,23.2195137596366,23.0234944845763,-0.196019275060326,,8.09999999984252,,28878,28959
planning,0.7,0,79520.8388831433,79539.6573240664,18.8184409231035,23.0234944845763,23.0037031450393,-0.0197913395370009,,,0.670391858885424,28959,28966
traveling,8.29999999999999,28.0178514522438,79539.6573240664,79827.0322330576,287.374908991187,23.0037031450393,22.6997867957041,-0.303916349335186,8.27046273698327,,,28966,29049
planning,0.8,0,79827.0322330576,79846.5853919717,19.5531589141901,22.6997867957041,22.6792205600121,-0.0205662356919945,,,0.796480762618066,29049,29057
dwelling,8.79999999999999,0,79846.5853919717,80040.0297889318,193.444396960083,22.6792205600121,22.4759242045782,-0.20329635543396,,8.7222221994418,,29057,29145
planning,0.1,0,80040.0297889318,80042.5596739548,2.52988502298831,22.4759242045782,22.4732592920366,-0.00266491254160073,,,0.0668716403567468,29145,29146
traveling,7.09999999999999,22.1359436211787,80042.5596739548,80276.4299994739,233.870325519107,22.4732592920366,22.2256362731328,-0.247623018903788,7.1128745360299,,,29146,29217
planning,0.2,0,80276.4299994739,80281.5725578464,5.14255837252131,22.2256362731328,22.2202115472992,-0.00542472583358489,,,0.148393155125011,29217,29219
dwelling,9.29999999999998,0,80281.5725578464,80484.6753262602,203.102768413708,22.2202115472992,22.0063254485531,-0.213886098746116,,9.2666666667116,,29219,29312
planning,0.6,0,80484.6753262602,80499.7384921773,15.0631659171486,22.0063254485531,21.9904243257432,-0.0159011228098791,,,0.50127001223254,29312,29318
traveling,8.79999999999998,30.4138126514911,80499.7384921773,80794.7846338627,295.046141685365,21.9904243257432,21.6771418503906,-0.31328247535258,8.78853210267023,,,29318,29406
planning,0.5,0,80794.7846338627,80807.4452077652,12.6605739024963,21.6771418503906,21.6637542946848,-0.0133875557058118,,,0.459378375074337,29406,29411
dwelling,14,0,80807.4452077652,81110.4403809311,302.995173165909,21.6637542946848,21.3437683992834,-0.319985895401402,,13.999999992125,,29411,29551
planning,0.4,0,81110.4403809311,81121.0063807465,10.5659998154442,21.3437683992834,21.3325705444597,-0.0111978548237133,,,0.351008545492965,29551,29555
traveling,5.9,16.0312195418814,81121.0063807465,81309.4432938964,188.436913149868,21.3325705444597,21.1320730159587,-0.200497528501021,5.95043162793381,,,29555,29614
planning,0.8,0,81309.4432938964,81328.6189002048,19.1756063083885,21.1320730159587,21.1117576565582,-0.0203153594004952,,,0.719809624941022,29614,29622
dwelling,13.3,0,81328.6189002048,81641.7034388153,313.084538610536,21.1117576565582,20.7798464258034,-0.331911230754788,,13.2647058768393,,29622,29755
planning,0.1,0,81641.7034388153,81644.0985621009,2.39512328557612,20.7798464258034,20.7773046469983,-0.00254177880508166,,,0.0647968282274523,29755,29756
traveling,5.99999999999999,16.0312195418814,81644.0985621009,81839.4362125008,195.337650399873,20.7773046469983,20.5687734962876,-0.208531150710726,6.02040349785471,,,29756,29816
planning,0.6,0,81839.4362125008,81856.3275202525,16.8913077517791,20.5687734962876,20.5507842285997,-0.0179892676878453,,,0.599100183382183,29816,29822
dwelling,7.99999999999999,0,81856.3275202525,82031.1226306415,174.795110388994,20.5507842285997,20.3652030244256,-0.185581204174174,,7.93333332355941,,29822,29902
planning,1,0,82031.1226306415,82054.7754850698,23.6528544282482,20.3652030244256,20.340052114697,-0.025150909728584,,,0.935863932470822,29902,29912
traveling,8.29999999999999,28.0178514522438,82054.7754850698,82308.1758196781,253.400334608363,20.340052114697,20.0692459911488,-0.270806123548205,8.27046191902584,,,29912,29995
planning,0.4,0,82308.1758196781,82316.8820485512,8.70622887300851,20.0692459911488,20.0599848264721,-0.00926116467669402,,,0.314112138242407,29995,29999
dwelling,8.99999999999999,0,82316.8820485512,82515.1260936626,198.244045111482,20.0599848264721,19.8489422383355,-0.211042588136554,,8.97777775825966,,29999,30089
planning,1,0,82515.1260936626,82542.1601159348,27.034022272157,19.8489422383355,19.8200619523408,-0.0288802859947026,,,0.925474563420098,30089,30099
traveling,7.09999999999999,22.1359436211787,82542.1601159348,82802.7255993732,260.565483438448,19.8200619523408,19.5397784971542,-0.280283455186577,7.11287453546382,,,30099,30170
planning,0.3,0,82802.7255993732,82811.4948768239,8.76927745070134,19.5397784971542,19.5303833901583,-0.00939510699595303,,,0.287766796753585,30170,30173
dwelling,9.19999999999999,0,82811.4948768239,83044.3434727887,232.848595964795,19.5303833901583,19.2813216790961,-0.24906171106214,,9.11111110802741,,30173,30265
planning,0.7,0,83044.3434727887,83065.4050818926,21.0616091038391,19.2813216790961,19.2587134737124,-0.0226082053836976,,,0.614099731608534,30265,30272
traveling,8.79999999999998,30.4138126514911,83065.4050818926,83389.4038259127,323.998744020093,19.2587134737124,18.9090559502508,-0.349657523461641,8.78853210270796,,,30272,30360
planning,0.7,0,83389.4038259127,83407.9383420919,18.5345161792502,18.9090559502508,18.889163061591,-0.0198928886597791,,,0.68670745986471,30360,30367
dwelling,14.1,0,83407.9383420919,83745.6389661881,337.700624096178,18.889163061591,18.5268751282379,-0.362287933353119,,14.0666666535182,,30367,30508
planning,0.5,0,83745.6389661881,83759.2422550417,13.6032888535556,18.5268751282379,18.5122381039353,-0.0146370243026048,,,0.419661173719655,30508,30513
traveling,5.9,16.0312195418814,83759.2422550417,83960.9073828579,201.665127816246,18.5122381039353,18.2941417471282,-0.218096356807141,5.95043163027277,,,30513,30572
planning,0.6,0,83960.9073828579,83975.9674130378,15.0600301798841,18.2941417471282,18.277936573392,-0.0162051737361999,,,0.506760121427542,30572,30578
dwelling,13.7,0,83975.9674130378,84275.0419947112,299.074581673427,18.277936573392,17.9564335264454,-0.321503046946546,,13.6941175784409,,30578,30715
planning,0.5,0,84275.0419947112,84285.9865904653,10.9445957541029,17.9564335264454,17.9446570064928,-0.0117765199526438,,,0.496586159672691,30715,30720
traveling,5.99999999999999,16.0312195418814,84285.9865904653,84452.0395550206,166.052964555303,17.9446570064928,17.7652144718281,-0.179442534664709,6.02040349862658,,,30720,30780
planning,0.6,0,84452.0395550206,84466.0777632528,14.0382082321885,17.7652144718281,17.7500789798916,-0.0151354919364444,,,0.557082181614365,30780,30786
dwelling,8.19999999999999,0,84466.0777632528,84654.9793282792,188.90156502639,17.7500789798916,17.5463229343099,-0.203756045581709,,8.13333333295996,,30786,30868
planning,0.9,0,84654.9793282792,84680.6454243259,25.6660960466834,17.5463229343099,17.5185294684891,-0.0277934658208459,,,0.889728231378064,30868,30877
traveling,8.29999999999999,28.0178514522438,84680.6454243259,85008.9094165495,328.263992223612,17.5185294684891,17.1601529131016,-0.358376555387419,8.27046273688165,,,30877,30960
planning,0.4,0,85008.9094165495,85020.3614365152,11.4520199657272,17.1601529131016,17.1477233749535,-0.0124295381481296,,,0.316587344190564,30960,30964
dwelling,9.19999999999999,0,85020.3614365152,85242.1257173477,221.764280832518,17.1477233749535,16.9075036690552,-0.240219705898319,,9.11111107217533,,30964,31056
planning,0.1,0,85242.1257173477,85244.6841412941,2.5584239463351,16.9075036690552,16.904727914182,-0.00277575487323389,,,0.00801650370337426,31056,31057
traveling,7.09999999999999,22.1359436211787,85244.6841412941,85507.6158400281,262.931698734072,16.904727914182,16.6170927884715,-0.28763512571042,7.11287453591661,,,31057,31128
planning,1,0,85507.6158400281,85534.7878699851,27.1720299569861,16.6170927884715,16.5875302331748,-0.0295625552967245,,,0.989275168182338,31128,31138
dwelling,8.49999999999999,0,85534.7878699851,85746.2910491296,211.503179144478,16.5875302331748,16.3575563784848,-0.229973854690041,,8.45555554082571,,31138,31223
planning,0.8,0,85746.2910491296,85767.9054606785,21.6144115488714,16.3575563784848,16.334005776312,-0.023550602172751,,,0.783443916655873,31223,31231
traveling,8.79999999999998,30.4138126514911,85767.9054606785,86075.7209244592,307.81546378076,16.334005776312,15.9964810975655,-0.337524678746508,8.78853210267953,,,31231,31319
planning,0.4,0,86075.7209244592,86086.3860871093,10.6651626500679,15.9964810975655,15.9848376235126,-0.0116434740529598,,,0.342179661686052,31319,31323
dwelling,14.2,0,86086.3860871093,86436.2718805952,349.885793485853,15.9848376235126,15.6028383081352,-0.381999315377351,,14.1666666370145,,31323,31465
planning,0.2,0,86436.2718805952,86441.5092626192,5.23738202406093,15.6028383081352,15.5971081348207,-0.00573017331448789,,,0.107786512125657,31465,31467
traveling,5.9,16.0312195418814,86441.5092626192,86658.2100298924,216.700767273142,15.5971081348207,15.3581845693985,-0.238923565422185,5.95043162847626,,,31467,31526
planning,0.1,0,86658.2100298924,86661.1313904761,2.92136058377218,15.3581845693985,15.3549773547792,-0.00320721461936735,,,0.0500722890668603,31526,31527
dwelling,14.1,0,86661.1313904761,87000.0993402827,338.967949806538,15.3549773547792,14.9835592055959,-0.371418149183292,,14.0176470567598,,31527,31668
planning,0.8,0,87000.0993402827,87023.2917559719,23.1924156892492,14.9835592055959,14.9580369704752,-0.0255222351206736,,,0.723473245733059,31668,31676
traveling,5.99999999999999,16.0312195418814,87023.2917559719,87257.6495283996,234.35777242764,14.9580369704752,14.6981490257325,-0.259887944742703,6.0204034989012,,,31676,31736
planning,0.2,0,87257.6495283996,87263.6773733007,6.0278449010948,14.6981490257325,14.6914987324722,-0.00665029326031608,,,0.19378659437378,31736,31738
dwelling,8.59999999999999,0,87263.6773733007,87483.4182904679,219.740917167204,14.6914987324722,14.4495526034535,-0.241946129018705,,8.59999999321929,,31738,31824
planning,0.3,0,87483.4182904679,87491.7954247372,8.37713426933624,14.4495526034535,14.4403077669967,-0.00924483645676943,,,0.266114314621868,31824,31827
traveling,8.29999999999999,28.0178514522438,87491.7954247372,87780.0087089457,288.213284208454,14.4403077669967,14.1204116575943,-0.319896109402368,8.27046191910194,,,31827,31910
planning,0.9,0,87780.0087089457,87801.3039264038,21.2952174581151,14.1204116575943,14.096919907486,-0.0234917501083096,,,0.818942473323245,31910,31919
dwelling,8.59999999999999,0,87801.3039264038,87978.9943840812,177.690457677454,14.096919907486,13.9011162724543,-0.195803635031714,,8.52222220511899,,31919,32005
planning,1,0,87978.9943840812,87999.8815953889,20.8872113076359,13.9011162724543,13.878079841467,-0.0230364309873536,,,0.961715999464471,32005,32015
traveling,7.09999999999999,22.1359436211787,87999.8815953889,88202.8857551347,203.004159745877,13.878079841467,13.6528592680503,-0.225220573416699,7.11287453580359,,,32015,32086
planning,0.1,0,88202.8857551347,88205.1746412902,2.28888615545293,13.6528592680503,13.650327540448,-0.00253172760224452,,,0.0991114352343397,32086,32087
dwelling,9.39999999999998,0,88205.1746412902,88395.9870887888,190.812447498625,13.650327540448,13.4394496893267,-0.210877851121303,,9.34444444429526,,32087,32181
planning,0.8,0,88395.9870887888,88413.5038362548,17.5167474659975,13.4394496893267,13.4200563488213,-0.0193933405054132,,,0.758018031305099,32181,32189
traveling,8.79999999999998,30.4138126514911,88413.5038362548,88695.8240242992,282.320188044367,13.4200563488213,13.1049737180867,-0.315082630734651,8.78853210271746,,,32189,32277
planning,0.5,0,88695.8240242992,88708.6752685892,12.8512442900246,13.1049737180867,13.0906774855221,-0.0142962325645808,,,0.436230324574436,32277,32282
dwelling,14.4,0,88708.6752685892,89059.7027748734,351.027506284212,13.0906774855221,12.6999096102497,-0.390767875272369,,14.3333332526932,,32282,32426
planning,0.6,0,89059.7027748734,89076.9780978096,17.2753229361406,12.6999096102497,12.6805960986027,-0.0193135116470007,,,0.552677319639221,32426,32432
traveling,5.9,16.0312195418814,89076.9780978096,89296.0031195432,219.025021733614,12.6805960986027,12.4340653022933,-0.246530796309438,5.95043163009353,,,32432,32491
planning,0.7,0,89296.0031195432,89316.541602266,20.5384827227972,12.4340653022933,12.4110493094417,-0.0230159928515619,,,0.666740029113654,32491,32498
dwelling,13.6,0,89316.541602266,89637.9519770077,321.41037474171,12.4110493094417,12.051664394879,-0.359384914562659,,13.5764705833746,,32498,32634
planning,0.1,0,89637.9519770077,89640.7565573036,2.8045802959532,12.051664394879,12.0485152237629,-0.0031491711161582,,,0.0211826272395939,32634,32635
traveling,5.99999999999999,16.0312195418814,89640.7565573036,89850.8311234319,210.074566128256,12.0485152237629,11.811246821737,-0.23726840202588,6.02040349808683,,,32635,32695
planning,0.7,0,89850.8311234319,89869.5806571886,18.7495337567234,11.811246821737,11.7901699728129,-0.0210768489241104,,,0.682937667353176,32695,32702
dwelling,7.89999999999999,0,89869.5806571886,90055.7200974292,186.139440240615,11.7901699728129,11.5811721545702,-0.208997818242658,,7.89999995253689,,32702,32781
planning,0.6,0,90055.7200974292,90070.9231596767,15.2030622474413,11.5811721545702,11.5640675377763,-0.017104616793933,,,0.557589596170614,32781,32787
traveling,8.29999999999999,28.0178514522438,90070.9231596767,90381.2382302442,310.31507056758,11.5640675377763,11.2114876613788,-0.352579876397511,8.27046273627023,,,32787,32870
planning,0.6,0,90381.2382302442,90399.6728300914,18.4345998471399,11.2114876613788,11.1906115237874,-0.0208761375914026,,,0.566544633437941,32870,32876
dwelling,8.89999999999999,0,90399.6728300914,90623.6087879729,223.93595788152,11.1906115237874,10.9376588400624,-0.25295268372501,,8.84444441921615,,32876,32965
planning,1,0,90623.6087879729,90651.9460125541,28.3372245812061,10.9376588400624,10.905545318239,-0.0321135218233906,,,0.983518964471043,32965,32975
traveling,7.09999999999999,22.1359436211787,90651.9460125541,90918.9492878198,267.003275265699,10.905545318239,10.6005205389188,-0.305024779320222,7.11287453602974,,,32975,33046
planning,0.2,0,90918.9492878198,90924.6283742544,5.67908643461124,10.6005205389188,10.5940669998123,-0.0064535391064684,,,0.128857978759629,33046,33048
dwelling,9.29999999999998,0,90924.6283742544,91147.719089609,223.090715354556,10.5940669998123,10.3410127399928,-0.253054259819539,,9.26666661049128,,33048,33141
planning,0.5,0,91147.719089609,91161.5372812801,13.8181916711183,10.3410127399928,10.3252827763141,-0.0157299636786554,,,0.445155300263861,33141,33146
traveling,0,30.4138126514911,91161.5372812801,,,10.3252827763141,,,8.78853210270323,,,33146,
