phase_type,duration,distance,energy_start,energy_end,energy_consumed,battery_start,battery_end,battery_delta,rho,tau,planning_time,start_time,end_time
traveling,9.89999999999998,19,0,287.018001254732,287.018001254732,100,99.7338037845558,-0.266196215444239,10,,,1,100
planning,0.2,0,287.018001254732,292.001669904582,4.98366864984928,99.7338037845558,99.7291898954757,-0.00461388908007621,,,0.166137659589863,100,102
dwelling,6.49999999999999,0,292.001669904582,443.619194654971,151.61752475039,99.7291898954757,99.588912828568,-0.140277066907657,,6.45555550839485,,102,167
planning,0.6,0,443.619194654971,459.835994669731,16.2168000147599,99.588912828568,99.5738840031545,-0.0150288254135376,,,0.564874584306835,167,173
traveling,4.6,9,459.835994669731,612.086592601054,152.250597931323,99.5738840031545,99.4323770546988,-0.141506948455657,4.55680036822478,,,173,219
planning,0.9,0,612.086592601054,638.704835948244,26.6182433471903,99.4323770546988,99.4076789280682,-0.0246981266305966,,,0.818322113043871,219,228
dwelling,8.29999999999999,0,638.704835948244,850.126790596997,211.421954648753,99.4076789280682,99.2118481164582,-0.195830811610008,,8.20909090901599,,228,311
planning,0.8,0,850.126790596997,872.462918667462,22.3361280704647,99.2118481164582,99.1911357801917,-0.0207123362665556,,,0.771841076550732,311,319
traveling,6.49999999999999,19,872.462918667462,1116.92523105207,244.462312384608,99.1911357801917,98.9633936886334,-0.227742091558298,6.45707981465985,,,319,384
planning,0.1,0,1116.92523105207,1120.00654302477,3.08131197269586,98.9633936886334,98.9605323390357,-0.00286134959767992,,,0.0297473612214165,384,385
dwelling,8.49999999999999,0,1120.00654302477,1339.8368536913,219.830310666533,98.9605323390357,98.7568253326238,-0.203707006411861,,8.42352939413083,,385,470
planning,0.1,0,1339.8368536913,1342.63600987314,2.79915618183691,98.7568253326238,98.7542289301821,-0.00259640244171067,,,0.0766575857395663,470,471
traveling,6.59999999999999,19,1342.63600987314,1567.15558479227,224.519574919131,98.7542289301821,98.5453526797368,-0.208876250445357,6.6141592861678,,,471,537
planning,0.9,0,1567.15558479227,1589.24619732537,22.0906125331073,98.5453526797368,98.5248905815639,-0.0204620981728993,,,0.809698380352055,537,546
dwelling,6.89999999999999,0,1589.24619732537,1749.5131460698,160.266948744423,98.5248905815639,98.3765149882127,-0.14837559335119,,6.84545454582218,,546,615
planning,0.4,0,1749.5131460698,1760.77855150311,11.2654054333152,98.3765149882127,98.3660624427962,-0.0104525454164417,,,0.393404615171652,615,619
traveling,6.19999999999999,17.464249196573,1760.77855150311,1981.76686952852,220.98831802541,98.3660624427962,98.1602698510884,-0.205792591707834,6.10868930175404,,,619,681
planning,0.3,0,1981.76686952852,1989.76637769797,7.99950816945216,98.1602698510884,98.1528515195361,-0.00741833155228733,,,0.264470395573386,681,684
dwelling,8.59999999999999,0,1989.76637769797,2196.861563885,207.095186187024,98.1528515195361,97.9610083754372,-0.191843144098897,,8.58888885919442,,684,770
planning,0.1,0,2196.861563885,2199.61733560161,2.75577171660734,97.9610083754372,97.9584515089397,-0.00255686649751397,,,0.011713109670246,770,771
traveling,6.39999999999999,17.464249196573,2199.61733560161,2422.56661610764,222.949280506033,97.9584515089397,97.7508675345339,-0.207583974405821,6.30700912547822,,,771,835
planning,0.6,0,2422.56661610764,2437.99602952065,15.4294134130078,97.7508675345339,97.7365615540208,-0.0143059805131287,,,0.557675203675166,835,841
dwelling,7.19999999999999,0,2437.99602952065,2614.07578576311,176.079756242465,97.7365615540208,97.5733831568498,-0.163178397170981,,7.10909090030491,,841,913
planning,0.5,0,2614.07578576311,2627.72388000952,13.6480942464036,97.5733831568498,97.5607185682529,-0.0126645885969197,,,0.491803301748566,913,918
traveling,4.3,9,2627.72388000952,2774.41369519699,146.689815187479,97.5607185682529,97.4241680837033,-0.136550484549588,4.28388268315395,,,918,961
planning,0.1,0,2774.41369519699,2777.50794061851,3.09424542151191,97.4241680837033,97.4212919329668,-0.00287615073649761,,,0.0930324140087838,961,962
dwelling,8.59999999999999,0,2777.50794061851,3006.5718867785,229.063946159995,97.4212919329668,97.2087623142323,-0.212529618734507,,8.58888887514485,,962,1048
planning,0.3,0,3006.5718867785,3015.10224098268,8.53035420417837,97.2087623142323,97.2008409630366,-0.00792135119564819,,,0.298702740142648,1048,1051
traveling,4.6,9,3015.10224098268,3166.73251619766,151.630275214984,97.2008409630366,97.0597342113385,-0.14110675169816,4.55679997328691,,,1051,1097
planning,0.2,0,3166.73251619766,3172.13193804469,5.39942184702295,97.0597342113385,97.0547229895237,-0.00501122181471203,,,0.192273201389898,1097,1099
dwelling,6.19999999999999,0,3172.13193804469,3313.66100685876,141.529068814072,97.0547229895237,96.9236023888742,-0.131120600649538,,6.19999999985381,,1099,1161
planning,0.6,0,3313.66100685876,3327.51872301451,13.8577161557546,96.9236023888742,96.9107619787827,-0.0128404100915134,,,0.549895614895505,1161,1167
traveling,6.49999999999999,19,3327.51872301451,3533.6477992527,206.129076238191,96.9107619787827,96.7189745155811,-0.191787463201635,6.45707983453283,,,1167,1232
planning,0.5,0,3533.6477992527,3546.83118677486,13.1833875221555,96.7189745155811,96.7067397608194,-0.0122347547616641,,,0.429826647920168,1232,1237
dwelling,12.9,0,3546.83118677486,3858.41010664501,311.578919870149,96.7067397608194,96.4178324943214,-0.288907266498001,,12.8235293335427,,1237,1366
planning,0.6,0,3858.41010664501,3874.25961304592,15.8495064009112,96.4178324943214,96.4031203323979,-0.0147121619234696,,,0.591979513049389,1366,1372
traveling,6.59999999999999,19,3874.25961304592,4078.39032874404,204.130715698119,96.4031203323979,96.2132141947181,-0.189906137679785,6.6141596808589,,,1372,1438
planning,0.3,0,4078.39032874404,4084.88828661933,6.49795787529456,96.2132141947181,96.2071943923273,-0.00601980239086686,,,0.251181995196213,1438,1441
dwelling,9.39999999999998,0,4084.88828661933,4289.80621982559,204.91793320626,96.2071943923273,96.0173262361445,-0.189868156182811,,9.37272727095701,,1441,1535
planning,1,0,4289.80621982559,4316.12032867915,26.3141088535531,96.0173262361445,95.9928951485718,-0.024431087572637,,,0.989215155189386,1535,1545
traveling,6.19999999999999,17.464249196573,4316.12032867915,4540.486473039,224.366144359856,95.9928951485718,95.7835940779119,-0.209301070659947,6.10868930878779,,,1545,1607
planning,0.9,0,4540.486473039,4564.54517049565,24.058697456644,95.7835940779119,95.7612495435484,-0.0223445343634836,,,0.820290002786543,1607,1616
dwelling,8.39999999999999,0,4564.54517049565,4770.69146717985,206.1462966842,95.7612495435484,95.569960698819,-0.191288844729399,,8.32222217155157,,1616,1700
planning,0.3,0,4770.69146717985,4778.61540885563,7.9239416757855,95.569960698819,95.5626013877397,-0.00735931107928423,,,0.247966840261778,1700,1703
traveling,6.39999999999999,17.464249196573,4778.61540885563,4975.42276170262,196.807352846993,95.5626013877397,95.379419385988,-0.183182001751703,6.30700952059698,,,1703,1767
planning,0.5,0,4975.42276170262,4987.29971953476,11.8769578321362,95.379419385988,95.3684002900134,-0.0110190959745893,,,0.413352111603909,1767,1772
dwelling,7.49999999999999,0,4987.29971953476,5142.79505935644,155.495339821682,95.3684002900134,95.2243188947942,-0.144081395219175,,7.42727272716145,,1772,1847
planning,0.2,0,5142.79505935644,5147.64641575113,4.85135639469172,95.2243188947942,95.2198164995892,-0.00450239520502294,,,0.140987250172279,1847,1849
traveling,4.3,9,5147.64641575113,5284.6614324707,137.015016719566,95.2198164995892,95.0921979533448,-0.127618546244378,4.28388192358893,,,1849,1892
planning,0.5,0,5284.6614324707,5297.66011388677,12.9986814160739,95.0921979533448,95.0801238893594,-0.012074063985466,,,0.419056986284074,1892,1897
dwelling,8.79999999999999,0,5297.66011388677,5495.50591561082,197.845801724042,95.0801238893594,94.8966222079897,-0.183501681369691,,8.77777775272201,,1897,1985
planning,0.1,0,5495.50591561082,5497.91322212534,2.40730651452213,94.8966222079897,94.894387756098,-0.00223445189168103,,,0.0904273497101808,1985,1986
traveling,4.6,9,5497.91322212534,5637.49025579113,139.577033665792,94.894387756098,94.7644409428203,-0.129946813277684,4.55679997328621,,,1986,2032
planning,0.4,0,5637.49025579113,5647.11920125622,9.62894546509233,94.7644409428203,94.7555025837764,-0.00893835904395246,,,0.394434083198692,2032,2036
dwelling,6.19999999999999,0,5647.11920125622,5780.82255855375,133.703357297526,94.7555025837764,94.631518495603,-0.123984088173316,,6.14545451824767,,2036,2098
planning,0.1,0,5780.82255855375,5783.39293322283,2.57037466908514,94.631518495603,94.6291305381632,-0.00238795743980802,,,0.0712423263636284,2098,2099
traveling,6.49999999999999,19,5783.39293322283,6000.57313667923,217.180203456392,94.6291305381632,94.4266175018305,-0.202513036332746,6.45707983637583,,,2099,2164
planning,0.7,0,6000.57313667923,6020.31826287897,19.7451261997467,94.4266175018305,94.4082506175884,-0.0183668842420701,,,0.650726786116307,2164,2171
dwelling,13.2,0,6020.31826287897,6342.21225036111,321.893987482135,94.4082506175884,94.1092964294376,-0.298954188150816,,13.1705881489301,,2171,2303
planning,0.4,0,6342.21225036111,6352.41787214044,10.2056217793297,94.1092964294376,94.0998124714514,-0.00948395798621959,,,0.325969222455767,2303,2307
traveling,6.59999999999999,19,6352.41787214044,6558.34685787383,205.928985733398,94.0998124714514,93.9079156931877,-0.191896778263711,6.61415968076931,,,2307,2373
planning,1,0,6558.34685787383,6580.59276853219,22.2459106583519,93.9079156931877,93.8872697289071,-0.020645964280547,,,0.901582880986326,2373,2383
dwelling,8.79999999999999,0,6580.59276853219,6780.73001485062,200.137246318431,93.8872697289071,93.7014614316183,-0.185808297288787,,8.78181818184968,,2383,2471
planning,0.5,0,6780.73001485062,6794.06753315645,13.337518305837,93.7014614316183,93.6890571349362,-0.0124042966821634,,,0.433268168735147,2471,2476
traveling,6.19999999999999,17.464249196573,6794.06753315645,7021.01713747719,226.949604320732,93.6890571349362,93.4769836564586,-0.21207347847762,6.1086893085539,,,2476,2538
planning,0.6,0,7021.01713747719,7038.6220595479,17.6049220707118,93.4769836564586,93.4605884999301,-0.0163951565284322,,,0.525613537581371,2538,2544
dwelling,8.69999999999999,0,7038.6220595479,7247.46319663348,208.84113708558,93.4605884999301,93.2665382064697,-0.194050293460378,,8.61111109989311,,2544,2631
planning,0.4,0,7247.46319663348,7257.46554505446,10.0023484209787,93.2665382064697,93.2572397624598,-0.00929844400990021,,,0.361254504576489,2631,2635
traveling,6.39999999999999,17.464249196573,7257.46554505446,7457.52499614126,200.059451086799,93.2572397624598,93.0706935131544,-0.186546249305451,6.30700952059653,,,2635,2699
planning,0.7,0,7457.52499614126,7475.64335425924,18.1183581179812,93.0706935131544,93.0538412699914,-0.0168522431629583,,,0.69278841706411,2699,2706
dwelling,7.29999999999999,0,7475.64335425924,7640.05138671461,164.408032455376,93.0538412699914,92.9011376111991,-0.152703658792376,,7.26363636389037,,2706,2779
planning,0.8,0,7640.05138671461,7662.18511677147,22.1337300568557,92.9011376111991,92.8805317395266,-0.0206058716725011,,,0.787287999792865,2779,2787
traveling,4.3,9,7662.18511677147,7793.47051336696,131.285396595493,92.8805317395266,92.7581346701586,-0.122397069367949,4.28388192377395,,,2787,2830
planning,0.7,0,7793.47051336696,7808.70484200542,15.2343286384548,92.7581346701586,92.7439875785393,-0.0141470916192787,,,0.63037070982254,2830,2837
dwelling,8.69999999999999,0,7808.70484200542,7984.39926163596,175.694419630549,92.7439875785393,92.5809333167101,-0.163054261829274,,8.61111106405792,,2837,2924
planning,0.3,0,7984.39926163596,7991.5434923229,7.14423068693668,92.5809333167101,92.574292108523,-0.00664120818703395,,,0.294954290445971,2924,2927
traveling,4.6,9,7991.5434923229,8119.31614069772,127.772648374814,92.574292108523,92.4552877531019,-0.119004355421154,4.55680036786062,,,2927,2973
planning,0.6,0,8119.31614069772,8133.56527222477,14.2491315270527,92.4552877531019,92.4420410176175,-0.0132467354843442,,,0.570449328519612,2973,2979
dwelling,6.1,0,8133.56527222477,8262.46219413557,128.896921910803,92.4420410176175,92.3223431496842,-0.119697867933326,,6.05454543108504,,2979,3040
planning,0.7,0,8262.46219413557,8280.29055665591,17.8283625203421,92.3223431496842,92.3057547153917,-0.0165884342924727,,,0.674363533765538,3040,3047
traveling,6.49999999999999,19,8280.29055665591,8499.45052425833,219.159967602422,92.3057547153917,92.1010064032498,-0.20474831214193,6.45707983724366,,,3047,3112
planning,0.8,0,8499.45052425833,8519.35603516437,19.9055109060391,92.1010064032498,92.0824870798875,-0.0185193233623409,,,0.79583959300308,3112,3120
dwelling,13.3,0,8519.35603516437,8811.42157215937,292.065536994995,92.0824870798875,91.8110781486821,-0.2714089312054,,13.2999999971761,,3120,3253
planning,1,0,8811.42157215937,8834.24949490548,22.8279227461098,91.8110781486821,91.7898545817288,-0.0212235669532248,,,0.984965890770193,3253,3263
traveling,6.59999999999999,19,8834.24949490548,9002.06378634602,167.81429144054,91.7898545817288,91.633627357574,-0.156227224154833,6.61415968080736,,,3263,3329
planning,0.4,0,9002.06378634602,9010.45541564821,8.39162930219209,91.633627357574,91.6258309248929,-0.00779643268106156,,,0.395565169786424,3329,3333
dwelling,9.69999999999998,0,9010.45541564821,9208.30137350972,197.845957861513,91.6258309248929,91.4420507923152,-0.183780132577709,,9.67272723852975,,3333,3430
planning,0.4,0,9208.30137350972,9217.87661560321,9.57524209348958,91.4420507923152,91.4331417569123,-0.00890903540287979,,,0.389799178628821,3430,3434
traveling,6.19999999999999,17.464249196573,9217.87661560321,9429.60487915209,211.728263548881,91.4331417569123,91.2351746609572,-0.197967095955178,6.10868931462274,,,3434,3496
planning,0.1,0,9429.60487915209,9432.32109867226,2.71621952016176,91.2351746609572,91.2326434122161,-0.00253124874110711,,,0.0829978933584089,3496,3497
dwelling,9.39999999999998,0,9432.32109867226,9648.06889934394,215.747800671686,91.2326434122161,91.0319439280369,-0.20069948417914,,9.3999999515094,,3497,3591
planning,0.3,0,9648.06889934394,9655.38081245946,7.31191311551447,91.0319439280369,91.0251373332143,-0.00680659482260637,,,0.21634319005637,3591,3594
traveling,6.39999999999999,17.464249196573,9655.38081245946,9864.152008384,208.771195924544,91.0251373332143,90.8300229101971,-0.195114423017216,6.30700952060456,,,3594,3658
planning,0.7,0,9864.152008384,9883.22908841126,19.0770800272549,90.8300229101971,90.8122386201054,-0.0177842900917398,,,0.64356309999573,3658,3665
dwelling,7.39999999999999,0,9883.22908841126,10078.7937446549,195.564656243623,90.8122386201054,90.6299779406294,-0.182260679475931,,7.30000000007567,,3665,3739
planning,0.4,0,10078.7937446549,10090.2033329001,11.4095882452402,90.6299779406294,90.6193339026982,-0.0106440379312289,,,0.384883180916333,3739,3743
traveling,4.3,9,10090.2033329001,10242.3432025712,152.139869671068,90.6193339026982,90.4769382054816,-0.142395697216585,4.2838819247771,,,3743,3786
planning,0.7,0,10242.3432025712,10262.9397546408,20.5965520696445,90.4769382054816,90.4577135410602,-0.0192246644214293,,,0.645182318721634,3786,3793
dwelling,8.79999999999999,0,10262.9397546408,10469.1328505444,206.193095903594,90.4577135410602,90.2657448594147,-0.191968681645463,,8.77777772574951,,3793,3881
planning,0.5,0,10469.1328505444,10481.7028571019,12.5700065575056,90.2657448594147,90.2540326205508,-0.0117122388639217,,,0.404608986089298,3881,3886
traveling,4.6,9,10481.7028571019,10630.1046631712,148.401806069252,90.2540326205508,90.1152814795564,-0.138751140994444,4.55680036790558,,,3886,3932
planning,0.5,0,10630.1046631712,10643.7512023751,13.6465392039645,90.1152814795564,90.1025524445751,-0.0127290349812341,,,0.415146763760999,3932,3937
dwelling,6.29999999999999,0,10643.7512023751,10788.9908204602,145.239618085052,90.1025524445751,89.9673247317278,-0.135227712847282,,6.26363635926387,,3937,4000
planning,0.4,0,10788.9908204602,10799.2075621374,10.2167416771663,89.9673247317278,89.957801264286,-0.00952346744180943,,,0.312012054916582,4000,4004
traveling,6.49999999999999,19,10799.2075621374,11014.359672578,215.152110440627,89.957801264286,89.756507735491,-0.201293528795077,6.45707983732027,,,4004,4069
planning,0.3,0,11014.359672578,11021.9576478399,7.59797526193688,89.756507735491,89.7494248425141,-0.00708289297685383,,,0.290910678564598,4069,4072
dwelling,13.9,0,11021.9576478399,11314.0443041458,292.08665630583,89.7494248425141,89.4776223402645,-0.271802502249571,,13.8176469655759,,4072,4211
planning,0.3,0,11314.0443041458,11320.5392217448,6.49491759901866,89.4776223402645,89.4715762799035,-0.00604606036107214,,,0.267221721285338,4211,4214
traveling,6.59999999999999,19,11320.5392217448,11537.6910930345,217.151871289678,89.4715762799035,89.2683083804041,-0.203267899499338,6.61415968083479,,,4214,4280
planning,0.1,0,11537.6910930345,11540.2164173713,2.52532433681517,89.2683083804041,89.2659534202668,-0.00235496013732472,,,0.0582086546560262,4280,4281
dwelling,9.79999999999998,0,11540.2164173713,11754.0376097645,213.821192393267,89.2659534202668,89.0668417440239,-0.199111676242907,,9.7545454257506,,4281,4379
planning,0.2,0,11754.0376097645,11759.2188628078,5.18125304330897,89.0668417440239,89.0620078336747,-0.00483391034920544,,,0.140476256394116,4379,4381
traveling,6.19999999999999,17.464249196573,11759.2188628078,11971.1600023971,211.941139589284,89.0620078336747,88.8634764808046,-0.198531352870035,6.10868843667383,,,4381,4443
planning,0.8,0,11971.1600023971,11992.4797777325,21.319775335367,88.8634764808046,88.8435759335477,-0.0199005472569809,,,0.740052154537321,4443,4451
dwelling,8.59999999999999,0,11992.4797777325,12212.3644631881,219.884685455649,88.8435759335477,88.6384060659806,-0.205169867567108,,8.5666666554383,,4451,4537
planning,0.5,0,12212.3644631881,12227.0858687561,14.7214055679251,88.6384060659806,88.6246449423688,-0.0137611236117863,,,0.43924886994993,4537,4542
traveling,6.39999999999999,17.464249196573,12227.0858687561,12441.927325801,214.84145704488,88.6246449423688,88.4233964461747,-0.201248496194097,6.30700952059322,,,4542,4606
planning,0.5,0,12441.927325801,12455.2225138052,13.2951880042292,88.4233964461747,88.4109822192432,-0.0124142269314405,,,0.480808154409015,4606,4611
dwelling,7.59999999999999,0,12455.2225138052,12628.2580828361,173.035569030872,88.4109822192432,88.2496726887382,-0.161309530505051,,7.53636363660327,,4611,4687
planning,0.1,0,12628.2580828361,12631.0469996999,2.78891686382121,88.2496726887382,88.2470666943481,-0.0026059943901231,,,0.034437922965213,4687,4688
traveling,4.3,9,12631.0469996999,12769.1303884718,138.083388771885,88.2470666943481,88.1177747942131,-0.129291900134987,4.28388192385641,,,4688,4731
planning,0.8,0,12769.1303884718,12788.5274605108,19.3970720390698,88.1177747942131,88.0996773434885,-0.0180974507245537,,,0.719295094723497,4731,4739
dwelling,8.59999999999999,0,12788.5274605108,12971.3115948031,182.784134292253,88.0996773434885,87.9293522233559,-0.170325120132617,,8.52222222056981,,4739,4825
planning,0.2,0,12971.3115948031,12976.3388367876,5.02724198452597,87.9293522233559,87.9246592415653,-0.00469298179062605,,,0.142573019526119,4825,4827
traveling,4.6,9,12976.3388367876,13116.0555780324,139.716741244769,87.9246592415653,87.7939030436087,-0.130756197956586,4.55680036794948,,,4827,4873
planning,1,0,13116.0555780324,13140.2166844954,24.1611064630288,87.7939030436087,87.7713554220512,-0.0225476215574503,,,0.962416830742751,4873,4883
dwelling,5.7,0,13140.2166844954,13251.491681026,111.27499653059,87.7713554220512,87.6677201339674,-0.103635288083808,,5.61818181270846,,4883,4940
planning,0.1,0,13251.491681026,13253.7238449902,2.23216396425232,87.6677201339674,87.6656385523205,-0.00208158164694794,,,0.0569650961537513,4940,4941
traveling,6.49999999999999,19,13253.7238449902,13459.736394782,206.012549791767,87.6656385523205,87.4726441792259,-0.19299437309455,6.45707983637377,,,4941,5006
planning,0.5,0,13459.736394782,13472.6133196001,12.8769248181306,87.4726441792259,87.4606155083643,-0.0120286708616817,,,0.46694892170037,5006,5011
dwelling,13.4,0,13472.6133196001,13760.6354945364,288.022174936241,87.4606155083643,87.1920418573462,-0.268573651018087,,13.3705882093523,,5011,5145
planning,0.2,0,13760.6354945364,13765.5942001556,4.958705619174,87.1920418573462,87.1874107076177,-0.00463114972845347,,,0.166542176203777,5145,5147
traveling,6.59999999999999,19,13765.5942001556,13998.4677259752,232.873525819652,87.1874107076177,86.9688114562025,-0.218599251415228,6.61415968085143,,,5147,5213
planning,0.2,0,13998.4677259752,14003.9090795918,5.44135361663211,86.9688114562025,86.9637230823815,-0.00508837382101035,,,0.190216600339448,5213,5215
dwelling,9.59999999999998,0,14003.9090795918,14222.7286724811,218.819592889273,86.9637230823815,86.7594764034335,-0.20424667894801,,9.50909088600995,,5215,5311
planning,1,0,14222.7286724811,14248.2640073271,25.5353348459321,86.7594764034335,86.7356108171294,-0.0238655863040833,,,0.935728878505781,5311,5321
traveling,6.19999999999999,17.464249196573,14248.2640073271,14450.3373227611,202.073315434045,86.7356108171294,86.5461112887396,-0.18949952838976,6.10868930995668,,,5321,5383
planning,0.5,0,14450.3373227611,14463.0670450485,12.7297222874477,86.5461112887396,86.5342123226215,-0.0118989661181104,,,0.426012713879975,5383,5388
dwelling,8.79999999999999,0,14463.0670450485,14656.4040830733,193.337038024727,86.5342123226215,86.3537572269542,-0.180455095667341,,8.77777772450956,,5388,5476
planning,0.9,0,14656.4040830733,14677.1460282781,20.7419452048634,86.3537572269542,86.3343865444654,-0.0193706824888125,,,0.865850165633298,5476,5485
traveling,6.39999999999999,17.464249196573,14677.1460282781,14879.3077270474,202.161698769294,86.3343865444654,86.1447957382066,-0.189590806258806,6.30700952056279,,,5485,5549
planning,0.9,0,14879.3077270474,14901.712648781,22.4049217335869,86.1447957382066,86.1238509166926,-0.0209448215139929,,,0.818852470845965,5549,5558
dwelling,7.29999999999999,0,14901.712648781,15061.8165078597,160.103859078648,86.1238509166926,85.9743669703163,-0.149483946376307,,7.2454545320224,,5558,5631
planning,0.5,0,15061.8165078597,15075.3095112881,13.493003428428,85.9743669703163,85.961739632431,-0.0126273378852773,,,0.410542925937069,5631,5636
traveling,4.3,9,15075.3095112881,15217.3496078214,142.040096533286,85.961739632431,85.828416103967,-0.133323528463961,4.28388192432533,,,5636,5679
planning,0.5,0,15217.3496078214,15228.8679025733,11.5182947518806,85.828416103967,85.8176543958226,-0.0107617081444005,,,0.467377026857136,5679,5684
dwelling,8.89999999999999,0,15228.8679025733,15404.3120697994,175.444167226131,85.8176543958226,85.6539646333145,-0.163689762508113,,8.89999994973118,,5684,5773
planning,0.5,0,15404.3120697994,15416.180042019,11.8679722196466,85.6539646333145,85.6428711520875,-0.01109348122705,,,0.431301673858677,5773,5778
traveling,4.6,9,15416.180042019,15541.7880824146,125.608040395553,85.6428711520875,85.5252507821975,-0.117620369889963,4.5568003686498,,,5778,5824
planning,1,0,15541.7880824146,15563.6105444683,21.8224620537294,85.5252507821975,85.5048674551865,-0.0203833270110181,,,0.981421096629659,5824,5834
dwelling,5.8,0,15563.6105444683,15689.2001473564,125.589602888083,85.5048674551865,85.3875601325237,-0.117307322662725,,5.72727272478883,,5834,5892
planning,0.9,0,15689.2001473564,15712.6633893656,23.463242009173,85.3875601325237,85.3655998135485,-0.0219603189752888,,,0.879797778724023,5892,5901
traveling,6.49999999999999,19,15712.6633893656,15921.6066658912,208.943276525635,85.3655998135485,85.1694587055135,-0.196141108034979,6.45707983818757,,,5901,5966
planning,0.5,0,15921.6066658912,15933.880250859,12.2735849677483,85.1694587055135,85.1579769950599,-0.0114817104536229,,,0.417963751023208,5966,5971
dwelling,13.9,0,15933.880250859,16230.857189935,296.976939076059,85.1579769950599,84.8805185604067,-0.277458434653141,,13.8470587212698,,5971,6110
planning,0.3,0,16230.857189935,16237.6462469012,6.78905696614129,84.8805185604067,84.8741713685565,-0.00634719185021027,,,0.220036668828275,6110,6113
traveling,6.59999999999999,19,16237.6462469012,16456.7742393608,219.127992459673,84.8741713685565,84.6682421852732,-0.205929183283317,6.61415968079706,,,6113,6179
planning,0.4,0,16456.7742393608,16467.6853102904,10.9110709296074,84.6682421852732,84.6580179833797,-0.0102242018934504,,,0.30352625739806,6179,6183
dwelling,9.59999999999998,0,16467.6853102904,16692.6555127438,224.970202453358,84.6580179833797,84.4475487237845,-0.210469259595229,,9.52727272316856,,6183,6279
planning,1,0,16692.6555127438,16717.4646352558,24.8091225119861,84.4475487237845,84.4243223974133,-0.0232263263712298,,,0.949835585399499,6279,6289
traveling,6.19999999999999,17.464249196573,16717.4646352558,16923.5299406394,206.065305383585,84.4243223974133,84.2306209534509,-0.193701443962382,6.10868931578643,,,6289,6351
planning,0.8,0,16923.5299406394,16946.283221597,22.7532809575896,84.2306209534509,84.2092802537375,-0.02134069971342,,,0.798927767940111,6351,6359
dwelling,8.79999999999999,0,16946.283221597,17190.8901103574,244.606888760409,84.2092802537375,83.9798951474031,-0.229385106334348,,8.7555555400419,,6359,6447
planning,0.7,0,17190.8901103574,17213.0146532356,22.124542878264,83.9798951474031,83.959109650404,-0.0207854969990962,,,0.665259928260417,6447,6454
traveling,6.39999999999999,17.464249196573,17213.0146532356,17459.7402423392,246.725589103575,83.959109650404,83.7265042960141,-0.232605354389889,6.30700952052945,,,6454,6518
planning,0.5,0,17459.7402423392,17473.8706382648,14.1303959256293,83.7265042960141,83.7132461837001,-0.0132581123140341,,,0.424849658081139,6518,6523
dwelling,7.69999999999999,0,17473.8706382648,17656.270738459,182.400100194176,83.7132461837001,83.5424424534902,-0.170803730209869,,7.68181817022435,,6523,6600
planning,0.1,0,17656.270738459,17658.9342486642,2.66351020522052,83.5424424534902,83.5399447931335,-0.00249766035676657,,,0.0901740669159995,6600,6601
traveling,4.3,9,17658.9342486642,17797.1506552908,138.216406626525,83.5399447931335,83.4099912480884,-0.129953545045041,4.28388270094847,,,6601,6644
planning,0.3,0,17797.1506552908,17805.3787869378,8.22813164702893,83.4099912480884,83.4022717400571,-0.00771950803128618,,,0.258599969020411,6644,6647
dwelling,9.29999999999998,0,17805.3787869378,18024.2019270217,218.823140083921,83.4022717400571,83.1973085604464,-0.204963179610729,,9.25555552678019,,6647,6740
planning,0.2,0,18024.2019270217,18029.1613240474,4.95939702567193,83.1973085604464,83.1926603365879,-0.00464822385849573,,,0.124529366110819,6740,6742
traveling,4.6,9,18029.1613240474,18173.3169035022,144.155579454826,83.1926603365879,83.0571172067254,-0.13554312986254,4.5568003679284,,,6742,6788
planning,0.6,0,18173.3169035022,18189.0404480152,15.7235445129736,83.0571172067254,83.0423688622549,-0.0147483444705188,,,0.596415586266367,6788,6794
dwelling,6.1,0,18189.0404480152,18324.5169523843,135.476504369162,83.0423688622549,82.91551311878,-0.126855743474877,,6.09090909089992,,6794,6855
planning,0.7,0,18324.5169523843,18341.7230321307,17.2060797463237,82.91551311878,82.8993838877448,-0.0161292310351939,,,0.69748427703829,6855,6862
traveling,6.49999999999999,19,18341.7230321307,18567.5434598528,225.820427722145,82.8993838877448,82.6866122118708,-0.212771675873952,6.45707983785375,,,6862,6927
planning,0.9,0,18567.5434598528,18589.9877763987,22.4443165458761,82.6866122118708,82.6655646443778,-0.0210475674930422,,,0.819456674400516,6927,6936
dwelling,13.4,0,18589.9877763987,18893.4231665691,303.435390170464,82.6655646443778,82.3812642638124,-0.28430038056544,,13.3588235058248,,6936,7070
planning,0.7,0,18893.4231665691,18911.072510966,17.6493443968866,82.3812642638124,82.3647064439777,-0.0165578198346736,,,0.676839696822349,7070,7077
traveling,6.59999999999999,19,18911.072510966,19137.0400983732,225.967587407144,82.3647064439777,82.1517701670655,-0.212936276912131,6.61415968078613,,,7077,7143
planning,0.8,0,19137.0400983732,19158.0522905709,21.0121921976897,82.1517701670655,82.1320439105952,-0.0197262564703067,,,0.782736058856498,7143,7151
dwelling,9.29999999999998,0,19158.0522905709,19362.4356765836,204.383386012756,82.1320439105952,81.9405185421003,-0.191525368494894,,9.2363636339257,,7151,7244
planning,0.9,0,19362.4356765836,19385.6921272738,23.2564506901508,81.9405185421003,81.9186851407404,-0.0218334013599844,,,0.835838781611961,7244,7253
traveling,6.19999999999999,17.464249196573,19385.6921272738,19597.3179932346,211.625865960865,81.9186851407404,81.719198554175,-0.199486586565371,6.10868931462264,,,7253,7315
planning,0.8,0,19597.3179932346,19618.9570968582,21.6391036235582,81.719198554175,81.6988681797005,-0.0203303744744971,,,0.750771651030315,7315,7323
dwelling,8.69999999999999,0,19618.9570968582,19813.1814582569,194.224361398723,81.6988681797005,81.5167568804723,-0.182111299228197,,8.6999999578302,,7323,7410
planning,0.4,0,19813.1814582569,19821.9215491793,8.74009092237247,81.5167568804723,81.5085630990617,-0.00819378141061122,,,0.389264190448573,7410,7414
traveling,6.39999999999999,17.464249196573,19821.9215491793,19994.6754823984,172.753933219075,81.5085630990617,81.3462009548018,-0.16236214425993,6.30700952060959,,,7414,7478
planning,0.6,0,19994.6754823984,20008.4401697238,13.7646873253871,81.3462009548018,81.333288173611,-0.0129127811907779,,,0.517483671869033,7478,7484
dwelling,7.49999999999999,0,20008.4401697238,20168.8423944633,160.402224739577,81.333288173611,81.1829059048083,-0.150382268802645,,7.43636362295991,,7484,7559
planning,1,0,20168.8423944633,20194.0374289125,25.1950344491561,81.1829059048083,81.1592423418619,-0.0236635629464672,,,0.973847654434508,7559,7569
traveling,4.3,9,20194.0374289125,20323.3938199366,129.35639102407,81.1592423418619,81.0374546275043,-0.121787714357552,4.28388270215325,,,7569,7612
planning,0.6,0,20323.3938199366,20337.1939039159,13.8000839793203,81.0374546275043,81.0245044719894,-0.0129501555149005,,,0.519603098966726,7612,7618
dwelling,8.99999999999999,0,20337.1939039159,20543.9091959843,206.715292068409,81.0245044719894,80.8304996214473,-0.194004850542157,,8.99999999147487,,7618,7708
planning,0.8,0,20543.9091959843,20566.7178172587,22.8086212743947,80.8304996214473,80.8090378203201,-0.0214618011271455,,,0.719703207082276,7708,7716
traveling,4.6,9,20566.7178172587,20731.6221191621,164.904301903407,80.8090378203201,80.6533048587711,-0.155732961548978,4.5568003678678,,,7716,7762
planning,0.4,0,20731.6221191621,20743.3711816838,11.7490625217215,80.6533048587711,80.6422434189242,-0.0110614398469409,,,0.340471361942914,7762,7766
dwelling,6.59999999999999,0,20743.3711816838,20903.4313944856,160.060212801764,80.6422434189242,80.4918839736624,-0.150359445261756,,6.50909090345155,,7766,7832
planning,0.1,0,20903.4313944856,20905.8882090363,2.45681455072554,80.4918839736624,80.4895756363331,-0.0023083373293673,,,0.0730760307484714,7832,7833
traveling,6.49999999999999,19,20905.8882090363,21119.4743995309,213.586190494578,80.4895756363331,80.2880552616311,-0.201520374701943,6.45707983832486,,,7833,7898
planning,0.9,0,21119.4743995309,21139.2566869687,19.782287437858,80.2880552616311,80.2694863827992,-0.0185688788318856,,,0.89067756801213,7898,7907
dwelling,13.5,0,21139.2566869687,21427.9589315766,288.702244607899,80.2694863827992,79.998514890793,-0.270971492006197,,13.4823529376376,,7907,8042
planning,0.2,0,21427.9589315766,21432.9235409531,4.96460937644224,79.998514890793,79.9938475238387,-0.0046673669543793,,,0.117435326574189,8042,8044
traveling,6.59999999999999,19,21432.9235409531,21646.9937348858,214.070193932756,79.9938475238387,79.7918291670927,-0.202018356745995,6.61415968079014,,,8044,8110
planning,0.6,0,21646.9937348858,21661.985907569,14.9921726831526,79.7918291670927,79.7777306243018,-0.0140985427909186,,,0.50119999580246,8110,8116
dwelling,9.29999999999998,0,21661.985907569,21869.2754255422,207.289517973237,79.7777306243018,79.5830133362119,-0.194717288089876,,9.29090909078485,,8116,8209
planning,0.9,0,21869.2754255422,21892.1629979103,22.8875723680794,79.5830133362119,79.5614811598454,-0.0215321763664917,,,0.858292227008091,8209,8218
traveling,6.19999999999999,17.464249196573,21892.1629979103,22101.282341704,209.119343793696,79.5614811598454,79.3639356575173,-0.197545502328111,6.10868931578637,,,8218,8280
planning,1,0,22101.282341704,22128.2564747864,26.9741330824472,79.3639356575173,79.3385355496801,-0.0254001078372141,,,0.977819156596886,8280,8290
dwelling,8.59999999999999,0,22128.2564747864,22325.5530764153,197.296601628826,79.3385355496801,79.153069944697,-0.185465604983108,,8.55555554476059,,8290,8376
planning,0.2,0,22325.5530764153,22330.7904208733,5.2373444580262,79.153069944697,79.1481390077346,-0.00493093696239555,,,0.120207807598083,8376,8378
traveling,6.39999999999999,17.464249196573,22330.7904208733,22556.8646296768,226.074208803537,79.1481390077346,78.9343327758455,-0.213806231889009,6.30700952063737,,,8378,8442
planning,0.1,0,22556.8646296768,22559.8348706144,2.97024093753498,78.9343327758455,78.9315312145438,-0.00280156130172315,,,0.0108378627403686,8442,8443
dwelling,7.99999999999999,0,22559.8348706144,22751.4390233417,191.604152727366,78.9315312145438,78.7512628951465,-0.180268319397314,,7.90000000027486,,8443,8523
planning,0.6,0,22751.4390233417,22767.8934558961,16.4544325543902,78.7512628951465,78.7357560411542,-0.0155068539923064,,,0.527108739376538,8523,8529
traveling,4.3,9,22767.8934558961,22918.0622814565,150.168825560326,78.7357560411542,78.5937120787966,-0.142043962357633,4.28388192457577,,,8529,8572
planning,0.9,0,22918.0622814565,22943.7317381535,25.6694566970036,78.5937120787966,78.5695048307001,-0.0242072480964595,,,0.82439016326019,8572,8581
dwelling,8.59999999999999,0,22943.7317381535,23159.5276504504,215.795912296897,78.5695048307001,78.3662909836808,-0.203213847019299,,8.54444439754345,,8581,8667
planning,0.5,0,23159.5276504504,23174.5396505497,15.012000099392,78.3662909836808,78.3521212067176,-0.0141697769632145,,,0.474368617996936,8667,8672
traveling,4.6,9,23174.5396505497,23330.2603071083,155.720656558598,78.3521212067176,78.2048419726611,-0.147279234056469,4.5568003679119,,,8672,8718
planning,0.9,0,23330.2603071083,23355.6734070735,25.4130999651788,78.2048419726611,78.1808700127019,-0.0239719599592689,,,0.88126424748026,8718,8727
dwelling,5.9,0,23355.6734070735,23513.3326729579,157.659265884369,78.1808700127019,78.0322419193579,-0.148628093343945,,5.86363636308057,,8727,8786
planning,0.8,0,23513.3326729579,23538.1186783177,24.7860053598561,78.0322419193579,78.008828244171,-0.0234136751869443,,,0.779959239819115,8786,8794
traveling,6.49999999999999,19,23538.1186783177,23783.2265535518,245.107875234033,78.008828244171,77.7764831605121,-0.232345083658885,6.45707983791991,,,8794,8859
planning,0.4,0,23783.2265535518,23794.3607550767,11.1342015249356,77.7764831605121,77.7659779066973,-0.0105052538148271,,,0.374369334929967,8859,8863
dwelling,13.9,0,23794.3607550767,24155.9739624441,361.613207367434,77.7659779066973,77.4249992598243,-0.340978646872927,,13.8764705762901,,8863,9002
planning,0.9,0,24155.9739624441,24182.4535882588,26.4796258146234,77.4249992598243,77.3999881054195,-0.025011154404865,,,0.809465982195908,9002,9011
traveling,6.59999999999999,19,24182.4535882588,24416.8732946653,234.419706406567,77.3999881054195,77.1778726662123,-0.222115439207158,6.61415968081205,,,9011,9077
planning,0.7,0,24416.8732946653,24435.5220390125,18.6487443472033,77.1778726662123,77.1602761100921,-0.0175965561202247,,,0.62678509552665,9077,9084
dwelling,9.49999999999998,0,24435.5220390125,24663.8524801348,228.330441122231,77.1602761100921,76.9450560241848,-0.215220085907276,,9.40909090917082,,9084,9179
planning,1,0,24663.8524801348,24692.522662442,28.6701823071853,76.9450560241848,76.9179717616842,-0.0270842625006509,,,0.941765909063332,9179,9189
traveling,6.19999999999999,17.464249196573,24692.522662442,24905.4254018391,212.902739397152,76.9179717616842,76.7162564831717,-0.201715278512438,6.10868931741392,,,9189,9251
planning,0.4,0,24905.4254018391,24915.153635518,9.72823367888486,76.7162564831717,76.7070825572684,-0.00917392590334032,,,0.31996054727123,9251,9255
dwelling,9.29999999999998,0,24915.153635518,25129.2236837445,214.070048226491,76.7070825572684,76.5052897113766,-0.201792845891745,,9.23333332526974,,9255,9348
planning,0.7,0,25129.2236837445,25151.1959120606,21.9722283161136,76.5052897113766,76.4844974730237,-0.0207922383529393,,,0.688939615164516,9348,9355
traveling,6.39999999999999,17.464249196573,25151.1959120606,25399.8943085624,248.698396501797,76.4844974730237,76.2482527507865,-0.236244722237231,6.30700952053651,,,9355,9419
planning,1,0,25399.8943085624,25428.5044563632,28.6101478008131,76.2482527507865,76.2212064009106,-0.0270463498758886,,,0.927924133713105,9419,9429
dwelling,7.29999999999999,0,25428.5044563632,25613.7066659951,185.202209631894,76.2212064009106,76.0463662534927,-0.17484014741791,,7.21818181786358,,9429,9502
planning,0.1,0,25613.7066659951,25616.8061985595,3.09953256436711,76.0463662534927,76.0434323481498,-0.00293390534291404,,,0.0544868562358809,9502,9503
traveling,4.3,9,25616.8061985595,25768.5730870053,151.766888445847,76.0434323481498,75.8994640071376,-0.143968341012155,4.28388270335547,,,9503,9546
planning,0.2,0,25768.5730870053,25774.0431577456,5.47007074026624,75.8994640071376,75.8942941038961,-0.00516990324146605,,,0.146631769317886,9546,9548
dwelling,9.49999999999998,0,25774.0431577456,26003.1429016577,229.099743912113,75.8942941038961,75.6780597077003,-0.216234396195802,,9.44444444060187,,9548,9643
planning,0.4,0,26003.1429016577,26013.1229098256,9.98000816787317,75.6780597077003,75.668635502356,-0.00942420534430255,,,0.338178434285297,9643,9647
traveling,4.6,9,26013.1229098256,26141.1521643053,128.029254479698,75.668635502356,75.5475585076149,-0.121076994741173,4.55680036787016,,,9647,9693
planning,0.5,0,26141.1521643053,26153.4579646174,12.305800312166,75.5475585076149,75.5359382325437,-0.0116202750711238,,,0.473140566706918,9693,9698
dwelling,6.29999999999999,0,26153.4579646174,26293.3483679953,139.890403377824,75.5359382325437,75.4039752044719,-0.131963028071809,,6.29999998828994,,9698,9761
planning,0.9,0,26293.3483679953,26315.4588212733,22.1104532780519,75.4039752044719,75.383093657499,-0.020881546972916,,,0.869115043448813,9761,9770
traveling,6.49999999999999,19,26315.4588212733,26543.4581712279,227.999349954585,75.383093657499,75.1666256233898,-0.21646803410917,6.45707983853176,,,9770,9835
planning,0.8,0,26543.4581712279,26565.3174059805,21.8592347525919,75.1666256233898,75.145950027029,-0.0206755963608742,,,0.785891999826087,9835,9843
dwelling,13.7,0,26565.3174059805,26870.796896006,305.47949002554,75.145950027029,74.8576258234606,-0.288324203568351,,13.6352940720942,,9843,9980
planning,0.5,0,26870.796896006,26883.4777868831,12.6808908770399,74.8576258234606,74.845638566129,-0.0119872573315831,,,0.452715544081932,9980,9985
traveling,6.59999999999999,19,26883.4777868831,27099.7257293471,216.247942464015,74.845638566129,74.6404403291802,-0.205198236948817,6.61415968082096,,,9985,10051
planning,0.5,0,27099.7257293471,27111.5177012602,11.7919719131169,74.6404403291802,74.6292998792363,-0.0111404499439374,,,0.426349612658107,10051,10056
dwelling,9.59999999999998,0,27111.5177012602,27323.8994843095,212.381783049324,74.6292998792363,74.4287577973213,-0.200542081915017,,9.53636362393478,,10056,10152
planning,0.3,0,27323.8994843095,27331.313354295,7.4138699854484,74.4287577973213,74.4217483819543,-0.00700941536690891,,,0.238470650461802,10152,10155
traveling,6.19999999999999,17.464249196573,27331.313354295,27541.5318198709,210.218465575908,74.4217483819543,74.2220873791558,-0.19966100279855,6.10868931485556,,,10155,10217
planning,0.4,0,27541.5318198709,27552.1586177172,10.6267978463184,74.2220873791558,74.2120295263607,-0.0100578527950859,,,0.3981646413922,10217,10221
dwelling,9.19999999999999,0,27552.1586177172,27774.3807206503,222.22210293309,74.2120295263607,74.0019121521038,-0.210117374256882,,9.11111105904008,,10221,10313
planning,0.3,0,27774.3807206503,27782.4315186816,8.05079803134868,74.0019121521038,73.9942896646876,-0.00762248741622784,,,0.293662868844408,10313,10316
traveling,6.39999999999999,17.464249196573,27782.4315186816,28004.1905843608,221.759065679151,73.9942896646876,73.7834968889993,-0.21079277568829,6.30700952065009,,,10316,10380
planning,0.2,0,28004.1905843608,28009.8853626933,5.69477833250858,73.7834968889993,73.7780997526034,-0.00539713639588513,,,0.174863417334229,10380,10382
dwelling,7.89999999999999,0,28009.8853626933,28199.67649183,189.791129136749,73.7780997526034,73.5985747405293,-0.179525012074109,,7.83636363625201,,10382,10461
planning,1,0,28199.67649183,28226.1420635635,26.4655717334063,73.5985747405293,73.5735103361335,-0.0250644043958062,,,0.993232848160499,10461,10471
traveling,4.3,9,28226.1420635635,28359.4531932564,133.311129692946,73.5735103361335,73.4469637772578,-0.126546558875717,4.28388270125038,,,10471,10514
planning,0.1,0,28359.4531932564,28361.9372341338,2.48404087740346,73.4469637772578,73.4446126574084,-0.00235111984936509,,,0.0536789327339117,10514,10515
dwelling,9.49999999999998,0,28361.9372341338,28581.5910248388,219.653790704979,73.4446126574084,73.2368506450481,-0.207762012360377,,9.4666666140635,,10515,10610
planning,0.4,0,28581.5910248388,28591.8946487672,10.3036239283792,73.2368506450481,73.2270919989208,-0.00975864612726696,,,0.304129235328571,10610,10614
traveling,4.6,9,28591.8946487672,28728.0574056012,136.162756834055,73.2270919989208,73.0978791752502,-0.129212823670557,4.55680036787185,,,10614,10660
planning,0.1,0,28728.0574056012,28730.4770776857,2.4196720845066,73.0978791752502,73.0955887975273,-0.00229037772294305,,,0.0237417828642709,10660,10661
dwelling,6.69999999999999,0,28730.4770776857,28870.6388360612,140.161758375489,73.0955887975273,72.9631048949718,-0.13248390255545,,6.6636363627987,,10661,10728
planning,0.5,0,28870.6388360612,28883.0733481318,12.434512070613,72.9631048949718,72.9513293787307,-0.0117755162410873,,,0.49365354524626,10728,10733
traveling,6.49999999999999,19,28883.0733481318,29102.7305355248,219.657187393022,72.9513293787307,72.7423781672345,-0.208951211496242,6.45707983778841,,,10733,10798
planning,0.8,0,29102.7305355248,29125.0524146338,22.3218791089785,72.7423781672345,72.721204518523,-0.021173648711553,,,0.769721339298471,10798,10806
dwelling,13.5,0,29125.0524146338,29444.1466892788,319.09427464494,72.721204518523,72.4190592042951,-0.302145314227815,,13.4411764524157,,10806,10941
planning,0.2,0,29444.1466892788,29449.2563472956,5.1096580168487,72.4190592042951,72.414216008675,-0.00484319562016822,,,0.162922790296978,10941,10943
traveling,6.59999999999999,19,29449.2563472956,29661.1565933419,211.90024604624,72.414216008675,72.212681566757,-0.201534441918,6.61415968084662,,,10943,11009
planning,0.5,0,29661.1565933419,29673.1767526113,12.0201592694102,72.212681566757,72.2012935420749,-0.011388024682077,,,0.414782464505042,11009,11014
dwelling,9.39999999999998,0,29673.1767526113,29880.2631783808,207.086425769503,72.2012935420749,72.0052486835934,-0.196044858481514,,9.35454545111226,,11014,11108
planning,0.6,0,29880.2631783808,29896.7397140307,16.4765356499411,72.0052486835934,71.989610422664,-0.0156382609294212,,,0.570776525631969,11108,11114
traveling,6.19999999999999,17.464249196573,29896.7397140307,30126.5530385784,229.813324547715,71.989610422664,71.770428123324,-0.219182299339963,6.10868931438964,,,11114,11176
planning,0.9,0,30126.5530385784,30151.7616817898,25.2086432114193,71.770428123324,71.7464896740251,-0.0239384492989103,,,0.895014537589623,11176,11185
dwelling,8.59999999999999,0,30151.7616817898,30356.8244301485,205.062748358636,71.7464896740251,71.5521017746018,-0.194387899423276,,8.58888882889564,,11185,11271
planning,0.5,0,30356.8244301485,30370.6242261703,13.7997960218308,71.5521017746018,71.538996732564,-0.0131050420377932,,,0.449606189623696,11271,11276
traveling,6.39999999999999,17.464249196573,30370.6242261703,30575.204412147,204.580185976731,71.538996732564,71.3442612995968,-0.194735432967221,6.30700952058801,,,11276,11340
planning,0.3,0,30575.204412147,30582.3139292269,7.10951707990171,71.3442612995968,71.3375203588629,-0.00674094073384879,,,0.203562322250252,11340,11343
dwelling,7.79999999999999,0,30582.3139292269,30742.3959486479,160.082019420952,71.3375203588629,71.1859409761124,-0.151579382750498,,7.77272726610439,,11343,11421
planning,1,0,30742.3959486479,30767.2603074859,24.864358838011,71.1859409761124,71.1623485808696,-0.023592395242872,,,0.929936614593731,11421,11431
traveling,4.3,9,30767.2603074859,30898.6695189805,131.40921149464,71.1623485808696,71.0373087419064,-0.12503983896319,4.28388192484743,,,11431,11474
planning,0.7,0,30898.6695189805,30916.5929835143,17.923464533771,71.0373087419064,71.020293655362,-0.0170150865443617,,,0.669046361989064,11474,11481
dwelling,8.79999999999999,0,30916.5929835143,31119.7332183627,203.140234848404,71.020293655362,70.8276494127655,-0.192644242596572,,8.78888882064811,,11481,11569
planning,0.6,0,31119.7332183627,31134.9554662951,15.2222479323318,70.8276494127655,70.8131966714118,-0.0144527413536508,,,0.596565650809833,11569,11575
traveling,4.6,9,31134.9554662951,31271.3168962537,136.361429958648,70.8131966714118,70.6834481775171,-0.129748493894667,4.55680036789357,,,11575,11621
planning,0.9,0,31271.3168962537,31292.5544514147,21.2375551610021,70.6834481775171,70.6632977486735,-0.020150428843607,,,0.887130564448974,11621,11630
dwelling,5.9,0,31292.5544514147,31426.5123259277,133.957874513006,70.6632977486735,70.5362339640565,-0.127063784617036,,5.89999999817812,,11630,11689
planning,0.7,0,31426.5123259277,31446.1341160918,19.6217901641321,70.5362339640565,70.5175753006379,-0.0186586634185772,,,0.665544504048687,11689,11696
traveling,6.49999999999999,19,31446.1341160918,31674.84296881,228.70885271817,70.5175753006379,70.2992945784235,-0.218280722214416,6.45707983811489,,,11696,11761
planning,0.5,0,31674.84296881,31687.8997041201,13.056735310136,70.2992945784235,70.2868865550208,-0.0124080234027275,,,0.469871612793778,11761,11766
dwelling,13.9,0,31687.8997041201,32002.0442417987,314.1445376786,70.2868865550208,69.9887805930656,-0.298105961955201,,13.8294117565558,,11766,11905
planning,0.6,0,32002.0442417987,32016.7208568705,14.6766150717194,69.9887805930656,69.9748389436929,-0.0139416493726969,,,0.545544411021877,11905,11911
traveling,6.59999999999999,19,32016.7208568705,32225.2148505996,208.493993729149,69.9748389436929,69.7760517476727,-0.198787196020149,6.61415968079857,,,11911,11977
planning,1,0,32225.2148505996,32250.3082520588,25.0934014591694,69.7760517476727,69.7522022640747,-0.0238494835980703,,,0.934269627217329,11977,11987
dwelling,9.09999999999999,0,32250.3082520588,32447.5863178617,197.278065802893,69.7522022640747,69.564975024409,-0.187227239665631,,9.0363636366047,,11987,12078
planning,0.9,0,32447.5863178617,32472.1072711722,24.5209533105735,69.564975024409,69.5416407843257,-0.023334240083301,,,0.888186482847516,12078,12087
traveling,6.19999999999999,17.464249196573,32472.1072711722,32667.59812386,195.490852687784,69.5416407843257,69.3551888369538,-0.18645194737195,6.10868931741381,,,12087,12149
planning,1,0,32667.59812386,32692.4552226046,24.8570987445528,69.3551888369538,69.3315551113838,-0.0236337255699652,,,0.904235960638796,12149,12159
dwelling,8.69999999999999,0,32692.4552226046,32890.7681878956,198.312965290977,69.3315551113838,69.1431540261739,-0.188401085209932,,8.63333329780673,,12159,12246
planning,0.9,0,32890.7681878956,32911.7562218114,20.9880339158844,69.1431540261739,69.1232086564455,-0.0199453697283474,,,0.892203456249826,12246,12255
traveling,6.39999999999999,17.464249196573,32911.7562218114,33115.8996075855,204.143385774019,69.1232086564455,68.9283512876729,-0.194857368772645,6.30700952052926,,,12255,12319
planning,0.4,0,33115.8996075855,33125.5664126966,9.66680511114828,68.9283512876729,68.9191589509196,-0.00919233675324449,,,0.352120733840029,12319,12323
dwelling,7.89999999999999,0,33125.5664126966,33297.3323491226,171.76593642596,68.9191589509196,68.7559904617668,-0.16316848915281,,7.89090906635083,,12323,12402
planning,0.1,0,33297.3323491226,33299.8076098952,2.47526077259681,68.7559904617668,68.7536356084364,-0.00235485333047336,,,0.0464698811831841,12402,12403
traveling,4.3,9,33299.8076098952,33427.6139483337,127.80633843851,68.7536356084364,68.6317432922942,-0.121892316142123,4.28388270245427,,,12403,12446
planning,0.9,0,33427.6139483337,33448.8537940677,21.2398457339732,68.6317432922942,68.611544351913,-0.0201989403812206,,,0.885719656147475,12446,12455
dwelling,8.79999999999999,0,33448.8537940677,33647.9048214296,199.051027361922,68.611544351913,68.4223057784511,-0.189238573461949,,8.71111110949627,,12455,12543
planning,0.5,0,33647.9048214296,33660.7950895998,12.8902681702166,68.4223057784511,68.4100319693671,-0.0122738090839647,,,0.487987563146181,12543,12548
traveling,4.6,9,33660.7950895998,33805.5423294717,144.747239871955,68.4100319693671,68.2718116801939,-0.138220289173205,4.5568003678609,,,12548,12594
planning,0.8,0,33805.5423294717,33826.1103382614,20.5680087896035,68.2718116801939,68.2522245108575,-0.0195871693363756,,,0.751424795922712,12594,12602
dwelling,6.1,0,33826.1103382614,33944.8991613727,118.788823111368,68.2522245108575,68.1394149607767,-0.112809550080826,,6.0363636135487,,12602,12663
planning,0.9,0,33944.8991613727,33964.0734022895,19.1742409168073,68.1394149607767,68.1211896430813,-0.0182253176953537,,,0.877703613739045,12663,12672
traveling,6.49999999999999,19,33964.0734022895,34144.7744954292,180.701093139716,68.1211896430813,67.9488532935636,-0.172336349517735,6.45707983866318,,,12672,12737
planning,0.8,0,34144.7744954292,34161.5740466532,16.799551223965,67.9488532935636,67.9328839555853,-0.0159693379782624,,,0.744737505765683,12737,12745
dwelling,13.7,0,34161.5740466532,34444.237079368,282.66303271475,67.9328839555853,67.6641792348505,-0.268704720734846,,13.6705881691953,,12745,12882
planning,0.3,0,34444.237079368,34451.7624541997,7.52537483171182,67.6641792348505,67.6570099070985,-0.00716932775195289,,,0.235237691164109,12882,12885
traveling,6.59999999999999,19,34451.7624541997,34660.112894522,208.350440322371,67.6570099070985,67.4578470268509,-0.199162880247684,6.6141596808202,,,12885,12951
planning,0.2,0,34660.112894522,34664.5231272879,4.41023276589112,67.4578470268509,67.453650390975,-0.0041966358758998,,,0.122183872665523,12951,12953
dwelling,9.79999999999998,0,34664.5231272879,34843.5424090041,179.019281716159,67.453650390975,67.2835773021332,-0.170073088841761,,9.76363635277726,,12953,13051
planning,0.7,0,34843.5424090041,34857.8603870941,14.3179780900537,67.2835773021332,67.269960029436,-0.0136172726972035,,,0.69599218118214,13051,13058
traveling,6.19999999999999,17.464249196573,34857.8603870941,35036.5449948744,178.68460778024,67.269960029436,67.0993071697415,-0.170652859694485,6.10868931555374,,,13058,13120
planning,1,0,35036.5449948744,35059.2341605211,22.6891656466978,67.0993071697415,67.0777013175077,-0.0216058522338045,,,0.967083627428927,13120,13130
dwelling,8.59999999999999,0,35059.2341605211,35233.9491011447,174.71494062362,67.0777013175077,66.911492756158,-0.166208561349748,,8.54444443617156,,13130,13216
planning,0.7,0,35233.9491011447,35250.0673349669,16.1182338222134,66.911492756158,66.8961384690249,-0.0153542871330501,,,0.655640058974791,13216,13223
traveling,6.39999999999999,17.464249196573,35250.0673349669,35435.8814017523,185.81406678538,66.8961384690249,66.7185807767444,-0.177557692280473,6.30700952054502,,,13223,13287
planning,0.7,0,35435.8814017523,35451.3422036384,15.4608018861327,66.7185807767444,66.7038559169104,-0.014724859834061,,,0.6915135313961,13287,13294
dwelling,7.49999999999999,0,35451.3422036384,35608.5397440751,157.197540436624,66.7038559169104,66.5542042511469,-0.149651665763443,,7.48181818213435,,13294,13369
planning,1,0,35608.5397440751,35632.9656452356,24.42590116051,66.5542042511469,66.5309112047358,-0.0232930464111405,,,0.979221633643698,13369,13379
traveling,4.3,9,35632.9656452356,35755.2119250868,122.246279851257,66.5309112047358,66.4141019462805,-0.116809258455305,4.28388270335557,,,13379,13422
planning,0.4,0,35755.2119250868,35764.9725980767,9.76067298992712,66.4141019462805,66.4047926217149,-0.0093093245656064,,,0.367291825462348,13422,13426
dwelling,9.29999999999998,0,35764.9725980767,35979.59485045,214.622252373243,66.4047926217149,66.2001946715364,-0.204597950178496,,9.2444444226306,,13426,13519
planning,0.3,0,35979.59485045,35987.5203030815,7.92545263147622,66.2001946715364,66.192626720199,-0.00756795133735011,,,0.277898984339736,13519,13522
traveling,4.6,9,35987.5203030815,36135.2653579078,147.745054826344,66.192626720199,66.051129144429,-0.141497575770074,4.55680036788054,,,13522,13568
planning,0.3,0,36135.2653579078,36143.31809646,8.05273855219275,66.051129144429,66.0434367893661,-0.00769235506290045,,,0.273195765143099,13568,13571
dwelling,6.49999999999999,0,36143.31809646,36303.5639206769,160.245824216872,66.0434367893661,65.8905029930463,-0.152933796319743,,6.46363636322493,,13571,13636
planning,0.4,0,36303.5639206769,36314.6013482987,11.0374276218718,65.8905029930463,65.8799538086615,-0.0105491843847716,,,0.339752781585263,13636,13640
traveling,6.49999999999999,19,36314.6013482987,36544.3553713853,229.754023086563,65.8799538086615,65.6594872595244,-0.220466549137157,6.45707983826308,,,13640,13705
planning,0.1,0,36544.3553713853,36547.1039017483,2.74853036298009,65.6594872595244,65.6568597494898,-0.0026275100345714,,,0.0723049703445633,13705,13706
dwelling,14.3,0,36547.1039017483,36892.4339666186,345.330064870293,65.6568597494898,65.3271814535038,-0.329678295986,,14.2647057917545,,13706,13849
planning,0.7,0,36892.4339666186,36910.7125043809,18.2785377623077,65.3271814535038,65.3097119998725,-0.0174694536313211,,,0.650678991797787,13849,13856
traveling,6.59999999999999,19,36910.7125043809,37149.6145067867,238.902002405819,65.3097119998725,65.0801818178427,-0.229530182029791,6.61415968082268,,,13856,13922
planning,0.6,0,37149.6145067867,37166.9677016321,17.3531948454038,65.0801818178427,65.063570035111,-0.0166117827317009,,,0.561025332481506,13922,13928
dwelling,9.49999999999998,0,37166.9677016321,37373.1725732362,206.204871604059,65.063570035111,64.8667925876548,-0.196777447456213,,9.47272727257126,,13928,14023
planning,0.5,0,37373.1725732362,37384.567505575,11.394932338837,64.8667925876548,64.8559131203082,-0.0108794673466264,,,0.436450882008073,14023,14028
traveling,6.19999999999999,17.464249196573,37384.567505575,37574.9700505623,190.40254498733,64.8559131203082,64.6733972665278,-0.182515853780401,6.10868931601906,,,14028,14090
planning,0.3,0,37574.9700505623,37582.5633149169,7.59326435457479,64.6733972665278,64.6661372978432,-0.00725996868456491,,,0.299396094864545,14090,14093
dwelling,9.29999999999998,0,37582.5633149169,37783.6313844667,201.068069549794,64.6661372978432,64.4742028250622,-0.191934472781014,,9.26666660532466,,14093,14186
planning,0.4,0,37783.6313844667,37793.6342511518,10.0028666850703,64.4742028250622,64.4646381017237,-0.00956472333848524,,,0.340670793480665,14186,14190
traveling,6.39999999999999,17.464249196573,37793.6342511518,37989.2485107168,195.614259565067,64.4646381017237,64.2770436338267,-0.187594467897028,6.30700952056385,,,14190,14254
planning,0.3,0,37989.2485107168,37996.397096956,7.14858623914188,64.2770436338267,64.2702103639669,-0.00683326985972599,,,0.285841991031042,14254,14257
dwelling,7.79999999999999,0,37996.397096956,38157.3479155327,160.950818576683,64.2702103639669,64.1165699351951,-0.153640428771851,,7.77272726132948,,14257,14335
planning,0.1,0,38157.3479155327,38159.6666307517,2.3187152190294,64.1165699351951,64.1143537462677,-0.00221618892739173,,,0.00959076937949621,14335,14336
traveling,4.3,9,38159.6666307517,38290.2885197506,130.621888998874,64.1143537462677,63.9890503109545,-0.125303435313199,4.28388192465403,,,14336,14379
planning,0.3,0,38290.2885197506,38297.5774144718,7.288894721205,63.9890503109545,63.9820790014597,-0.00697130949478719,,,0.29142180673197,14379,14382
dwelling,9.19999999999999,0,38297.5774144718,38494.0980040329,196.520589561078,63.9820790014597,63.7943555820542,-0.187723419405557,,9.15555548586226,,14382,14474
planning,0.4,0,38494.0980040329,38504.149998269,10.0519942360988,63.7943555820542,63.7847355588458,-0.00962002320836319,,,0.358857422726477,14474,14478
traveling,4.6,9,38504.149998269,38648.1695808762,144.019582607281,63.7847355588458,63.6464635571805,-0.138272001665328,4.55680036786179,,,14478,14524
planning,0.8,0,38648.1695808762,38669.2183775421,21.0487966658766,63.6464635571805,63.6263043328473,-0.0201592243331277,,,0.787450088870966,14524,14532
dwelling,6,0,38669.2183775421,38808.412540553,139.1941630109,63.6263043328473,63.4931746178609,-0.133129714986417,,5.92727272734101,,14532,14592
planning,0.8,0,38808.412540553,38828.2167543229,19.8042137698721,63.4931746178609,63.4742178344916,-0.0189567833693403,,,0.740596267168247,14592,14600
traveling,6.49999999999999,19,38828.2167543229,39039.5698972331,211.353142910222,63.4742178344916,63.2710869292399,-0.203130905251719,6.45707983751791,,,14600,14665
planning,0.4,0,39039.5698972331,39050.2677303101,10.6978330770071,63.2710869292399,63.2608345805226,-0.0102523487172732,,,0.389541127878828,14665,14669
dwelling,13.8,0,39050.2677303101,39364.2579272689,313.99019695881,63.2608345805226,62.9604239454274,-0.300410635095204,,13.7705881651486,,14669,14807
planning,0.1,0,39364.2579272689,39366.8055296543,2.54760238540621,62.9604239454274,62.9579829929782,-0.00244095244921994,,,0.0070956356135714,14807,14808
traveling,6.59999999999999,19,39366.8055296543,39587.9443836194,221.138853965022,62.9579829929782,62.7452182238238,-0.212764769154376,6.61415968079466,,,14808,14874
planning,0.5,0,39587.9443836194,39600.3806024791,12.4362188597515,62.7452182238238,62.7333027719504,-0.0119154518733566,,,0.415738230539768,14874,14879
dwelling,9.29999999999998,0,39600.3806024791,39800.9686120521,200.588009572959,62.7333027719504,62.5413837115223,-0.191919060428162,,9.28181817712275,,14879,14972
planning,0.6,0,39800.9686120521,39816.5838947524,15.6152827003461,62.5413837115223,62.526410526853,-0.0149731846692518,,,0.525297830473042,14972,14978
traveling,6.19999999999999,17.464249196573,39816.5838947524,40030.0465931266,213.462698374213,62.526410526853,62.3208390464236,-0.205571480429377,6.10868843667543,,,14978,15040
planning,0.3,0,40030.0465931266,40038.8939522711,8.84735914443445,62.3208390464236,62.312339313114,-0.00849973330961973,,,0.200819705138253,15040,15043
dwelling,9.09999999999999,0,40038.8939522711,40280.3138447272,241.419892456164,62.312339313114,62.0806885903069,-0.231650722807153,,9.07777775815875,,15043,15134
planning,1,0,40280.3138447272,40310.0181248014,29.704280074191,62.0806885903069,62.0521398124298,-0.0285487778770559,,,0.906409667736731,15134,15144
traveling,6.39999999999999,17.464249196573,40310.0181248014,40556.2321743214,246.214049519942,62.0521398124298,61.8144015403256,-0.237738272104203,6.30700952054575,,,15144,15208
planning,1,0,40556.2321743214,40585.6752496266,29.4430753052948,61.8144015403256,61.7860980000888,-0.028303540236756,,,0.994217595164575,15208,15218
dwelling,7.29999999999999,0,40585.6752496266,40771.2330446095,185.557794982822,61.7860980000888,61.6080371265273,-0.178060873561598,,7.21818181586223,,15218,15291
planning,0.9,0,40771.2330446095,40796.1914459704,24.9584013609783,61.6080371265273,61.5840581615094,-0.0239789650178182,,,0.837312382600266,15291,15300
traveling,4.3,9,40796.1914459704,40940.9000704074,144.708624436986,61.5840581615094,61.4446087396729,-0.139449421836574,4.28388270064731,,,15300,15343
planning,0.5,0,40940.9000704074,40954.2260715917,13.3260011842358,61.4446087396729,61.431809732979,-0.0127990066938253,,,0.461422431541874,15343,15348
dwelling,9.09999999999999,0,40954.2260715917,41173.416344403,219.190272811291,61.431809732979,61.2215112020848,-0.210298530894264,,9.04444442713256,,15348,15439
planning,0.8,0,41173.416344403,41194.773324452,21.3569800490295,61.2215112020848,61.2009925679025,-0.0205186341823094,,,0.781269509447735,15439,15447
traveling,4.6,9,41194.773324452,41343.4834106826,148.710086230589,61.2009925679025,61.057704805366,-0.143287762536495,4.55680036781608,,,15447,15493
planning,0.7,0,41343.4834106826,41362.0006731169,18.5172624343686,61.057704805366,61.0399129412053,-0.0177918641606922,,,0.647710682470242,15493,15500
dwelling,6.29999999999999,0,41362.0006731169,41515.2888813126,153.288208195656,61.0399129412053,60.8927598880516,-0.147153053153701,,6.20909090900605,,15500,15563
planning,0.3,0,41515.2888813126,41523.2178274478,7.92894613515818,60.8927598880516,60.8851401157356,-0.00761977231596944,,,0.233743362039483,15563,15566
traveling,6.49999999999999,19,41523.2178274478,41743.0273822505,219.80955480277,60.8851401157356,60.6730941118162,-0.21204600391944,6.45707983845922,,,15566,15631
planning,0.8,0,41743.0273822505,41763.4215988258,20.3942165752669,60.6730941118162,60.6534983256329,-0.0195957861832241,,,0.712906055564613,15631,15639
dwelling,13.7,0,41763.4215988258,42087.239420222,323.81782139618,60.6534983256329,60.3425652290902,-0.310933096542776,,13.6176469927822,,15639,15776
planning,0.9,0,42087.239420222,42113.1383439021,25.8989236800699,60.3425652290902,60.3176310107841,-0.0249342183060719,,,0.886312782297837,15776,15785
traveling,6.59999999999999,19,42113.1383439021,42352.2498066031,239.111462701068,60.3176310107841,60.0865084159583,-0.23112259482582,6.6141596808119,,,15785,15851
planning,0.7,0,42352.2498066031,42371.2980425574,19.0482359542366,60.0865084159583,60.0681775006615,-0.0183309152967652,,,0.623216662125272,15851,15858
dwelling,9.49999999999998,0,42371.2980425574,42598.9607233568,227.662680799469,60.0681775006615,59.8493907070645,-0.218786793597026,,9.48181818174021,,15858,15953
planning,0.9,0,42598.9607233568,42622.2933403048,23.3326169479697,59.8493907070645,59.8269437741286,-0.022446932935928,,,0.813710848210732,15953,15962
traveling,6.19999999999999,17.464249196573,42622.2933403048,42847.8422733765,225.548933071666,59.8269437741286,59.6087814420923,-0.218162332036229,6.1086893190392,,,15962,16024
planning,0.9,0,42847.8422733765,42873.8700586594,26.0277852829022,59.6087814420923,59.583698206219,-0.0250832358732964,,,0.840940342079986,16024,16033
dwelling,8.89999999999999,0,42873.8700586594,43112.2666024172,238.396543757815,59.583698206219,59.3541470881417,-0.229551118077289,,8.81111107156963,,16033,16122
planning,0.4,0,43112.2666024172,43124.6966098364,12.4300074192215,59.3541470881417,59.3421519918969,-0.0119950962448172,,,0.381956360878604,16122,16126
traveling,6.39999999999999,17.464249196573,43124.6966098364,43383.2953059966,258.598696160167,59.3421519918969,59.091370849794,-0.250781142102873,6.30700952057068,,,16126,16190
planning,1,0,43383.2953059966,43412.8182407575,29.5229347609202,59.091370849794,59.0628920754549,-0.0284787743391348,,,0.941469704074891,16190,16200
dwelling,7.19999999999999,0,43412.8182407575,43578.3399780763,165.521737318777,59.0628920754549,58.9036943473966,-0.159197728058281,,7.14545454353298,,16200,16272
planning,1,0,43578.3399780763,43601.7383749189,23.3983968426037,58.9036943473966,58.8811840087461,-0.0225103386505197,,,0.995927468852277,16272,16282
traveling,4.3,9,43601.7383749189,43731.9247538126,130.18637889377,58.8811840087461,58.7554948620959,-0.125689146650245,4.28388270452556,,,16282,16325
planning,0.5,0,43731.9247538126,43744.1646868899,12.2399330772751,58.7554948620959,58.7437112794435,-0.0117835826523347,,,0.481083750584422,16325,16330
dwelling,9.19999999999999,0,43744.1646868899,43958.0711339525,213.906447062545,58.7437112794435,58.5378703520378,-0.205840927405731,,9.18888883964139,,16330,16422
planning,0.4,0,43958.0711339525,43968.2231371795,10.1520032270055,58.5378703520378,58.5280899394184,-0.00978041261942053,,,0.329665286740741,16422,16426
traveling,4.6,9,43968.2231371795,44114.0908603424,145.867723162904,58.5280899394184,58.3870940077553,-0.140995931663063,4.55680036787433,,,16426,16472
planning,0.6,0,44114.0908603424,44128.6199422203,14.5290818778958,58.3870940077553,58.3731017286772,-0.0139922790781597,,,0.532575012212469,16472,16478
dwelling,6.19999999999999,0,44128.6199422203,44269.6048394506,140.984897230315,58.3731017286772,58.2374072058737,-0.135694522803462,,6.19999999991972,,16478,16540
planning,0.3,0,44269.6048394506,44277.4014933155,7.79665386488341,58.2374072058737,58.2298908459719,-0.00751635990177135,,,0.215303368431082,16540,16543
traveling,6.49999999999999,19,44277.4014933155,44511.861526857,234.460033541553,58.2298908459719,58.0026626092244,-0.227228236747521,6.45707983845186,,,16543,16608
planning,0.6,0,44511.861526857,44528.1467230026,16.2851961456327,58.0026626092244,57.9869493115098,-0.0157132977146333,,,0.562255517015794,16608,16614
dwelling,13.9,0,44528.1467230026,44853.1742263657,325.027503363068,57.9869493115098,57.6738273281989,-0.313121983310857,,13.8176470523224,,16614,16753
planning,0.9,0,44853.1742263657,44877.5781450447,24.4039186789523,57.6738273281989,57.6502704407381,-0.0235568874608276,,,0.80911348069363,16753,16762
traveling,6.59999999999999,19,44877.5781450447,45122.6916428594,245.113497814767,57.6502704407381,57.4124108046564,-0.237859636081694,6.61415968078866,,,16762,16828
planning,0.2,0,45122.6916428594,45128.438121199,5.74647833959898,57.4124108046564,57.4068576483734,-0.00555315628302111,,,0.179771005261055,16828,16830
dwelling,9.99999999999998,0,45128.438121199,45370.4263689545,241.988247755457,57.4068576483734,57.17347095551,-0.233386692863391,,9.98181818181452,,16830,16930
planning,0.3,0,45370.4263689545,45377.9964907351,7.57012178061268,57.17347095551,57.1661654213392,-0.00730553417081836,,,0.205351453035355,16930,16933
traveling,6.19999999999999,17.464249196573,45377.9964907351,45581.0670725071,203.070581771986,57.1661654213392,56.9694279784599,-0.196737442879211,6.10868931648418,,,16933,16995
planning,0.1,0,45581.0670725071,45583.5285076633,2.4614351562268,56.9694279784599,56.9670526483863,-0.00237533007369706,,,0.0814532685268817,16995,16996
dwelling,9.49999999999998,0,45583.5285076633,45776.3361225714,192.807614908081,56.9670526483863,56.7813385162072,-0.185714132179008,,9.4888888280022,,16996,17091
planning,0.8,0,45776.3361225714,45793.1914462432,16.8553236718071,56.7813385162072,56.7650960491349,-0.0162424670723453,,,0.797528655649065,17091,17099
traveling,6.39999999999999,17.464249196573,45793.1914462432,45987.4833948451,194.291948601909,56.7650960491349,56.5769608144448,-0.188135234690129,6.30700952051312,,,17099,17163
planning,0.2,0,45987.4833948451,45992.5525786842,5.06918383909215,56.5769608144448,56.5720646756629,-0.00489613878184514,,,0.144242784335589,17163,17165
dwelling,8.09999999999999,0,45992.5525786842,46192.3264609895,199.773882305257,56.5720646756629,56.3791439463783,-0.19292072928458,,8.01818180975169,,17165,17246
planning,0.7,0,46192.3264609895,46212.0071128967,19.6806519072125,56.3791439463783,56.3601045642712,-0.0190393821071027,,,0.606626166218985,17246,17253
traveling,4.3,9,46212.0071128967,46359.287040065,147.279927168325,56.3601045642712,56.2171708745378,-0.142933689733489,4.28388270215348,,,17253,17296
planning,0.4,0,46359.287040065,46371.0598559967,11.7728159317121,56.2171708745378,56.2057720173432,-0.0113988571945356,,,0.310173917680434,17296,17300
dwelling,9.19999999999999,0,46371.0598559967,46618.6310121187,247.571156122016,56.2057720173432,55.9663109473465,-0.239461069996757,,9.19999996777066,,17300,17392
planning,0.3,0,46618.6310121187,46627.0856036546,8.45459153590491,55.9663109473465,55.9581270816446,-0.00818386570183094,,,0.231130202562141,17392,17395
traveling,4.6,9,46627.0856036546,46780.2693127357,153.183709081044,55.9581270816446,55.8094445150721,-0.148682566572511,4.55680036792903,,,17395,17441
planning,0.9,0,46780.2693127357,46804.3314566504,24.0621439147508,55.8094445150721,55.7861637813871,-0.0232807336849845,,,0.838176637173554,17441,17450
dwelling,5.9,0,46804.3314566504,46958.0914439361,153.759987285644,55.7861637813871,55.6374244329524,-0.148739348434695,,5.8272727272226,,17450,17509
planning,0.9,0,46958.0914439361,46983.2008479512,25.1094040151584,55.6374244329524,55.6131111411112,-0.0243132918412527,,,0.808218463006677,17509,17518
traveling,6.49999999999999,19,46983.2008479512,47195.7924907857,212.591642834494,55.6131111411112,55.4067061402934,-0.206405000817746,6.45707983832495,,,17518,17583
planning,0.4,0,47195.7924907857,47204.6254823621,8.83299157638248,55.4067061402934,55.3981744660717,-0.00853167422172163,,,0.371936177705179,17583,17587
dwelling,14,0,47204.6254823621,47510.3340378696,305.708555507503,55.3981744660717,55.1028509734355,-0.295323492636257,,13.9823528849089,,17587,17727
planning,0.5,0,47510.3340378696,47523.7730016923,13.4389638227294,55.1028509734355,55.0898350553647,-0.0130159180707423,,,0.447225212166522,17727,17732
traveling,6.59999999999999,19,47523.7730016923,47754.5303091496,230.757307457272,55.0898350553647,54.8653652841006,-0.224469771264154,6.6141596808259,,,17732,17798
planning,0.8,0,47754.5303091496,47775.2592110058,20.7289018562296,54.8653652841006,54.8452915049014,-0.0200737791992012,,,0.785347972984596,17798,17806
dwelling,9.29999999999998,0,47775.2592110058,47961.9665997433,186.707388737435,54.8452915049014,54.6649607283568,-0.180330776544587,,9.20000000033952,,17806,17899
planning,0.2,0,47961.9665997433,47966.2553207676,4.28872102430614,54.6649607283568,54.6608153484006,-0.0041453799561566,,,0.16908742694939,17899,17901
traveling,6.19999999999999,17.464249196573,47966.2553207676,48136.6983582597,170.44303749207,54.6608153484006,54.4955545987083,-0.16526074969228,6.10868931532115,,,17901,17963
planning,0.3,0,48136.6983582597,48143.3147573577,6.61639909806399,54.4955545987083,54.4891559396068,-0.00639865910154924,,,0.20130066634213,17963,17966
dwelling,9.29999999999998,0,48143.3147573577,48326.2967860421,182.982028684339,54.4891559396068,54.3123728668322,-0.17678307277459,,9.23333333126953,,17966,18059
planning,0.9,0,48326.2967860421,48347.1387098787,20.8419238366769,54.3123728668322,54.2922007988249,-0.0201720680072626,,,0.895112571991122,18059,18068
traveling,6.39999999999999,17.464249196573,48347.1387098787,48549.8041836888,202.66547381007,54.2922007988249,54.0951546023932,-0.197046196431771,6.30700952053605,,,18068,18132
planning,0.1,0,48549.8041836888,48552.2300607643,2.42587707554048,54.0951546023932,54.0928047635063,-0.00234983888686457,,,0.0496527838170865,18132,18133
dwelling,8.19999999999999,0,48552.2300607643,48724.0009230154,171.770862251062,54.0928047635063,53.9266582670567,-0.166146496449599,,8.15454545373234,,18133,18215
planning,0.8,0,48724.0009230154,48743.3437027457,19.3427797302502,53.9266582670567,53.9079177927515,-0.0187404743051545,,,0.793595575379853,18215,18223
traveling,4.3,9,48743.3437027457,48876.8815194128,133.537816667187,53.9079177927515,53.7780710557198,-0.129846737031698,4.28388270245407,,,18223,18266
planning,0.1,0,48876.8815194128,48879.3618472041,2.48032779129426,53.7780710557198,53.7756667618789,-0.00240429384096785,,,0.0515282912211972,18266,18267
dwelling,9.59999999999998,0,48879.3618472041,49089.8554140174,210.493566813224,53.7756667618789,53.5718755163133,-0.203791245565554,,9.51111104339672,,18267,18363
planning,0.4,0,49089.8554140174,49099.3293094663,9.47389544891485,53.5718755163133,53.5626942298758,-0.00918128643751004,,,0.393296402290979,18363,18367
traveling,4.6,9,49099.3293094663,49234.6241511805,135.294841714196,53.5626942298758,53.4311779839488,-0.131516245927052,4.55680036787387,,,18367,18413
planning,0.1,0,49234.6241511805,49237.2071455774,2.58299439694383,53.4311779839488,53.4286716862111,-0.00250629773767486,,,0.0479527220403195,18413,18414
dwelling,6.79999999999999,0,49237.2071455774,49391.3940248095,154.186879232089,53.4286716862111,53.2792716378198,-0.149400048391243,,6.70000000001484,,18414,18482
planning,0.5,0,49391.3940248095,49404.2124323865,12.8184075769605,53.2792716378198,53.2668321792957,-0.0124394585241916,,,0.485412916129907,18482,18487
traveling,6.49999999999999,19,49404.2124323865,49630.4751875686,226.262755182113,53.2668321792957,53.0461861432017,-0.22064603609396,6.45707983825169,,,18487,18552
planning,0.8,0,49630.4751875686,49652.204317841,21.7291302724188,53.0461861432017,53.0250765618635,-0.02110958133823,,,0.792342698219438,18552,18560
dwelling,13.6,0,49652.204317841,49939.0972351798,286.892917338853,53.0250765618635,52.7471148716511,-0.277961690212379,,13.5647058112343,,18560,18696
planning,0.1,0,49939.0972351798,49941.5345976178,2.43736243790772,52.7471148716511,52.7447492022046,-0.00236566944646199,,,0.0879308353501067,18696,18697
traveling,6.59999999999999,19,49941.5345976178,50156.8437695722,215.30917195441,52.7447492022046,52.5348358799345,-0.209913322270097,6.61415968078803,,,18697,18763
planning,0.4,0,50156.8437695722,50167.0408281146,10.1970585424642,52.5348358799345,52.524930262792,-0.00990561714255733,,,0.365305486629435,18763,18767
dwelling,9.49999999999998,0,50167.0408281146,50368.8899905598,201.849162445164,52.524930262792,52.3292196179713,-0.195710644820622,,9.45454545516183,,18767,18862
planning,0.6,0,50368.8899905598,50383.4297303414,14.5397397816123,52.3292196179713,52.3150996887351,-0.014119929236287,,,0.589393462039999,18862,18868
traveling,6.19999999999999,17.464249196573,50383.4297303414,50589.6518861505,206.222155809104,52.3150996887351,52.1138803421477,-0.201219346587337,6.10868931485539,,,18868,18930
planning,0.8,0,50589.6518861505,50610.7874263428,21.135540192292,52.1138803421477,52.0933264723465,-0.0205538698011907,,,0.707099782585702,18930,18938
dwelling,8.79999999999999,0,50610.7874263428,50812.5722539777,201.784827634874,52.0933264723465,51.8973957324105,-0.195930739936003,,8.71111106922015,,18938,19026
planning,0.4,0,50812.5722539777,50822.865732662,10.2934786843543,51.8973957324105,51.887385815948,-0.0100099164625078,,,0.358936205239189,19026,19030
traveling,6.39999999999999,17.464249196573,50822.865732662,51018.5086176339,195.642884971894,51.887385815948,51.6966292803998,-0.190756535548232,6.30700952061324,,,19030,19094
planning,0.8,0,51018.5086176339,51038.6565076093,20.1478899753929,51.6966292803998,51.6770356047968,-0.0195936756029695,,,0.786812854096494,19094,19102
dwelling,7.29999999999999,0,51038.6565076093,51211.3979275906,172.741419981307,51.6770356047968,51.5091436809169,-0.1678919238799,,7.27272727184332,,19102,19175
planning,0.6,0,51211.3979275906,51226.9100055128,15.5120779222198,51.5091436809169,51.4940491742138,-0.0150945067031429,,,0.562224660351281,19175,19181
traveling,4.3,9,51226.9100055128,51367.3380277486,140.428022235712,51.4940491742138,51.3569105986875,-0.137138575526293,4.28388192463016,,,19181,19224
planning,0.5,0,51367.3380277486,51380.7055351946,13.3675074460407,51.3569105986875,51.3438943423732,-0.013016256314323,,,0.483779793561652,19224,19229
dwelling,8.99999999999999,0,51380.7055351946,51601.6962797011,220.990744506547,51.3438943423732,51.1288996565206,-0.214994685852567,,8.95555555485144,,19229,19319
planning,0.4,0,51601.6962797011,51612.9822239746,11.2859442734189,51.1288996565206,51.1178985594857,-0.011001097034935,,,0.392097256492276,19319,19323
traveling,4.6,9,51612.9822239746,51782.8711133132,169.88888933861,51.1178985594857,50.9515140393838,-0.166384520101843,4.55680036783654,,,19323,19369
planning,0.3,0,51782.8711133132,51792.156596856,9.28548354283703,50.9515140393838,50.9424483096534,-0.00906572973039488,,,0.248358636127663,19369,19372
dwelling,6.49999999999999,0,51792.156596856,51967.4722647895,175.31566793345,50.9424483096534,50.7715903517611,-0.170857957892331,,6.42727270872171,,19372,19437
planning,1,0,51967.4722647895,51998.6701059386,31.1978411491073,50.7715903517611,50.7411181190291,-0.0304722327320377,,,0.991449762644545,19437,19447
traveling,6.49999999999999,19,51998.6701059386,52248.6715143597,250.001408421122,50.7411181190291,50.4959435746547,-0.245174544374308,6.45707983791857,,,19447,19512
planning,0.4,0,52248.6715143597,52260.097911785,11.426397425319,50.4959435746547,50.4847927431783,-0.0111508314764066,,,0.318615940252636,19512,19516
dwelling,13.9,0,52260.097911785,52619.2897791149,359.191867329908,50.4847927431783,50.1346279413737,-0.350164801804667,,13.8764705836878,,19516,19655
planning,0.8,0,52619.2897791149,52640.3859666713,21.0961875563953,50.1346279413737,50.1140508140442,-0.020577127329453,,,0.701115747789445,19655,19663
traveling,6.59999999999999,19,52640.3859666713,52868.6246799641,228.238713292762,50.1140508140442,49.8904376229595,-0.223613191084709,6.61415968081239,,,19663,19729
planning,0.4,0,52868.6246799641,52879.8283683587,11.203688394613,49.8904376229595,49.8794966419667,-0.0109409809927996,,,0.384095493705252,19729,19733
dwelling,9.69999999999998,0,52879.8283683587,53123.6676533976,243.83928503895,49.8794966419667,49.6416606103762,-0.237836031590511,,9.6727272552791,,19733,19830
planning,0.3,0,53123.6676533976,53131.4782423334,7.81058893579757,49.6416606103762,49.6340375726687,-0.00762303770753192,,,0.299608522308109,19830,19833
traveling,6.19999999999999,17.464249196573,53131.4782423334,53321.9534607961,190.47521846262,49.6340375726687,49.4476655135311,-0.186372059137575,6.10868931555379,,,19833,19895
planning,0.7,0,53321.9534607961,53338.7738834647,16.8204226686066,49.4476655135311,49.4312598310766,-0.0164056824545327,,,0.629048141509791,19895,19902
dwelling,8.89999999999999,0,53338.7738834647,53531.7761262046,193.002242739974,49.4312598310766,49.2431911433557,-0.188068687720879,,8.84444444201945,,19902,19991
planning,0.7,0,53531.7761262046,53550.3114840924,18.5353578878057,49.2431911433557,49.2250851535913,-0.0181059897643578,,,0.644746755922185,19991,19998
traveling,6.39999999999999,17.464249196573,53550.3114840924,53747.4406254544,197.129141361933,49.2250851535913,49.0320539092162,-0.193031244375106,6.30700952051315,,,19998,20062
planning,0.3,0,53747.4406254544,53754.8614861716,7.42086071727681,49.0320539092162,49.0248087281107,-0.007245181105489,,,0.279158449096173,20062,20065
dwelling,7.89999999999999,0,53754.8614861716,53938.0029364874,183.141450315728,49.0248087281107,48.8461042084695,-0.178704519641222,,7.88181817253145,,20065,20144
planning,0.9,0,53938.0029364874,53963.0882572475,25.085320760074,48.8461042084695,48.821567157984,-0.0245370504855345,,,0.839672038818205,20144,20153
traveling,4.3,9,53963.0882572475,54096.1341417172,133.045884469786,48.821567157984,48.6912018233019,-0.130365334682054,4.2838827030552,,,20153,20196
planning,0.9,0,54096.1341417172,54117.4045969358,21.2704552185241,48.6912018233019,48.6704342900576,-0.0207675332442818,,,0.898780364692275,20196,20205
dwelling,8.79999999999999,0,54117.4045969358,54313.6373400888,196.232743152992,48.6704342900576,48.4789289701026,-0.191505319955077,,8.7333332776624,,20205,20293
planning,0.2,0,54313.6373400888,54318.529972582,4.8926324932836,48.4789289701026,48.4741484794877,-0.00478049061489116,,,0.179586386094841,20293,20295
traveling,4.6,9,54318.529972582,54471.1428755398,152.612902957757,48.4741484794877,48.3243381545156,-0.14981032497208,4.55680036788353,,,20295,20341
planning,1,0,54471.1428755398,54499.278194479,28.1353189392103,48.3243381545156,48.2967904519196,-0.0275477025960029,,,0.9606490263352,20341,20351
dwelling,5.8,0,54499.278194479,54636.2493106056,136.971116126559,48.2967904519196,48.1629559956978,-0.13383445622182,,5.7272727242966,,20351,20409
planning,0.9,0,54636.2493106056,54657.366474997,21.1171643914204,48.1629559956978,48.142321791323,-0.0206342043747156,,,0.870909200445605,20409,20418
traveling,6.49999999999999,19,54657.366474997,54872.1484861225,214.782011125542,48.142321791323,47.9313533814676,-0.210968409855418,6.45707983825866,,,20418,20483
planning,0.8,0,54872.1484861225,54891.2928185333,19.1443324107895,47.9313533814676,47.9126354210003,-0.0187179604673062,,,0.717032627886924,20483,20491
dwelling,13.6,0,54891.2928185333,55166.6272521453,275.334433612006,47.9126354210003,47.64384387242,-0.268791548580332,,13.5647058815323,,20491,20627
planning,0.2,0,55166.6272521453,55170.5590444033,3.93179225801578,47.64384387242,47.6400058550381,-0.00383801738185952,,,0.120453782769367,20627,20629
traveling,6.59999999999999,19,55170.5590444033,55355.9451735219,185.386129118589,47.6400058550381,47.458197613236,-0.181808241802109,6.61415968080543,,,20629,20695
planning,0.3,0,55355.9451735219,55362.4431977767,6.49802425473899,47.458197613236,47.4518463491459,-0.00635126409011377,,,0.250833690595191,20695,20698
dwelling,9.59999999999998,0,55362.4431977767,55563.6491810696,201.205983292944,47.4518463491459,47.255214668692,-0.196631680453912,,9.59090909061074,,20698,20794
planning,0.7,0,55563.6491810696,55581.8440303225,18.1948492529191,47.255214668692,47.2373864870615,-0.0178281816304491,,,0.682325454682061,20794,20801
traveling,6.19999999999999,17.464249196573,55581.8440303225,55777.2361678614,195.392137538875,47.2373864870615,47.045346262011,-0.19204022505059,6.10868931555357,,,20801,20863
planning,0.1,0,55777.2361678614,55779.7644118346,2.52824397324002,47.045346262011,47.0428689691669,-0.00247729284410525,,,0.0542355733095529,20863,20864
dwelling,9.49999999999998,0,55779.7644118346,55998.2054427994,218.441030964728,47.0428689691669,46.8290276456925,-0.213841323474313,,9.44444441248774,,20864,20959
planning,0.2,0,55998.2054427994,56003.1730191209,4.96757632157824,46.8290276456925,46.8241594009611,-0.00486824473144054,,,0.187403237436397,20959,20961
traveling,6.39999999999999,17.464249196573,56003.1730191209,56220.8538952132,217.68087609228,46.8241594009611,46.6097505773293,-0.214408823631786,6.30700952061202,,,20961,21025
planning,0.6,0,56220.8538952132,56236.7582353012,15.90434008796,46.6097505773293,46.5941452385608,-0.0156053387685162,,,0.581187057430021,21025,21031
dwelling,7.39999999999999,0,56236.7582353012,56408.1807596004,171.42252429924,46.5941452385608,46.4261935507053,-0.167951687855535,,7.39999999517935,,21031,21105
planning,1,0,56408.1807596004,56434.2488039102,26.0680443097372,46.4261935507053,46.4006125894237,-0.025580961281527,,,0.92592833552339,21105,21115
traveling,4.3,9,56434.2488039102,56579.7475260615,145.498722151358,46.4006125894237,46.2572317491465,-0.143380840277253,4.28388270004371,,,21115,21158
planning,0.5,0,56579.7475260615,56593.9830214355,14.2354953739559,46.2572317491465,46.2432415445512,-0.0139902045952809,,,0.4177056310922,21158,21163
dwelling,9.09999999999999,0,56593.9830214355,56826.8145263272,232.83150489167,46.2432415445512,46.0146933113869,-0.228548233164304,,9.02222216567576,,21163,21254
planning,0.2,0,56826.8145263272,56832.0460488568,5.23152252966247,46.0146933113869,46.0095556359854,-0.0051376754015493,,,0.168322204409695,21254,21256
traveling,4.6,9,56832.0460488568,56995.5325301671,163.486481310327,46.0095556359854,45.8481850998685,-0.161370536116898,4.55680036788033,,,21256,21302
planning,0.4,0,56995.5325301671,57007.153489685,11.6209595179098,45.8481850998685,45.8367526757986,-0.0114324240698664,,,0.334572280426912,21302,21306
dwelling,6.29999999999999,0,57007.153489685,57163.5719620532,156.418472368146,45.8367526757986,45.6831670958055,-0.153585579993127,,6.29090909032784,,21306,21369
planning,0.7,0,57163.5719620532,57182.1858554417,18.6138933884577,45.6831670958055,45.6648719523459,-0.0182951434595537,,,0.664824054661246,21369,21376
traveling,6.49999999999999,19,57182.1858554417,57397.505994937,215.320139495307,45.6648719523459,45.4524665496864,-0.212405402659456,6.4570798377191,,,21376,21441
planning,0.7,0,57397.505994937,57415.3716944219,17.8656994849662,45.4524665496864,45.4349086228677,-0.0175579268187604,,,0.694045302640027,21441,21448
dwelling,13.6,0,57415.3716944219,57721.4473861479,306.075691726015,45.4349086228677,45.1344573537597,-0.300451269107953,,13.5235294026556,,21448,21584
planning,0.7,0,57721.4473861479,57738.5981215054,17.1507353574925,45.1344573537597,45.1176007940086,-0.0168565597511261,,,0.678410090310697,21584,21591
traveling,6.59999999999999,19,57738.5981215054,57952.5449443556,213.946822850179,45.1176007940086,44.9063986613458,-0.211202132662855,6.61415968082128,,,21591,21657
planning,0.5,0,57952.5449443556,57966.0448110513,13.4998666957326,44.9063986613458,44.8931082680842,-0.0132903932615633,,,0.434893616789094,21657,21662
dwelling,9.59999999999998,0,57966.0448110513,58189.9283583835,223.88354733216,44.8931082680842,44.6730505122573,-0.220057755826907,,9.53636363624674,,21662,21758
planning,0.3,0,58189.9283583835,58198.1448531506,8.21649476708262,44.6730505122573,44.6649564208632,-0.00809409139409922,,,0.266794203507467,21758,21761
traveling,6.19999999999999,17.464249196573,58198.1448531506,58421.9341924057,223.789339255149,44.6649564208632,44.4434091839471,-0.221547236916081,6.10868931485539,,,21761,21823
planning,0.7,0,58421.9341924057,58439.0582818984,17.1240894926304,44.4434091839471,44.4265572407598,-0.0168519431873406,,,0.654791501916403,21823,21830
dwelling,8.89999999999999,0,58439.0582818984,58615.3849689924,176.326687094079,44.4265572407598,44.2533976175609,-0.173159623198835,,8.8111110405509,,21830,21919
planning,0.2,0,58615.3849689924,58619.7841696066,4.39920061411976,44.2533976175609,44.2490721136606,-0.00432550390033271,,,0.119622256527464,21919,21921
traveling,6.39999999999999,17.464249196573,58619.7841696066,58814.4722940214,194.688124414817,44.2490721136606,44.0567712779182,-0.192300835742429,6.30700952060455,,,21921,21985
planning,0.6,0,58814.4722940214,58830.6486242586,16.1763302372347,44.0567712779182,44.0408203750255,-0.0159509028926905,,,0.560370670370291,21985,21991
dwelling,7.39999999999999,0,58830.6486242586,59004.2657338306,173.617109571947,44.0408203750255,43.8698884940359,-0.170931880989571,,7.39999999188951,,21991,22065
planning,0.3,0,59004.2657338306,59011.9557259585,7.68999212791823,43.8698884940359,43.8623080046665,-0.00758048936936007,,,0.245699562804582,22065,22068
traveling,4.3,9,59011.9557259585,59152.2673172758,140.311591317273,43.8623080046665,43.723465480065,-0.138842524601593,4.28388192452289,,,22068,22111
planning,0.4,0,59152.2673172758,59162.7080702492,10.4407529734817,43.723465480065,43.7131679822588,-0.010297497806107,,,0.394997577252929,22111,22115
dwelling,9.09999999999999,0,59162.7080702492,59376.8036540214,214.095583772207,43.7131679822588,43.5022289702189,-0.210939012039944,,9.03333326997415,,22115,22206
planning,0.8,0,59376.8036540214,59395.8226258937,19.0189718722904,43.5022289702189,43.4834844459314,-0.018744524287527,,,0.786439367572963,22206,22214
traveling,4.6,9,59395.8226258937,59544.7653821256,148.942756231845,43.4834844459314,43.3359803278286,-0.147504118102781,4.55680036788205,,,22214,22260
planning,0.7,0,59544.7653821256,59563.4605512556,18.6951691300055,43.3359803278286,43.3175218613619,-0.0184584664666758,,,0.652968556795602,22260,22267
dwelling,6.19999999999999,0,59563.4605512556,59714.9111859752,151.450634719578,43.3175218613619,43.1681319701392,-0.149389891222754,,6.1727272665372,,22267,22329
planning,0.4,0,59714.9111859752,59725.7790939287,10.8679079535577,43.1681319701392,43.1573956650047,-0.0107363051344436,,,0.390367691996551,22329,22333
traveling,6.49999999999999,19,59725.7790939287,59961.4537884775,235.674694548732,43.1573956650047,42.9233945022042,-0.234001162800531,6.45707983738253,,,22333,22398
planning,0.5,0,59961.4537884775,59975.1107483124,13.6569598349743,42.9233945022042,42.9098952316574,-0.0134992705467667,,,0.473921478711219,22398,22403
dwelling,13.7,0,59975.1107483124,60307.9281642232,332.817415910737,42.9098952316574,42.5813001703948,-0.32859506126259,,13.6352940896589,,22403,22540
planning,0.7,0,60307.9281642232,60327.9824512163,20.0542869931451,42.5813001703948,42.5614502239273,-0.0198499464675166,,,0.662319652113251,22540,22547
traveling,6.59999999999999,19,60327.9824512163,60568.5863435239,240.603892307554,42.5614502239273,42.3222180710287,-0.239232152898644,6.61415968081531,,,22547,22613
planning,0.7,0,60568.5863435239,60587.0174084159,18.4310648920582,42.3222180710287,42.3039863869329,-0.0182316840957242,,,0.627052100226129,22613,22620
dwelling,9.29999999999998,0,60587.0174084159,60803.6210837699,216.603675353952,42.3039863869329,42.0899894605268,-0.213996926406196,,9.29999999018682,,22620,22713
planning,0.6,0,60803.6210837699,60817.6439565688,14.0228727989452,42.0899894605268,42.0761322350318,-0.0138572254949239,,,0.5464204343967,22713,22719
traveling,6.19999999999999,17.464249196573,60817.6439565688,61004.6282629708,186.984306401995,42.0761322350318,41.890635722577,-0.185496512454854,6.10868931438964,,,22719,22781
planning,0.1,0,61004.6282629708,61006.810024176,2.18176120522548,41.890635722577,41.8884805415234,-0.00215518105356693,,,0.0609694699006555,22781,22782
dwelling,9.39999999999998,0,61006.810024176,61211.3666882053,204.556664029224,41.8884805415234,41.6863668178338,-0.202113723689614,,9.38888885188258,,22782,22876
planning,0.8,0,61211.3666882053,61232.1205973944,20.7539091891813,41.6863668178338,41.6658140066835,-0.0205528111502815,,,0.75160062064468,22876,22884
traveling,6.39999999999999,17.464249196573,61232.1205973944,61468.9785640078,236.857966613323,41.6658140066835,41.4297817083575,-0.236032298326045,6.30700952054545,,,22884,22948
planning,0.2,0,61468.9785640078,61474.9859271737,6.00736316593247,41.4297817083575,41.423817060085,-0.00596464827241761,,,0.101824362717647,22948,22950
dwelling,7.99999999999999,0,61474.9859271737,61677.9056120542,202.919684880457,41.423817060085,41.2227692858463,-0.201047774238724,,7.98181817460297,,22950,23030
planning,0.2,0,61677.9056120542,61683.5805427838,5.674930729685,41.2227692858463,41.2171369361952,-0.00563234965112258,,,0.184189639725654,23030,23032
traveling,4.3,9,61683.5805427838,61823.7814432809,140.200900497075,41.2171369361952,41.0776538363434,-0.139483099851795,4.28388192490718,,,23032,23075
planning,0.1,0,61823.7814432809,61826.4847995353,2.70335625439475,41.0776538363434,41.0749717504524,-0.0026820858909673,,,0.0132006419834527,23075,23076
dwelling,9.39999999999998,0,61826.4847995353,62044.5363867473,218.051587211972,41.0749717504524,40.8590011191905,-0.215970631261932,,9.39999998062408,,23076,23170
planning,0.5,0,62044.5363867473,62057.6375869815,13.101200234225,40.8590011191905,40.8460021063056,-0.0129990128849116,,,0.444805172031839,23170,23175
traveling,4.6,9,62057.6375869815,62202.0890898869,144.451502905387,40.8460021063056,40.7022515807154,-0.143750525590171,4.55680036787315,,,23175,23221
planning,0.9,0,62202.0890898869,62225.3354424948,23.2463526079155,40.7022515807154,40.6791826274545,-0.0230689532608892,,,0.880407446263626,23221,23230
dwelling,5.9,0,62225.3354424948,62361.1599536411,135.824511146297,40.6791826274545,40.5445599168414,-0.134622710613165,,5.86363635013281,,23230,23289
planning,0.7,0,62361.1599536411,62378.5515517412,17.391598100141,40.5445599168414,40.5273036877375,-0.0172562291039142,,,0.6187467023574,23289,23296
traveling,6.49999999999999,19,62378.5515517412,62594.119790488,215.568238746739,40.5273036877375,40.312396453309,-0.21490723442848,6.457079837847,,,23296,23361
planning,0.5,0,62594.119790488,62607.906045114,13.7862546260003,40.312396453309,40.2986916153126,-0.0137048379963716,,,0.438373678058406,23361,23366
dwelling,13.8,0,62607.906045114,62916.5871491241,308.681104010066,40.2986916153126,39.9925136769086,-0.306177938404005,,13.7588235022636,,23366,23504
planning,0.1,0,62916.5871491241,62919.0506790134,2.46352988931903,39.9925136769086,39.9900666077815,-0.00244706912710058,,,0.0328596293199209,23504,23505
traveling,6.59999999999999,19,62919.0506790134,63131.288499874,212.237820860646,39.9900666077815,39.778332307493,-0.211734300288477,6.6141596808078,,,23505,23571
planning,0.3,0,63131.288499874,63138.6204638172,7.33196394317929,39.778332307493,39.7710464583673,-0.00728584912570795,,,0.290178014036541,23571,23574
dwelling,9.59999999999998,0,63138.6204638172,63351.0803784289,212.459914611652,39.7710464583673,39.5601037457918,-0.210942712575488,,9.51818181767677,,23574,23670
planning,0.4,0,63351.0803784289,63362.4130491968,11.3326707679298,39.5601037457918,39.5488143295744,-0.0112894162174442,,,0.327606913746945,23670,23674
traveling,6.19999999999999,17.464249196573,63362.4130491968,63571.1867332235,208.773684026695,39.5488143295744,39.3401940203957,-0.208620309178684,6.10868931252522,,,23674,23736
planning,0.4,0,63571.1867332235,63581.804897034,10.6181638105409,39.3401940203957,39.3296206015999,-0.0105734187957651,,,0.392167968488169,23736,23740
dwelling,8.99999999999999,0,63581.804897034,63783.5090705503,201.704173516293,39.3296206015999,39.1291363054985,-0.200484296101408,,8.99999993228852,,23740,23830
planning,0.2,0,63783.5090705503,63788.5378070234,5.02873647311935,39.1291363054985,39.1241298999218,-0.00500640557670096,,,0.109951147832766,23830,23832
traveling,6.39999999999999,17.464249196573,63788.5378070234,63999.5351714709,210.997364447459,39.1241298999218,38.9131215925423,-0.211008307379515,6.30700952058795,,,23832,23896
planning,1,0,63999.5351714709,64024.8868152346,25.3516437637008,38.9131215925423,38.8878663802239,-0.0252552123183918,,,0.916226913782777,23896,23906
dwelling,6.99999999999999,0,64024.8868152346,64185.7823498434,160.895534608819,38.8878663802239,38.7277387629488,-0.160127617275108,,6.92727270773592,,23906,23976
planning,0.9,0,64185.7823498434,64210.0112435862,24.2288937427729,38.7277387629488,38.7035720400238,-0.0241667229250311,,,0.88106945376096,23976,23985
traveling,4.3,9,64210.0112435862,64346.0038504719,135.992606885688,38.7035720400238,38.5675611093803,-0.136010930643465,4.28388192439366,,,23985,24028
planning,0.6,0,64346.0038504719,64360.514506873,14.5106564011439,38.5675611093803,38.5531024814204,-0.0144586279598968,,,0.510041568131571,24028,24034
dwelling,8.89999999999999,0,64360.514506873,64562.1249538555,201.610446982471,38.5531024814204,38.3523177082953,-0.200784773125157,,8.81111109772016,,24034,24123
planning,0.4,0,64562.1249538555,64571.7763169988,9.65136314328265,38.3523177082953,38.3426962901079,-0.00962141818740747,,,0.334818480777602,24123,24127
traveling,4.6,9,64571.7763169988,64714.4096446192,142.633327620388,38.3426962901079,38.1999337446036,-0.142762545504269,4.55680036790107,,,24127,24173
planning,1,0,64714.4096446192,64739.561958548,25.1523139288402,38.1999337446036,38.1748365286998,-0.0250972159037985,,,0.996317598658536,24173,24183
dwelling,5.8,0,64739.561958548,64866.6302949935,127.068336445496,38.1748365286998,38.0482326315278,-0.126603897172025,,5.727272727239,,24183,24241
planning,0.7,0,64866.6302949935,64884.1888268287,17.5585318351659,38.0482326315278,38.0307068791058,-0.0175257524219177,,,0.622922013541453,24241,24248
traveling,6.49999999999999,19,64884.1888268287,65114.0650465135,229.876219684797,38.0307068791058,37.7998973762443,-0.230809502861533,6.45707983744562,,,24248,24313
planning,0.1,0,65114.0650465135,65116.6671786475,2.60213213404495,37.7998973762443,37.7972973113928,-0.00260006485155628,,,0.0141210923412062,24313,24314
dwelling,14.1,0,65116.6671786475,65442.2372625521,325.570083904611,37.7972973113928,37.4723212205821,-0.324976090810686,,14.0529411602416,,24314,24455
planning,0.9,0,65442.2372625521,65465.0216970147,22.784434462621,37.4723212205821,37.4495438659817,-0.0227773546003363,,,0.891583373106881,24455,24464
traveling,6.59999999999999,19,65465.0216970147,65672.5035498512,207.481852836514,37.4495438659817,37.2413807999871,-0.208163065994597,6.61415968082219,,,24464,24530
planning,0.6,0,65672.5035498512,65687.5390335175,15.0354836662882,37.2413807999871,37.2263432990058,-0.0150375009813715,,,0.518470285369591,24530,24536
dwelling,9.49999999999998,0,65687.5390335175,65906.3721673268,218.833133809268,37.2263432990058,37.0076382305296,-0.218705068476176,,9.47272727083091,,24536,24631
planning,0.2,0,65906.3721673268,65911.7003490953,5.3281817684765,37.0076382305296,37.0023018982053,-0.00533633232429764,,,0.142509686576221,24631,24633
traveling,6.19999999999999,17.464249196573,65911.7003490953,66113.3245761458,201.624227050561,37.0023018982053,36.7996663388968,-0.202635559308519,6.10868931508851,,,24633,24695
planning,0.2,0,66113.3245761458,66118.1063365409,4.78176039508253,36.7996663388968,36.7948814264239,-0.00478491247285717,,,0.102885436323761,24695,24697
dwelling,9.39999999999998,0,66118.1063365409,66334.0352734701,215.928936929209,36.7948814264239,36.5788491767255,-0.216032249698429,,9.32222218449322,,24697,24791
planning,0.9,0,66334.0352734701,66359.4010221048,25.3657486346929,36.5788491767255,36.5533953504517,-0.0254538262737611,,,0.894158084850583,24791,24800
traveling,6.39999999999999,17.464249196573,66359.4010221048,66580.6720843417,221.27106223692,36.5533953504517,36.3305058695501,-0.222889480901642,6.30700952053605,,,24800,24864
planning,0.7,0,66580.6720843417,66600.4992111116,19.8271267698146,36.3305058695501,36.3105955825802,-0.0199102869699246,,,0.699302102169423,24864,24871
dwelling,7.59999999999999,0,66600.4992111116,66778.7951908208,178.295979709277,36.3105955825802,36.1319522325155,-0.178643350064689,,7.55454545463388,,24871,24947
planning,0.5,0,66778.7951908208,66791.12459241,12.3294015891297,36.1319522325155,36.1195881813151,-0.0123640512003362,,,0.4119356250074,24947,24952
traveling,4.3,9,66791.12459241,66911.1662996434,120.041707233482,36.1195881813151,35.9989790757641,-0.120609105551054,4.2838817409807,,,24952,24995
planning,0.6,0,66911.1662996434,66923.6501170915,12.4838174480392,35.9989790757641,35.9864805521259,-0.0124985236381292,,,0.588210707204891,24995,25001
dwelling,8.99999999999999,0,66923.6501170915,67101.6269728765,177.976855784989,35.9864805521259,35.8083359698587,-0.178144582267208,,8.97777773048551,,25001,25091
planning,0.1,0,67101.6269728765,67103.9334334297,2.30646055318357,35.8083359698587,35.8060229643992,-0.00231300545954127,,,0.00796063580335649,25091,25092
traveling,4.6,9,67103.9334334297,67237.0025310195,133.069097589861,35.8060229643992,35.6721158161863,-0.133907148212899,4.5568003679188,,,25092,25138
planning,0.8,0,67237.0025310195,67256.7257242368,19.7231932172726,35.6721158161863,35.6523126495047,-0.0198031666816476,,,0.742085736339368,25138,25146
dwelling,5.9,0,67256.7257242368,67383.1553256544,126.429601417622,35.6523126495047,35.5255552120573,-0.126757437447395,,5.85454543557825,,25146,25205
planning,0.1,0,67383.1553256544,67385.5807029055,2.42537725107104,35.5255552120573,35.5231195926017,-0.00243561945559634,,,0.0621771781131125,25205,25206
traveling,6.49999999999999,19,67385.5807029055,67583.6839685148,198.103265609359,35.5231195926017,35.3234343390348,-0.199685253566905,6.45707983737689,,,25206,25271
planning,0.7,0,67583.6839685148,67599.7135730314,16.0296045165305,35.3234343390348,35.307338984862,-0.0160953541727622,,,0.68578901129911,25271,25278
dwelling,13.5,0,67599.7135730314,67941.2982087855,341.584635754101,35.307338984862,34.9637211747164,-0.343617810145574,,13.4352940841269,,25278,25413
planning,0.3,0,67941.2982087855,67950.3870422237,9.08883343823254,34.9637211747164,34.9545508544911,-0.00917032022535835,,,0.268610624650648,25413,25416
traveling,6.59999999999999,19,67950.3870422237,68203.2718084547,252.884766231,34.9545508544911,34.6981504730559,-0.256400381435121,6.61415968081639,,,25416,25482
planning,0.4,0,68203.2718084547,68215.0482175232,11.776409068465,34.6981504730559,34.6862648483081,-0.0118856247478334,,,0.372668708699186,25482,25486
dwelling,9.49999999999998,0,68215.0482175232,68462.7880816832,247.739864160001,34.6862648483081,34.4365731875113,-0.249691660796813,,9.45454543358217,,25486,25581
planning,0.7,0,68462.7880816832,68482.6646435337,19.8765618505422,34.4365731875113,34.4165080359393,-0.020065151571977,,,0.60693516720685,25581,25588
traveling,6.19999999999999,17.464249196573,68482.6646435337,68690.7661824222,208.10153888847,34.4165080359393,34.205760741892,-0.210747294047316,6.1086884366758,,,25588,25650
planning,0.3,0,68690.7661824222,68699.0255900114,8.25940758921206,34.205760741892,34.1974213678025,-0.00833937408949481,,,0.276239317722143,25650,25653
dwelling,9.09999999999999,0,68699.0255900114,68915.2732408442,216.247650832753,34.1974213678025,33.979436081695,-0.217985286107478,,9.07777773380959,,25653,25744
planning,0.6,0,68915.2732408442,68930.3675529364,15.0943120922893,33.979436081695,33.9642043918955,-0.0152316897994922,,,0.510371908158605,25744,25750
traveling,6.39999999999999,17.464249196573,68930.3675529364,69141.5834777047,211.215924768258,33.9642043918955,33.7500507194199,-0.214153672475625,6.30700952057182,,,25750,25814
planning,0.1,0,69141.5834777047,69144.1208180147,2.53734030998021,33.7500507194199,33.7474883279996,-0.00256239142030523,,,0.0860516843496238,25814,25815
dwelling,7.99999999999999,0,69144.1208180147,69339.1247512333,195.003933218642,33.7474883279996,33.5505970155078,-0.196891312491829,,7.97272727268796,,25815,25895
planning,0.3,0,69339.1247512333,69347.9272539198,8.80250268646341,33.5505970155078,33.5416836922783,-0.00891332322945004,,,0.205306837136866,25895,25898
traveling,4.3,9,69347.9272539198,69500.6806147951,152.753360875286,33.5416836922783,33.3864362808812,-0.155247411397099,4.28388192411966,,,25898,25941
planning,0.4,0,69500.6806147951,69511.9821000639,11.3014852688066,33.3864362808812,33.3749934108473,-0.0114428700339033,,,0.359072473415786,25941,25945
dwelling,8.99999999999999,0,69511.9821000639,69733.5546339423,221.57253387841,33.3749934108473,33.1509841478187,-0.224009263028627,,8.9666666598215,,25945,26035
planning,0.8,0,69733.5546339423,69753.1832421948,19.6286082525476,33.1509841478187,33.1311345668437,-0.0198495809749701,,,0.725534978391919,26035,26043
traveling,4.6,9,69753.1832421948,69894.6698356673,141.486593472466,33.1311345668437,32.987517647181,-0.143616919662733,4.556800367849,,,26043,26089
planning,0.4,0,69894.6698356673,69905.254897786,10.5850621186692,32.987517647181,32.9767974163084,-0.0107202308726357,,,0.397300024372833,26089,26093
dwelling,6.49999999999999,0,69905.254897786,70062.8211007091,157.566202923175,32.9767974163084,32.8173626911153,-0.159434725193073,,6.43636363206894,,26093,26158
planning,0.7,0,70062.8211007091,70081.8642839071,19.0431831979513,32.8173626911153,32.7980584734742,-0.0193042176411069,,,0.650285117101272,26158,26165
traveling,6.49999999999999,19,70081.8642839071,70316.1816698073,234.317385900169,32.7980584734742,32.5592345158861,-0.238823957588096,6.45707983784574,,,26165,26230
planning,0.7,0,70316.1816698073,70335.2506646713,19.0689948640502,32.5592345158861,32.5398883988863,-0.0193461169998201,,,0.639082212837643,26230,26237
dwelling,13.6,0,70335.2506646713,70680.0923176704,344.841652999094,32.5398883988863,32.1901699973893,-0.349718401496951,,13.558823498978,,26237,26373
planning,0.2,0,70680.0923176704,70686.0641458648,5.97182819440786,32.1901699973893,32.1840960842691,-0.00607391312023253,,,0.167258675203107,26373,26375
traveling,6.59999999999999,19,70686.0641458648,70946.6067447153,260.542598850458,32.1840960842691,31.9175202639735,-0.266575820295611,6.61415968082889,,,26375,26441
planning,0.6,0,70946.6067447153,70963.8295413722,17.2227966568898,31.9175202639735,31.8999983333536,-0.0175219306198215,,,0.549718561151847,26441,26447
dwelling,9.29999999999998,0,70963.8295413722,71181.2302318484,217.400690476221,31.8999983333536,31.6793604489322,-0.220637884421425,,9.25454543434114,,26447,26540
planning,0.6,0,71181.2302318484,71197.655526981,16.4252951326198,31.6793604489322,31.6626489189531,-0.0167115299790943,,,0.579357986558787,26540,26546
traveling,6.19999999999999,17.464249196573,71197.655526981,71405.6908977407,208.035370759666,31.6626489189531,31.4501604970968,-0.212488421856342,6.10868931392381,,,26546,26608
planning,0.7,0,71405.6908977407,71423.056639483,17.3657417423092,31.4501604970968,31.4325032493255,-0.0176572477713037,,,0.685132890171781,26608,26615
dwelling,8.79999999999999,0,71423.056639483,71612.078526261,189.02188677802,31.4325032493255,31.2405793799432,-0.191923869382286,,8.76666660969016,,26615,26703
planning,0.4,0,71612.078526261,71621.0831796425,9.00465338153299,31.2405793799432,31.2314286137103,-0.00915076623289224,,,0.302705838509105,26703,26707
traveling,6.39999999999999,17.464249196573,71621.0831796425,71788.3895186521,167.306339009578,31.2314286137103,31.0610203199012,-0.17040829380915,6.30700952062517,,,26707,26771
planning,0.7,0,71788.3895186521,71804.0780004671,15.6884818150138,31.0610203199012,31.0450685977024,-0.0159517221987606,,,0.659140650300484,26771,26778
dwelling,7.39999999999999,0,71804.0780004671,71946.0457288434,141.967728376228,31.0450685977024,30.9009260558559,-0.144142541846499,,7.33636363303052,,26778,26852
planning,1,0,71946.0457288434,71968.7780697656,22.7323409222299,30.9009260558559,30.8777958287594,-0.0231302270964591,,,0.984889111607481,26852,26862
traveling,4.3,9,71968.7780697656,72088.087843052,119.309773286455,30.8777958287594,30.7560335816883,-0.121762247071143,4.28388269974227,,,26862,26905
planning,0.4,0,72088.087843052,72097.3653921515,9.27754909946816,30.7560335816883,30.7465870307637,-0.00944655092455449,,,0.365909624775458,26905,26909
dwelling,9.19999999999999,0,72097.3653921515,72292.2540472104,194.888655058894,30.7465870307637,30.5482872526568,-0.198299778106914,,9.11111110464195,,26909,27001
planning,0.8,0,72292.2540472104,72311.2601965351,19.0061493247049,30.5482872526568,30.5289153340953,-0.01937191856155,,,0.706043830793107,27001,27009
traveling,4.6,9,72311.2601965351,72453.1410706219,141.880874086797,30.5289153340953,30.3836668494081,-0.145248484687155,4.55680036785747,,,27009,27055
planning,0.2,0,72453.1410706219,72458.1683515715,5.02728094956547,30.3836668494081,30.3785363255878,-0.00513052382033052,,,0.131283085258698,27055,27057
dwelling,6.79999999999999,0,72458.1683515715,72619.5182787118,161.349927140327,30.3785363255878,30.2139471695434,-0.164589156044357,,6.70909090727835,,27057,27125
planning,0.4,0,72619.5182787118,72629.6753784645,10.1570997527306,30.2139471695434,30.2035739892582,-0.0103731802852529,,,0.339214419817782,27125,27129
traveling,6.49999999999999,19,72629.6753784645,72841.8201340448,212.144755580302,30.2035739892582,29.9859313127068,-0.217642676551357,6.45707983819063,,,27129,27194
planning,0.1,0,72841.8201340448,72844.3822087283,2.56207468349021,29.9859313127068,29.9833124060374,-0.00261890666945064,,,0.0293747825756373,27194,27195
dwelling,14.3,0,72844.3822087283,73160.3895088871,316.007300158744,29.9833124060374,29.6607183448074,-0.32259406122995,,14.2470588106543,,27195,27338
planning,0.4,0,73160.3895088871,73169.6436922726,9.25418338549207,29.6607183448074,29.6512607055018,-0.00945763930558385,,,0.365636155387139,27338,27342
traveling,6.59999999999999,19,73169.6436922726,73361.2865442563,191.64285198375,29.6512607055018,29.454668325349,-0.196592380152797,6.61415968078926,,,27342,27408
planning,0.6,0,73361.2865442563,73374.8563321235,13.5697878672072,29.454668325349,29.4407939767149,-0.0138743486341255,,,0.579326527741932,27408,27414
dwelling,9.39999999999998,0,73374.8563321235,73595.1732242841,220.316892160612,29.4407939767149,29.2153298634733,-0.225464113241639,,9.36363636351046,,27414,27508
planning,0.8,0,73595.1732242841,73615.964238345,20.7910140608874,29.2153298634733,29.194015329459,-0.0213145340143193,,,0.761854640540308,27508,27516
traveling,6.19999999999999,17.464249196573,73615.964238345,73815.0063299441,199.04209159904,29.194015329459,28.989155735836,-0.204859593622992,6.10868931694914,,,27516,27578
planning,0.6,0,73815.0063299441,73829.2329471651,14.226617221022,28.989155735836,28.9745772669396,-0.0145784688963317,,,0.515683205116511,27578,27584
dwelling,9.09999999999999,0,73829.2329471651,74035.1069082684,205.87396110328,28.9745772669396,28.7636424082534,-0.210934858686219,,9.01111110125135,,27584,27675
planning,1,0,74035.1069082684,74060.6494208833,25.5425126149785,28.7636424082534,28.7374200240463,-0.0262223842070846,,,0.975269107460972,27675,27685
traveling,6.39999999999999,17.464249196573,74060.6494208833,74269.8104194206,209.160998537292,28.7374200240463,28.5216929936938,-0.215727030352511,6.30700952044948,,,27685,27749
planning,0.2,0,74269.8104194206,74274.7845866136,4.97416719298053,28.5216929936938,28.516584077112,-0.0051089165818432,,,0.164630583487596,27749,27751
dwelling,8.19999999999999,0,74274.7845866136,74459.6202846721,184.835698058523,28.516584077112,28.3269103712514,-0.189673705860582,,8.1272727257889,,27751,27833
planning,0.4,0,74459.6202846721,74470.0646073093,10.4443226371222,28.3269103712514,28.3161680985428,-0.010742272708633,,,0.390023697925524,27833,27837
traveling,4.3,9,74470.0646073093,74608.7834008777,138.71879356842,28.3161680985428,28.1729494824063,-0.143218616136437,4.28388270245383,,,27837,27880
planning,0.7,0,74608.7834008777,74626.158702462,17.3753015843104,28.1729494824063,28.1550806129294,-0.0178688694769455,,,0.604292786594198,27880,27887
dwelling,8.99999999999999,0,74626.158702462,74849.2327200713,223.07401760931,28.1550806129294,27.9255657807169,-0.229514832212491,,8.91111111085725,,27887,27977
planning,0.2,0,74849.2327200713,74854.6946058454,5.46188577410067,27.9255657807169,27.919936076045,-0.00562970467188606,,,0.156170490557076,27977,27979
traveling,4.6,9,74854.6946058454,75012.5627393143,157.868133468932,27.919936076045,27.7564932605628,-0.163442815482231,4.55680036789518,,,27979,28025
planning,0.5,0,75012.5627393143,75026.7874774526,14.2247381382476,27.7564932605628,27.7418126506879,-0.0146806098748762,,,0.434767956296241,28025,28030
dwelling,6.29999999999999,0,75026.7874774526,75181.971201863,155.183724410468,27.7418126506879,27.5819337523389,-0.159878898349039,,6.22727272573392,,28030,28093
planning,0.7,0,75181.971201863,75201.2170175004,19.2458156373759,27.5819337523389,27.5620682528332,-0.0198654995056309,,,0.606030913463581,28093,28100
traveling,6.49999999999999,19,75201.2170175004,75427.0154232809,225.798405780472,27.5620682528332,27.3278703525984,-0.234197900234836,6.45707983845915,,,28100,28165
planning,0.1,0,75427.0154232809,75429.4390235295,2.4236002486432,27.3278703525984,27.325370836388,-0.00249951621042399,,,0.048919524206718,28165,28166
dwelling,14.4,0,75429.4390235295,75754.0831194711,324.644095941592,27.325370836388,26.9906426218336,-0.33472821455441,,14.3176469785131,,28166,28310
planning,0.2,0,75754.0831194711,75759.0856377813,5.00251831016794,26.9906426218336,26.9854744659073,-0.00516815592621001,,,0.182141964673793,28310,28312
traveling,6.59999999999999,19,75759.0856377813,75978.0427520707,218.957114289369,26.9854744659073,26.7580754501713,-0.227399015736026,6.61415968076961,,,28312,28378
planning,0.3,0,75978.0427520707,75985.3723128929,7.32956082228338,26.7580754501713,26.750498698674,-0.0075767514973677,,,0.293985246324807,28378,28381
dwelling,9.69999999999998,0,75985.3723128929,76206.2434579864,220.871145093435,26.750498698674,26.5222725026929,-0.228226195981016,,9.62727272634157,,28381,28478
planning,0.5,0,76206.2434579864,76219.6420961045,13.3986381181458,26.5222725026929,26.5083908276208,-0.013881675072124,,,0.426534451931619,28478,28483
traveling,6.19999999999999,17.464249196573,76219.6420961045,76413.8718170709,194.22972096641,26.5083908276208,26.3065358821833,-0.201854945437532,6.10868931438961,,,28483,28545
planning,0.4,0,76413.8718170709,76424.1832227038,10.3114056328195,26.3065358821833,26.295849657564,-0.0106862246192634,,,0.392542712182788,28545,28549
dwelling,9.09999999999999,0,76424.1832227038,76629.1256949947,204.942472290903,26.295849657564,26.0837406971755,-0.212108960388544,,9.08888883593661,,28549,28640
planning,0.2,0,76629.1256949947,76634.5169973737,5.39130237902282,26.0837406971755,26.0781448269282,-0.00559587024726937,,,0.104724810720935,28640,28642
traveling,6.39999999999999,17.464249196573,76634.5169973737,76851.4463351548,216.929337781083,26.0781448269282,25.8519640368519,-0.22618079007632,6.30700952059677,,,28642,28706
planning,0.7,0,76851.4463351548,76869.1461848657,17.6998497109744,25.8519640368519,25.8335918204402,-0.0183722164117164,,,0.631772479430384,28706,28713
dwelling,7.29999999999999,0,76869.1461848657,77029.8419374359,160.695752570158,25.8335918204402,25.6670290976397,-0.166562722800478,,7.26363636336441,,28713,28786
planning,0.5,0,77029.8419374359,77042.3326701681,12.4907327321853,25.6670290976397,25.6540563644197,-0.0129727332200318,,,0.472656627926314,28786,28791
traveling,4.3,9,77042.3326701681,77175.1661071412,132.833436973087,25.6540563644197,25.5155703433615,-0.138486021058124,4.28388192451501,,,28791,28834
planning,0.3,0,77175.1661071412,77182.2115982982,7.04549115702685,25.5155703433615,25.5082545946749,-0.00731574868664708,,,0.291291357809713,28834,28837
dwelling,9.19999999999999,0,77182.2115982982,77381.2125692717,199.000970973531,25.5082545946749,25.3017364947842,-0.206518099890733,,9.133333329322,,28837,28929
planning,0.2,0,77381.2125692717,77386.331087284,5.11851801229932,25.3017364947842,25.2964107213367,-0.00532577344741725,,,0.143573091682587,28929,28931
traveling,4.6,9,77386.331087284,77524.8154348312,138.484347547186,25.2964107213367,25.151888109619,-0.144522611717736,4.55680036790353,,,28931,28977
planning,1,0,77524.8154348312,77549.6362809365,24.8208461053,25.151888109619,25.126055967334,-0.0258321422850258,,,0.990313242803968,28977,28987
dwelling,5.7,0,77549.6362809365,77678.9530975472,129.316816610721,25.126055967334,24.991581306777,-0.134474660556965,,5.65454543620419,,28987,29044
planning,1,0,77678.9530975472,77705.826605711,26.873508163786,24.991581306777,24.9635618113075,-0.0280194954695574,,,0.984990469875488,29044,29054
traveling,6.49999999999999,19,77705.826605711,77898.3367233358,192.510117624828,24.9635618113075,24.7624186063219,-0.201143204985598,6.45707983738054,,,29054,29119
planning,0.4,0,77898.3367233358,77906.9084006866,8.57167735074472,24.7624186063219,24.7535001741021,-0.00891843221974753,,,0.317188351955491,29119,29123
dwelling,13.8,0,77906.9084006866,78210.6822664147,303.77386572813,24.7535001741021,24.4370984967226,-0.316401677379503,,13.7352940391193,,29123,29261
planning,0.7,0,78210.6822664147,78228.0359467133,17.3536802986055,24.4370984967226,24.418983417756,-0.0181150789666269,,,0.625953096229142,29261,29268
traveling,6.59999999999999,19,78228.0359467133,78450.7680240832,222.73207736983,24.418983417756,24.1850989164194,-0.233884501336554,6.61415968081796,,,29268,29334
planning,1,0,78450.7680240832,78476.6818939528,25.9138698696333,24.1850989164194,24.1580009286077,-0.0270979878117252,,,0.959524658863378,29334,29344
dwelling,8.99999999999999,0,78476.6818939528,78673.8303295151,197.148435562267,24.1580009286077,23.9521995901323,-0.205801338475382,,8.99999997643253,,29344,29434
planning,0.1,0,78673.8303295151,78676.4003249738,2.5699954587908,23.9521995901323,23.9495098846542,-0.0026897054781081,,,0.0889964920829787,29434,29435
traveling,6.19999999999999,17.464249196573,78676.4003249738,78889.0882160458,212.687891071982,23.9495098846542,23.7256382557323,-0.223871628921877,6.10868931322472,,,29435,29497
planning,0.5,0,78889.0882160458,78902.8564645415,13.7682484956604,23.7256382557323,23.711198873117,-0.0144393826153149,,,0.454426187499173,29497,29502
dwelling,8.99999999999999,0,78902.8564645415,79102.5893557824,199.732891240928,23.711198873117,23.5022473887892,-0.20895148432777,,8.93333332907069,,29502,29592
planning,0.7,0,79102.5893557824,79119.3821789272,16.7928231448022,23.5022473887892,23.4846535584253,-0.0175938303639143,,,0.647783357743143,29592,29599
traveling,6.39999999999999,17.464249196573,79119.3821789272,79323.2884801472,203.906301219948,23.4846535584253,23.2698804420009,-0.214773116424393,6.30700952053814,,,29599,29663
planning,0.1,0,79323.2884801472,79325.6242577765,2.33577762937057,23.2698804420009,23.2674316539576,-0.00244878804336679,,,0.0482930371376598,29663,29664
dwelling,8.09999999999999,0,79325.6242577765,79504.5450555141,178.920797737519,23.2674316539576,23.0799049355898,-0.187526718367746,,8.04545453616071,,29664,29745
planning,1,0,79504.5450555141,79531.4599117138,26.9148561997717,23.0799049355898,23.0516048096171,-0.0283001259727307,,,0.939321428350193,29745,29755
traveling,4.3,9,79531.4599117138,79676.0178089353,144.557897221486,23.0516048096171,22.8989251325208,-0.152679677096309,4.28388270125002,,,29755,29798
planning,0.7,0,79676.0178089353,79694.7371151774,18.7193062420847,22.8989251325208,22.8792283105322,-0.0196968219885427,,,0.64543374029891,29798,29805
dwelling,8.89999999999999,0,79694.7371151774,79938.7578030047,244.020687827287,22.8792283105322,22.6221945303863,-0.257033780145981,,8.86666661095631,,29805,29894
planning,0.4,0,79938.7578030047,79951.0155224031,12.2577193983889,22.6221945303863,22.6092515162564,-0.0129430141298599,,,0.303118076972401,29894,29898
traveling,4.6,9,79951.0155224031,80115.5948010188,164.579278615682,22.6092515162564,22.4348414636662,-0.17441005259024,4.55680036785168,,,29898,29944
planning,0.9,0,80115.5948010188,80140.5316813545,24.9368803357211,22.4348414636662,22.4085308586533,-0.0263106050128243,,,0.889691398618149,29944,29953
dwelling,5.9,0,80140.5316813545,80296.9176093117,156.385927957221,22.4085308586533,22.2435676749378,-0.164963183715518,,5.86363636367143,,29953,30012
planning,0.9,0,80296.9176093117,80324.7452804356,27.8276711239305,22.2435676749378,22.2141259029599,-0.0294417719778828,,,0.803993312496239,30012,30021
traveling,6.49999999999999,19,80324.7452804356,80582.1113146236,257.366034187988,22.2141259029599,21.9401673354673,-0.273958567492635,6.45707983812299,,,30021,30086
planning,0.6,0,80582.1113146236,80600.3350428431,18.2237282195129,21.9401673354673,21.9208651644855,-0.0193021709817671,,,0.555590168475299,30086,30092
dwelling,13.8,0,80600.3350428431,80936.0733508853,335.738308042157,21.9208651644855,21.5661622876152,-0.354702876870306,,13.7294116767965,,30092,30230
planning,0.3,0,80936.0733508853,80944.2065758973,8.1332250120322,21.5661622876152,21.5575486426589,-0.00861364495631634,,,0.219755769204074,30230,30233
traveling,6.59999999999999,19,80944.2065758973,81176.1020671137,231.895491216332,21.5575486426589,21.3105591618899,-0.246989480769059,6.61415968080735,,,30233,30299
planning,1,0,81176.1020671137,81203.6792731617,27.5772060480667,21.3105591618899,21.2813070554381,-0.0292521064517892,,,0.97230807388141,30299,30309
dwelling,8.99999999999999,0,81203.6792731617,81418.8945528781,215.215279716416,21.2813070554381,21.0533584192213,-0.227948636216755,,8.9272727278409,,30309,30399
planning,0.6,0,81418.8945528781,81436.2211611749,17.3266082967311,21.0533584192213,21.0349426496878,-0.0184157695335152,,,0.515048672542835,30399,30405
traveling,6.19999999999999,17.464249196573,81436.2211611749,81654.0595787836,217.838417608713,21.0349426496878,20.8023656673953,-0.232576982292503,6.10868931625162,,,30405,30467
planning,0.4,0,81654.0595787836,81665.3033054506,11.2437266669731,20.8023656673953,20.7904056973793,-0.0119599700159831,,,0.383925096145434,30467,30471
dwelling,9.19999999999999,0,81665.3033054506,81911.2752219062,245.971916455659,20.7904056973793,20.5287858148484,-0.261619882530923,,9.17777774188641,,30471,30563
planning,0.4,0,81911.2752219062,81924.099510513,12.8242886067892,20.5287858148484,20.5150939479369,-0.0136918669114721,,,0.3937631404107,30563,30567
traveling,6.39999999999999,17.464249196573,81924.099510513,82177.4150893791,253.315578866124,20.5150939479369,20.2431517970487,-0.271942150888233,6.30700952057162,,,30567,30631
planning,0.1,0,82177.4150893791,82180.1324474829,2.71735810373502,20.2431517970487,20.2402547584078,-0.00289703864086022,,,0.0812802216161769,30631,30632
dwelling,7.99999999999999,0,82180.1324474829,82367.5491622912,187.416714808351,20.2402547584078,20.0407763129722,-0.199478445435659,,7.97272726603147,,30632,30712
planning,0.5,0,82367.5491622912,82379.7891604979,12.2399982066854,20.0407763129722,20.0277334821736,-0.013042830798522,,,0.442897751817602,30712,30717
traveling,4.3,9,82379.7891604979,82497.4603392977,117.67117879985,20.0277334821736,19.9020722471064,-0.125661235067252,4.28388269974218,,,30717,30760
planning,0.5,0,82497.4603392977,82507.4680982126,10.0077589149005,19.9020722471064,19.8914280868968,-0.0106441602096332,,,0.441579473914755,30760,30765
dwelling,9.09999999999999,0,82507.4680982126,82689.1393042192,181.671206006577,19.8914280868968,19.698099457549,-0.193328629347775,,9.01111108148591,,30765,30856
planning,0.8,0,82689.1393042192,82707.1000690078,17.9607647885714,19.698099457549,19.6789488717796,-0.0191505857693883,,,0.798512337583963,30856,30864
traveling,4.6,9,82707.1000690078,82839.4662702433,132.366201235534,19.6789488717796,19.537192818156,-0.141756053623624,4.55680036786607,,,30864,30910
planning,0.6,0,82839.4662702433,82853.3898165131,13.9235462697397,19.537192818156,19.5223279829264,-0.0148648352295631,,,0.531377808372703,30910,30916
dwelling,6.39999999999999,0,82853.3898165131,82987.2553868044,133.865570291367,19.5223279829264,19.3795386957689,-0.142789287157552,,6.3090909089591,,30916,30980
planning,1,0,82987.2553868044,83013.3048571082,26.0494703037693,19.3795386957689,19.351657273092,-0.0278814226768738,,,0.904630537825767,30980,30990
traveling,6.49999999999999,19,83013.3048571082,83231.3012542285,217.996397120311,19.351657273092,19.1170784883775,-0.234578784714486,6.45707983839204,,,30990,31055
planning,0.3,0,83231.3012542285,83239.3295838283,8.02832959982334,19.1170784883775,19.1084703333828,-0.00860815499465062,,,0.234767694382815,31055,31058
dwelling,14.1,0,83239.3295838283,83567.612693759,328.283109930664,19.1084703333828,18.7568495696146,-0.351620763768199,,14.0999999283616,,31058,31199
planning,0.6,0,83567.612693759,83585.3048092183,17.6921154593147,18.7568495696146,18.7378110621961,-0.0190385074184967,,,0.549051543510848,31199,31205
traveling,6.59999999999999,19,83585.3048092183,83836.024182433,250.719373214641,18.7378110621961,18.4663058340868,-0.271505228109376,6.61415968078087,,,31205,31271
planning,0.4,0,83836.024182433,83847.499944438,11.4757620050077,18.4663058340868,18.453942998853,-0.0123628352337271,,,0.375470718192049,31271,31275
dwelling,9.69999999999998,0,83847.499944438,84103.6570097223,256.157065284337,18.453942998853,18.1781370580363,-0.275805940816724,,9.63636363613651,,31275,31372
planning,0.4,0,84103.6570097223,84114.8527019434,11.1956922211393,18.1781370580363,18.1660614656233,-0.0120755924130584,,,0.350897069218123,31372,31376
traveling,6.19999999999999,17.464249196573,84114.8527019434,84324.3478298384,209.49512789493,18.1660614656233,17.9391159419825,-0.226945523640808,6.10868931694922,,,31376,31438
planning,0.2,0,84324.3478298384,84329.6558345292,5.30800469079986,17.9391159419825,17.9333881366104,-0.00572780537209994,,,0.142183007217462,31438,31440
dwelling,9.49999999999998,0,84329.6558345292,84545.7266708795,216.070836350307,17.9333881366104,17.7005955584653,-0.232792578145002,,9.4111110727651,,31440,31535
planning,0.1,0,84545.7266708795,84548.4726252427,2.74595436319942,17.7005955584653,17.6976267724957,-0.00296878596967431,,,0.0588609347165613,31535,31536
traveling,6.39999999999999,17.464249196573,84548.4726252427,84768.335174654,219.862549411322,17.6976267724957,17.4587086519749,-0.238918120520786,6.30700952064486,,,31536,31600
planning,0.8,0,84768.335174654,84789.7292908006,21.3941161466064,17.4587086519749,17.4355546068317,-0.0231540451432259,,,0.708570177839252,31600,31608
dwelling,7.19999999999999,0,84789.7292908006,84977.236525713,187.507234912395,17.4355546068317,17.2325702425201,-0.202984364311583,,7.19999999995896,,31608,31680
planning,0.8,0,84977.236525713,85002.5281414114,25.2916156983847,17.2325702425201,17.2050803607802,-0.0274898817398395,,,0.746570851671101,31680,31688
traveling,4.3,9,85002.5281414114,85156.0786601906,153.550518779215,17.2050803607802,17.0376424060694,-0.167437954710845,4.28388270124974,,,31688,31731
planning,1,0,85156.0786601906,85183.8245679684,27.7459077777603,17.0376424060694,17.0075208094486,-0.0301215966207629,,,0.937204016218445,31731,31741
dwelling,8.59999999999999,0,85183.8245679684,85390.4974919518,206.672923983453,17.0075208094486,16.7834853283805,-0.224035481068135,,8.56666662887912,,31741,31827
planning,0.1,0,85390.4974919518,85393.1748178443,2.67732589245134,16.7834853283805,16.7805763190551,-0.00290900932538207,,,0.0329120255248567,31827,31828
traveling,4.6,9,85393.1748178443,85542.1631101189,148.988292274618,16.7805763190551,16.6180290974115,-0.162547221643649,4.5568003686498,,,31828,31874
planning,1,0,85542.1631101189,85568.8666427373,26.7035326184414,16.6180290974115,16.5889847283455,-0.0290443690660105,,,0.971072417316728,31874,31884
dwelling,5.7,0,85568.8666427373,85686.9786252252,118.111982487899,16.5889847283455,16.460916610138,-0.128068118207469,,5.65454545472497,,31884,31941
planning,0.9,0,85686.9786252252,85707.4931720321,20.5145468068513,16.460916610138,16.4386357365103,-0.0222808736276932,,,0.881658516945378,31941,31950
traveling,6.49999999999999,19,85707.4931720321,85909.026265183,201.533093150938,16.4386357365103,16.2184490777636,-0.220186658746709,6.45707983758206,,,31950,32015
planning,0.7,0,85909.026265183,85926.0115269156,16.9852617325523,16.2184490777636,16.1999579338782,-0.0184911438854058,,,0.630383439021725,32015,32022
dwelling,13.5,0,85926.0115269156,86215.9092195056,289.897692590035,16.1999579338782,15.8845574377907,-0.315400496087491,,13.4882352444195,,32022,32157
planning,0.1,0,86215.9092195056,86218.5344588327,2.62523932706972,15.8845574377907,15.8816901904466,-0.00286724734407073,,,0.0968357986290419,32157,32158
traveling,6.59999999999999,19,86218.5344588327,86454.710336319,236.175877486326,15.8816901904466,15.6219008214354,-0.259789369011171,6.61415968081424,,,32158,32224
planning,0.4,0,86454.710336319,86466.7441649775,12.0338286584738,15.6219008214354,15.6087041738931,-0.0131966475423084,,,0.312586346591931,32224,32228
dwelling,9.39999999999998,0,86466.7441649775,86737.8586870491,271.114522071628,15.6087041738931,15.3113137409136,-0.297390432979507,,9.38181818190821,,32228,32322
planning,0.7,0,86737.8586870491,86761.0855298855,23.2268428364332,15.3113137409136,15.2857411764821,-0.0255725644314904,,,0.666450853041694,32322,32329
traveling,6.19999999999999,17.464249196573,86761.0855298855,86998.9340748335,237.848544947963,15.2857411764821,15.0227042770882,-0.26303689939391,6.1086893132246,,,32329,32391
planning,0.5,0,86998.9340748335,87013.000575143,14.0665003095346,15.0227042770882,15.007237467912,-0.0154668091762762,,,0.461296408617004,32391,32396
dwelling,8.99999999999999,0,87013.000575143,87234.4480436512,221.44746850821,15.007237467912,14.7640682759819,-0.243169191930065,,8.9333332974663,,32396,32486
planning,0.9,0,87234.4480436512,87259.1149994836,24.6669558323338,14.7640682759819,14.7369106829284,-0.0271575930535306,,,0.804258235111282,32486,32495
traveling,6.39999999999999,17.464249196573,87259.1149994836,87470.1554071275,211.040407643959,14.7369106829284,14.5035013003627,-0.233409382565682,6.30700952051313,,,32495,32559
planning,0.2,0,87470.1554071275,87475.2195912325,5.06418410496553,14.5035013003627,14.4979237809263,-0.005577519436331,,,0.152174787322975,32559,32561
dwelling,8.09999999999999,0,87475.2195912325,87660.1953703747,184.975779142231,14.4979237809263,14.2943637243251,-0.203560056601269,,8.01818181860418,,32561,32642
planning,0.8,0,87660.1953703747,87679.6640630732,19.468692698516,14.2943637243251,14.2729033248569,-0.0214603994681397,,,0.797325453457417,32642,32650
traveling,4.3,9,87679.6640630732,87812.4096472291,132.745584155811,14.2729033248569,14.1258589143342,-0.147044410522714,4.28388270064776,,,32650,32693
planning,0.6,0,87812.4096472291,87828.2984116537,15.8887644246861,14.1258589143342,14.1083012454578,-0.0175576688764281,,,0.582295665067855,32693,32699
dwelling,8.99999999999999,0,87828.2984116537,88022.1810423767,193.882630722932,14.1083012454578,13.8945428450144,-0.213758400443428,,8.94444441483104,,32699,32789
planning,0.7,0,88022.1810423767,88040.4984223394,18.3173799627693,13.8945428450144,13.8742727932868,-0.0202700517276071,,,0.621380183971217,32789,32796
traveling,4.6,9,88040.4984223394,88190.237643452,149.73922111257,13.8742727932868,13.7077644329072,-0.166508360379597,4.55680036783142,,,32796,32842
planning,0.7,0,88190.237643452,88208.6205987862,18.382955334193,13.7077644329072,13.6873943351039,-0.0203700978032941,,,0.665346397009886,32842,32849
dwelling,6.19999999999999,0,88208.6205987862,88352.9840238804,144.363425094227,13.6873943351039,13.5276244206741,-0.159769914429758,,6.17272727199655,,32849,32911
planning,0.5,0,88352.9840238804,88366.3902185114,13.4061946309666,13.5276244206741,13.5127453165463,-0.0148791041278198,,,0.414195778203101,32911,32916
traveling,6.49999999999999,19,88366.3902185114,88588.8828565832,222.492638071824,13.5127453165463,13.2643116793143,-0.248433637232027,6.45707983846509,,,32916,32981
planning,0.2,0,88588.8828565832,88593.9713420247,5.08848544146167,13.2643116793143,13.2586586482757,-0.00565303103856962,,,0.148467850519263,32981,32983
dwelling,14.3,0,88593.9713420247,88941.4669888378,347.495646813099,13.2586586482757,12.8723264641127,-0.386332184163029,,14.217647050378,,32983,33126
planning,0.6,0,88941.4669888378,88957.3721977447,15.9052089068864,12.8723264641127,12.8545935333536,-0.0177329307590703,,,0.575901818414434,33126,33132
traveling,6.59999999999999,19,88957.3721977447,89181.3111613985,223.938963653854,12.8545935333536,12.6034040113671,-0.251189521986522,6.61415968081239,,,33132,33198
planning,0.4,0,89181.3111613985,89191.7940056503,10.4828442517464,12.6034040113671,12.5916958016362,-0.0117082097308572,,,0.363502013203813,33198,33202
dwelling,9.69999999999998,0,89191.7940056503,89415.6856414359,223.891635785665,12.5916958016362,12.3418797156835,-0.249816085952679,,9.67272727296269,,33202,33299
planning,0.4,0,89415.6856414359,89425.5704878931,9.88484645719291,12.3418797156835,12.3308283864051,-0.0110513292784535,,,0.316928186555822,33299,33303
traveling,6.19999999999999,17.464249196573,89425.5704878931,89618.1329412213,192.562453328152,12.3308283864051,12.1144229396569,-0.216405446748222,6.10868931671665,,,33303,33365
planning,1,0,89618.1329412213,89641.8307127531,23.6977715317771,12.1144229396569,12.0878986364728,-0.0265243031840683,,,0.914693728800537,33365,33375
dwelling,8.59999999999999,0,89641.8307127531,89821.0940100126,179.263297259589,12.0878986364728,11.8874454927718,-0.200453143701022,,8.59999994181738,,33375,33461
planning,0.2,0,89821.0940100126,89826.1125314112,5.01852139850962,11.8874454927718,11.8818139539926,-0.00563153877912548,,,0.156464960777517,33461,33463
traveling,6.39999999999999,17.464249196573,89826.1125314112,90021.3663630348,195.253831623675,11.8818139539926,11.661699133954,-0.220114820038605,6.30700952060456,,,33463,33527
planning,0.6,0,90021.3663630348,90036.387392857,15.0210298222082,11.661699133954,11.644813370962,-0.0168857629920645,,,0.534971488160975,33527,33533
dwelling,7.39999999999999,0,90036.387392857,90198.5130193782,162.125626521156,11.644813370962,11.4627871398654,-0.182026231096621,,7.39999998574833,,33533,33607
planning,0.1,0,90198.5130193782,90201.0155439923,2.50252461413038,11.4627871398654,11.459969698899,-0.00281744096637482,,,0.0768271026443129,33607,33608
traveling,4.3,9,90201.0155439923,90332.7783867125,131.762842720214,11.459969698899,11.3109615384196,-0.149008160479381,4.28388192450818,,,33608,33651
planning,0.7,0,90332.7783867125,90349.2670424102,16.4886556976708,11.3109615384196,11.2923920524006,-0.0185694860189614,,,0.688954830412702,33651,33658
dwelling,8.79999999999999,0,90349.2670424102,90525.8010738775,176.534031467323,11.2923920524006,11.0938574050175,-0.198534647383109,,8.73333331899565,,33658,33746
planning,0.4,0,90525.8010738775,90534.9377347925,9.13666091499908,11.0938574050175,11.0835548043815,-0.0103026006360594,,,0.377299902157979,33746,33750
traveling,4.6,9,90534.9377347925,90670.1977418481,135.260007055549,11.0835548043815,10.930225868179,-0.153328936202502,4.55680036784703,,,33750,33796
planning,0.3,0,90670.1977418481,90677.9096082269,7.71186637876963,10.930225868179,10.9215018627502,-0.0087240054287463,,,0.208596266703126,33796,33799
dwelling,6.49999999999999,0,90677.9096082269,90844.5862896197,166.676681392826,10.9215018627502,10.7327940686697,-0.188707794080484,,6.42727272464096,,33799,33864
planning,0.8,0,90844.5862896197,90869.2077442329,24.6214546132542,10.7327940686697,10.7047991182718,-0.0279949503979378,,,0.718297406355064,33864,33872
traveling,6.49999999999999,19,90869.2077442329,91096.5382753083,227.33053107532,10.7047991182718,10.4452061857748,-0.259592932497036,6.45707983724885,,,33872,33937
planning,0.3,0,91096.5382753083,91104.1811776595,7.642902351261,10.4452061857748,10.4365263744652,-0.0086798113095945,,,0.227687364898167,33937,33940
dwelling,13.8,0,91104.1811776595,91413.8789252315,309.697747571947,10.4365263744652,10.0849701622841,-0.351556212181036,,13.7999999908071,,33940,34078
planning,0.4,0,91413.8789252315,91424.4867462098,10.6078209783009,10.0849701622841,10.0728771106585,-0.0120930516256639,,,0.338550839823764,34078,34082
traveling,0,19,91424.4867462098,,,10.0728771106585,,,6.61415968078608,,,34082,
