phase_type,duration,distance,energy_start,energy_end,energy_consumed,battery_start,battery_end,battery_delta,rho,tau,planning_time,start_time,end_time
traveling,9.79999999999998,10,0,280.623735501479,280.623735501479,100,99.7397816985149,-0.260218301485054,10,,,1,99
planning,0.3,0,280.623735501479,288.370917356349,7.74718185486989,99.7397816985149,99.7326065148508,-0.00717518366410275,,,0.261055357986193,99,102
dwelling,3.7,0,288.370917356349,375.050916174381,86.679998818033,99.7326065148508,99.6524086025479,-0.0801979123029639,,3.64999999774762,,102,139
planning,0.5,0,375.050916174381,388.442679997987,13.3917638236057,99.6524086025479,99.6399997294898,-0.0124088730581207,,,0.414614228916631,139,144
traveling,4.9,11.1803398874989,388.442679997987,543.396743175129,154.954063177142,99.6399997294898,99.4960898013028,-0.143909928186972,4.93215268921957,,,144,193
planning,0.2,0,543.396743175129,548.235407466771,4.83866429164209,99.4960898013028,99.4916109952023,-0.00447880610045104,,,0.157694113196506,193,195
dwelling,7.99999999999999,0,548.235407466771,730.300303676245,182.064896209474,99.4916109952023,99.3231827159608,-0.168428279241539,,7.93333331456013,,195,275
planning,0.5,0,730.300303676245,743.225244717222,12.9249410409772,99.3231827159608,99.3112090918234,-0.0119736241373545,,,0.402733870271588,275,280
traveling,4.1,7.07106781186548,743.225244717222,871.982115610562,128.756870893339,99.3112090918234,99.1916079118078,-0.119601180015636,4.04258834339049,,,280,321
planning,0.1,0,871.982115610562,874.616000629726,2.63388501916484,99.1916079118078,99.1891671970288,-0.00244071477904129,,,0.0078539041131177,321,322
dwelling,7.39999999999999,0,874.616000629726,1047.62175616653,173.005755536807,99.1891671970288,99.0290477440738,-0.160119452955001,,7.31176468611007,,322,396
planning,1,0,1047.62175616653,1071.68558155791,24.0638253913721,99.0290477440738,99.0067688103092,-0.0222789337645821,,,0.975867329803767,396,406
traveling,3.3,5,1071.68558155791,1167.02278992766,95.3372083697518,99.0067688103092,98.9183052889225,-0.0884635213866574,3.24081866787152,,,406,439
planning,0.4,0,1167.02278992766,1177.7835819611,10.7607920334472,98.9183052889225,98.9083296436938,-0.00997564522869254,,,0.335917881047363,439,443
dwelling,6.89999999999999,0,1177.7835819611,1341.57128378401,163.787701822903,98.9083296436938,98.7566962534046,-0.151633390289263,,6.84999995988331,,443,512
planning,0.4,0,1341.57128378401,1352.25906519505,10.6877814110383,98.7566962534046,98.7467881645725,-0.00990808883204863,,,0.327690161122237,512,516
traveling,5,11.1803398874989,1352.25906519505,1524.95197971487,172.692914519824,98.7467881645725,98.5860965030858,-0.16069166148668,4.99650383697192,,,516,566
planning,0.2,0,1524.95197971487,1530.42695514515,5.47497543027589,98.5860965030858,98.5810189753241,-0.00507752776177028,,,0.132543942562711,566,568
dwelling,9.19999999999999,0,1530.42695514515,1748.30511399673,217.878158851584,98.5810189753241,98.3792704470017,-0.201748528322398,,9.13333328153712,,568,660
planning,0.5,0,1748.30511399673,1760.57382373007,12.2687097333369,98.3792704470017,98.3679051599491,-0.0113652870526124,,,0.420059623385689,660,665
traveling,4.9,11.1803398874989,1760.57382373007,1904.67428614233,144.100462412258,98.3679051599491,98.2341069148117,-0.133798245137314,4.95013872844428,,,665,714
planning,0.6,0,1904.67428614233,1918.80797460012,14.1336884577913,98.2341069148117,98.2210185257029,-0.0130883891088303,,,0.562239851840567,714,720
dwelling,7.89999999999999,0,1918.80797460012,2083.85640397891,165.048429378794,98.2210185257029,98.0683435772016,-0.152674948501328,,7.87777777253304,,720,799
planning,0.8,0,2083.85640397891,2102.80228781019,18.9458838312739,98.0683435772016,98.0507961498411,-0.0175474273604834,,,0.719475309856935,799,807
traveling,4.7,10,2102.80228781019,2230.62837225462,127.826084444439,98.0507961498411,97.9322061456226,-0.118590004218461,4.67558057450703,,,807,854
planning,0.5,0,2230.62837225462,2241.81284985853,11.1844776039102,97.9322061456226,97.9218524112089,-0.010353734413755,,,0.472942176618145,854,859
dwelling,7.79999999999999,0,2241.81284985853,2400.20258386533,158.389734006793,97.9218524112089,97.7753523478479,-0.146500063361032,,7.7999999742493,,859,937
planning,1,0,2400.20258386533,2422.2993590562,22.0967751908688,97.7753523478479,97.7548972603646,-0.0204550874832279,,,0.929087680487786,937,947
traveling,3.4,5,2422.2993590562,2515.26359576991,92.9642367137153,97.7548972603646,97.6686305547194,-0.0862667056452153,3.31935845778229,,,947,981
planning,0.8,0,2515.26359576991,2534.40951063831,19.1459148683953,97.6686305547194,97.6508916956015,-0.017738859117884,,,0.756067445445603,981,989
dwelling,9.29999999999998,0,2534.40951063831,2738.46719955628,204.057688917969,97.6508916956015,97.4619784289165,-0.188913266685034,,9.27647052477985,,989,1082
planning,1,0,2738.46719955628,2765.01529373818,26.5480941819033,97.4619784289165,97.4373497816863,-0.0246286472301733,,,0.976817390609452,1082,1092
traveling,3.9,7.07106781186548,2765.01529373818,2886.40757885001,121.392285111832,97.4373497816863,97.3244964792024,-0.112853302483956,3.83914292507275,,,1092,1131
planning,0.5,0,2886.40757885001,2898.95763787454,12.5500590245283,97.3244964792024,97.3128602508295,-0.0116362283729075,,,0.452791388146769,1131,1136
dwelling,14.9,0,2898.95763787454,3211.60613105692,312.648493182377,97.3128602508295,97.0234672756994,-0.28939297513007,,14.8666666317505,,1136,1285
planning,0.1,0,3211.60613105692,3213.55305252911,1.9469214721903,97.0234672756994,97.0216662670076,-0.00180100869177124,,,0.09495983250048,1285,1286
traveling,5,11.1803398874989,3213.55305252911,3350.1078273638,136.554774834695,97.0216662670076,96.8948795631678,-0.12678670383977,5.01069248493102,,,1286,1336
planning,0.5,0,3350.1078273638,3361.8551950892,11.7473677253984,96.8948795631678,96.8839924569996,-0.0108871061682123,,,0.407731564502619,1336,1341
dwelling,9.09999999999999,0,3361.8551950892,3565.72482271491,203.869627625706,96.8839924569996,96.695130192691,-0.188862264308611,,9.09999995383245,,1341,1432
planning,0.2,0,3565.72482271491,3571.03864496644,5.31382225152947,96.695130192691,96.690198235628,-0.00493195706297911,,,0.105481890164597,1432,1434
traveling,3.5,5,3571.03864496644,3680.04804169133,109.009396724893,96.690198235628,96.5887998364253,-0.101398399202765,3.43007237440668,,,1434,1469
planning,0.4,0,3680.04804169133,3690.9126889346,10.8646472432688,96.5887998364253,96.5787126114597,-0.0100872249655737,,,0.395724539780045,1469,1473
dwelling,6.19999999999999,0,3690.9126889346,3825.86457367973,134.951884745136,96.5787126114597,96.4537078540125,-0.125004757447201,,6.18235292877812,,1473,1535
planning,1,0,3825.86457367973,3851.48327821437,25.6187045346328,96.4537078540125,96.4299363515669,-0.0237715024456548,,,0.999679605034444,1535,1545
traveling,3.9,7.07106781186548,3851.48327821437,3974.98589971347,123.502621499102,96.4299363515669,96.3150135511167,-0.114922800450188,3.83914429363648,,,1545,1584
planning,0.3,0,3974.98589971347,3982.62520986513,7.6393101516619,96.3150135511167,96.3079249672232,-0.00708858389349132,,,0.232405912865778,1584,1587
dwelling,9.49999999999998,0,3982.62520986513,4193.7681663657,211.14295650057,96.3079249672232,96.1122683566029,-0.195656610620318,,9.43333326892716,,1587,1682
planning,1,0,4193.7681663657,4217.93926456325,24.1710981975475,96.1122683566029,96.0898495476484,-0.022418808954427,,,0.914853114128022,1682,1692
traveling,4.9,11.1803398874989,4217.93926456325,4374.32725218066,156.387987617408,96.0898495476484,95.9442559031705,-0.145593644477941,4.91796293186158,,,1692,1741
planning,0.6,0,4374.32725218066,4390.33760218954,16.010350008889,95.9442559031705,95.9293881848008,-0.0148677183697146,,,0.50904663497313,1741,1747
dwelling,9.79999999999998,0,4390.33760218954,4615.66441139054,225.326809200998,95.9293881848008,95.7204665717112,-0.208921613089544,,9.722222147137,,1747,1845
planning,0.4,0,4615.66441139054,4626.03718471345,10.3727733229098,95.7204665717112,95.7108358920821,-0.00963067962908326,,,0.397702997457427,1845,1849
traveling,4.7,10,4626.03718471345,4787.55331809712,161.516133383664,95.7108358920821,95.560268949335,-0.150566942747119,4.67558156458594,,,1849,1896
planning,0.6,0,4787.55331809712,4803.76164701269,16.2083289155753,95.560268949335,95.5452114028952,-0.0150575464398486,,,0.50206285419843,1896,1902
dwelling,10.8,0,4803.76164701269,5079.27553233012,275.513885317427,95.5452114028952,95.2893990234062,-0.255812379488987,,10.7999999511565,,1902,2010
planning,0.2,0,5079.27553233012,5085.1232667708,5.8477344406765,95.2893990234062,95.2839601681118,-0.00543885529434363,,,0.115267047062966,2010,2012
traveling,4.9,11.1803398874989,5085.1232667708,5252.91267532346,167.789408552668,95.2839601681118,95.1275253313388,-0.156434836773059,4.93215381331995,,,2012,2061
planning,0.9,0,5252.91267532346,5275.65221744369,22.7395421202227,95.1275253313388,95.1064101895755,-0.0211151417632607,,,0.855347974324525,2061,2070
dwelling,11.3,0,5275.65221744369,5526.81903393564,251.166816491955,95.1064101895755,94.8734759974842,-0.232934192091307,,11.2333333093192,,2070,2183
planning,0.4,0,5526.81903393564,5535.80082496687,8.98179103123402,94.8734759974842,94.8651449161421,-0.00833108134209226,,,0.353055592104405,2183,2187
traveling,4.1,7.07106781186548,5535.80082496687,5649.49517857659,113.694353609716,94.8651449161421,94.7594283520345,-0.10571656410761,4.04258753468697,,,2187,2228
planning,0.5,0,5649.49517857659,5661.8003199439,12.3051413673084,94.7594283520345,94.7480029508937,-0.0114254011408406,,,0.469482070353522,2228,2233
dwelling,11.5,0,5661.8003199439,5906.07859794425,244.278278000351,94.7480029508937,94.521503955416,-0.226498995477684,,11.4823528850844,,2233,2348
planning,0.4,0,5906.07859794425,5915.25597449008,9.17737654582925,94.521503955416,94.5129876256901,-0.00851632972592142,,,0.336547847044249,2348,2352
traveling,3.3,5,5915.25597449008,6009.09854780809,93.8425733180075,94.5129876256901,94.4256813701021,-0.0873062555879329,3.24081772871577,,,2352,2385
planning,0.1,0,6009.09854780809,6011.47658370288,2.37803589479427,94.4256813701021,94.4234736705612,-0.00220769954094635,,,0.0842759334491959,2385,2386
dwelling,9.09999999999999,0,6011.47658370288,6195.58704296844,184.110459265556,94.4234736705612,94.2528008987256,-0.170672771835612,,9.09999993970023,,2386,2477
planning,0.6,0,6195.58704296844,6210.08858081355,14.5015378451144,94.2528008987256,94.2393341308628,-0.0134667678628233,,,0.558747747137624,2477,2483
traveling,5,11.1803398874989,6210.08858081355,6363.58536794487,153.496787131316,94.2393341308628,94.0963470776013,-0.142987053261479,4.99650281865963,,,2483,2533
planning,0.7,0,6363.58536794487,6381.77829471245,18.192926767585,94.0963470776013,94.0794368594629,-0.0169102181383494,,,0.66411547953289,2533,2540
dwelling,10.7,0,6381.77829471245,6622.93470160244,241.15640688999,94.0794368594629,93.8556051550545,-0.22383170440844,,10.6333332938176,,2540,2647
planning,0.1,0,6622.93470160244,6625.60140064695,2.66669904450646,93.8556051550545,93.8531253312372,-0.00247982381729628,,,0.0192262330880509,2647,2648
traveling,4.9,11.1803398874989,6625.60140064695,6784.12747412789,158.526073480945,93.8531253312372,93.7053127191773,-0.147812612059923,4.95013876111745,,,2648,2697
planning,0.8,0,6784.12747412789,6804.75960624068,20.6321321127898,93.7053127191773,93.6861317203252,-0.0191809988521214,,,0.798949517756697,2697,2705
dwelling,8.59999999999999,0,6804.75960624068,6998.16440537985,193.404799139164,93.6861317203252,93.5065784381869,-0.179553282138201,,8.56666665955133,,2705,2791
planning,1,0,6998.16440537985,7023.10076688847,24.9363615086259,93.5065784381869,93.483401476828,-0.0231769613589137,,,0.970753393435314,2791,2801
traveling,4.7,10,7023.10076688847,7170.20642745851,147.105660570033,93.483401476828,93.3462508203034,-0.137150656524639,4.6755815003167,,,2801,2848
planning,0.7,0,7170.20642745851,7186.64675029579,16.4403228372812,93.3462508203034,93.3309784793747,-0.0152723409286466,,,0.626086518863243,2848,2855
dwelling,8.29999999999999,0,7186.64675029579,7367.39262655574,180.745876259956,93.3309784793747,93.1631886656663,-0.167789813708453,,8.27499997817205,,2855,2938
planning,0.6,0,7367.39262655574,7381.50720171301,14.1145751572703,93.1631886656663,93.150074984222,-0.013113681444338,,,0.537470616290864,2938,2944
traveling,3.4,5,7381.50720171301,7466.47595261166,84.9687508986453,93.150074984222,93.0710751767004,-0.0789998075215266,3.31935848178441,,,2944,2978
planning,0.2,0,7466.47595261166,7470.44883813343,3.97288552177451,93.0710751767004,93.0673897512132,-0.00368542548726225,,,0.187994940428175,2978,2980
dwelling,10.8,0,7470.44883813343,7687.53184755846,217.08300942503,93.0673897512132,92.8659610176,-0.20142873361317,,10.7764704970889,,2980,3088
planning,0.4,0,7687.53184755846,7697.39765268367,9.86580512520322,92.8659610176,92.8567882604264,-0.00917275717358734,,,0.378386782418616,3088,3092
traveling,3.9,7.07106781186548,7697.39765268367,7825.18786179472,127.790209111055,92.8567882604264,92.737521109026,-0.119267151400379,3.83914292523034,,,3092,3131
planning,0.9,0,7825.18786179472,7851.80586452135,26.6180027266246,92.737521109026,92.712716450935,-0.0248046580910426,,,0.83199860347864,3131,3140
dwelling,15.1,0,7851.80586452135,8219.86226164452,368.056397123174,92.712716450935,92.3704601716868,-0.342256279248147,,15.033333331893,,3140,3291
planning,0.1,0,8219.86226164452,8222.26093595789,2.39867431337188,92.3704601716868,92.3682298790833,-0.00223029260349961,,,0.0908966788772859,3291,3292
traveling,5,11.1803398874989,8222.26093595789,8375.13578976862,152.874853810732,92.3682298790833,92.2256318826141,-0.142597996469291,5.01069248623697,,,3292,3342
planning,0.3,0,8375.13578976862,8382.11791722977,6.98212746114223,92.2256318826141,92.21914121011,-0.006490672504043,,,0.244497364182372,3342,3345
dwelling,9.59999999999998,0,8382.11791722977,8603.13688509719,221.018967867427,92.21914121011,92.013681463256,-0.205459746854018,,9.52499996369203,,3345,3441
planning,0.5,0,8603.13688509719,8617.00603374773,13.8691486505377,92.013681463256,92.000760938575,-0.0129205246809647,,,0.406122452779768,3441,3446
traveling,3.5,5,8617.00603374773,8733.0242361561,116.01820240837,92.000760938575,91.8924000757438,-0.108360862831205,3.43007237589025,,,3446,3481
planning,0.9,0,8733.0242361561,8758.38894126706,25.3647051109601,91.8924000757438,91.8687633801939,-0.0236366955499534,,,0.869727558250012,3481,3490
dwelling,5.9,0,8758.38894126706,8903.73349501213,145.34455374507,91.8687633801939,91.7335256944971,-0.135237685696808,,5.89411763962943,,3490,3549
planning,0.1,0,8903.73349501213,8906.55572342074,2.82222840860595,91.7335256944971,91.7308953993645,-0.00263029513253343,,,0.0499356430028951,3549,3550
traveling,3.9,7.07106781186548,8906.55572342074,9035.16760480191,128.61188138117,91.7308953993645,91.610758225401,-0.120137173963542,3.83914429242841,,,3550,3589
planning,0.3,0,9035.16760480191,9043.27384409319,8.10623929128633,91.610758225401,91.603206605042,-0.00755162035902401,,,0.251528753833458,3589,3592
dwelling,9.39999999999998,0,9043.27384409319,9258.38528635074,215.111442257548,91.603206605042,91.4031617200626,-0.200044884979349,,9.39999992891585,,3592,3686
planning,0.4,0,9258.38528635074,9267.84438821187,9.45910186112815,91.4031617200626,91.3943616159063,-0.0088001041563075,,,0.357293381482408,3686,3690
traveling,4.9,11.1803398874989,9267.84438821187,9410.17356423325,142.329176021376,91.3943616159063,91.261604944596,-0.132756671310318,4.91796293203433,,,3690,3739
planning,0.6,0,9410.17356423325,9423.96129260087,13.787728367628,91.261604944596,91.2487801744082,-0.012824770187791,,,0.535099272435226,3739,3745
dwelling,9.79999999999998,0,9423.96129260087,9627.21572783787,203.254435236995,91.2487801744082,91.0598910873229,-0.188889087085329,,9.76666666633653,,3745,3843
planning,0.6,0,9627.21572783787,9641.00052528513,13.7847974472606,91.0598910873229,91.0470671198766,-0.0128239674462947,,,0.548385152794154,3843,3849
traveling,4.7,10,9641.00052528513,9770.16111535531,129.160590070185,91.0470671198766,90.9266513460389,-0.120415773837649,4.67558059011005,,,3849,3896
planning,1,0,9770.16111535531,9796.03986582127,25.878750465954,90.9266513460389,90.9025427412266,-0.0241086048123549,,,0.960569028787925,3896,3906
dwelling,10.1,0,9796.03986582127,10043.179872926,247.140007104694,90.9025427412266,90.6724289235905,-0.230113817636067,,10.0999999416003,,3906,4007
planning,0.7,0,10043.179872926,10062.9962500619,19.8163771359305,90.6724289235905,90.6539444622088,-0.0184844613817319,,,0.614367368743334,4007,4014
traveling,4.9,11.1803398874989,10062.9962500619,10237.286808192,174.290558130077,90.6539444622088,90.490802628638,-0.163141833570762,4.93215271420514,,,4014,4063
planning,0.3,0,10237.286808192,10246.1841860616,8.89737786967089,90.490802628638,90.4824971396508,-0.00830548898721872,,,0.21840045514438,4063,4066
dwelling,12,0,10246.1841860616,10560.5702522651,314.386066203419,90.4824971396508,90.1894392090762,-0.293057930574605,,11.9666666451572,,4066,4186
planning,0.3,0,10560.5702522651,10569.1657658609,8.59551359587385,90.1894392090762,90.1814172235794,-0.00802198549675381,,,0.237430965617149,4186,4189
traveling,4.1,7.07106781186548,10569.1657658609,10710.4656923611,141.299926500202,90.1814172235794,90.0491722811916,-0.132244942387857,4.04258753443978,,,4189,4230
planning,0.8,0,10710.4656923611,10734.7831452524,24.3174528912878,90.0491722811916,90.0264569914589,-0.0227152897327016,,,0.778334672013219,4230,4238
dwelling,11.2,0,10734.7831452524,11026.9413743535,292.158229101067,90.0264569914589,89.7540338411568,-0.272423150302075,,11.1294117566015,,4238,4350
planning,0.6,0,11026.9413743535,11043.4061670664,16.4647927129481,89.7540338411568,89.7386706315532,-0.0153632096035636,,,0.537164982383627,4350,4356
traveling,3.3,5,11043.4061670664,11153.1704737472,109.764306680767,89.7386706315532,89.6359674430434,-0.102703188509835,3.24081772908278,,,4356,4389
planning,0.3,0,11153.1704737472,11161.5020622348,8.33158848763924,89.6359674430434,89.6281914434112,-0.00777599963224418,,,0.25392534058852,4389,4392
dwelling,8.99999999999999,0,11161.5020622348,11365.0530740197,203.551011784813,89.6281914434112,89.4386224719964,-0.189568971414715,,8.94999994966023,,4392,4482
planning,0.4,0,11365.0530740197,11374.2253697233,9.17229570365089,89.4386224719964,89.4300789368139,-0.00854353518253959,,,0.351170305303941,4482,4486
traveling,5,11.1803398874989,11374.2253697233,11540.5402222007,166.314852477342,89.4300789368139,89.2743846502506,-0.155694286563275,4.99650281886437,,,4486,4536
planning,0.9,0,11540.5402222007,11564.3123381509,23.7721159502707,89.2743846502506,89.2522046755817,-0.02217997466893,,,0.818814685464199,4536,4545
dwelling,10.5,0,11564.3123381509,11803.6194090912,239.307070940313,89.2522046755817,89.0292598306909,-0.222944844890748,,10.4666666526584,,4545,4650
planning,0.6,0,11803.6194090912,11819.838995986,16.2195868948056,89.0292598306909,89.0141194389658,-0.01514039172514,,,0.564523895994873,4650,4656
traveling,4.9,11.1803398874989,11819.838995986,11984.3418557418,164.502859755712,89.0141194389658,88.8600767724918,-0.154042666473984,4.95013876300259,,,4656,4705
planning,0.1,0,11984.3418557418,11987.2346634171,2.89280767538912,88.8600767724918,88.8573737938966,-0.00270297859525215,,,0.0435325300537448,4705,4706
dwelling,9.39999999999998,0,11987.2346634171,12226.4535387425,239.218875325379,88.8573737938966,88.6341771962612,-0.223196597635365,,9.35555553016119,,4706,4800
planning,0.6,0,12226.4535387425,12243.2507257387,16.7971869961348,88.6341771962612,88.6184857722167,-0.0156914240445047,,,0.544391365832671,4800,4806
traveling,4.7,10,12243.2507257387,12398.0343623217,154.783636582995,88.6184857722167,88.4735405758124,-0.144945196404265,4.67558150169742,,,4806,4853
planning,0.2,0,12398.0343623217,12403.2525854127,5.218223091033,88.4735405758124,88.4686694240339,-0.0048711517785307,,,0.161494680000634,4853,4855
dwelling,8.89999999999999,0,12403.2525854127,12607.5746179763,204.322032563652,88.4686694240339,88.2781863611927,-0.190483062841253,,8.82499994181695,,4855,4944
planning,0.9,0,12607.5746179763,12630.6933936674,23.1187756910658,88.2781863611927,88.2566055151943,-0.0215808459983862,,,0.828603359374599,4944,4953
traveling,3.4,5,12630.6933936674,12730.807407037,100.114013369584,88.2566055151943,88.1629818820024,-0.0936236331918252,3.31935848406282,,,4953,4987
planning,0.7,0,12730.807407037,12749.2189362811,18.4115292440856,88.1629818820024,88.1457887765332,-0.0171931054692465,,,0.636351157549269,4987,4994
dwelling,10.4,0,12749.2189362811,12988.2945476016,239.075611320532,88.1457887765332,87.9228403499688,-0.222948426564443,,10.3647058496709,,4994,5098
planning,0.4,0,12988.2945476016,12998.4293433385,10.134795736898,87.9228403499688,87.9133785007936,-0.00946184917516746,,,0.325057069796136,5098,5102
traveling,3.9,7.07106781186548,12998.4293433385,13110.8553958372,112.426052498682,87.9133785007936,87.8082396490789,-0.105138851714713,3.83914292525128,,,5102,5141
planning,0.4,0,13110.8553958372,13119.7526843695,8.89728853234374,87.8082396490789,87.7999437907932,-0.00829585828572021,,,0.379567493783324,5141,5145
dwelling,15.6,0,13119.7526843695,13465.6428653485,345.890180978962,87.7999437907932,87.4773966442179,-0.322547146575261,,15.5999999956629,,5145,5301
planning,0.9,0,13465.6428653485,13489.1744977788,23.5316324302876,87.4773966442179,87.4554112026518,-0.0219854415660734,,,0.854161580823004,5301,5310
traveling,5,11.1803398874989,13489.1744977788,13656.3468330612,167.172335282461,87.4554112026518,87.2986663783968,-0.156744824255057,5.01069248749801,,,5310,5360
planning,0.1,0,13656.3468330612,13659.0678363746,2.72100331337424,87.2986663783968,87.2961225973608,-0.00254378103596764,,,0.0482064610650542,5360,5361
dwelling,9.99999999999998,0,13659.0678363746,13892.0567698301,232.988933455495,87.2961225973608,87.0786637272924,-0.217458870068427,,9.94999997829171,,5361,5461
planning,0.3,0,13892.0567698301,13899.0624299462,7.00566011609226,87.0786637272924,87.0721244203649,-0.00653930692747906,,,0.237223937293929,5461,5464
traveling,3.5,5,13899.0624299462,13996.3610655218,97.2986355755966,87.0721244203649,86.9811102687417,-0.0910141516231988,3.43007237690499,,,5464,5499
planning,0.3,0,13996.3610655218,14003.7873857545,7.42632023266378,86.9811102687417,86.974173382769,-0.00693688597273479,,,0.236309099031193,5499,5502
dwelling,6.69999999999999,0,14003.7873857545,14142.3513697669,138.563984012391,86.974173382769,86.8449680976463,-0.129205285122623,,6.63529410187068,,5502,5569
planning,0.6,0,14142.3513697669,14156.1647242803,13.8133545134078,86.8449680976463,86.8320735659983,-0.0128945316480724,,,0.502711893158557,5569,5575
traveling,3.9,7.07106781186548,14156.1647242803,14265.2125301024,109.047805822123,86.8320735659983,86.7300381949685,-0.102035371029785,3.83914430085826,,,5575,5614
planning,0.6,0,14265.2125301024,14279.2425294744,14.0299993719927,86.7300381949685,86.7169380195534,-0.0131001754150901,,,0.546595784234048,5614,5620
dwelling,9.39999999999998,0,14279.2425294744,14472.2832584231,193.040728948716,86.7169380195534,86.5369001741871,-0.180037845366314,,9.33333330909463,,5620,5714
planning,0.3,0,14472.2832584231,14479.9678931676,7.68463474452619,86.5369001741871,86.5297164947094,-0.00718367947767717,,,0.259141779516274,5714,5717
traveling,4.9,11.1803398874989,14479.9678931676,14629.4315028278,149.463609660217,86.5297164947094,86.3896590749108,-0.14005741979858,4.91796293293011,,,5717,5766
planning,0.8,0,14629.4315028278,14648.0938189503,18.6623161224215,86.3896590749108,86.3722288239708,-0.0174302509400235,,,0.700722270358129,5766,5774
dwelling,9.89999999999998,0,14648.0938189503,14870.9068682131,222.813049262868,86.3722288239708,86.1641798016336,-0.208049022337164,,9.81111105265982,,5774,5873
planning,0.7,0,14870.9068682131,14889.3128790494,18.4060108362719,86.1641798016336,86.1469626295531,-0.0172171720804926,,,0.635600204897762,5873,5880
traveling,4.7,10,14889.3128790494,15041.434836499,152.121957449614,86.1469626295531,86.004233907266,-0.14272872228716,4.67558156521936,,,5880,5927
planning,0.2,0,15041.434836499,15046.7099979285,5.27516142945751,86.004233907266,85.9992986826704,-0.00493522459557028,,,0.101118481486426,5927,5929
dwelling,11.3,0,15046.7099979285,15286.7252823513,240.015284422858,85.9992986826704,85.7752399380174,-0.224058744652993,,11.2249999921136,,5929,6042
planning,0.5,0,15286.7252823513,15298.6753130794,11.9500307280559,85.7752399380174,85.7640701042712,-0.0111698337462229,,,0.495106869072819,6042,6047
traveling,4.9,11.1803398874989,15298.6753130794,15442.4995298608,143.82421678145,85.7640701042712,85.6292833758553,-0.134786728415918,4.93215271530119,,,6047,6096
planning,0.6,0,15442.4995298608,15457.6371605879,15.1376307270493,85.6292833758553,85.6151237733872,-0.014159602468041,,,0.522758580059234,6096,6102
dwelling,11.9,0,15457.6371605879,15713.5840514215,255.946890833646,85.6151237733872,85.3760804435336,-0.239043329853601,,11.8666666403355,,6102,6221
planning,0.7,0,15713.5840514215,15730.6594815776,17.0754301560646,85.3760804435336,85.3601106644614,-0.0159697790721935,,,0.646910405406138,6221,6228
traveling,4.1,7.07106781186548,15730.6594815776,15862.7881238416,132.128642264017,85.3601106644614,85.236068272087,-0.124042392374392,4.04258753520921,,,6228,6269
planning,0.7,0,15862.7881238416,15882.1473359574,19.3592121157635,85.236068272087,85.2179337769359,-0.0181344951511022,,,0.652373295254667,6269,6276
dwelling,11.5,0,15882.1473359574,16148.2254255996,266.078089642275,85.2179337769359,84.9691611950725,-0.248772581863392,,11.4764705339301,,6276,6391
planning,0.8,0,16148.2254255996,16170.7166927432,22.4912671435486,84.9691611950725,84.9480834141433,-0.021077780929275,,,0.716531759955465,6391,6399
traveling,3.3,5,16170.7166927432,16284.3444195227,113.627726779492,84.9480834141433,84.8412671593689,-0.106816254774358,3.24081874787073,,,6399,6432
planning,0.3,0,16284.3444195227,16292.3941666472,8.04974712448347,84.8412671593689,84.833726851808,-0.00754030756090174,,,0.293756567007539,6432,6435
dwelling,9.19999999999999,0,16292.3941666472,16505.777465891,213.383299243862,84.833726851808,84.6341544804819,-0.19957237132607,,9.19999995403066,,6435,6527
planning,0.5,0,16505.777465891,16518.8281748395,13.0507089484199,84.6341544804819,84.6219314126244,-0.0122230678575619,,,0.439033048757379,6527,6532
traveling,5,11.1803398874989,16518.8281748395,16674.2293311683,155.401156328895,84.6219314126244,84.4760225646262,-0.145908847998172,4.99650282020539,,,6532,6582
planning,0.4,0,16674.2293311683,16683.990555238,9.76122406962531,84.4760225646262,84.466886051382,-0.00913651324422915,,,0.344108334443649,6582,6586
dwelling,11.2,0,16683.990555238,16953.3559554798,269.365400241844,84.466886051382,84.2147677756895,-0.252118275692453,,11.19999996492,,6586,6698
planning,0.4,0,16953.3559554798,16964.036907893,10.6809524131459,84.2147677756895,84.2047577067968,-0.0100100688927114,,,0.344218260248226,6698,6702
traveling,4.9,11.1803398874989,16964.036907893,17133.1288689917,169.091961098773,84.2047577067968,84.0456864600104,-0.159071246786425,4.95013798403861,,,6702,6751
planning,0.7,0,17133.1288689917,17151.9502491396,18.8213801478923,84.0456864600104,84.0280430075816,-0.0176434524287998,,,0.691024617543676,6751,6758
dwelling,8.99999999999999,0,17151.9502491396,17379.1576727381,227.207423598429,84.0280430075816,83.8151892994904,-0.212853708091217,,8.9222221529839,,6758,6848
planning,1,0,17379.1576727381,17407.0243534898,27.8666807517402,83.8151892994904,83.78904950492,-0.026139794570355,,,0.993667303762389,6848,6858
traveling,4.7,10,17407.0243534898,17568.8734018568,161.849048367021,83.78904950492,83.636736451689,-0.152313053231055,4.67558150582729,,,6858,6905
planning,0.5,0,17568.8734018568,17583.0382365563,14.1648346994589,83.636736451689,83.6234445333877,-0.0132919183012206,,,0.415094193649125,6905,6910
dwelling,8.69999999999999,0,17583.0382365563,17774.4186146863,191.380378130038,83.6234445333877,83.444346427704,-0.179098105683778,,8.6749999536715,,6910,6997
planning,0.2,0,17774.4186146863,17778.8333509103,4.41473622394551,83.444346427704,83.4402146903509,-0.00413173735303474,,,0.108834844386096,6997,6999
traveling,3.4,5,17778.8333509103,17864.2088773649,85.375526454598,83.4402146903509,83.3601951423596,-0.080019547991327,3.31935848542344,,,6999,7033
planning,0.4,0,17864.2088773649,17872.9866880569,8.77781069206685,83.3601951423596,83.3519798417547,-0.00821530060494524,,,0.390661336404625,7033,7037
dwelling,10.8,0,17872.9866880569,18107.0841301037,234.097442046816,83.3519798417547,83.1328832619152,-0.219096579839459,,10.7176470066673,,7037,7145
planning,0.6,0,18107.0841301037,18121.4098421492,14.32571204548,83.1328832619152,83.1194610884352,-0.0134221734799667,,,0.576195521592697,7145,7151
traveling,3.9,7.07106781186548,18121.4098421492,18233.755729262,112.345887112813,83.1194610884352,83.0139532040799,-0.105507884355362,3.8391432264218,,,7151,7190
planning,0.1,0,18233.755729262,18236.1119507822,2.3562215201564,83.0139532040799,83.0117456778625,-0.00220752621741838,,,0.0318589535260368,7190,7191
dwelling,16,0,18236.1119507822,18569.9354327973,333.823482015086,83.0117456778625,82.6993162935466,-0.312429384315891,,15.999999994526,,7191,7351
planning,0.1,0,18569.9354327973,18572.23437058,2.29893778272162,82.6993162935466,82.6971623610311,-0.00215393251549756,,,0.0270027496385284,7351,7352
traveling,5,11.1803398874989,18572.23437058,18714.5772723445,142.34290176455,82.6971623610311,82.5634377539389,-0.133724607092176,5.01069248693971,,,7352,7402
planning,0.9,0,18714.5772723445,18734.1834864844,19.6062141398652,82.5634377539389,82.545075627415,-0.0183621265239111,,,0.809475021681199,7402,7411
dwelling,9.09999999999999,0,18734.1834864844,18920.4045493565,186.221062872126,82.545075627415,82.3707549254291,-0.174320701985849,,9.04999994707754,,7411,7502
planning,0.7,0,18920.4045493565,18938.0035142337,17.5989648771938,82.3707549254291,82.3542448295448,-0.0165100958843141,,,0.698102364237517,7502,7509
traveling,3.5,5,18938.0035142337,19040.6375129064,102.633998672703,82.3542448295448,82.257761047786,-0.0964837817588204,3.43007237640537,,,7509,7544
planning,0.8,0,19040.6375129064,19062.3777036843,21.7401907779058,82.257761047786,82.2373448819084,-0.0204161658776201,,,0.789467391048722,7544,7552
dwelling,6.1,0,19062.3777036843,19215.9415429065,153.563839222177,82.2373448819084,82.0932519057703,-0.144092976138054,,6.06470584012125,,7552,7613
planning,0.9,0,19215.9415429065,19241.1966016431,25.255058736544,82.0932519057703,82.0695217973517,-0.0237301084186043,,,0.848981313049509,7613,7622
traveling,3.9,7.07106781186548,19241.1966016431,19371.3243410928,130.127739449701,82.0695217973517,81.9469319147179,-0.122589882633775,3.8391443052434,,,7622,7661
planning,0.7,0,19371.3243410928,19390.3199180968,18.9955770040142,81.9469319147179,81.9290883580088,-0.0178435567091668,,,0.667077433922112,7661,7668
dwelling,9.39999999999998,0,19390.3199180968,19620.1068436038,229.786925507036,81.9290883580088,81.713471785625,-0.215616572383766,,9.39999998097981,,7668,7762
planning,0.4,0,19620.1068436038,19631.8622535792,11.7554099753652,81.713471785625,81.7024156039634,-0.0110561816616155,,,0.319384350792345,7762,7766
traveling,4.9,11.1803398874989,19631.8622535792,19815.35747581,183.495222230809,81.7024156039634,81.5291482803457,-0.173267323617665,4.91796293285376,,,7766,7815
planning,0.3,0,19815.35747581,19823.8376954246,8.48021961463019,81.5291482803457,81.5211751514534,-0.00797312889231705,,,0.232082801389,7815,7818
dwelling,10.3,0,19823.8376954246,20100.3699363734,276.532240948782,81.5211751514534,81.2613099506141,-0.259865200839272,,10.2777777267637,,7818,7921
planning,1,0,20100.3699363734,20131.504335397,31.1343990235728,81.2613099506141,81.2319912108888,-0.0293187397253263,,,0.961891747615079,7921,7931
traveling,4.7,10,20131.504335397,20299.9947705263,168.49043512937,81.2319912108888,81.0729468164419,-0.159044394446923,4.6755815690012,,,7931,7978
planning,0.6,0,20299.9947705263,20315.8157237987,15.8209532723813,81.0729468164419,81.058078140706,-0.0148686757359258,,,0.533266741850004,7978,7984
dwelling,11,0,20315.8157237987,20555.0146311787,239.19890737996,81.058078140706,80.8337157869057,-0.224362353800302,,10.9749999854194,,7984,8094
planning,0.2,0,20555.0146311787,20560.1268101383,5.11217895958544,80.8337157869057,80.8289119865758,-0.00480380032983874,,,0.108628430236107,8094,8096
traveling,4.9,11.1803398874989,20560.1268101383,20719.8155305744,159.688720436126,80.8289119865758,80.6783422642768,-0.150569722299039,4.93215271530586,,,8096,8145
planning,1,0,20719.8155305744,20748.2366494369,28.4211188625231,80.6783422642768,80.6515965824223,-0.0267456818544929,,,0.959460857221243,8145,8155
dwelling,11.5,0,20748.2366494369,21018.8119867605,270.575337323538,80.6515965824223,80.397498921467,-0.254097660955324,,11.4666666155465,,8155,8270
planning,0.6,0,21018.8119867605,21034.9471885017,16.1352017412755,80.397498921467,80.3823213558284,-0.0151775656385382,,,0.58346585374263,8270,8276
traveling,4.1,7.07106781186548,21034.9471885017,21164.7638578278,129.816669326057,80.3823213558284,80.2599159503091,-0.122405405519373,4.0425875352898,,,8276,8317
planning,0.3,0,21164.7638578278,21172.7068875589,7.94302973112644,80.2599159503091,80.2524447864594,-0.00747116384967228,,,0.26315973184055,8317,8320
dwelling,11.9,0,21172.7068875589,21442.7727843885,270.065896829554,80.2524447864594,79.9988144789471,-0.253630307512296,,11.894117621959,,8320,8439
planning,0.5,0,21442.7727843885,21454.5426747766,11.7698903881064,79.9988144789471,79.9877556592969,-0.0110588196501737,,,0.462463336843159,8439,8444
traveling,3.3,5,21454.5426747766,21553.7130049339,99.1703301572925,79.9877556592969,79.8942852672608,-0.0934703920361386,3.24081874453816,,,8444,8477
planning,0.2,0,21553.7130049339,21559.1758404913,5.46283555746049,79.8942852672608,79.8891431672705,-0.00514209999025184,,,0.164343261450892,8477,8479
dwelling,9.19999999999999,0,21559.1758404913,21778.950637948,219.774797456714,79.8891431672705,79.6825683797383,-0.206574787532233,,9.19999999910614,,8479,8571
planning,0.6,0,21778.950637948,21796.4670530775,17.5164151294484,79.6825683797383,79.6660627306917,-0.0165056490465645,,,0.582155352942313,8571,8577
traveling,5,11.1803398874989,21796.4670530775,21965.3228866912,168.855833613725,79.6660627306917,79.5065848365401,-0.159477894151664,4.99650281965944,,,8577,8627
planning,0.5,0,21965.3228866912,21978.5757373029,13.2528506116723,79.5065848365401,79.4941098588606,-0.0124749776795028,,,0.475870452158863,8627,8632
dwelling,11,0,21978.5757373029,22222.7685780671,244.192840764248,79.4941098588606,79.2646651163311,-0.229444742529424,,10.9999999554328,,8632,8742
planning,0.8,0,22222.7685780671,22244.4232277439,21.6546496767187,79.2646651163311,79.2442712286433,-0.0203938876878311,,,0.785103496017656,8742,8750
traveling,4.9,11.1803398874989,22244.4232277439,22400.3997521508,155.976524406939,79.2442712286433,79.0970263980124,-0.147244830630868,4.95013798393918,,,8750,8799
planning,0.7,0,22400.3997521508,22418.216100209,17.816348058208,79.0970263980124,79.0802568789475,-0.0167695190649226,,,0.630262368385696,8799,8806
dwelling,8.89999999999999,0,22418.216100209,22606.8132896236,188.597189414584,79.0802568789475,78.9030649839783,-0.177191894969212,,8.88888885123728,,8806,8895
planning,0.6,0,22606.8132896236,22622.3727524239,15.5594628003382,78.9030649839783,78.8884137929997,-0.0146511909785687,,,0.537676611613698,8895,8901
traveling,4.7,10,22622.3727524239,22771.6790374346,149.306285010629,78.8884137929997,78.7474215276195,-0.140992265380191,4.67558150445283,,,8901,8948
planning,0.6,0,22771.6790374346,22786.3583251233,14.6792876887303,78.7474215276195,78.7336061415053,-0.0138153861142314,,,0.558576093694916,8948,8954
dwelling,8.59999999999999,0,22786.3583251233,22988.2424533434,201.884128220165,78.7336061415053,78.5436687603895,-0.189937381115769,,8.52499996431725,,8954,9040
planning,1,0,22988.2424533434,23015.2516907599,27.009237416496,78.5436687603895,78.5182143470896,-0.0254544132999257,,,0.907342807031212,9040,9050
traveling,3.4,5,23015.2516907599,23121.1137355918,105.862044831891,78.5182143470896,78.418243449477,-0.0999708976125646,3.31935848813167,,,9050,9084
planning,0.7,0,23121.1137355918,23139.0720110921,17.9582755002448,78.418243449477,78.401327369607,-0.0169160798700005,,,0.694164747429122,9084,9091
dwelling,10.6,0,23139.0720110921,23360.9505968627,221.878585770588,78.401327369607,78.1927449535023,-0.208582416104704,,10.5235293603765,,9091,9197
planning,0.2,0,23360.9505968627,23365.5616176882,4.6110208255559,78.1927449535023,78.1884057034191,-0.00433925008320557,,,0.137897078917354,9197,9199
traveling,3.9,7.07106781186548,23365.5616176882,23479.2743383048,113.712720616571,78.1884057034191,78.081077802578,-0.10732790084117,3.83914322643079,,,9199,9238
planning,1,0,23479.2743383048,23505.6742508732,26.3999125683586,78.081077802578,78.0561929291451,-0.0248848734328533,,,0.995131641115505,9238,9248
dwelling,15.1,0,23505.6742508732,23842.6510547343,336.976803861155,78.0561929291451,77.7390863007352,-0.317106628409888,,15.0999999996202,,9248,9399
planning,0.5,0,23842.6510547343,23855.55195083,12.9008960957326,77.7390863007352,77.7269249572407,-0.0121613434944834,,,0.44459176627959,9399,9404
traveling,5,11.1803398874989,23855.55195083,24023.8972278872,168.345277057186,77.7269249572407,77.5675957904144,-0.159329166826311,5.01069248707276,,,9404,9454
planning,1,0,24023.8972278872,24053.3143009159,29.4170730287115,77.5675957904144,77.5398137495639,-0.0277820408505534,,,0.952931920364585,9454,9464
dwelling,8.99999999999999,0,24053.3143009159,24297.2564165163,243.942115600337,77.5398137495639,77.3096461155049,-0.230167634058944,,8.97499999129007,,9464,9554
planning,0.9,0,24297.2564165163,24326.238927704,28.9825111877544,77.3096461155049,77.2822326174975,-0.0274134980074479,,,0.874399515353594,9554,9563
traveling,3.5,5,24326.238927704,24457.1055626433,130.86663493923,77.2822326174975,77.158129244593,-0.124103372904443,3.4300723771497,,,9563,9598
planning,0.4,0,24457.1055626433,24469.7955607168,12.6899980734997,77.158129244593,77.1461271097206,-0.0120021348724038,,,0.376280923860179,9598,9602
dwelling,6.59999999999999,0,24469.7955607168,24658.5129399632,188.717379246442,77.1461271097206,76.9678760310935,-0.17825107862717,,6.57058818450257,,9602,9668
planning,0.2,0,24658.5129399632,24665.3795368933,6.86659693012552,76.9678760310935,76.9613725674585,-0.00650346363495657,,,0.147811089126904,9668,9670
traveling,3.9,7.07106781186548,24665.3795368933,24820.3718622665,154.992325373183,76.9613725674585,76.8141761613488,-0.147196406109686,3.83914430205541,,,9670,9709
planning,0.7,0,24820.3718622665,24842.68679573,22.3149334634545,76.8141761613488,76.7930616962462,-0.021114465102599,,,0.665716275576324,9709,9716
dwelling,9.29999999999998,0,24842.68679573,25083.8932661327,241.206470402747,76.7930616962462,76.5654098993786,-0.227651796867605,,9.26666658774072,,9716,9809
planning,0.6,0,25083.8932661327,25099.9445246784,16.0512585457,76.5654098993786,76.5502539897393,-0.0151559096393186,,,0.584288742147025,9809,9815
traveling,4.9,11.1803398874989,25099.9445246784,25262.0684396415,162.123914963136,76.5502539897393,76.396690381405,-0.153563608334295,4.91796293300684,,,9815,9864
planning,0.1,0,25262.0684396415,25264.6915490609,2.62310941930991,76.396690381405,76.39421376803,-0.00247661337502336,,,0.0408996285720685,9864,9865
dwelling,10.6,0,25264.6915490609,25503.716554994,239.025005933097,76.39421376803,76.1688880018843,-0.225325766145716,,10.5444444110704,,9865,9971
planning,0.1,0,25503.716554994,25506.257256166,2.54070117202718,76.1688880018843,76.1664895317343,-0.0023984701500126,,,0.0140623033109258,9971,9972
traveling,4.7,10,25506.257256166,25663.5115232706,157.254267104618,76.1664895317343,76.0174468722794,-0.149042659454835,4.67558156077853,,,9972,10019
planning,0.4,0,25663.5115232706,25674.3659944957,10.8544712250987,76.0174468722794,76.0071902584035,-0.0102566138759244,,,0.371008699991943,10019,10023
dwelling,10.9,0,25674.3659944957,25918.0760258353,243.710031339579,76.0071902584035,75.7773717761866,-0.229818482216857,,10.8499999988065,,10023,10132
planning,0.8,0,25918.0760258353,25938.6810097936,20.604983958292,75.7773717761866,75.7579089475325,-0.019462828654099,,,0.792391827819216,10132,10140
traveling,4.9,11.1803398874989,25938.6810097936,26101.6892214492,163.008211655611,75.7579089475325,75.6033661454464,-0.154542802086183,4.93215271436283,,,10140,10189
planning,0.8,0,26101.6892214492,26124.3608204817,22.6715990325356,75.6033661454464,75.5819220576549,-0.021444087791437,,,0.708016340525764,10189,10197
dwelling,11.5,0,26124.3608204817,26382.9153249213,258.554504439599,75.5819220576549,75.3379708302036,-0.243951227451333,,11.4999999179401,,10197,10312
planning,0.3,0,26382.9153249213,26388.9578213536,6.04249643225558,75.3379708302036,75.3322753344464,-0.00569549575718042,,,0.285187655142739,10312,10315
traveling,4.1,7.07106781186548,26388.9578213536,26493.9202285819,104.962407228311,75.3322753344464,75.2330697324511,-0.0992056019953083,4.04258753493427,,,10315,10356
planning,0.4,0,26493.9202285819,26502.517544637,8.59731605515117,75.2330697324511,75.2249602442562,-0.00810948819486157,,,0.357617456563155,10356,10360
dwelling,11.7,0,26502.517544637,26715.3387796457,212.821235008632,75.2249602442562,75.0244887982928,-0.200471445963458,,11.6352940391046,,10360,10477
planning,1,0,26715.3387796457,26737.0867815728,21.7480019271316,75.0244887982928,75.0039675973513,-0.0205212009414595,,,0.955214796580216,10477,10487
traveling,3.3,5,26737.0867815728,26831.9087863156,94.8220047428404,75.0039675973513,74.9141935641158,-0.0897740332354857,3.24081874370101,,,10487,10520
planning,0.5,0,26831.9087863156,26844.5970439366,12.6882576209246,74.9141935641158,74.9021999581007,-0.0119936060151673,,,0.488936095637649,10520,10525
dwelling,8.89999999999999,0,26844.5970439366,27046.4633042077,201.866260271174,74.9021999581007,74.7115898951141,-0.190610062986522,,8.87499994727682,,10525,10614
planning,0.1,0,27046.4633042077,27048.815099831,2.35179562323538,74.7115898951141,74.7093682853848,-0.00222160972936081,,,0.0964316165595064,10614,10615
traveling,5,11.1803398874989,27048.815099831,27197.4293007407,148.614200909684,74.7093682853848,74.5685405931223,-0.140827692262434,4.99650281944905,,,10615,10665
planning,0.2,0,27197.4293007407,27202.2089485229,4.77964778228488,74.5685405931223,74.5640240529897,-0.0045165401326841,,,0.142754892290642,10665,10667
dwelling,11.3,0,27202.2089485229,27425.2394490481,223.030500525165,74.5640240529897,74.3536422814719,-0.210381771517788,,11.266666628955,,10667,10780
planning,0.8,0,27425.2394490481,27442.8591974376,17.6197483895012,74.3536422814719,74.3370028021808,-0.016639479291058,,,0.755405352417683,10780,10788
traveling,4.9,11.1803398874989,27442.8591974376,27586.1199779559,143.260780518318,74.3370028021808,74.2012302708125,-0.135772531368275,4.9501379838187,,,10788,10837
planning,0.4,0,27586.1199779559,27595.3087641479,9.18878619200041,74.2012302708125,74.1925475813662,-0.00868268944633144,,,0.367637313916984,10837,10841
dwelling,9.19999999999999,0,27595.3087641479,27803.6018003272,208.293036179264,74.1925475813662,73.9957206551517,-0.196826926214527,,9.15555550860731,,10841,10933
planning,0.8,0,27803.6018003272,27826.9015874122,23.2997870850413,73.9957206551517,73.9736366685841,-0.0220839865675515,,,0.778948513081593,10933,10941
traveling,4.7,10,27826.9015874122,27986.5381897746,159.636602362345,73.9736366685841,73.821951255517,-0.151685413067185,4.67558150582718,,,10941,10988
planning,0.3,0,27986.5381897746,27994.5025368728,7.96434709819368,73.821951255517,73.8144101670485,-0.00754108846847146,,,0.228284675720552,10988,10991
dwelling,8.89999999999999,0,27994.5025368728,28176.9485346707,182.445997797888,73.8144101670485,73.6421143027809,-0.172295864267596,,8.8749999719324,,10991,11080
planning,0.5,0,28176.9485346707,28189.8761010536,12.9275663829758,73.6421143027809,73.6298752109981,-0.0122390917828312,,,0.492249993705689,11080,11085
traveling,3.4,5,28189.8761010536,28291.7499085353,101.873807481639,73.6298752109981,73.533231018409,-0.0966441925890393,3.31935848451714,,,11085,11119
planning,0.3,0,28291.7499085353,28299.1735449076,7.42363637230301,73.533231018409,73.5262055419991,-0.007025476409936,,,0.288049429470517,11119,11122
dwelling,10.8,0,28299.1735449076,28533.4172849501,234.243740042566,73.5262055419991,73.3048075647693,-0.221397977229728,,10.7823529130435,,11122,11230
planning,0.1,0,28533.4172849501,28535.9265919246,2.50930697442891,73.3048075647693,73.3024318923104,-0.0023756724589532,,,0.0288773867284179,11230,11231
traveling,3.9,7.07106781186548,28535.9265919246,28656.2886183302,120.36202640559,73.3024318923104,73.1881578039306,-0.114274088379844,3.83914292522313,,,11231,11270
planning,0.3,0,28656.2886183302,28663.7445106832,7.45589235299121,73.1881578039306,73.1810988512872,-0.00705895264331957,,,0.2033488220539,11270,11273
dwelling,15.6,0,28663.7445106832,29014.1144714118,350.369960728643,73.1810988512872,72.8496680051925,-0.331430846094719,,15.5999999278678,,11273,11429
planning,0.6,0,29014.1144714118,29028.6355938313,14.5211224194645,72.8496680051925,72.8359190026207,-0.0137490025717852,,,0.537832268586221,11429,11435
traveling,5,11.1803398874989,29028.6355938313,29187.5233792383,158.887785407045,72.8359190026207,72.684905256366,-0.151013746254691,5.01069248650175,,,11435,11485
planning,0.1,0,29187.5233792383,29189.9948970968,2.47151785849201,72.684905256366,72.6825642020019,-0.00234105436413756,,,0.0244133844469102,11485,11486
dwelling,9.79999999999998,0,29189.9948970968,29405.847816017,215.852918920173,72.6825642020019,72.4783256573417,-0.204238544660214,,9.77499994859599,,11486,11584
planning,0.2,0,29405.847816017,29411.5387070933,5.69089107635227,72.4783256573417,72.4729246413499,-0.00540101599176523,,,0.177429812000753,11584,11586
traveling,3.5,5,29411.5387070933,29526.1058704115,114.567163318181,72.4729246413499,72.3639593527462,-0.108965288603684,3.43007237600029,,,11586,11621
planning,0.6,0,29526.1058704115,29542.5117420435,16.4058716319742,72.3639593527462,72.34839511374,-0.0155642390062809,,,0.512018232425154,11621,11627
dwelling,6.29999999999999,0,29542.5117420435,29681.426017924,138.91427588055,72.34839511374,72.2169118080739,-0.13148330566608,,6.21176468667984,,11627,11690
planning,0.1,0,29681.426017924,29683.7640655155,2.33804759142367,72.2169118080739,72.2146974135827,-0.00221439449119032,,,0.0291740834008533,11690,11691
traveling,3.9,7.07106781186548,29683.7640655155,29797.1899016201,113.425836104623,72.2146974135827,72.1069681772397,-0.107729236343019,3.83914429000336,,,11691,11730
planning,0.7,0,29797.1899016201,29814.6383286184,17.4484269983623,72.1069681772397,72.0904286752051,-0.0165395020345187,,,0.603822174106562,11730,11737
dwelling,8.99999999999999,0,29814.6383286184,30018.991554624,204.353226005573,72.0904286752051,71.8968954693307,-0.193533205874459,,8.93333332262752,,11737,11827
planning,0.3,0,30018.991554624,30026.4704469018,7.47889227782798,71.8968954693307,71.889804571572,-0.00709089775868676,,,0.250347404500633,11827,11830
traveling,4.9,11.1803398874989,30026.4704469018,30177.9095206774,151.439073775586,71.889804571572,71.7457884564404,-0.144016115131592,4.91796293203904,,,11830,11879
planning,0.9,0,30177.9095206774,30203.0823325051,25.1728118277097,71.7457884564404,71.7218837056741,-0.0239047507663486,,,0.895966314292224,11879,11888
dwelling,9.49999999999998,0,30203.0823325051,30437.09206187,234.009729364861,71.7218837056741,71.4999702908284,-0.221913414845645,,9.46666661893063,,11888,11983
planning,0.4,0,30437.09206187,30448.8436636458,11.7516017757662,71.4999702908284,71.4888004986863,-0.0111697921420699,,,0.336007538977284,11983,11987
traveling,4.7,10,30448.8436636458,30611.2149354482,162.371271802491,71.4888004986863,71.3340555536395,-0.154744945046815,4.6755805898628,,,11987,12034
planning,0.6,0,30611.2149354482,30626.6616920975,15.4467566492203,71.3340555536395,71.3193955111746,-0.0146600424648824,,,0.511044633266006,12034,12040
dwelling,10.5,0,30626.6616920975,30871.2543653422,244.592673244722,71.3193955111746,71.0874803500034,-0.231915161171287,,10.4499999794235,,12040,12145
planning,0.5,0,30871.2543653422,30883.0532227766,11.798857434449,71.0874803500034,71.0762904647029,-0.0111898853004675,,,0.432901533602483,12145,12150
traveling,4.9,11.1803398874989,30883.0532227766,31025.386085067,142.332862290375,71.0762904647029,70.9409342042899,-0.135356260412948,4.93215381331938,,,12150,12199
planning,0.3,0,31025.386085067,31032.7229535072,7.33686844017939,70.9409342042899,70.9339721771124,-0.00696202717755057,,,0.211198235292163,12199,12202
dwelling,11.9,0,31032.7229535072,31291.5436201871,258.82066667992,70.9339721771124,70.6886438290123,-0.245328348100102,,11.8333332963186,,12202,12321
planning,0.6,0,31291.5436201871,31306.0181981583,14.4745779711557,70.6886438290123,70.6749069522459,-0.0137368767663588,,,0.501510347142525,12321,12327
traveling,4.1,7.07106781186548,31306.0181981583,31415.2146827956,109.196484637294,70.6749069522459,70.571141095764,-0.103765856481886,4.04258753418732,,,12327,12368
planning,0.5,0,31415.2146827956,31426.1665897452,10.9519069496419,70.571141095764,70.560756670926,-0.0103844248380227,,,0.495582418666114,12368,12373
dwelling,11.4,0,31426.1665897452,31657.7546630855,231.588073340296,70.560756670926,70.341299719535,-0.219456951391066,,11.3764705857731,,12373,12487
planning,0.3,0,31657.7546630855,31665.3684103918,7.61374730632451,70.341299719535,70.3340670755514,-0.00723264398354218,,,0.239445654885313,12487,12490
traveling,3.3,5,31665.3684103918,31763.8581213373,98.4897109454614,70.3340670755514,70.2403013322735,-0.0937657432778849,3.24081772870814,,,12490,12523
planning,0.6,0,31763.8581213373,31779.4950816579,15.6369603205821,70.2403013322735,70.2254405884929,-0.0148607437806731,,,0.580976418767513,12523,12529
dwelling,8.59999999999999,0,31779.4950816579,31965.5446101015,186.049528443586,70.2254405884929,70.0489631698126,-0.176477418680278,,8.59999996328754,,12529,12615
planning,0.7,0,31965.5446101015,31982.0683511312,16.523741029745,70.0489631698126,70.0332742051401,-0.0156889646724352,,,0.6606014789539,12615,12622
traveling,5,11.1803398874989,31982.0683511312,32144.7373201517,162.668969020546,70.0332742051401,69.8781314046491,-0.155142800491092,4.99650281847503,,,12622,12672
planning,0.3,0,32144.7373201517,32152.6569471678,7.91962701604643,69.8781314046491,69.8706007445153,-0.00753066013372461,,,0.277793376362796,12672,12675
dwelling,11,0,32152.6569471678,32416.6230985262,263.966151358414,69.8706007445153,69.6198401979195,-0.250760546595785,,10.9999999778799,,12675,12785
planning,0.4,0,32416.6230985262,32427.5326920872,10.9095935610312,69.6198401979195,69.6094591835229,-0.0103810143966427,,,0.317698001419569,12785,12789
traveling,4.9,11.1803398874989,32427.5326920872,32596.1623571017,168.629665014443,69.6094591835229,69.4484164693012,-0.161042714221736,4.95013876182517,,,12789,12838
planning,1,0,32596.1623571017,32627.1089963665,30.946639264781,69.4484164693012,69.4189126055548,-0.0295038637463279,,,0.952092195576563,12838,12848
dwelling,8.39999999999999,0,32627.1089963665,32837.3136076916,210.204611325113,69.4189126055548,69.2190306524657,-0.199881953089132,,8.39999994553309,,12848,12932
planning,0.1,0,32837.3136076916,32839.9458358588,2.6322281672401,69.2190306524657,69.216525949604,-0.00250470286172799,,,0.0965537595775002,12932,12933
traveling,4.7,10,32839.9458358588,32995.7679928866,155.822157027826,69.216525949604,69.0677424540537,-0.148783495550262,4.67558149492873,,,12933,12980
planning,0.7,0,32995.7679928866,33014.5505478858,18.7825549991321,69.0677424540537,69.0498623883409,-0.0178800657127738,,,0.64728971123202,12980,12987
dwelling,8.09999999999999,0,33014.5505478858,33197.0040817787,182.453533892884,69.0498623883409,68.8765025435529,-0.173359844788081,,8.09999994392326,,12987,13068
planning,0.7,0,33197.0040817787,33215.1652253122,18.1611435335653,68.8765025435529,68.8592174242236,-0.0172851193293013,,,0.652394442544573,13068,13075
traveling,3.4,5,33215.1652253122,33314.5884086714,99.4231833591621,68.8592174242236,68.7644349172397,-0.0947825069839041,3.31935847857278,,,13075,13109
planning,0.7,0,33314.5884086714,33331.8508768012,17.2624681297966,68.7644349172397,68.7480128761315,-0.016422041108143,,,0.604675105032151,13109,13116
dwelling,10.2,0,33331.8508768012,33577.3490566686,245.498179867449,68.7480128761315,68.5144953922489,-0.233517483882636,,10.1529411700454,,13116,13218
planning,0.1,0,33577.3490566686,33579.7856455744,2.43658890580264,68.5144953922489,68.5121771125034,-0.00231827974552345,,,0.0885786194647974,13218,13219
traveling,3.9,7.07106781186548,33579.7856455744,33696.6830623611,116.897416786713,68.5121771125034,68.4006462543029,-0.111530858200481,3.83914292510017,,,13219,13258
planning,1,0,33696.6830623611,33721.2443626668,24.5613003057006,68.4006462543029,68.3772721128023,-0.0233741415006108,,,0.99389854440538,13258,13268
dwelling,14.5,0,33721.2443626668,34075.5868318752,354.342469208328,68.3772721128023,68.0399878378801,-0.337284274922112,,14.4666666126233,,13268,13413
planning,0.7,0,34075.5868318752,34093.9765764564,18.389744581189,68.0399878378801,68.0224658893964,-0.0175219484837612,,,0.600071488663158,13413,13420
traveling,5,11.1803398874989,34093.9765764564,34264.0182610442,170.04168458785,68.0224658893964,67.8598080781407,-0.162657811255642,5.01069248579766,,,13420,13470
planning,0.3,0,34264.0182610442,34272.4415759675,8.42331492331141,67.8598080781407,67.8517738824406,-0.00803419570010533,,,0.275150370563628,13470,13473
dwelling,9.49999999999998,0,34272.4415759675,34500.0472480454,227.605672077902,67.8517738824406,67.6350668765055,-0.21670700593512,,9.44999997188966,,13473,13568
planning,0.9,0,34500.0472480454,34522.3467093235,22.2994612781185,67.6350668765055,67.6138246145237,-0.0212422619818113,,,0.852397560943715,13568,13577
traveling,3.5,5,34522.3467093235,34628.1762443568,105.829535033263,67.6138246145237,67.5127371143945,-0.101087500129211,3.43007237640109,,,13577,13612
planning,0.2,0,34628.1762443568,34633.6117999231,5.43555556624779,67.5127371143945,67.5075527747447,-0.00518433964977305,,,0.120173426504947,13612,13614
dwelling,6.69999999999999,0,34633.6117999231,34786.715985969,153.104186045981,67.5075527747447,67.3618032051909,-0.145749569553871,,6.66470584477891,,13614,13681
planning,0.5,0,34786.715985969,34800.1990476015,13.4830616324398,67.3618032051909,67.3489422601221,-0.0128609450687946,,,0.456762156611708,13681,13686
traveling,3.9,7.07106781186548,34800.1990476015,34932.5651949713,132.366147369801,67.3489422601221,67.2222401336511,-0.126702126470946,3.83914430205575,,,13686,13725
planning,1,0,34932.5651949713,34961.4127936778,28.8475987064885,67.2222401336511,67.1946947600744,-0.0275453735767286,,,0.989563977080913,13725,13735
dwelling,8.99999999999999,0,34961.4127936778,35162.3968754999,200.984081822135,67.1946947600744,67.0033372815203,-0.191357478554096,,8.96666664067471,,13735,13825
planning,0.7,0,35162.3968754999,35180.7500041996,18.3531286997459,67.0033372815203,66.9858298549002,-0.017507426620071,,,0.630222225891561,13825,13832
traveling,4.9,11.1803398874989,35180.7500041996,35343.4876988311,162.737694631425,66.9858298549002,66.830043172453,-0.1557866824472,4.91796373004331,,,13832,13881
planning,0.5,0,35343.4876988311,35356.7905494554,13.3028506243645,66.830043172453,66.8173485052252,-0.0126946672277768,,,0.495811077891351,13881,13886
dwelling,9.99999999999998,0,35356.7905494554,35573.9423665819,217.15181712644,66.8173485052252,66.6105694155344,-0.206779089690869,,9.97777769611714,,13886,13986
planning,0.3,0,35573.9423665819,35580.8856630309,6.94329644899699,66.6105694155344,66.6039525966602,-0.00661681887422105,,,0.25511667437089,13986,13989
traveling,4.7,10,35580.8856630309,35718.0065313309,137.120868300015,66.6039525966602,66.472878401618,-0.131074195042189,4.67558156268582,,,13989,14036
planning,0.4,0,35718.0065313309,35726.9801685169,8.97363718605629,66.472878401618,66.464328164889,-0.00855023672893651,,,0.335725469843859,14036,14040
dwelling,11,0,35726.9801685169,35955.2615241906,228.28135567368,66.464328164889,66.2469552870798,-0.217372877809225,,10.9249999487517,,14040,14150
planning,0.4,0,35955.2615241906,35964.3689746177,9.10745042708004,66.2469552870798,66.2382739280425,-0.00868135903726852,,,0.361536210132452,14150,14154
traveling,4.9,11.1803398874989,35964.3689746177,36106.8429317854,142.473957167684,66.2382739280425,66.1020271322735,-0.136246795768983,4.93215271381847,,,14154,14203
planning,1,0,36106.8429317854,36128.6274195688,21.7844877833704,66.1020271322735,66.0812676324295,-0.020759499844047,,,0.940292259081977,14203,14213
dwelling,11.2,0,36128.6274195688,36378.5424211541,249.915001585352,66.0812676324295,65.8430106455088,-0.238256986920703,,11.1999999250227,,14213,14325
planning,0.9,0,36378.5424211541,36403.1776853844,24.6352642302954,65.8430106455088,65.8194660976968,-0.02354454781198,,,0.808350183490606,14325,14334
traveling,4.1,7.07106781186548,36403.1776853844,36530.2974090515,127.119723667078,65.8194660976968,65.6977442217026,-0.121721875994183,4.04258753476261,,,14334,14375
planning,0.3,0,36530.2974090515,36537.8048526105,7.50744355905044,65.6977442217026,65.6905759032192,-0.00716831848346544,,,0.269288258553544,14375,14378
dwelling,11.8,0,36537.8048526105,36817.3105484332,279.505695822685,65.6905759032192,65.4238140139733,-0.266761889245885,,11.7882352847844,,14378,14496
planning,1,0,36817.3105484332,36844.6192403312,27.3086918979898,65.4238140139733,65.3977023040109,-0.0261117099624073,,,0.954991208713413,14496,14506
traveling,3.3,5,36844.6192403312,36948.4854421475,103.866201816272,65.3977023040109,65.2981768039876,-0.0995255000233044,3.24081874787104,,,14506,14539
planning,1,0,36948.4854421475,36973.0694223821,24.5839802346309,65.2981768039876,65.2746968833084,-0.0234799206791649,,,0.911531890364517,14539,14549
dwelling,8.49999999999999,0,36973.0694223821,37167.7245204465,194.655098064395,65.2746968833084,65.0889043205335,-0.185792562774921,,8.49999998911043,,14549,14634
planning,0.5,0,37167.7245204465,37181.8317907261,14.1072702795573,65.0889043205335,65.0754043978461,-0.0134999226873873,,,0.475170590716699,14634,14639
traveling,5,11.1803398874989,37181.8317907261,37350.6635497774,168.831759051332,65.0754043978461,64.9133672725316,-0.162037125314527,4.99650282042938,,,14639,14689
planning,0.2,0,37350.6635497774,37356.0540295871,5.39047980973555,64.9133672725316,64.9082108971396,-0.00515637539193392,,,0.180854003883156,14689,14691
dwelling,11.5,0,37356.0540295871,37617.4322740355,261.37824444838,64.9082108971396,64.6586343261974,-0.249576570942239,,11.433333314381,,14691,14806
planning,0.2,0,37617.4322740355,37622.4209817215,4.98870768602501,64.6586343261974,64.6538653306594,-0.00476899553800081,,,0.194184806942379,14806,14808
traveling,4.9,11.1803398874989,37622.4209817215,37779.9691081393,157.54812641778,64.6538653306594,64.502701482907,-0.151163847752358,4.95013798393341,,,14808,14857
planning,0.6,0,37779.9691081393,37797.4848836424,17.5157755031178,64.502701482907,64.485920249359,-0.0167812335480448,,,0.505956106883529,14857,14863
dwelling,8.99999999999999,0,37797.4848836424,38020.7708676225,223.285983980102,64.485920249359,64.2724081823326,-0.213512067026372,,8.98888882407127,,14863,14953
planning,0.1,0,38020.7708676225,38023.5084728258,2.73760520323412,64.2724081823326,64.2697869604104,-0.00262122192224012,,,0.047381761684159,14953,14954
traveling,4.7,10,38023.5084728258,38182.2498247286,158.74135190282,64.2697869604104,64.1172943260473,-0.152492634363085,4.67558149824123,,,14954,15001
planning,0.1,0,38182.2498247286,38184.9410218986,2.69119716998102,64.1172943260473,64.1147176259182,-0.00257670012908306,,,0.0532993085842868,15001,15002
dwelling,8.79999999999999,0,38184.9410218986,38391.4074849172,206.466463018609,64.1147176259182,63.9173275370054,-0.197390088912798,,8.79999998883108,,15002,15090
planning,0.5,0,38391.4074849172,38403.681178472,12.2736935548019,63.9173275370054,63.9055861980375,-0.0117413389679299,,,0.474767541624341,15090,15095
traveling,3.4,5,38403.681178472,38506.3762949344,102.695116462433,63.9055861980375,63.8070643039927,-0.0985218940447581,3.3193584804115,,,15095,15129
planning,0.1,0,38506.3762949344,38508.9095833452,2.53328841081384,63.8070643039927,63.8046396973638,-0.00242460662895638,,,0.0986752999483547,15129,15130
dwelling,10.9,0,38508.9095833452,38739.9682855837,231.058702238464,63.8046396973638,63.583887578674,-0.220752118689767,,10.8235293377825,,15130,15239
planning,0.9,0,38739.9682855837,38759.7377819709,19.7694963872345,63.583887578674,63.5649907152324,-0.0188968634416113,,,0.860972479491542,15239,15248
traveling,3.9,7.07106781186548,38759.7377819709,38870.3837192474,110.645937276422,63.5649907152324,63.4588818629743,-0.106108852258131,3.83914292519323,,,15248,15287
planning,0.5,0,38870.3837192474,38881.9235681112,11.5398488638602,63.4588818629743,63.4478441027066,-0.0110377602676834,,,0.475255064802427,15287,15292
dwelling,15.3,0,38881.9235681112,39209.8762543573,327.952686246041,63.4478441027066,63.1343350484302,-0.313509054276373,,15.2999999194043,,15292,15445
planning,1,0,39209.8762543573,39237.2008023115,27.324547954282,63.1343350484302,63.1081366439491,-0.0261984044811072,,,0.957921527023203,15445,15455
traveling,5,11.1803398874989,39237.2008023115,39409.4798083647,172.279006053126,63.1081366439491,62.942342009918,-0.165794634031101,5.01069248787251,,,15455,15505
planning,0.8,0,39409.4798083647,39431.7754471084,22.2956387437152,62.942342009918,62.9209547241858,-0.0213872857322457,,,0.76038793472336,15505,15513
dwelling,9.39999999999998,0,39431.7754471084,39656.7946566228,225.019209514474,62.9209547241858,62.7054714519353,-0.215483272250466,,9.32499999821529,,15513,15607
planning,0.9,0,39656.7946566228,39681.6769747168,24.8823180939871,62.7054714519353,62.6815986524302,-0.0238727995050567,,,0.844246170969405,15607,15616
traveling,3.5,5,39681.6769747168,39795.3627417493,113.685767032504,62.6815986524302,62.5722547000745,-0.109343952355751,3.43007237761865,,,15616,15651
planning,0.6,0,39795.3627417493,39812.1602319685,16.797490219149,62.5722547000745,62.5561335080822,-0.0161211919922621,,,0.501694485542549,15651,15657
dwelling,6.49999999999999,0,39812.1602319685,39956.7320655249,144.571833556423,62.5561335080822,62.4177407672428,-0.1383927408394,,6.44117646524212,,15657,15722
planning,0.4,0,39956.7320655249,39966.4002112398,9.66814571488067,62.4177407672428,62.408476918301,-0.00926384894179932,,,0.328960599839177,15722,15726
traveling,3.9,7.07106781186548,39966.4002112398,40084.9863615551,118.586150315314,62.408476918301,62.2944943974044,-0.113982520896599,3.83914430635464,,,15726,15765
planning,0.9,0,40084.9863615551,40108.665696844,23.6793352888562,62.2944943974044,62.2717787674733,-0.0227156299311133,,,0.853646492010804,15765,15774
dwelling,9.29999999999998,0,40108.665696844,40327.432216606,218.766519762081,62.2717787674733,62.0621585790908,-0.209620188382551,,9.23333331156425,,15774,15867
planning,0.4,0,40327.432216606,40338.1136163686,10.6813997625868,62.0621585790908,62.0519071495951,-0.0102514294956961,,,0.385553433823888,15867,15871
traveling,4.9,11.1803398874989,40338.1136163686,40506.8087904255,168.695174056869,62.0519071495951,61.8893478030623,-0.16255934653271,4.91796293307412,,,15871,15920
planning,0.2,0,40506.8087904255,40512.503061055,5.69427062950126,61.8893478030623,61.8838770374578,-0.00547076560454229,,,0.177870288851244,15920,15922
dwelling,10.5,0,40512.503061055,40779.9010322101,267.397971155064,61.8838770374578,61.6272879139862,-0.256589123471599,,10.4777777476434,,15922,16027
planning,0.5,0,40779.9010322101,40793.3001943928,13.3991621827445,61.6272879139862,61.6144206245472,-0.0128672894389794,,,0.462851648265721,16027,16032
traveling,4.7,10,40793.3001943928,40946.9394842271,153.63928983426,61.6144206245472,61.466433056732,-0.147987567815235,4.67558156521893,,,16032,16079
planning,0.3,0,40946.9394842271,40954.693602803,7.75411857595464,61.466433056732,61.4589886439631,-0.00744441276889773,,,0.281209303635787,16079,16082
dwelling,11.2,0,40954.693602803,41217.1168878996,262.423285096549,61.4589886439631,61.2072900706624,-0.251698573300736,,11.1249999550145,,16082,16194
planning,0.9,0,41217.1168878996,41238.613466346,21.496578446473,61.2072900706624,61.18666447032,-0.0206256003423775,,,0.819390268185696,16194,16203
traveling,4.9,11.1803398874989,41238.613466346,41391.9322884585,153.318822112436,61.18666447032,61.0389962711697,-0.147668199150317,4.93215271567806,,,16203,16252
planning,0.1,0,41391.9322884585,41394.551976807,2.6196883484954,61.0389962711697,61.0364794825825,-0.00251678858713689,,,0.0157131109190458,16252,16253
dwelling,12.5,0,41394.551976807,41671.5682589439,277.016282136959,61.0364794825825,60.7708032701552,-0.265676212427309,,12.4333333132119,,16253,16378
planning,0.5,0,41671.5682589439,41683.5030604862,11.9348015422293,60.7708032701552,60.7593459908123,-0.0114572793429275,,,0.461483074704595,16378,16383
traveling,4.1,7.07106781186548,41683.5030604862,41811.9984083039,128.495347817778,60.7593459908123,60.6355176831904,-0.12382830762192,4.04258753557269,,,16383,16424
planning,0.9,0,41811.9984083039,41837.5081030788,25.5096947748243,60.6355176831904,60.6109722592266,-0.0245454239637439,,,0.895858614802515,16424,16433
dwelling,11.4,0,41837.5081030788,42139.7069139436,302.198810864873,60.6109722592266,60.3203907823619,-0.290581476864773,,11.3470587531288,,16433,16547
planning,0.6,0,42139.7069139436,42156.3250295777,16.6181156340899,60.3203907823619,60.3043995628159,-0.0159912195459242,,,0.56310240372793,16547,16553
traveling,3.3,5,42156.3250295777,42269.3231473816,112.99811780388,60.3043995628159,60.1952981513665,-0.109101411449473,3.24081874620689,,,16553,16586
planning,0.8,0,42269.3231473816,42292.0034629389,22.6803155572779,60.1952981513665,60.173463098359,-0.0218350530075071,,,0.722162556131817,16586,16594
dwelling,8.69999999999999,0,42292.0034629389,42505.3164120507,213.312949111787,60.173463098359,59.9684427261141,-0.205020372244853,,8.64999998140698,,16594,16681
planning,0.6,0,42505.3164120507,42522.1250539977,16.8086419470565,59.9684427261141,59.9522585431475,-0.0161841829666329,,,0.546979511954649,16681,16687
traveling,5,11.1803398874989,42522.1250539977,42695.3846853178,173.259631320107,59.9522585431475,59.7848525320175,-0.167406011129984,4.99650282020861,,,16687,16737
planning,0.1,0,42695.3846853178,42697.9056404141,2.5209550962536,59.7848525320175,59.7824279269622,-0.00242460505531739,,,0.00108382646885385,16737,16738
dwelling,11.5,0,42697.9056404141,42964.4379878274,266.532347413326,59.7824279269622,59.5262823512438,-0.256145575718364,,11.4999999244602,,16738,16853
planning,0.9,0,42964.4379878274,42987.8518803448,23.4138925173465,59.5262823512438,59.5037469942013,-0.0225353570425426,,,0.842505558435949,16853,16862
traveling,4.9,11.1803398874989,42987.8518803448,43156.1630481081,168.31116776335,59.5037469942013,59.3410526187678,-0.162694375433425,4.95013798428372,,,16862,16911
planning,0.6,0,43156.1630481081,43174.1704656165,18.007417508401,59.3410526187678,59.3236837834649,-0.0173688353029107,,,0.578997891134012,16911,16917
dwelling,9.19999999999999,0,43174.1704656165,43406.3894545179,232.218988901361,59.3236837834649,59.100161492724,-0.223522290740959,,9.11111109346201,,16917,17009
planning,0.5,0,43406.3894545179,43419.824986526,13.4355320081595,59.100161492724,59.0872178777237,-0.0129436150003102,,,0.423442576227408,17009,17014
traveling,4.7,10,43419.824986526,43567.2954904517,147.470503925644,59.0872178777237,58.9448054621157,-0.142412415607922,4.6755815065136,,,17014,17061
planning,0.8,0,43567.2954904517,43588.7370210211,21.441530569442,58.9448054621157,58.9241453842946,-0.0206600778210984,,,0.775712882004706,17061,17069
dwelling,8.39999999999999,0,43588.7370210211,43792.0535001471,203.316479126013,58.9241453842946,58.7284515195775,-0.195693864717164,,8.39999994168282,,17069,17153
planning,0.8,0,43792.0535001471,43814.4662984627,22.4127983155922,58.7284515195775,58.7068370708387,-0.0216144487388163,,,0.754445916212449,17153,17161
traveling,3.4,5,43814.4662984627,43921.5781418853,107.111843422543,58.7068370708387,58.6033523990469,-0.103484671791762,3.31935848902987,,,17161,17195
planning,0.8,0,43921.5781418853,43942.0589724116,20.4808305262995,58.6033523990469,58.5836207015728,-0.0197316974741213,,,0.756756505877598,17195,17203
dwelling,10.5,0,43942.0589724116,44156.6653226219,214.606350210357,58.5836207015728,58.3773342118866,-0.206286489686171,,10.4588235086742,,17203,17308
planning,0.6,0,44156.6653226219,44170.4374864673,13.7721638453659,58.3773342118866,58.3640786753505,-0.0132555365360574,,,0.582476287445378,17308,17314
traveling,3.9,7.07106781186548,44170.4374864673,44272.765224748,102.327738280663,58.3640786753505,58.2654194383967,-0.0986592369538855,3.83914322692855,,,17314,17353
planning,0.3,0,44272.765224748,44279.5582176902,6.79299294228986,58.2654194383967,58.2588813104493,-0.00653812794738684,,,0.229564672776842,17353,17356
dwelling,15.9,0,44279.5582176902,44626.9660442594,347.407826569106,58.2588813104493,57.9245496434216,-0.334331667027669,,15.8999999995062,,17356,17515
planning,0.8,0,44626.9660442594,44646.8354953884,19.8694511290378,57.9245496434216,57.9053969646576,-0.0191526787640228,,,0.761315240780593,17515,17523
traveling,5,11.1803398874989,44646.8354953884,44805.2094272941,158.373931905677,57.9053969646576,57.7521971683557,-0.153199796301863,5.01069248813328,,,17523,17573
planning,0.5,0,44805.2094272941,44818.0352191294,12.825791835312,57.7521971683557,57.7398265798401,-0.0123705885155871,,,0.450012851989968,17573,17578
dwelling,9.69999999999998,0,44818.0352191294,45010.8504568129,192.815237683528,57.7398265798401,57.5543197239085,-0.185506855931607,,9.67499999732761,,17578,17675
planning,0.9,0,45010.8504568129,45028.3519525357,17.5014957228123,57.5543197239085,57.5374846197193,-0.0168351041892478,,,0.859332963665518,17675,17684
traveling,3.5,5,45028.3519525357,45111.8512098244,83.4992572886476,57.5374846197193,57.4569806219024,-0.0805039978168764,3.43007217529055,,,17684,17719
planning,0.5,0,45111.8512098244,45121.6568586488,9.80564882445469,57.4569806219024,57.4475464803309,-0.00943414157149647,,,0.419532478267453,17719,17724
dwelling,6.59999999999999,0,45121.6568586488,45243.1217408009,121.464882152046,57.4475464803309,57.3307388335117,-0.116807646819211,,6.57647058388154,,17724,17790
planning,0.3,0,45243.1217408009,45249.3208095743,6.19906877339236,57.3307388335117,57.3247706918967,-0.00596814161502124,,,0.236058625944096,17790,17793
traveling,3.9,7.07106781186548,45249.3208095743,45352.7556098757,103.434800301409,57.3247706918967,57.2248895293377,-0.0998811625589724,3.83914430527809,,,17793,17832
planning,0.8,0,45352.7556098757,45372.2888062478,19.5331963720964,57.2248895293377,57.2060475099225,-0.0188420194151817,,,0.795905765095211,17832,17840
dwelling,9.29999999999998,0,45372.2888062478,45579.1730157608,206.884209513082,57.2060475099225,57.0066601496693,-0.199387360253183,,9.29999999304452,,17840,17933
planning,0.2,0,45579.1730157608,45584.0947407824,4.92172502156609,57.0066601496693,57.0019108289315,-0.00474932073777978,,,0.119700134670551,17933,17935
traveling,4.9,11.1803398874989,45584.0947407824,45735.7273600349,151.63261925245,57.0019108289315,56.855104814318,-0.146806014613503,4.9179637349278,,,17935,17984
planning,0.2,0,45735.7273600349,45740.6612846338,4.93392459896859,56.855104814318,56.8503426275096,-0.00476218680844909,,,0.174745808185183,17984,17986
dwelling,10.6,0,45740.6612846338,45972.1528650921,231.491580458227,56.8503426275096,56.6271698524708,-0.223172775038826,,10.522222195669,,17986,18092
planning,0.3,0,45972.1528650921,45979.3755928232,7.22272773116856,56.6271698524708,56.6201983653187,-0.00697148715210005,,,0.29150602998074,18092,18095
traveling,4.7,10,45979.3755928232,46119.3948660831,140.019273259881,56.6201983653187,56.4846488101272,-0.13554955519146,4.67558156205029,,,18095,18142
planning,0.7,0,46119.3948660831,46137.1347021516,17.739836068482,56.4846488101272,56.4675122775876,-0.0171365325396522,,,0.687675551058663,18142,18149
dwelling,10.6,0,46137.1347021516,46364.7081294774,227.573427325842,56.4675122775876,56.2480454642097,-0.219466813377863,,10.599999935628,,18149,18255
planning,0.1,0,46364.7081294774,46367.2880781335,2.57994865606452,56.2480454642097,56.2455519483879,-0.00249351582174739,,,0.02174148457026,18255,18256
traveling,4.9,11.1803398874989,46367.2880781335,46524.8060487168,157.5179705833,56.2455519483879,56.0927931951845,-0.1527587532034,4.93215271364798,,,18256,18305
planning,0.6,0,46524.8060487168,46540.2850164053,15.4789676885484,56.0927931951845,56.0778295314313,-0.014963663753214,,,0.509428792381653,18305,18311
dwelling,11.6,0,46540.2850164053,46802.0843085752,261.799292169897,56.0778295314313,55.825086200161,-0.25274333127031,,11.5666665844894,,18311,18427
planning,0.4,0,46802.0843085752,46813.1793549853,11.0950464100169,55.825086200161,55.8143465981787,-0.0107396019823085,,,0.393091024394822,18427,18431
traveling,4.1,7.07106781186548,46813.1793549853,46950.7872936179,137.60793863266,55.8143465981787,55.6807358629175,-0.133610735261186,4.04258753436696,,,18431,18472
planning,0.2,0,46950.7872936179,46956.4771267945,5.68983317654056,55.6807358629175,55.6752253841671,-0.00551047875045896,,,0.103040198783138,18472,18474
dwelling,11.8,0,46956.4771267945,47234.8072006201,278.330073825593,55.6752253841671,55.4062433258942,-0.268982058272847,,11.711764637981,,18474,18592
planning,0.7,0,47234.8072006201,47253.7975041936,18.9903035735915,55.4062433258942,55.3878562362881,-0.0183870896061507,,,0.604427157950102,18592,18599
traveling,3.3,5,47253.7975041936,47358.2302584032,104.432754209556,55.3878562362881,55.28649818181,-0.101358054478034,3.24081874034243,,,18599,18632
planning,0.8,0,47358.2302584032,47378.3838654803,20.1536070771035,55.28649818181,55.2669996723432,-0.0194985094668425,,,0.706697830189003,18632,18640
dwelling,8.49999999999999,0,47378.3838654803,47568.178406184,189.794540703726,55.2669996723432,55.0835975175054,-0.183402154837822,,8.47499998446045,,18640,18725
planning,0.5,0,47568.178406184,47581.0896002008,12.9111940167786,55.0835975175054,55.0710987798079,-0.0124987376975056,,,0.4066806986165,18725,18730
traveling,5,11.1803398874989,47581.0896002008,47738.635498084,157.545897883196,55.0710987798079,54.9181274983933,-0.152971281414537,4.99650281925714,,,18730,18780
planning,0.4,0,47738.635498084,47749.1420066159,10.506508531922,54.9181274983933,54.9079521427809,-0.0101753556124251,,,0.386287022866393,18780,18784
dwelling,11.1,0,47749.1420066159,48011.4675097908,262.325503174885,54.9079521427809,54.6541604936649,-0.253791649115968,,11.0333332682782,,18784,18895
planning,0.5,0,48011.4675097908,48024.0374760088,12.5699662179977,54.6541604936649,54.641988826962,-0.0121716667029332,,,0.436632322669575,18895,18900
traveling,4.9,11.1803398874989,48024.0374760088,48175.5956325999,151.558156591069,54.641988826962,54.4947682150898,-0.147220611872235,4.95013876253187,,,18900,18949
planning,0.3,0,48175.5956325999,48183.307566044,7.71193344416679,54.4947682150898,54.4872969715195,-0.00747124357025086,,,0.299360020046702,18949,18952
dwelling,9.19999999999999,0,48183.307566044,48390.3036082699,206.996042225837,54.4872969715195,54.2870336185448,-0.200263352974709,,9.13333331768176,,18952,19044
planning,0.7,0,48390.3036082699,48409.3902703954,19.0866621255263,54.2870336185448,54.2685231313144,-0.0185104872303725,,,0.680936167322296,19044,19051
traveling,4.7,10,48409.3902703954,48571.8287907678,162.438520372372,54.2685231313144,54.1103872184087,-0.158135912905728,4.67558150238718,,,19051,19098
planning,1,0,48571.8287907678,48599.547052068,27.7182613002005,54.1103872184087,54.0834929601536,-0.0268942582550835,,,0.919423385033807,19098,19108
dwelling,8.09999999999999,0,48599.547052068,48790.1765482717,190.629496203735,54.0834929601536,53.8988754205196,-0.184617539634019,,8.04999998627806,,19108,19189
planning,0.4,0,48790.1765482717,48800.8794039147,10.7028556429432,53.8988754205196,53.8884925725765,-0.0103828479431129,,,0.371683226027504,19189,19193
traveling,3.4,5,48800.8794039147,48903.867928381,102.988524466309,53.8884925725765,53.7883968747219,-0.100095697854591,3.31935848269769,,,19193,19227
planning,0.9,0,48903.867928381,48927.6890865343,23.8211581533178,53.7883968747219,53.7652872823368,-0.023109592385147,,,0.838599113771156,19227,19236
dwelling,10.2,0,48927.6890865343,49178.7888863395,251.099799805219,53.7652872823368,53.5218543560168,-0.243432926319919,,10.1117646337764,,19236,19338
planning,0.7,0,49178.7888863395,49199.2684702643,20.4795839247454,53.5218543560168,53.5019521920432,-0.0199021639736472,,,0.66387036943512,19338,19345
traveling,3.9,7.07106781186548,49199.2684702643,49328.2286752348,128.960204970594,53.5019521920432,53.3763701881331,-0.125582003910097,3.83914292524262,,,19345,19384
planning,0.9,0,49328.2286752348,49351.3060368434,23.0773616085498,53.3763701881331,53.3539779732087,-0.0223922149243805,,,0.863887251028434,19384,19393
dwelling,15.1,0,49351.3060368434,49704.7584182688,353.452381425406,53.3539779732087,53.0112929190029,-0.342685054205809,,15.0666666069063,,19393,19544
planning,0.5,0,49704.7584182688,49717.9828212292,13.2244029604408,53.0112929190029,52.9984494379895,-0.0128434810134479,,,0.478460281548033,19544,19549
traveling,5,11.1803398874989,49717.9828212292,49894.634178597,176.651357367766,52.9984494379895,52.8260799658347,-0.172369472154799,5.01069248735723,,,19549,19599
planning,0.6,0,49894.634178597,49911.2965109273,16.6623323303138,52.8260799658347,52.8098827831147,-0.0161971827199352,,,0.506387879734535,19599,19605
dwelling,9.49999999999998,0,49911.2965109273,50151.5089276418,240.212416714443,52.8098827831147,52.5766121171095,-0.233270666005197,,9.42499999132809,,19605,19700
planning,0.9,0,50151.5089276418,50175.1047517768,23.5958241350163,52.5766121171095,52.553683752953,-0.0229283641565416,,,0.882859030674708,19700,19709
traveling,3.5,5,50175.1047517768,50281.4288934977,106.324141720936,52.553683752953,52.4501424490302,-0.103541303922803,3.43007237714636,,,19709,19744
planning,0.4,0,50281.4288934977,50292.1605828353,10.7316893375464,52.4501424490302,52.439709389904,-0.0104330591261714,,,0.354955114630508,19744,19748
dwelling,6.59999999999999,0,50292.1605828353,50435.2437644044,143.083181569098,52.439709389904,52.3009349862572,-0.138774403646849,,6.57058822699866,,19748,19814
planning,0.4,0,50435.2437644044,50445.185448786,9.94168438159977,52.3009349862572,52.2912770667725,-0.00965791948466688,,,0.324370643204819,19814,19818
traveling,3.9,7.07106781186548,50445.185448786,50569.1645873049,123.979138518975,52.2912770667725,52.1704072113352,-0.120869855437292,3.83914430433074,,,19818,19857
planning,0.5,0,50569.1645873049,50582.4288521033,13.2642647983448,52.1704072113352,52.1575086019164,-0.0128986094187766,,,0.46872488702491,19857,19862
dwelling,9.59999999999998,0,50582.4288521033,50803.830291946,221.401439842761,52.1575086019164,51.9425333582881,-0.214975243628288,,9.56666659082386,,19862,19958
planning,0.2,0,50803.830291946,50809.2194675597,5.38917561369453,51.9425333582881,51.9372899338684,-0.00524342441972436,,,0.145071905108253,19958,19960
traveling,4.9,11.1803398874989,50809.2194675597,50978.5141621781,169.294694618409,51.9372899338684,51.7718958599616,-0.165394073906853,4.91796293288716,,,19960,20009
planning,1,0,50978.5141621781,51005.5384221595,27.0242599813355,51.7718958599616,51.7455941553011,-0.026301704660483,,,0.968844680112488,20009,20019
dwelling,9.59999999999998,0,51005.5384221595,51240.0506589573,234.512236797775,51.7455941553011,51.5175910700559,-0.228003085245135,,9.58888885235896,,20019,20115
planning,0.4,0,51240.0506589573,51250.0629743265,10.0123153692766,51.5175910700559,51.5078523414131,-0.00973872864282299,,,0.36896141000887,20115,20119
traveling,4.7,10,51250.0629743265,51395.25250584,145.189531513461,51.5078523414131,51.366191971248,-0.141660370165113,4.6755815614148,,,20119,20166
planning,0.1,0,51395.25250584,51397.9148586914,2.66235285139555,51.366191971248,51.3635997827095,-0.00259218853847187,,,0.0275200783559805,20166,20167
dwelling,11.2,0,51397.9148586914,51635.595244516,237.680385824606,51.3635997827095,51.1327319269481,-0.230867855761396,,11.1749999621156,,20167,20279
planning,0.3,0,51635.595244516,51641.8278649234,6.23262040741974,51.1327319269481,51.1266785817532,-0.00605334519497092,,,0.24617140385018,20279,20282
traveling,4.9,11.1803398874989,51641.8278649234,51773.7531512186,131.925286295176,51.1266785817532,50.9981309563714,-0.128547625381799,4.93215271381402,,,20282,20331
planning,0.4,0,51773.7531512186,51782.6962516657,8.94310044708982,50.9981309563714,50.9894366426851,-0.00869431368625584,,,0.373514729819655,20331,20335
dwelling,11.8,0,51782.6962516657,52023.1347521147,240.438500449025,50.9894366426851,50.7558628906731,-0.233573752012028,,11.7999999759583,,20335,20453
planning,0.6,0,52023.1347521147,52035.7098311145,12.5750789998274,50.7558628906731,50.7436413215238,-0.0122215691492613,,,0.51296658399886,20453,20459
traveling,4.1,7.07106781186548,52035.7098311145,52131.3558039325,95.645972817947,50.7436413215238,50.6505647752911,-0.093076546232723,4.04258753461626,,,20459,20500
planning,0.2,0,52131.3558039325,52135.3869486362,4.03114470374567,50.6505647752911,50.6466478657837,-0.00391690950736745,,,0.168090201682332,20500,20502
dwelling,11.8,0,52135.3869486362,52361.7227613479,226.335812711666,50.6466478657837,50.4267896683101,-0.219858197473641,,11.7647058499369,,20502,20620
planning,0.8,0,52361.7227613479,52380.5353863052,18.8126249573179,50.4267896683101,50.4084737534801,-0.0183159148300334,,,0.796202151163748,20620,20628
traveling,3.3,5,52380.5353863052,52469.327236887,88.7918505818088,50.4084737534801,50.3218668590063,-0.0866068944737535,3.24081874286335,,,20628,20661
planning,0.9,0,52469.327236887,52489.3835284208,20.0562915337505,50.3218668590063,50.3023486603191,-0.0195181986872015,,,0.878620569182554,20661,20670
dwelling,8.49999999999999,0,52489.3835284208,52673.5170702243,184.133541803574,50.3023486603191,50.1231718501171,-0.179176810202001,,8.44999999858576,,20670,20755
planning,1,0,52673.5170702243,52701.2583553355,27.741285111144,50.1231718501171,50.0960943236791,-0.0270775264379779,,,0.935625671581217,20755,20765
traveling,5,11.1803398874989,52701.2583553355,52867.4885783045,166.230222969003,50.0960943236791,49.9333493887918,-0.162744934887343,4.9965028206365,,,20765,20815
planning,0.1,0,52867.4885783045,52870.0942954416,2.60571713709214,49.9333493887918,49.9308074037337,-0.00254198505803771,,,0.0187102154731975,20815,20816
dwelling,11.6,0,52870.0942954416,53118.5849650271,248.490669585473,49.9308074037337,49.6888889484425,-0.241918455291206,,11.5666666062924,,20816,20932
planning,0.5,0,53118.5849650271,53131.7256847716,13.1407197445442,49.6888889484425,49.6760631158443,-0.0128258325982316,,,0.452966738156061,20932,20937
traveling,4.9,11.1803398874989,53131.7256847716,53301.1247431643,169.399058392657,49.6760631158443,49.5099776294166,-0.166085486427711,4.95013798388584,,,20937,20986
planning,0.1,0,53301.1247431643,53303.9545387671,2.82979560288368,49.5099776294166,49.5072121484582,-0.00276548095838791,,,0.0428256959265556,20986,20987
dwelling,9.49999999999998,0,53303.9545387671,53543.0822922808,239.12775351364,49.5072121484582,49.2738311914699,-0.233380956988356,,9.47777773279502,,20987,21082
planning,0.8,0,53543.0822922808,53564.8183394723,21.7360471914944,49.2738311914699,49.252592487424,-0.0212387040458992,,,0.736283800987925,21082,21090
traveling,4.7,10,53564.8183394723,53711.4750151084,146.656675636106,49.252592487424,49.1089667322839,-0.143625755140071,4.67558150513988,,,21090,21137
planning,0.9,0,53711.4750151084,53733.3292191084,21.8542040000248,49.1089667322839,49.0876370438305,-0.0213296884533349,,,0.825834057253302,21137,21146
dwelling,8.29999999999999,0,53733.3292191084,53924.3504997096,191.021280601177,49.0876370438305,48.9012811369352,-0.186355906895322,,8.24999993052595,,21146,21229
planning,0.1,0,53924.3504997096,53926.9452048384,2.59470512878761,48.9012811369352,48.8987458268154,-0.00253531011978936,,,0.00863933581821519,21229,21230
traveling,3.4,5,53926.9452048384,54034.2296087829,107.28440394457,48.8987458268154,48.7936049166413,-0.10514091017415,3.31935848632882,,,21230,21264
planning,0.8,0,54034.2296087829,54055.1591143981,20.9295056151386,48.7936049166413,48.7731484414696,-0.0204564751716561,,,0.792155139279222,21264,21272
dwelling,10.4,0,54055.1591143981,54276.7097076327,221.550593234606,48.7731484414696,48.5570728867649,-0.216075554704723,,10.3529411605088,,21272,21376
planning,0.9,0,54276.7097076327,54299.6831170594,22.9734094267187,48.5570728867649,48.5346168585716,-0.0224560281932611,,,0.862086966814272,21376,21385
traveling,3.9,7.07106781186548,54299.6831170594,54427.0777438276,127.394626768226,48.5346168585716,48.4096176148973,-0.124999243674303,3.83914322623019,,,21385,21424
planning,0.8,0,54427.0777438276,54449.5027822156,22.4250383879407,48.4096176148973,48.3876652731629,-0.0219523417344192,,,0.715331868542109,21424,21432
dwelling,15.3,0,54449.5027822156,54839.3896849251,389.886902709484,48.3876652731629,48.0063390309094,-0.3813262422535,,15.2666666662097,,21432,21585
planning,0.8,0,54839.3896849251,54862.1099990485,22.7203141234277,48.0063390309094,47.9840785661727,-0.0222604647367319,,,0.723159797163606,21585,21593
traveling,5,11.1803398874989,54862.1099990485,55028.237476938,166.12747788948,47.9840785661727,47.8208751225057,-0.163203443666966,5.0106934217797,,,21593,21643
planning,0.2,0,55028.237476938,55033.7476310346,5.51015409662796,47.8208751225057,47.8154771443998,-0.00539797810596099,,,0.11631343787982,21643,21645
dwelling,9.99999999999998,0,55033.7476310346,55296.8162305861,263.06859955156,47.8154771443998,47.5578624940232,-0.257614650376553,,9.9999999247993,,21645,21745
planning,0.4,0,55296.8162305861,55307.9834173972,11.1671868110425,47.5578624940232,47.5469157043781,-0.0109467896451036,,,0.345848821680267,21745,21749
traveling,3.5,5,55307.9834173972,55420.173259378,112.189841980784,47.5469157043781,47.4366900631979,-0.110225641180186,3.43007237714631,,,21749,21784
planning,1,0,55420.173259378,55447.3562279867,27.1829686087221,47.4366900631979,47.4100472148979,-0.0266428483000567,,,0.992996272968186,21784,21794
dwelling,6,0,55447.3562279867,55580.3306504092,132.974422422507,47.4100472148979,47.2800148834526,-0.13003233144525,,5.97058819965834,,21794,21854
planning,0.6,0,55580.3306504092,55594.6633209177,14.3326705084692,47.2800148834526,47.2659861911472,-0.0140286923054305,,,0.595266120378497,21854,21860
traveling,3.9,7.07106781186548,55594.6633209177,55706.7338435044,112.070522586706,47.2659861911472,47.1560072520105,-0.10997893913666,3.83914430325187,,,21860,21899
planning,0.9,0,55706.7338435044,55726.8901775443,20.156334039908,47.1560072520105,47.1362885890697,-0.019718662940825,,,0.858209353243969,21899,21908
dwelling,9.09999999999999,0,55726.8901775443,55903.0470751448,176.156897600522,47.1362885890697,46.9641821947023,-0.172106394367418,,9.09999997891702,,21908,21999
planning,0.1,0,55903.0470751448,55905.4099918464,2.36291670162609,46.9641821947023,46.9618684548429,-0.0023137398594244,,,0.0650878247479386,21999,22000
traveling,4.9,11.1803398874989,55905.4099918464,56063.0029315381,157.592939691654,46.9618684548429,46.8068385560976,-0.155029898745255,4.91796293291027,,,22000,22049
planning,0.5,0,56063.0029315381,56077.6996329891,14.6967014510301,46.8068385560976,46.7924025504902,-0.0144360056074504,,,0.473449356964029,22049,22054
dwelling,10.1,0,56077.6996329891,56326.1511176768,248.451484687677,46.7924025504902,46.5488765420589,-0.243526008431211,,10.0999999348145,,22054,22155
planning,0.7,0,56326.1511176768,56345.0496792371,18.8985615603015,46.5488765420589,46.5303266897264,-0.0185498523325265,,,0.635348194071585,22155,22162
traveling,4.7,10,56345.0496792371,56498.3037470761,153.254067839,46.5303266897264,46.3794399708516,-0.150886718874794,4.67558156332046,,,22162,22209
planning,0.8,0,56498.3037470761,56519.95397165,21.6502245738957,46.3794399708516,46.3581820564631,-0.0212579143885279,,,0.773071032809493,22209,22217
dwelling,10.6,0,56519.95397165,56774.5531424688,254.59917081883,46.3581820564631,46.1085090087729,-0.249673047690194,,10.5499999838562,,22217,22323
planning,0.8,0,56774.5531424688,56797.0297526788,22.4766102100257,46.1085090087729,46.0864177446163,-0.0220912641566215,,,0.705821591134839,22323,22331
traveling,4.9,11.1803398874989,56797.0297526788,56949.3159959136,152.286243234739,46.0864177446163,45.9364742049298,-0.149943539686433,4.93215271548266,,,22331,22380
planning,0.2,0,56949.3159959136,56953.8144387347,4.49844282109552,45.9364742049298,45.9320638298625,-0.00441037506734432,,,0.157157102730677,22380,22382
dwelling,12.3,0,56953.8144387347,57206.0712775487,252.256838814013,45.9320638298625,45.6849261176115,-0.247137712250975,,12.2999999672725,,22382,22505
planning,0.7,0,57206.0712775487,57221.3989367446,15.3276591958711,45.6849261176115,45.6698959346787,-0.0150301829328541,,,0.636841430112357,22505,22512
traveling,4.1,7.07106781186548,57221.3989367446,57337.1963777436,115.797440999006,45.6698959346787,45.5559590714787,-0.113936863199989,4.04258753513146,,,22512,22553
planning,0.7,0,57337.1963777436,57354.3479469504,17.1515692068497,45.5559590714787,45.5391147461709,-0.0168443253077442,,,0.693465733794527,22553,22560
dwelling,11.5,0,57354.3479469504,57618.812269291,264.464322340566,45.5391147461709,45.2795135247861,-0.259601221384791,,11.4588234485978,,22560,22675
planning,0.5,0,57618.812269291,57631.6209176159,12.8086483248844,45.2795135247861,45.2669210221583,-0.0125925026278182,,,0.422567572331139,22675,22680
traveling,3.3,5,57631.6209176159,57735.8370908132,104.216173197281,45.2669210221583,45.1641345204592,-0.102786501699129,3.24081874537271,,,22680,22713
planning,1,0,57735.8370908132,57763.142841061,27.3057502478405,45.1641345204592,45.1372608918374,-0.0268736286218285,,,0.911206015663563,22713,22723
dwelling,8.49999999999999,0,57763.142841061,57951.2263916415,188.083550580544,45.1372608918374,44.9525881074524,-0.184672784385008,,8.42499999356516,,22723,22808
planning,0.4,0,57951.2263916415,57961.3688172311,10.1424255895472,44.9525881074524,44.9426120842116,-0.00997602324076752,,,0.391006267512221,22808,22812
traveling,5,11.1803398874989,57961.3688172311,58120.0061805878,158.637363356669,44.9426120842116,44.7860251893037,-0.156586894907868,4.99650281944939,,,22812,22862
planning,0.6,0,58120.0061805878,58135.9768272337,15.9706466459902,44.7860251893037,44.7703016154077,-0.0157235738960395,,,0.586498312226834,22862,22868
dwelling,10.9,0,58135.9768272337,58402.2686176585,266.291790424788,44.7703016154077,44.5083448026751,-0.261956812732585,,10.8666666382735,,22868,22977
planning,0.5,0,58402.2686176585,58415.7681674359,13.4995497773489,44.5083448026751,44.4950447231725,-0.0133000795026419,,,0.484243817192869,22977,22982
traveling,4.9,11.1803398874989,58415.7681674359,58592.4772459762,176.709078540276,44.4950447231725,44.3200705058263,-0.174974217346154,4.95013798396695,,,22982,23031
planning,1,0,58592.4772459762,58619.2863342148,26.8090882386168,44.3200705058263,44.2936501639543,-0.0264203418719831,,,0.963146916026253,23031,23041
dwelling,8.59999999999999,0,58619.2863342148,58806.9283375674,187.642003352594,44.2936501639543,44.1091489142589,-0.184501249695437,,8.59999999454523,,23041,23127
planning,0.9,0,58806.9283375674,58829.7558087103,22.8274711429185,44.1091489142589,44.0866595892645,-0.022489324994396,,,0.844044467702702,23127,23136
traveling,4.7,10,58829.7558087103,58978.9670328777,149.211224167397,44.0866595892645,43.9391407806584,-0.147518808606122,4.67558150454412,,,23136,23183
planning,0.1,0,58978.9670328777,58981.6562377436,2.68920486593561,43.9391407806584,43.936488577112,-0.00265220354637563,,,0.0592351721405673,23183,23184
dwelling,9.09999999999999,0,58981.6562377436,59192.8805184976,211.224280753959,43.936488577112,43.7285076770031,-0.207980900108929,,9.02499995334464,,23184,23275
planning,0.2,0,59192.8805184976,59197.8627910821,4.9822725844715,43.7285076770031,43.7235967835952,-0.00491089340787454,,,0.110898206859027,23275,23277
traveling,3.4,5,59197.8627910821,59303.400381057,105.537589974905,43.7235967835952,43.619222086407,-0.10437469718822,3.31935848406317,,,23277,23311
planning,0.6,0,59303.400381057,59320.2375786685,16.8371976115523,43.619222086407,43.6025961516725,-0.0166259347345132,,,0.566060693628984,23311,23317
dwelling,10.5,0,59320.2375786685,59554.6494522003,234.411873531746,43.6025961516725,43.3717179618565,-0.230878189816003,,10.4647058077112,,23317,23422
planning,0.5,0,59554.6494522003,59567.3765644858,12.7271122855091,43.3717179618565,43.3591608469893,-0.0125571148671142,,,0.426512355384616,23422,23427
traveling,3.9,7.07106781186548,59567.3765644858,59691.3559478916,123.979383405829,43.3591608469893,43.2364106660094,-0.122750180979949,3.83914292523952,,,23427,23466
planning,0.8,0,59691.3559478916,59712.2257054147,20.8697575231272,43.2364106660094,43.2158074462184,-0.0206032197909707,,,0.746039230770283,23466,23474
dwelling,15.2,0,59712.2257054147,60051.1781164179,338.9524110032,43.2158074462184,42.8816931597972,-0.334114286421261,,15.1666666350398,,23474,23626
planning,0.5,0,60051.1781164179,60063.758320868,12.5802044501106,42.8816931597972,42.8692706160989,-0.0124225436982499,,,0.40710188557896,23626,23631
traveling,5,11.1803398874989,60063.758320868,60227.6932863572,163.934965489127,42.8692706160989,42.7067117066838,-0.162558909415061,5.01069248706827,,,23631,23681
planning,0.7,0,60227.6932863572,60247.1671468562,19.4738604990562,42.7067117066838,42.6874492653485,-0.0192624413353215,,,0.647167550031969,23681,23688
dwelling,9.29999999999998,0,60247.1671468562,60476.5685183615,229.401371505272,42.6874492653485,42.4608389175283,-0.226610347820191,,9.27499998787627,,23688,23781
planning,0.7,0,60476.5685183615,60496.6719489304,20.1034305688663,42.4608389175283,42.4409346926987,-0.0199042248296664,,,0.671124954042416,23781,23788
traveling,3.5,5,60496.6719489304,60611.1009292316,114.428980301243,42.4409346926987,42.3273839030311,-0.113550789667521,3.43007237677587,,,23788,23823
planning,0.7,0,60611.1009292316,60630.6110595114,19.5101302797775,42.3273839030311,42.3080700203972,-0.0193138826339236,,,0.605147121927539,23823,23830
dwelling,6.29999999999999,0,60630.6110595114,60786.4017091246,155.790649613278,42.3080700203972,42.1540563386812,-0.15401368171603,,6.21764702572357,,23830,23893
planning,0.5,0,60786.4017091246,60801.211673555,14.8099644303875,42.1540563386812,42.1393771927859,-0.0146791458953075,,,0.4098705826341,23893,23898
traveling,3.9,7.07106781186548,60801.211673555,60929.2296858895,128.018012334505,42.1393771927859,42.0122500651141,-0.127127127671791,3.83914430325189,,,23898,23937
planning,0.7,0,60929.2296858895,60947.0115672634,17.7818813738777,42.0122500651141,41.9946573910392,-0.0175926740749262,,,0.672402518726976,23937,23944
dwelling,9.29999999999998,0,60947.0115672634,61151.3756188698,204.364051606382,41.9946573910392,41.7927677836722,-0.201889607366965,,9.29999995914133,,23944,24037
planning,0.2,0,61151.3756188698,61156.6043335874,5.22871471763938,41.7927677836722,41.7875904644923,-0.00517731917992847,,,0.155177151945304,24037,24039
traveling,4.9,11.1803398874989,61156.6043335874,61315.2281519947,158.623818407228,41.7875904644923,41.629973868312,-0.157616596180283,4.91796373094586,,,24039,24088
planning,0.2,0,61315.2281519947,61320.289362593,5.06121059828001,41.629973868312,41.6249627924258,-0.00501107588615923,,,0.160405321542629,24088,24090
dwelling,10.4,0,61320.289362593,61556.3011726841,236.011810091157,41.6249627924258,41.3915343681051,-0.233428424320749,,10.32222222189,,24090,24194
planning,0.2,0,61556.3011726841,61561.4961054692,5.19493278509617,41.3915343681051,41.3863865386878,-0.0051478294172469,,,0.170076556733805,24194,24196
traveling,4.7,10,61561.4961054692,61715.1992634408,153.703157971569,41.3863865386878,41.2335006186326,-0.152885920055198,4.67558156014165,,,24196,24243
planning,0.5,0,61715.1992634408,61729.0179042147,13.818640773934,41.2335006186326,41.2197909669137,-0.0137096517189406,,,0.485694884428433,24243,24248
dwelling,10.8,0,61729.0179042147,61987.135066852,258.117162637282,41.2197909669137,40.9641146592896,-0.255676307624135,,10.7249999960444,,24248,24356
planning,0.8,0,61987.135066852,62007.841209954,20.7061431020484,40.9641146592896,40.9435778681406,-0.0205367911489631,,,0.779683452532855,24356,24364
traveling,4.9,11.1803398874989,62007.841209954,62168.1898651898,160.348655235764,40.9435778681406,40.7839261642902,-0.1596517038504,4.93215271436221,,,24364,24413
planning,1,0,62168.1898651898,62194.6702638714,26.4803986815896,40.7839261642902,40.7576438984692,-0.0262822658209814,,,0.947909745809208,24413,24423
dwelling,11.3,0,62194.6702638714,62464.317246876,269.646983004634,40.7576438984692,40.4902786386929,-0.267365259776319,,11.299999976534,,24423,24536
planning,0.3,0,62464.317246876,62472.5182035656,8.2009566896013,40.4902786386929,40.4821303833203,-0.00814825537263886,,,0.281272707066049,24536,24539
traveling,4.1,7.07106781186548,62472.5182035656,62609.0412094432,136.523005877585,40.4821303833203,40.3460211968206,-0.136109186499709,4.04258753459782,,,24539,24580
planning,1,0,62609.0412094432,62636.2832127221,27.2420032789378,40.3460211968206,40.3189461617903,-0.0270750350302364,,,0.987045241544237,24580,24590
dwelling,11,0,62636.2832127221,62903.6818727215,267.398659999315,40.3189461617903,40.0534898158735,-0.265456345916846,,10.9647058808401,,24590,24700
planning,0.6,0,62903.6818727215,62921.1521031351,17.470230413659,40.0534898158735,40.0360987684209,-0.017391047452584,,,0.540196393299808,24700,24706
traveling,3.3,5,62921.1521031351,63030.0510873551,108.898984219995,40.0360987684209,39.9274534345282,-0.10864533389271,3.24081772910426,,,24706,24739
planning,0.5,0,63030.0510873551,63044.2382213788,14.1871340236539,39.9274534345282,39.9133320055334,-0.0141214289947413,,,0.455303324254856,24739,24744
dwelling,8.79999999999999,0,63044.2382213788,63276.9960497713,232.757828392518,39.9133320055334,39.6818119248876,-0.231520080645794,,8.74999998369409,,24744,24832
planning,0.5,0,63276.9960497713,63290.5125909885,13.5165412172428,39.6818119248876,39.6683596224231,-0.0134523024645148,,,0.479054482674173,24832,24837
traveling,5,11.1803398874989,63290.5125909885,63452.0409798292,161.52838884067,39.6683596224231,39.5071109720287,-0.16124865039442,4.99650281905019,,,24837,24887
planning,0.1,0,63452.0409798292,63454.7393751417,2.69839531251637,39.5071109720287,39.5044244203022,-0.00268655172652643,,,0.0123942328843389,24887,24888
dwelling,11.3,0,63454.7393751417,63712.2100874006,257.470712258895,39.5044244203022,39.2485502425744,-0.255874177727733,,11.299999968152,,24888,25001
planning,0.1,0,63712.2100874006,63714.6321846976,2.42209729699971,39.2485502425744,39.2461407143263,-0.00240952824813689,,,0.00586800015756839,25001,25002
traveling,4.9,11.1803398874989,63714.6321846976,63846.6881617267,132.055977029042,39.2461407143263,39.1145469295021,-0.131593784824226,4.95013876276719,,,25002,25051
planning,0.5,0,63846.6881617267,63856.928697269,10.2405355423325,39.1145469295021,39.1043755061914,-0.010171423310716,,,0.401752084369013,25051,25056
dwelling,8.99999999999999,0,63856.928697269,64038.1562880048,181.227590735783,39.1043755061914,38.9243604799762,-0.180015026215216,,8.94444443576455,,25056,25146
planning,0.9,0,64038.1562880048,64057.4853306698,19.329042665071,38.9243604799762,38.9051434133535,-0.0192170666226303,,,0.880486414991911,25146,25155
traveling,4.7,10,64057.4853306698,64179.5988582698,122.113527599991,38.9051434133535,38.7834228817967,-0.121720531556797,4.6755815003167,,,25155,25202
planning,0.8,0,64179.5988582698,64197.190829889,17.5919716192002,38.7834228817967,38.7659224517167,-0.0175004300799841,,,0.729312694427609,25202,25210
dwelling,8.19999999999999,0,64197.190829889,64368.7966043137,171.605774424708,38.7659224517167,38.5952597541167,-0.170662697600044,,8.17499995668162,,25210,25292
planning,0.1,0,64368.7966043137,64371.206907566,2.41030325225438,38.5952597541167,38.5928583925999,-0.00240136151678882,,,0.0416353745085424,25292,25293
traveling,3.4,5,64371.206907566,64468.6252792622,97.4183716961779,38.5928583925999,38.4955550167575,-0.0973033758423583,3.3193584794931,,,25293,25327
planning,0.8,0,64468.6252792622,64487.8297822378,19.2045029756555,38.4955550167575,38.4764177127643,-0.0191373039932401,,,0.768261617779365,25327,25335
dwelling,10.1,0,64487.8297822378,64715.5620705601,227.73228832223,38.4764177127643,38.249574781475,-0.226842931289305,,10.0882352694634,,25335,25436
planning,0.4,0,64715.5620705601,64726.0795564208,10.5174858606915,38.249574781475,38.2390757086839,-0.010499072791113,,,0.392480521433341,25436,25440
traveling,3.9,7.07106781186548,64726.0795564208,64843.2664311045,117.186874683743,38.2390757086839,38.121834672807,-0.117241035876923,3.83914292517502,,,25440,25479
planning,0.3,0,64843.2664311045,64850.1261150478,6.85968394330848,38.121834672807,38.1149968676611,-0.00683780514587085,,,0.278844576799803,25479,25482
dwelling,15.5,0,64850.1261150478,65191.4050693972,341.278954349436,38.1149968676611,37.7747871761588,-0.340209691502317,,15.4333333131635,,25482,25637
planning,0.5,0,65191.4050693972,65202.9206459539,11.5155765566888,37.7747871761588,37.7632974458587,-0.0114897303000774,,,0.448284708553381,25637,25642
traveling,5,11.1803398874989,65202.9206459539,65352.1087857269,149.188139772981,37.7632974458587,37.6138579480729,-0.149439497785835,5.0106924863623,,,25642,25692
planning,0.3,0,65352.1087857269,65359.6157779931,7.50699226620782,37.6138579480729,37.6063572321027,-0.00750071597021673,,,0.247365455012074,25692,25695
dwelling,9.59999999999998,0,65359.6157779931,65582.6958676281,223.080089635019,37.6063572321027,37.3835993619779,-0.222757870124774,,9.54999996907052,,25695,25791
planning,0.1,0,65582.6958676281,65585.286104504,2.59023687586887,37.3835993619779,37.3810086405728,-0.00259072140507755,,,0.057319675548279,25791,25792
traveling,3.5,5,65585.286104504,65690.0358659524,104.749761448358,37.3810086405728,37.2759963262107,-0.105012314362135,3.43007237564611,,,25792,25827
planning,0.8,0,65690.0358659524,65709.9963514322,19.9604854798818,37.2759963262107,37.2560357029411,-0.019960623269597,,,0.774440168307968,25827,25835
dwelling,6,0,65709.9963514322,65849.5920731131,139.595721680889,37.2560357029411,37.1165277916289,-0.139507911312172,,5.95882351889481,,25835,25895
planning,0.9,0,65849.5920731131,65873.0733210346,23.4812479214597,37.1165277916289,37.0930232063785,-0.0235045852503504,,,0.803425255152639,25895,25904
traveling,3.9,7.07106781186548,65873.0733210346,65999.8219280864,126.748607051777,37.0930232063785,36.9656826564346,-0.127340549943924,3.83914429725527,,,25904,25943
planning,0.4,0,65999.8219280864,66010.8986903227,11.0767622363055,36.9656826564346,36.9545816522416,-0.0111010041930157,,,0.327905823001782,25943,25947
dwelling,9.49999999999998,0,66010.8986903227,66255.7990408794,244.900350556753,36.9545816522416,36.7093019565975,-0.245279695644086,,9.43333332540705,,25947,26042
planning,0.9,0,66255.7990408794,66281.158453433,25.359412553531,36.7093019565975,36.6838632552231,-0.0254387013743766,,,0.894504315069635,26042,26051
traveling,4.9,11.1803398874989,66281.158453433,66448.3539997611,167.195546328134,36.6838632552231,36.5155429639071,-0.168320291316029,4.91796372936592,,,26051,26100
planning,0.7,0,66448.3539997611,66465.9264756977,17.5724759366421,36.5155429639071,36.497934745191,-0.0176082187161484,,,0.699638192497042,26100,26107
dwelling,9.79999999999998,0,66465.9264756977,66675.9870539529,210.060578255128,36.497934745191,36.2877776612177,-0.210157083973279,,9.74444443231187,,26107,26205
planning,0.5,0,66675.9870539529,66688.7044388995,12.7173849466635,36.2877776612177,36.275024636702,-0.0127530245157246,,,0.454125370156574,26205,26210
traveling,4.7,10,66688.7044388995,66831.1909149574,142.486476057878,36.275024636702,36.1317269551645,-0.143297681537454,4.67558156648218,,,26210,26257
planning,0.2,0,66831.1909149574,66836.0937983099,4.90288335246441,36.1317269551645,36.1268107164846,-0.00491623867994662,,,0.161698661883647,26257,26259
dwelling,11.3,0,66836.0937983099,67107.7137831259,271.619984816003,36.1268107164846,35.8544112238264,-0.272399492658202,,11.2749999985693,,26259,26372
planning,0.7,0,67107.7137831259,67127.4354261602,19.7216430343105,35.8544112238264,35.8345832001286,-0.0198280236977553,,,0.616198049076283,26372,26379
traveling,4.9,11.1803398874989,67127.4354261602,67300.9622631356,173.526836975405,35.8345832001286,35.6593703873879,-0.175212812740718,4.93215271494876,,,26379,26428
planning,0.3,0,67300.9622631356,67309.2567987468,8.29453561123228,35.6593703873879,35.6510291033832,-0.00834128400465062,,,0.243287947659203,26428,26431
dwelling,12.1,0,67309.2567987468,67603.8540330508,294.597234304019,35.6510291033832,35.3551519643929,-0.295877138990328,,12.0999999241986,,26431,26552
planning,0.5,0,67603.8540330508,67618.2766861857,14.4226531348249,35.3551519643929,35.3406267564467,-0.0145252079461713,,,0.486349815726387,26552,26557
traveling,4.1,7.07106781186548,67618.2766861857,67756.7810956041,138.504409418412,35.3406267564467,35.200726220307,-0.139900536139784,4.0425875352175,,,26557,26598
planning,0.5,0,67756.7810956041,67771.3788775489,14.5977819448599,35.200726220307,35.1860156633531,-0.0147105569538155,,,0.419934505216777,26598,26603
dwelling,11.7,0,67771.3788775489,68048.386617307,277.007739758075,35.1860156633531,34.9075474898324,-0.278468173520785,,11.6764705697437,,26603,26720
planning,0.8,0,68048.386617307,68069.0891365724,20.7025192653964,34.9075474898324,34.8867038267836,-0.0208436630487725,,,0.72514908782635,26720,26728
traveling,3.3,5,68069.0891365724,68173.4992568747,104.410120302316,34.8867038267836,34.7812328303317,-0.105470996451864,3.24081874537376,,,26728,26761
planning,0.1,0,68173.4992568747,68176.1593007944,2.66004391972092,34.7812328303317,34.7785527685609,-0.00268006177085311,,,0.0451056940149334,26761,26762
dwelling,9.39999999999998,0,68176.1593007944,68400.60836539,224.449064595581,34.7785527685609,34.5526572200105,-0.225895548550383,,9.32499993572959,,26762,26856
planning,0.3,0,68400.60836539,68409.1996336667,8.59126827663567,34.5526572200105,34.5439863778935,-0.00867084211697033,,,0.291933838956569,26856,26859
traveling,5,11.1803398874989,68409.1996336667,68574.4379119644,165.238278297722,34.5439863778935,34.3767563230199,-0.167230054873627,4.99650281984454,,,26859,26909
planning,0.3,0,68574.4379119644,68581.6467555541,7.2088435896876,34.3767563230199,34.3694945730262,-0.00726174999366691,,,0.263749891041455,26909,26912
dwelling,11.3,0,68581.6467555541,68835.8338242102,254.18706865616,34.3694945730262,34.1135380170275,-0.255956555998722,,11.233333283718,,26912,27025
planning,0.3,0,68835.8338242102,68842.9456335374,7.11180932719435,34.1135380170275,34.1063697910141,-0.00716822601344091,,,0.259933904052145,27025,27028
traveling,4.9,11.1803398874989,68842.9456335374,68990.1263662822,147.18073274476,34.1063697910141,33.9574664400012,-0.148903351012812,4.95013798390215,,,27028,27077
planning,0.7,0,68990.1263662822,69007.4772923471,17.3509260648862,33.9574664400012,33.9399597785023,-0.017506661498949,,,0.680212766991965,27077,27084
dwelling,8.89999999999999,0,69007.4772923471,69201.363318289,193.886025941931,33.9399597785023,33.7445743213921,-0.195385457110206,,8.87777770438183,,27084,27173
planning,0.3,0,69201.363318289,69208.6510872532,7.28776896414638,33.7445743213921,33.737218589635,-0.00735573175708737,,,0.255872840709117,27173,27176
traveling,4.7,10,69208.6510872532,69343.1729350444,134.521847791257,33.737218589635,33.6010921220879,-0.136126467547108,4.67558149962528,,,27176,27223
planning,0.6,0,69343.1729350444,69356.7264506438,13.5535155993857,33.6010921220879,33.5874184609871,-0.0136736611007748,,,0.574624661456834,27223,27229
dwelling,8.39999999999999,0,69356.7264506438,69543.319725566,186.593274922256,33.5874184609871,33.3991489000276,-0.188269560959554,,8.34999999391433,,27229,27313
planning,0.5,0,69543.319725566,69555.5163392958,12.1966137297131,33.3991489000276,33.3868252073599,-0.0123236926676569,,,0.49028645713498,27313,27318
traveling,3.4,5,69555.5163392958,69653.4294674183,97.9131281225127,33.3868252073599,33.2876357017449,-0.099189505614973,3.31935848086961,,,27318,27352
planning,0.6,0,69653.4294674183,69667.5671698475,14.1377024292597,33.2876357017449,33.273352120287,-0.0142835814579243,,,0.548379321579915,27352,27358
dwelling,10.4,0,69667.5671698475,69880.737884304,213.170714456515,33.273352120287,33.0582473965588,-0.215104723728246,,10.3411763945867,,27358,27462
planning,0.8,0,69880.737884304,69898.2360027659,17.4981184618227,33.0582473965588,33.0405720888781,-0.0176753076806264,,,0.725907788933603,27462,27470
traveling,3.9,7.07106781186548,69898.2360027659,70012.8190187085,114.58301594267,33.0405720888781,32.924326867898,-0.116245220980161,3.83914292521476,,,27470,27509
planning,0.4,0,70012.8190187085,70022.8787301234,10.0597114148113,32.924326867898,32.9141437754703,-0.0101830924276953,,,0.377309193610286,27509,27513
dwelling,15.5,0,70022.8787301234,70354.0036996998,331.124969576471,32.9141437754703,32.5794408790345,-0.334702896435743,,15.4666666270772,,27513,27668
planning,0.4,0,70354.0036996998,70363.289669351,9.28596965118777,32.5794408790345,32.5700406752703,-0.00940020376418715,,,0.304447329180671,27668,27672
traveling,5,11.1803398874989,70363.289669351,70519.3645714505,156.074902099441,32.5700406752703,32.4112804703582,-0.158760204912191,5.01069248707334,,,27672,27722
planning,0.2,0,70519.3645714505,70524.3766002182,5.01202876769821,32.4112804703582,32.406199244875,-0.00508122548315271,,,0.143906250989125,27722,27724
dwelling,9.79999999999998,0,70524.3766002182,70745.0200535007,220.643453282581,32.406199244875,32.1827272063965,-0.223472038478519,,9.77499999189592,,27724,27822
planning,0.4,0,70745.0200535007,70754.1832429754,9.16318947469699,32.1827272063965,32.173441366867,-0.00928583952948259,,,0.386982263581377,27822,27826
traveling,3.5,5,70754.1832429754,70849.7217043594,95.5384613839851,32.173441366867,32.0763720975443,-0.0970692693227306,3.43007237613111,,,27826,27861
planning,1,0,70849.7217043594,70872.4918623519,22.7701579925342,32.0763720975443,32.0532905923028,-0.0230815052414641,,,0.998582747964093,27861,27871
dwelling,5.9,0,70872.4918623519,70998.4260541467,125.93419179479,32.0532905923028,31.9256985246655,-0.12759206763733,,5.82941172298619,,27871,27930
planning,0.1,0,70998.4260541467,71000.6505245311,2.22447038437531,31.9256985246655,31.9234432700133,-0.00225525465218723,,,0.0381372102780683,27930,27931
traveling,3.9,7.07106781186548,71000.6505245311,71105.4878464476,104.83732191645,31.9234432700133,31.8168615949475,-0.106581675065836,3.83914429363647,,,27931,27970
planning,0.2,0,71105.4878464476,71109.9134424881,4.42559604057169,31.8168615949475,31.8123734650365,-0.00448812991092851,,,0.150697854635321,27970,27972
dwelling,9.59999999999998,0,71109.9134424881,71309.8188617282,199.905419240051,31.8123734650365,31.6096968080634,-0.202676656973107,,9.53333327677526,,27972,28068
planning,0.9,0,71309.8188617282,71332.7235828821,22.9047211539437,31.6096968080634,31.5864113972533,-0.0232854108100895,,,0.862887687318,28068,28077
traveling,4.9,11.1803398874989,71332.7235828821,71488.389489692,155.665906809823,31.5864113972533,31.4275478612469,-0.158863536006422,4.91796373033909,,,28077,28126
planning,0.5,0,71488.389489692,71501.6445316978,13.2550420058251,31.4275478612469,31.4140572265956,-0.0134906346513262,,,0.469204663912107,28126,28131
dwelling,9.99999999999998,0,71501.6445316978,71724.7306913616,223.086159663857,31.4140572265956,31.1874184979908,-0.226638728604737,,9.99999993497229,,28131,28231
planning,0.2,0,71724.7306913616,71729.8101701066,5.07947874495585,31.1874184979908,31.1822478264599,-0.00517067153096562,,,0.110741618851839,28231,28233
traveling,4.7,10,71729.8101701066,71886.5813899854,156.771219878821,31.1822478264599,31.0218855996343,-0.160362226825601,4.67558155950416,,,28233,28280
planning,1,0,71886.5813899854,71911.3786979121,24.7973079266667,31.0218855996343,30.9966363026405,-0.0252492969937563,,,0.930238086075875,28280,28290
dwelling,10.2,0,71911.3786979121,72152.3462232809,240.967525368789,30.9966363026405,30.7513127639176,-0.245323538722925,,10.1999999436978,,28290,28392
planning,0.4,0,72152.3462232809,72162.7429184398,10.3966951588955,30.7513127639176,30.7407107082167,-0.0106020557008542,,,0.3048808538067,28392,28396
traveling,4.9,11.1803398874989,72162.7429184398,72319.4963354158,156.753416976004,30.7407107082167,30.5802742800616,-0.160436428155162,4.93215381236833,,,28396,28445
planning,0.8,0,72319.4963354158,72339.760341964,20.2640065482119,30.5802742800616,30.5596049494136,-0.0206693306479515,,,0.701905874698358,28445,28453
dwelling,11.3,0,72339.760341964,72588.8561766569,249.095834692882,30.5596049494136,30.3058520392682,-0.25375291014538,,11.2999999928737,,28453,28566
planning,1,0,72588.8561766569,72613.3248794304,24.4687027735199,30.3058520392682,30.28088224733,-0.0249697919382363,,,0.902128341849298,28566,28576
traveling,4.1,7.07106781186548,72613.3248794304,72732.3138927763,118.989013345883,30.28088224733,30.1591184786862,-0.121763768643834,4.04258753493857,,,28576,28617
planning,1,0,72732.3138927763,72759.9555948124,27.641702036155,30.1591184786862,30.1308483902736,-0.0282700884126115,,,0.903164909321101,28617,28627
dwelling,11.1,0,72759.9555948124,73049.5030105029,289.547415690467,30.1308483902736,29.8347954782508,-0.296052912022741,,11.0352941067529,,28627,28738
planning,0.9,0,73049.5030105029,73074.1407501571,24.6377396542375,29.8347954782508,29.8095731557663,-0.0252223224845309,,,0.896086750728657,28738,28747
traveling,3.3,5,73074.1407501571,73175.0428582448,100.902108087685,29.8095731557663,29.7060685945139,-0.103504561252354,3.24081874703941,,,28747,28780
planning,0.9,0,73175.0428582448,73198.7526431785,23.7097849336715,29.7060685945139,29.6817990085202,-0.0242695859937285,,,0.862326417092554,28780,28789
dwelling,8.59999999999999,0,73198.7526431785,73414.9281194749,216.175476296441,29.6817990085202,29.4605667072459,-0.22123230127432,,8.57499999755706,,28789,28875
planning,0.1,0,73414.9281194749,73417.8560798618,2.92796038686356,29.4605667072459,29.4575623895527,-0.00300431769321108,,,0.073360428909191,28875,28876
traveling,5,11.1803398874989,73417.8560798618,73590.124551568,172.268471706266,29.4575623895527,29.2802143895266,-0.177348000026051,4.99650281944576,,,28876,28926
planning,0.2,0,73590.124551568,73595.4754958401,5.35094427209697,29.2802143895266,29.2747278711854,-0.00548651834123959,,,0.135956273555783,28926,28928
dwelling,11.3,0,73595.4754958401,73874.7680558458,279.292560005633,29.2747278711854,28.988518701196,-0.28620916998937,,11.2666666507072,,28928,29041
planning,0.9,0,73874.7680558458,73900.9946859591,26.226630113335,28.988518701196,28.9615636250186,-0.0269550761774084,,,0.874529543098808,29041,29050
traveling,4.9,11.1803398874989,73900.9946859591,74078.3876426733,177.392956714189,28.9615636250186,28.7784213413521,-0.183142283666509,4.95013798385928,,,29050,29099
planning,0.8,0,74078.3876426733,74101.0622058672,22.6745631938829,28.7784213413521,28.7551095920894,-0.0233117492626747,,,0.704940256950778,29099,29107
dwelling,8.79999999999999,0,74101.0622058672,74317.6094520869,216.547246219663,28.7551095920894,28.5328258739862,-0.222283718103213,,8.7666665941299,,29107,29195
planning,0.8,0,74317.6094520869,74338.7078087585,21.0983566716604,28.5328258739862,28.5111385046069,-0.0216873693793502,,,0.76605587667179,29195,29203
traveling,4.7,10,74338.7078087585,74488.3239477325,149.616138973943,28.5111385046069,28.3568051823039,-0.154333322303014,4.67558150651377,,,29203,29250
planning,0.2,0,74488.3239477325,74493.2995333566,4.97558562412451,28.3568051823039,28.3516917024085,-0.0051134798953818,,,0.194571181279064,29250,29252
dwelling,8.99999999999999,0,74493.2995333566,74690.0598777722,196.760344415656,28.3516917024085,28.149728218676,-0.201963483732477,,8.99999993779648,,29252,29342
planning,1,0,74690.0598777722,74716.3878544479,26.3279766756605,28.149728218676,28.1226273417004,-0.0271008769755738,,,0.97540246634745,29342,29352
traveling,3.4,5,74716.3878544479,74824.072334589,107.684480141121,28.1226273417004,28.0114131699569,-0.111214171743477,3.31935848768171,,,29352,29386
planning,0.1,0,74824.072334589,74826.8136408397,2.7413062507112,28.0114131699569,28.0085883995471,-0.00282477040987317,,,0.0854743199139977,29386,29387
dwelling,11.2,0,74826.8136408397,75074.8157214874,248.002080647682,28.0085883995471,27.7536290653489,-0.254959334198187,,11.1058822570939,,29387,29499
planning,0.8,0,75074.8157214874,75093.0745953828,18.2588738953928,27.7536290653489,27.7348423378054,-0.0187867275435067,,,0.788144774574581,29499,29507
traveling,3.9,7.07106781186548,75093.0745953828,75205.3566668396,112.282071456808,27.7348423378054,27.6188970263089,-0.115945311496521,3.83914322780891,,,29507,29546
planning,0.6,0,75205.3566668396,75219.6307363051,14.2740694654494,27.6188970263089,27.60419535933,-0.01470166697883,,,0.507194513506639,29546,29552
dwelling,15.8,0,75219.6307363051,75562.5563438587,342.925607553654,27.60419535933,27.2511475165928,-0.353047842737197,,15.7666665735004,,29552,29710
planning,0.9,0,75562.5563438587,75585.1867162363,22.6303723775636,27.2511475165928,27.2277885647078,-0.0233589518850117,,,0.870974114272991,29710,29719
traveling,5,11.1803398874989,75585.1867162363,75732.8544537707,147.667737534386,27.2277885647078,27.0749392566941,-0.152849308013764,5.01069342430893,,,29719,29769
planning,0.3,0,75732.8544537707,75740.6224948121,7.76804104141775,27.0749392566941,27.0669126963966,-0.00802656029744497,,,0.276243677795379,29769,29772
dwelling,9.99999999999998,0,75740.6224948121,75987.4404894324,246.817994620287,27.0669126963966,26.8119174365592,-0.254995259837415,,9.9999999396168,,29772,29872
planning,0.5,0,75987.4404894324,76000.8074723216,13.3669828892307,26.8119174365592,26.7980847514028,-0.0138326851564265,,,0.469600672884352,29872,29877
traveling,3.5,5,76000.8074723216,76105.9201876431,105.11271532152,26.7980847514028,26.6890726622247,-0.109012089178059,3.43007237785957,,,29877,29912
planning,0.7,0,76105.9201876431,76123.8780356514,17.9578480083146,26.6890726622247,26.6704912184371,-0.0185814437876282,,,0.670302270590279,29912,29919
dwelling,6.39999999999999,0,76123.8780356514,76270.8145681566,146.936532505191,26.6704912184371,26.518625234031,-0.151865984406044,,6.37647056561458,,29919,29983
planning,1,0,76270.8145681566,76297.1128607499,26.2982925932738,26.518625234031,26.4913852747157,-0.0272399593153523,,,0.920825460491172,29983,29993
traveling,3.9,7.07106781186548,76297.1128607499,76424.4891054675,127.376244717641,26.4913852747157,26.3589147170624,-0.132470557653317,3.83914430926241,,,29993,30032
planning,0.1,0,76424.4891054675,76427.2206369139,2.73153144636308,26.3589147170624,26.3560821284031,-0.00283258865924907,,,0.0127801067439096,30032,30033
dwelling,10.2,0,76427.2206369139,76669.1331712191,241.9125343052,26.3560821284031,26.1055876384637,-0.250494489939403,,10.1333332780345,,30033,30135
planning,0.6,0,76669.1331712191,76684.9348354512,15.8016642320727,26.1055876384637,26.0891931128263,-0.0163945256374269,,,0.51068190754987,30135,30141
traveling,4.9,11.1803398874989,76684.9348354512,76841.9404476862,157.005612234992,26.0891931128263,25.925679266076,-0.163513846750241,4.91796373876301,,,30141,30190
planning,0.2,0,76841.9404476862,76846.7553525535,4.81490486738039,25.925679266076,25.9206864377613,-0.00499282831469827,,,0.177822164340577,30190,30192
dwelling,10.8,0,76846.7553525535,77088.4343417889,241.678989235399,25.9206864377613,25.6701738698168,-0.250512567944572,,10.7111111040717,,30192,30300
planning,0.9,0,77088.4343417889,77112.8921207578,24.4577789688337,25.6701738698168,25.6447410792031,-0.0254327906136496,,,0.848624515713548,30300,30309
traveling,4.7,10,77112.8921207578,77281.4073477717,168.515227013908,25.6447410792031,25.4685184007858,-0.17622267841735,4.67558157525304,,,30309,30356
planning,0.2,0,77281.4073477717,77287.7434827868,6.33613501512446,25.4685184007858,25.4619078114839,-0.00661058930189284,,,0.171047218770762,30356,30358
dwelling,11.7,0,77287.7434827868,77589.9587316535,302.215248866676,25.4619078114839,25.1474098677675,-0.314497943716336,,11.6249999903386,,30358,30475
planning,0.6,0,77589.9587316535,77606.4765388646,16.5178072111303,25.1474098677675,25.1301930780122,-0.017216789755377,,,0.551340185573334,30475,30481
traveling,4.9,11.1803398874989,77606.4765388646,77761.5471340385,155.070595173864,25.1301930780122,24.9680961458655,-0.162096932146664,4.93215271714616,,,30481,30530
planning,0.6,0,77761.5471340385,77775.8613588933,14.3142248548247,24.9680961458655,24.9531955747033,-0.0149005711621726,,,0.589922748114712,30530,30536
dwelling,12.2,0,77775.8613588933,78030.9809696455,255.119610752183,24.9531955747033,24.6878992627773,-0.265296311926019,,12.199999994502,,30536,30658
planning,0.3,0,78030.9809696455,78038.6325604857,7.65159084020706,24.6878992627773,24.6799175409994,-0.00798172177794143,,,0.28330492612714,30658,30661
traveling,4.1,7.07106781186548,78038.6325604857,78163.6103239455,124.977763459756,24.6799175409994,24.5491231770777,-0.130794363921716,4.04258753651697,,,30661,30702
planning,0.3,0,78163.6103239455,78171.0964886716,7.48616472609865,24.5491231770777,24.5413117715734,-0.00781140550421,,,0.266285955939779,30702,30705
dwelling,12.2,0,78171.0964886716,78439.952138838,268.855650166472,24.5413117715734,24.2610546603272,-0.280257111246208,,12.1411764494338,,30705,30827
planning,1,0,78439.952138838,78465.966492919,26.0143540809368,24.2610546603272,24.2338589493201,-0.0271957110071455,,,0.910604282270215,30827,30837
traveling,3.3,5,78465.966492919,78568.8424233587,102.875930439783,24.2338589493201,24.1259521920842,-0.107906757235906,3.24081875118436,,,30837,30870
planning,0.3,0,78568.8424233587,78576.9527453552,8.11032199647161,24.1259521920842,24.1174640768165,-0.00848811526772053,,,0.258235125840859,30870,30873
dwelling,9.29999999999998,0,78576.9527453552,78805.2591736614,228.306428306154,24.1174640768165,23.8787193442667,-0.238744732549726,,9.29999996797202,,30873,30966
planning,0.4,0,78805.2591736614,78816.3616977712,11.102524109825,23.8787193442667,23.8670821554096,-0.0116371888571756,,,0.368728774073338,30966,30970
traveling,5,11.1803398874989,78816.3616977712,78982.3754738155,166.013776044259,23.8670821554096,23.6924299395821,-0.174652215827486,4.99650390895362,,,30970,31020
planning,0.6,0,78982.3754738155,78999.0538164694,16.6783426539332,23.6924299395821,23.6749332984573,-0.0174966411247617,,,0.551542076103387,31020,31026
dwelling,11.2,0,78999.0538164694,79267.0176393478,267.963822878461,23.6749332984573,23.3942420030008,-0.280691295456482,,11.1666666447249,,31026,31138
planning,0.3,0,79267.0176393478,79274.6308504324,7.61321108452103,23.3942420030008,23.3862557102309,-0.0079862927699601,,,0.211264973710774,31138,31141
traveling,4.9,11.1803398874989,79274.6308504324,79435.723619906,161.092769473587,23.3862557102309,23.2164411655745,-0.169814544656408,4.95013798434891,,,31141,31190
planning,0.9,0,79435.723619906,79459.6149359685,23.8913160625816,23.2164411655745,23.1913411872163,-0.0250999783582024,,,0.852777771108486,31190,31199
dwelling,8.89999999999999,0,79459.6149359685,79659.5340829143,199.919146945773,23.1913411872163,22.9816779999757,-0.209663187240597,,8.83333330936132,,31199,31288
planning,0.6,0,79659.5340829143,79675.1024894574,15.5684065430542,22.9816779999757,22.965310389273,-0.0163676107027158,,,0.549784671936746,31288,31294
traveling,4.7,10,79675.1024894574,79832.9384325569,157.835943099548,22.965310389273,22.798536497039,-0.16677389223393,4.67558150445274,,,31294,31341
planning,0.7,0,79832.9384325569,79852.3203658442,19.3819332872663,22.798536497039,22.7781220291581,-0.0204144678809648,,,0.661344008464589,31341,31348
dwelling,8.49999999999999,0,79852.3203658442,80051.9584417502,199.638075905983,22.7781220291581,22.5682369446651,-0.209885084492999,,8.42499993141062,,31348,31433
planning,0.7,0,80051.9584417502,80070.4054658534,18.4470241032832,22.5682369446651,22.5488012471621,-0.0194356975029137,,,0.666219525591841,31433,31440
traveling,3.4,5,80070.4054658534,80174.0852191629,103.679753309436,22.5488012471621,22.4392614116737,-0.109539835488455,3.3193584867806,,,31440,31474
planning,0.9,0,80174.0852191629,80197.8539564257,23.7687372628134,22.4392614116737,22.4142023226244,-0.0250590890492752,,,0.811359017931512,31474,31483
dwelling,10.3,0,80197.8539564257,80441.3158732809,243.461916855158,22.4142023226244,22.1577574668846,-0.256444855739861,,10.2705882211336,,31483,31586
planning,0.9,0,80441.3158732809,80466.778301027,25.4624277461699,22.1577574668846,22.1308480571238,-0.0269094097607265,,,0.86096104776419,31586,31595
traveling,3.9,7.07106781186548,80466.778301027,80590.6814432146,123.903142187555,22.1308480571238,21.9995796955319,-0.131268361591903,3.83914322727705,,,31595,31634
planning,0.4,0,80590.6814432146,80601.356358524,10.6749153094133,21.9995796955319,21.9883004207031,-0.0112792748287767,,,0.323395022530411,31634,31638
dwelling,15.9,0,80601.356358524,80999.2648546162,397.908496092175,21.9883004207031,21.5678272539503,-0.420473166752885,,15.8666666521253,,31638,31797
planning,0.7,0,80999.2648546162,81019.2433521138,19.9784974975919,21.5678272539503,21.546650620983,-0.0211766329672898,,,0.667525855146186,31797,31804
traveling,5,11.1803398874989,81019.2433521138,81198.811449898,179.568097784257,21.546650620983,21.3553481134823,-0.191302507500662,5.0106934224126,,,31804,31854
planning,0.6,0,81198.811449898,81215.1297102219,16.3182603238965,21.3553481134823,21.3380468695165,-0.0173012439658606,,,0.585002855511703,31854,31860
dwelling,9.69999999999998,0,81215.1297102219,81438.7919424711,223.662232249189,21.3380468695165,21.1013242069532,-0.23672266256326,,9.62499996329612,,31860,31957
planning,0.9,0,81438.7919424711,81460.3969256695,21.6049831984419,21.1013242069532,21.0784310509969,-0.0228931559562717,,,0.860648516911127,31957,31966
traveling,3.5,5,81460.3969256695,81556.4031401192,96.0062144496769,21.0784310509969,20.976456383513,-0.101974667483933,3.43007323168931,,,31966,32001
planning,0.1,0,81556.4031401192,81558.8545577127,2.45141759351827,20.976456383513,20.9738565672625,-0.00259981625048766,,,0.0330521328707672,32001,32002
dwelling,6.99999999999999,0,81558.8545577127,81706.1366530232,147.282095310467,20.9738565672625,20.8179052439424,-0.155951323320142,,6.99411759523856,,32002,32072
planning,0.2,0,81706.1366530232,81711.1587526051,5.02209958191088,20.8179052439424,20.8125730362708,-0.00533220767159293,,,0.160227948593461,32072,32074
traveling,3.9,7.07106781186548,81711.1587526051,81823.0010409338,111.842288328684,20.8125730362708,20.6935320933561,-0.119040942914619,3.8391443052461,,,32074,32113
planning,0.2,0,81823.0010409338,81827.7919367214,4.79089578763524,20.6935320933561,20.6884455938714,-0.00508649948476858,,,0.153682500293435,32113,32115
dwelling,9.89999999999998,0,81827.7919367214,82022.5599173111,194.767980589662,20.6884455938714,20.4820554790013,-0.206390114870125,,9.89999997933299,,32115,32214
planning,0.1,0,82022.5599173111,82024.9466126701,2.38669535901863,20.4820554790013,20.479518964401,-0.00253651460029758,,,0.039121872682648,32214,32215
traveling,4.9,11.1803398874989,82024.9466126701,82176.111356725,151.164744054855,20.479518964401,20.3181100468936,-0.161408917507305,4.91796373498718,,,32215,32264
planning,0.8,0,82176.111356725,82194.6200956044,18.5087388794782,20.3181100468936,20.2984304540788,-0.0196795928148426,,,0.7704819553465,32264,32272
dwelling,9.99999999999998,0,82194.6200956044,82423.3354537669,228.715358162488,20.2984304540788,20.0551162289442,-0.243314225134625,,9.92222219618406,,32272,32372
planning,0.9,0,82423.3354537669,82447.0700209902,23.7345672232914,20.0551162289442,20.0297980657862,-0.0253181631579906,,,0.869920560827576,32372,32381
traveling,4.7,10,82447.0700209902,82597.2993455581,150.22932456783,20.0297980657862,19.8689078291334,-0.160890236652779,4.67558156458585,,,32381,32428
planning,0.8,0,82597.2993455581,82617.9281537646,20.6288082065876,19.8689078291334,19.846889091256,-0.0220187378774419,,,0.760108360560949,32428,32436
dwelling,10.6,0,82617.9281537646,82853.8964007471,235.968246982447,19.846889091256,19.5953559730983,-0.251533118157674,,10.5999999978599,,32436,32542
planning,0.1,0,82853.8964007471,82856.5144230576,2.61802231054753,19.5953559730983,19.592557032876,-0.00279894022225236,,,0.00817223728478933,32542,32543
traveling,4.9,11.1803398874989,82856.5144230576,83011.7805565513,155.266133493686,19.592557032876,19.4259087867062,-0.166648246169835,4.93215271493482,,,32543,32592
planning,0.8,0,83011.7805565513,83030.8335176278,19.0529610764497,19.4259087867062,19.405548107145,-0.0203606795611968,,,0.758538794667314,32592,32600
dwelling,11.6,0,83030.8335176278,83284.5371048108,253.70358718303,19.405548107145,19.13452821507,-0.271019892075021,,11.5999999513751,,32600,32716
planning,0.3,0,83284.5371048108,83292.0907638939,7.55365908313252,19.13452821507,19.1264373470605,-0.00809086800945735,,,0.295852470750594,32716,32719
traveling,4.1,7.07106781186548,83292.0907638939,83419.8487679639,127.758004069969,19.1264373470605,18.9890240927905,-0.137413254269983,4.04258753493547,,,32719,32760
planning,1,0,83419.8487679639,83447.2164162209,27.3676482569863,18.9890240927905,18.9596472795446,-0.029376813245932,,,0.918050702167331,32760,32770
dwelling,11.1,0,83447.2164162209,83729.299392946,282.082976725127,18.9596472795446,18.6569274259119,-0.302719853632667,,11.0352940582345,,32770,32881
planning,0.9,0,83729.299392946,83753.9510683614,24.6516754153708,18.6569274259119,18.6304175574854,-0.0265098684265332,,,0.840259643681822,32881,32890
traveling,3.3,5,83753.9510683614,83861.2634130961,107.312344734659,18.6304175574854,18.5146010314079,-0.11581652607752,3.24081874370183,,,32890,32923
planning,0.7,0,83861.2634130961,83880.8539867147,19.5905736186687,18.5146010314079,18.4935100732168,-0.0210909581911203,,,0.681065799048537,32923,32930
dwelling,8.69999999999999,0,83880.8539867147,84084.8082345849,203.954247870133,18.4935100732168,18.2743740218812,-0.219136051335571,,8.67499997368282,,32930,33017
planning,0.6,0,84084.8082345849,84100.1780775616,15.3698429767974,18.2743740218812,18.2578284688122,-0.0165455530689549,,,0.525972825674655,33017,33023
traveling,5,11.1803398874989,84100.1780775616,84267.7094553592,167.531377797568,18.2578284688122,18.0764627441008,-0.181365724711476,4.99650282021048,,,33023,33073
planning,0.9,0,84267.7094553592,84291.22399058,23.514535220791,18.0764627441008,18.0511129237836,-0.0253498203172171,,,0.818218312525792,33073,33082
dwelling,10.7,0,84291.22399058,84552.9855116341,261.761521054097,18.0511129237836,17.7689504876675,-0.282162436116039,,10.6999999682189,,33082,33189
planning,0.9,0,84552.9855116341,84577.556765642,24.5712540078966,17.7689504876675,17.7423961622713,-0.0265543253962086,,,0.898852885179371,33189,33198
traveling,4.9,11.1803398874989,84577.556765642,84743.2508493059,165.694083663868,17.7423961622713,17.5624547095499,-0.179941452721405,4.95013798386346,,,33198,33247
planning,0.2,0,84743.2508493059,84748.6190604897,5.36821118387161,17.5624547095499,17.5566483613828,-0.0058063481670807,,,0.142221341990636,33247,33249
dwelling,9.39999999999998,0,84748.6190604897,84966.1583530659,217.539292576199,17.5566483613828,17.3217089787727,-0.234939382610168,,9.36666661660695,,33249,33343
planning,0.2,0,84966.1583530659,84970.8820436623,4.72369059636549,17.3217089787727,17.316602528099,-0.00510645067362958,,,0.112116976669888,33343,33345
traveling,4.7,10,84970.8820436623,85115.9704568649,145.088413202568,17.316602528099,17.1589662113417,-0.157636316757365,4.67558150307645,,,33345,33392
planning,1,0,85115.9704568649,85141.7936921756,25.8232353107742,17.1589662113417,17.1309848623138,-0.0279813490278329,,,0.937843024632976,33392,33402
dwelling,8.09999999999999,0,85141.7936921756,85322.6935563742,180.899864198596,17.1309848623138,16.9352486541348,-0.195736208178992,,8.07499999028264,,33402,33483
planning,0.1,0,85322.6935563742,85325.2227466057,2.52919023149298,16.9352486541348,16.9325055548525,-0.00274309928233762,,,0.0859795738596308,33483,33484
traveling,3.4,5,85325.2227466057,85433.8851290696,108.662382463895,16.9325055548525,16.8141016636597,-0.118403891192806,3.31935848269694,,,33484,33518
planning,0.3,0,85433.8851290696,85442.6075989458,8.72246987617109,16.8141016636597,16.8046126284134,-0.00948903524632527,,,0.244092416190271,33518,33521
dwelling,10.8,0,85442.6075989458,85711.2711716817,268.663572735881,16.8046126284134,16.5128175192267,-0.291795109186626,,10.7117647018562,,33521,33629
planning,0.6,0,85711.2711716817,85729.033721109,17.7625494272797,16.5128175192267,16.493451795979,-0.0193657232477484,,,0.566644852889586,33629,33635
traveling,3.9,7.07106781186548,85729.033721109,85860.5870426855,131.553321576575,16.493451795979,16.3495644920016,-0.143887303977351,3.83914292516505,,,33635,33674
planning,0.5,0,85860.5870426855,85873.8085455117,13.2215028261271,16.3495644920016,16.3351634375405,-0.0144010544611426,,,0.479730420544645,33674,33679
dwelling,15.2,0,85873.8085455117,86235.7286369509,361.920091439184,16.3351634375405,15.9410871809592,-0.394076256581256,,15.1999999997977,,33679,33831
planning,0.5,0,86235.7286369509,86249.3738775627,13.6452406118624,15.9410871809592,15.9261792149001,-0.014907966059134,,,0.440394989444813,33831,33836
traveling,5,11.1803398874989,86249.3738775627,86416.3795642842,167.005686721517,15.9261792149001,15.742865713065,-0.183313501835135,5.01069248679411,,,33836,33886
planning,0.2,0,86416.3795642842,86421.3305957871,4.95103150288924,15.742865713065,15.7374583880039,-0.00540732506102515,,,0.143869599624314,33886,33888
dwelling,9.79999999999998,0,86421.3305957871,86653.4372482417,232.106652454619,15.7374583880039,15.4839168395225,-0.253541548481492,,9.72499998924676,,33888,33986
planning,0.3,0,86653.4372482417,86661.3368116014,7.89956335962052,15.4839168395225,15.4752666025034,-0.0086502370190793,,,0.264602416878915,33986,33989
traveling,3.5,5,86661.3368116014,86768.2061489557,106.869337354321,15.4752666025034,15.3578740433723,-0.117392559131066,3.43007237590936,,,33989,34024
planning,0.6,0,86768.2061489557,86784.0680381026,15.8618891469669,15.3578740433723,15.3404891775985,-0.0173848657738329,,,0.531355835790362,34024,34030
dwelling,6.19999999999999,0,86784.0680381026,86932.0354512403,147.967413137652,15.3404891775985,15.1784769872243,-0.162012190374227,,6.19411763458776,,34030,34092
planning,0.1,0,86932.0354512403,86934.5622674187,2.52681617838971,15.1784769872243,15.1757064940536,-0.00277049317069711,,,0.00909257451027379,34092,34093
traveling,3.9,7.07106781186548,86934.5622674187,87060.010511762,125.448244343323,15.1757064940536,15.0374810796748,-0.138225414378745,3.83914429121579,,,34093,34132
planning,0.5,0,87060.010511762,87074.081608503,14.0710967409832,15.0374810796748,15.0220106186469,-0.0154704610278653,,,0.414271862280217,34132,34137
dwelling,9.19999999999999,0,87074.081608503,87296.4207828501,222.339174347144,15.0220106186469,14.7779493401161,-0.244061278530857,,9.16666661409417,,34137,34229
planning,0.4,0,87296.4207828501,87307.0136113644,10.592828514229,14.7779493401161,14.7662953776375,-0.0116539624786114,,,0.346312418399101,34229,34233
traveling,4.9,11.1803398874989,87307.0136113644,87466.052855474,159.03924410959,14.7662953776375,14.5905170744761,-0.175778303161371,4.91796293201025,,,34233,34282
planning,0.1,0,87466.052855474,87468.6088416631,2.55598618910881,14.5905170744761,14.5877032420623,-0.00281383241376076,,,0.0788048947718953,34282,34283
dwelling,10.3,0,87468.6088416631,87708.8711705116,240.26232884849,14.5877032420623,14.3233272403965,-0.264376001665845,,10.2555555527451,,34283,34386
planning,0.1,0,87708.8711705116,87711.4500319813,2.57886146972305,14.3233272403965,14.3204827171932,-0.00284452320331852,,,0.00874398060725456,34386,34387
traveling,4.7,10,87711.4500319813,87859.4549488579,148.004916876642,14.3204827171932,14.1565116905617,-0.163971026631506,4.675580589475,,,34387,34434
planning,0.7,0,87859.4549488579,87876.6944557853,17.2395069274062,14.1565116905617,14.1374874434543,-0.0190242471074011,,,0.630917398827707,34434,34441
dwelling,10.3,0,87876.6944557853,88089.7344587527,213.040002967391,14.1374874434543,13.9027544230499,-0.234733020404382,,10.2749999822429,,34441,34544
planning,0.7,0,88089.7344587527,88107.9966634762,18.2622047234763,13.9027544230499,13.8825477042552,-0.0202067187947357,,,0.694635457622711,34544,34551
traveling,4.9,11.1803398874989,88107.9966634762,88288.4600593708,180.463395894621,13.8825477042552,13.6812655091619,-0.201282195093249,4.9321538114163,,,34551,34600
planning,0.1,0,88288.4600593708,88291.4858189253,3.02575955448265,13.6812655091619,13.6779037379452,-0.00336177121673664,,,0.0947756257792857,34600,34601
dwelling,12,0,88291.4858189253,88577.9304873534,286.444668428056,13.6779037379452,13.3605458327321,-0.317357905213052,,11.9666666355095,,34601,34721
planning,0.4,0,88577.9304873534,88587.4165438914,9.48605653805134,13.3605458327321,13.3500259055299,-0.0105199272021785,,,0.399555495739753,34721,34725
traveling,4.1,7.07106781186548,88587.4165438914,88702.5756327197,115.15908882831,13.3500259055299,13.2218778998223,-0.128148005707606,4.0425875338685,,,34725,34766
planning,1,0,88702.5756327197,88726.6550028656,24.0793701458897,13.2218778998223,13.1951396832589,-0.0267382165634782,,,0.978436608763434,34766,34776
dwelling,10.9,0,88726.6550028656,88952.0225179394,225.367515073769,13.1951396832589,12.9451783157616,-0.249961367497249,,10.8058822782786,,34776,34885
planning,0.5,0,88952.0225179394,88963.550662001,11.5281440616091,12.9451783157616,12.9323607396623,-0.0128175760992768,,,0.418655633679448,34885,34890
traveling,3.3,5,88963.550662001,89059.4047534023,95.8540914012992,12.9323607396623,12.8253108656817,-0.107049873980625,3.24081772853451,,,34890,34923
planning,0.2,0,89059.4047534023,89064.4390978351,5.0343444327882,12.8253108656817,12.8197011208354,-0.00560974484632659,,,0.170887376837113,34923,34925
dwelling,8.99999999999999,0,89064.4390978351,89265.6093652299,201.170267394831,12.8197011208354,12.5957430570231,-0.223958063812258,,8.97499999545171,,34925,35015
planning,0.9,0,89265.6093652299,89286.2475719986,20.6382067687227,12.5957430570231,12.5727383856419,-0.0230046713812442,,,0.850277698233514,35015,35024
traveling,5,11.1803398874989,89286.2475719986,89432.2958534579,146.048281459225,12.5727383856419,12.4091055482728,-0.163632837369066,4.99650281926757,,,35024,35074
planning,0.2,0,89432.2958534579,89436.9788920615,4.6830386036745,12.4091055482728,12.4038770097518,-0.00522853852097782,,,0.141243978639954,35074,35076
dwelling,11.3,0,89436.9788920615,89707.7338868913,270.754994829796,12.4038770097518,12.1011033734406,-0.302773636311244,,11.2333333049304,,35076,35189
planning,0.3,0,89707.7338868913,89715.8075907593,8.07370386800903,12.1011033734406,12.0920475838626,-0.00905578957800834,,,0.244692340706075,35189,35192
traveling,4.9,11.1803398874989,89715.8075907593,89890.3132085723,174.505617812945,12.0920475838626,11.894979996898,-0.197067586964593,4.95013876253172,,,35192,35241
planning,0.8,0,89890.3132085723,89912.9898618209,22.6766532486508,11.894979996898,11.8694788054082,-0.0255011914897523,,,0.720890319047799,35241,35249
dwelling,8.69999999999999,0,89912.9898618209,90128.2790012598,215.289139438872,11.8694788054082,11.6276857445089,-0.241793060899365,,8.63333327893546,,35249,35336
planning,0.2,0,90128.2790012598,90133.9958069837,5.71680572394689,11.6276857445089,11.6212428856337,-0.00644285887517881,,,0.143668284430473,35336,35338
traveling,4.7,10,90133.9958069837,90300.8366731678,166.84086618408,11.6212428856337,11.4321481811647,-0.189094704468953,4.67558149754791,,,35338,35385
planning,0.6,0,90300.8366731678,90317.1619721426,16.325298974727,11.4321481811647,11.413736480604,-0.018411700560744,,,0.512670648587545,35385,35391
dwelling,8.29999999999999,0,90317.1619721426,90516.532293379,199.370321236405,11.413736480604,11.1891353391698,-0.224601141434192,,8.27499995043411,,35391,35474
planning,0.7,0,90516.532293379,90535.0211572918,18.4888639128912,11.1891353391698,11.1682534596447,-0.0208818795250512,,,0.626548456957611,35474,35481
traveling,3.4,5,90535.0211572918,90640.9481065186,105.926949226792,11.1682534596447,11.0481551459997,-0.120098313645055,3.31935848132788,,,35481,35515
planning,1,0,90640.9481065186,90667.2766558538,26.3285493352014,11.0481551459997,11.0183851697335,-0.0297699762662287,,,0.985876589070259,35515,35525
dwelling,9.99999999999998,0,90667.2766558538,90905.9915150662,238.714859212327,11.0183851697335,10.7485667334287,-0.269818436304773,,9.95882350990553,,35525,35625
planning,1,0,90905.9915150662,90933.0988186823,27.1073036161251,10.7485667334287,10.717823903003,-0.0307428304256501,,,0.967593564002681,35625,35635
traveling,3.9,7.07106781186548,90933.0988186823,91049.5763867495,116.477568067188,10.717823903003,10.5853834428065,-0.132440460196573,3.83914292522313,,,35635,35674
planning,0.4,0,91049.5763867495,91060.4692106576,10.8928239081579,10.5853834428065,10.5730128398409,-0.0123706029655253,,,0.391855408109813,35674,35678
dwelling,15.5,0,91060.4692106576,91433.1383339316,372.66912327391,10.5730128398409,10.1498944219677,-0.423118417873235,,15.4999999742622,,35678,35833
planning,0.5,0,91433.1383339316,91447.6098474166,14.4715134850558,10.1498944219677,10.1333789460721,-0.0165154758955666,,,0.454705022903104,35833,35838
traveling,0,11.1803398874989,91447.6098474166,,,10.1333789460721,,,5.01069248749804,,,35838,
