phase_type,duration,distance,energy_start,energy_end,energy_consumed,battery_start,battery_end,battery_delta,rho,tau,planning_time,start_time,end_time
traveling,9.89999999999998,19,0,312.066796939728,312.066796939728,100,99.7102379011512,-0.289762098848826,10,,,1,100
planning,0.2,0,312.066796939728,317.961917461372,5.89512052164389,99.7102379011512,99.7047691544134,-0.00546874673781872,,,0.107176629069189,100,102
dwelling,6.49999999999999,0,317.961917461372,494.597934416078,176.636016954706,99.7047691544134,99.5410658989287,-0.16370325548462,,6.45555550839485,,102,167
planning,1,0,494.597934416078,524.289250484924,29.6913160688459,99.5410658989287,99.5135166247963,-0.0275492741323973,,,0.94651837856027,167,177
traveling,9.19999999999998,25.0798724079689,524.289250484924,822.106372114481,297.817121629557,99.5135166247963,99.2368166790167,-0.276699945779654,9.38658131358309,,,177,269
planning,0.9,0,822.106372114481,844.574095380178,22.4677232656974,99.2368166790167,99.2160097121094,-0.0208069669072586,,,0.845980667765488,269,278
dwelling,10.1,0,844.574095380178,1077.69479116325,233.120695783074,99.2160097121094,99.0002825435758,-0.215727168533576,,10.0272727122794,,278,379
planning,0.9,0,1077.69479116325,1101.88538128275,24.1905901194993,99.0002825435758,98.9778581047731,-0.0224244388027017,,,0.859493713640645,379,388
traveling,5.2,9,1101.88538128275,1270.28206152023,168.396680237483,98.9778581047731,98.8213548524932,-0.156503252279961,5.28924399042132,,,388,440
planning,1,0,1270.28206152023,1299.37516793541,29.0931064151728,98.8213548524932,98.79435670395,-0.0269981485432282,,,0.935407751321231,440,450
dwelling,5.3,0,1299.37516793541,1429.16197887655,129.786810941147,98.79435670395,98.6741540154877,-0.120202688462285,,5.21111111042213,,450,503
planning,0.2,0,1429.16197887655,1434.82960949243,5.66763061587108,98.6741540154877,98.6688958524905,-0.00525816299720816,,,0.158523196301877,503,505
traveling,5.3,9,1434.82960949243,1597.80549533498,162.975885842551,98.6688958524905,98.5175171098771,-0.151378742613332,5.46816035879891,,,505,558
planning,0.2,0,1597.80549533498,1602.69505958705,4.88956425207766,98.5175171098771,98.5129881580351,-0.0045289518420617,,,0.103385049286783,558,560
dwelling,5.8,0,1602.69505958705,1733.30552433243,130.610464745374,98.5129881580351,98.392107483943,-0.120880674092078,,5.79999999514003,,560,618
planning,0.9,0,1733.30552433243,1756.2404491057,22.9349247732746,98.392107483943,98.3708525809047,-0.0212549030383258,,,0.895545116708848,618,627
traveling,8.59999999999999,23.6008474424119,1756.2404491057,2033.91505293478,277.674603829078,98.3708525809047,98.112696380429,-0.258156200475639,8.77649669077144,,,627,713
planning,0.9,0,2033.91505293478,2060.14000070536,26.2249477705768,98.112696380429,98.0883492184858,-0.0243471619432682,,,0.801837920527951,713,722
dwelling,13.5,0,2060.14000070536,2387.78971419325,327.649713487893,98.0883492184858,97.7847807282295,-0.303568490256254,,13.4294117335326,,722,857
planning,0.7,0,2387.78971419325,2405.17529047668,17.3855762834282,97.7847807282295,97.7686675619003,-0.016113166329248,,,0.655878284588928,857,864
traveling,8.89999999999998,23.6008474424119,2405.17529047668,2686.56736866124,281.392078184566,97.7686675619003,97.507044731509,-0.261622830391261,9.04119492042759,,,864,953
planning,0.3,0,2686.56736866124,2694.57778265586,8.01041399461246,97.507044731509,97.4996132551616,-0.00743147634739216,,,0.241092602400897,953,956
dwelling,11.5,0,2694.57778265586,2973.62451317608,279.046730520218,97.4996132551616,97.2409896232204,-0.258623631941248,,11.4090908800568,,956,1071
planning,0.6,0,2973.62451317608,2990.66823086638,17.043717690306,97.2409896232204,97.2251631675687,-0.0158264556516201,,,0.555187013220226,1071,1077
traveling,5.1,9,2990.66823086638,3154.96554312116,164.297312254776,97.2251631675687,97.0723280774412,-0.152835090127539,5.20346203207381,,,1077,1128
planning,1,0,3154.96554312116,3181.15818884229,26.1926457211302,97.0723280774412,97.0480272945511,-0.0243007828900659,,,0.971357666239437,1128,1138
dwelling,5.9,0,3181.15818884229,3330.99296193232,149.834773090033,97.0480272945511,96.9090548231711,-0.138972471380015,,5.85555552888552,,1138,1197
planning,1,0,3330.99296193232,3358.93812114616,27.9451592138389,96.9090548231711,96.8831053371593,-0.0259494860118679,,,0.90890937583534,1197,1207
traveling,5.3,9,3358.93812114616,3527.42610527952,168.487984133365,96.8831053371593,96.7263630403023,-0.156742296856905,5.46816035830835,,,1207,1260
planning,0.3,0,3527.42610527952,3536.34310977882,8.91700449929294,96.7263630403023,96.7180754161116,-0.00828762419077123,,,0.293983589720258,1260,1263
dwelling,6.29999999999999,0,3536.34310977882,3710.34297535642,173.999865577606,96.7180754161116,96.5564965793445,-0.16157883676712,,6.20909090540201,,1263,1326
planning,0.9,0,3710.34297535642,3739.30996985144,28.9669944950192,96.5564965793445,96.5295416173149,-0.0269549620295777,,,0.867876096920514,1326,1335
traveling,9.09999999999998,25.0798724079689,3739.30996985144,4071.38090388623,332.070934034784,96.5295416173149,96.2198867994189,-0.309654817895961,9.21724541531001,,,1335,1426
planning,0.8,0,4071.38090388623,4094.14648531627,22.7655814300419,96.2198867994189,96.1987330657963,-0.0211537336226399,,,0.711450697071262,1426,1434
dwelling,13.1,0,4094.14648531627,4435.93860594212,341.79212062585,96.1987330657963,95.8814317188166,-0.317301346979662,,13.0111110193683,,1434,1565
planning,0.5,0,4435.93860594212,4449.50849173817,13.5698857960497,95.8814317188166,95.8688272291013,-0.0126044897153577,,,0.483061728633376,1565,1570
traveling,9.19999999999998,25.0798724079689,4449.50849173817,4750.01098551513,300.502493776966,95.8688272291013,95.5889477676104,-0.279879461490808,9.39616051715193,,,1570,1662
planning,0.2,0,4750.01098551513,4755.35826711675,5.34728160161376,95.5889477676104,95.5839808691798,-0.00496689843066633,,,0.183677079422325,1662,1664
dwelling,11.6,0,4755.35826711675,5017.64341060719,262.285143490441,95.5839808691798,95.3407675434699,-0.243213325709917,,11.5090908913308,,1664,1780
planning,0.9,0,5017.64341060719,5039.27063762759,21.6272270203999,95.3407675434699,95.3206992656503,-0.0200682778195613,,,0.809429834423721,1780,1789
traveling,8.79999999999998,23.6008474424119,5039.27063762759,5314.7919372537,275.521299626112,95.3206992656503,95.0641552079767,-0.256544057673565,8.9554118980054,,,1789,1877
planning,1,0,5314.7919372537,5341.70800497561,26.9160677219106,95.0641552079767,95.0391429050758,-0.0250123029009472,,,0.910769503356334,1877,1887
dwelling,16.8,0,5341.70800497561,5747.24781955316,405.539814577553,95.0391429050758,94.6626822504493,-0.376460654626499,,16.7705882037611,,1887,2055
planning,0.1,0,5747.24781955316,5749.62778814554,2.37996859237774,94.6626822504493,94.6604730926915,-0.00220915775783226,,,0.0229407629579514,2055,2056
traveling,8.89999999999998,23.6008474424119,5749.62778814554,5991.40168091605,241.773892770512,94.6604730926915,94.4356804543566,-0.224792638334876,9.04119492010756,,,2056,2145
planning,0.1,0,5991.40168091605,5993.5595794979,2.15789858184962,94.4356804543566,94.4336790810105,-0.00200137334611838,,,0.02890370969145,2145,2146
dwelling,12.7,0,5993.5595794979,6228.47880565596,234.919226158055,94.4336790810105,94.2160753991328,-0.21760368187762,,12.66363635343,,2146,2273
planning,0.7,0,6228.47880565596,6243.28024393686,14.8014382808988,94.2160753991328,94.2023480833115,-0.0137273158212992,,,0.676821920570327,2273,2280
traveling,5.1,9,6243.28024393686,6382.10814005967,138.827896122819,94.2023480833115,94.0732302248509,-0.129117858460603,5.20346137269456,,,2280,2331
planning,0.3,0,6382.10814005967,6389.82039372509,7.71225366541876,94.0732302248509,94.0660625428943,-0.00716768195665907,,,0.216710987139635,2331,2334
dwelling,12.2,0,6389.82039372509,6666.24541732523,276.425023600133,94.0660625428943,93.8094731264416,-0.256589416452641,,12.1222222084691,,2334,2456
planning,0.1,0,6666.24541732523,6668.78088766764,2.53547034241183,93.8094731264416,93.8071166305247,-0.00235649591689935,,,0.0909660521737129,2456,2457
traveling,5.4,9,6668.78088766764,6830.01135478499,161.230467117347,93.8071166305247,93.656951387084,-0.150165243440753,5.46816035891054,,,2457,2511
planning,0.2,0,6830.01135478499,6835.27233129368,5.26097650868996,93.656951387084,93.6520591877459,-0.00489219933804463,,,0.150840086074607,2511,2513
dwelling,8.09999999999999,0,6835.27233129368,7028.32071965778,193.048388364107,93.6520591877459,93.4727254782692,-0.179333709476722,,8.05454543960885,,2513,2594
planning,0.6,0,7028.32071965778,7045.45322609642,17.1325064386401,93.4727254782692,93.4567758456714,-0.0159496325978665,,,0.553299929263345,2594,2600
traveling,9.09999999999998,25.0798724079689,7045.45322609642,7360.02106077796,314.567834681538,93.4567758456714,93.1630722976647,-0.293703548006633,9.21724539533405,,,2600,2691
planning,0.2,0,7360.02106077796,7365.34962672702,5.32856594906389,93.1630722976647,93.1581147749255,-0.00495752273921823,,,0.150194913506457,2691,2693
dwelling,12.2,0,7365.34962672702,7648.01858170871,282.668954981681,93.1581147749255,92.8955032987401,-0.262611476185398,,12.1888888719949,,2693,2815
planning,0.7,0,7648.01858170871,7665.26387299945,17.2452912907429,92.8955032987401,92.8794699797711,-0.016033318969022,,,0.630637691314677,2815,2822
traveling,9.19999999999998,25.0798724079689,7665.26387299945,7957.20040279724,291.936529797796,92.8794699797711,92.6071355557231,-0.272334424047997,9.39616091233412,,,2822,2914
planning,0.7,0,7957.20040279724,7975.58144874431,18.3810459470678,92.6071355557231,92.5900303685419,-0.0171051871812296,,,0.607309701595247,2914,2921
dwelling,10.6,0,7975.58144874431,8215.24120508022,239.659756335913,92.5900303685419,92.3673425965343,-0.222687772007518,,10.5363636125961,,2921,3027
planning,0.9,0,8215.24120508022,8239.30615129194,24.0649462117181,92.3673425965343,92.3449393782197,-0.0224032183146221,,,0.891749481809898,3027,3036
traveling,8.79999999999998,23.6008474424119,8239.30615129194,8527.12523634261,287.819085050671,92.3449393782197,92.0762269951963,-0.268712383023399,8.95541190088817,,,3036,3124
planning,0.9,0,8527.12523634261,8551.34395211354,24.2187157709213,92.0762269951963,92.0536740683832,-0.0225529268131197,,,0.814827462929237,3124,3133
dwelling,17.9,0,8551.34395211354,8952.11176881851,400.767816704976,92.0536740683832,91.6811481778788,-0.372525890504434,,17.841176365878,,3133,3312
planning,0.6,0,8952.11176881851,8966.53805049636,14.4262816778464,91.6811481778788,91.6677273632748,-0.0134208146039754,,,0.521114824082142,3312,3318
traveling,8.89999999999998,23.6008474424119,8966.53805049636,9220.80071481922,254.262664322863,91.6677273632748,91.4306747849589,-0.237052578315854,9.04119492025549,,,3318,3407
planning,0.7,0,9220.80071481922,9235.92517577953,15.1244609603091,91.4306747849589,91.416616991473,-0.0140577934859323,,,0.645874307874793,3407,3414
dwelling,12.7,0,9235.92517577953,9490.67230324571,254.74712746618,91.416616991473,91.1799745755326,-0.236642415940452,,12.6090909094201,,3414,3541
planning,0.2,0,9490.67230324571,9495.35784617987,4.68554293415946,91.1799745755326,91.1756151648638,-0.00435941066871237,,,0.144090869441617,3541,3543
traveling,5.1,9,9495.35784617987,9637.69325559628,142.335409416408,91.1756151648638,91.0429081369848,-0.132707027879036,5.20346137328991,,,3543,3594
planning,0.3,0,9637.69325559628,9644.93179300064,7.23853740436425,91.0429081369848,91.0361706333488,-0.00673750363604597,,,0.274575403745835,3594,3597
dwelling,12.3,0,9644.93179300064,9929.39389047742,284.462097476775,91.0361706333488,90.7714818576735,-0.264688775675239,,12.266666641554,,3597,3720
planning,0.9,0,9929.39389047742,9952.75602635446,23.3621358770433,90.7714818576735,90.74971419123,-0.0217676664434947,,,0.842634108505962,3720,3729
traveling,5.3,9,9952.75602635446,10100.9716627393,148.215636384884,90.74971419123,90.6114796283576,-0.138234562872455,5.46816035882924,,,3729,3782
planning,0.5,0,10100.9716627393,10113.3420185986,12.3703558592279,90.6114796283576,90.5999585545902,-0.011521073767355,,,0.468843789362063,3782,3787
dwelling,8.09999999999999,0,10113.3420185986,10284.1327983717,170.790779773155,90.5999585545902,90.4411349576086,-0.158823596981591,,8.04545452724262,,3787,3868
planning,0.3,0,10284.1327983717,10290.372900946,6.24010257428563,90.4411349576086,90.4353326682236,-0.0058022893850449,,,0.252222195141114,3868,3871
traveling,9.09999999999998,25.0798724079689,10290.372900946,10544.0396766297,253.666775683643,90.4353326682236,90.198661135375,-0.236671532848561,9.21724539831197,,,3871,3962
planning,0.7,0,10544.0396766297,10561.4602888696,17.4206122399937,90.198661135375,90.182430250408,-0.016230884966987,,,0.676917430952256,3962,3969
dwelling,11.9,0,10561.4602888696,10830.4153443101,268.95505544043,90.182430250408,89.9320684423735,-0.250361808034484,,11.899999944079,,3969,4088
planning,0.5,0,10830.4153443101,10841.9846121526,11.5692678425239,89.9320684423735,89.9212954378448,-0.0107730045287298,,,0.483914321168531,4088,4093
traveling,9.19999999999998,25.0798724079689,10841.9846121526,11124.5842244322,282.599612279593,89.9212954378448,89.6571808919667,-0.26411454587813,9.39616091232859,,,4093,4185
planning,0.8,0,11124.5842244322,11142.7147157356,18.1304913033564,89.6571808919667,89.6402981045612,-0.0168827874054642,,,0.79329824985829,4185,4193
dwelling,10.5,0,11142.7147157356,11370.6817286056,227.967012870036,89.6402981045612,89.4280883415239,-0.212209763037336,,10.4363636359498,,4193,4298
planning,0.3,0,11370.6817286056,11377.7808110102,7.09908240460572,89.4280883415239,89.4214736953685,-0.00661464615539842,,,0.218100303337088,4298,4301
traveling,8.79999999999998,23.6008474424119,11377.7808110102,11663.5908064425,285.809995432317,89.4214736953685,89.154050749457,-0.267422945911477,8.95541190100103,,,4301,4389
planning,0.4,0,11663.5908064425,11673.8701394129,10.2793329704182,89.154050749457,89.1444620698756,-0.00958867958141241,,,0.36387144729954,4389,4393
dwelling,18.4,0,11673.8701394129,12124.0893278604,450.219188447518,89.1444620698756,88.7246361432956,-0.419825926579989,,18.3941175771078,,4393,4577
planning,1,0,12124.0893278604,12153.9755290117,29.8862011512447,88.7246361432956,88.6966955580625,-0.0279405852330825,,,0.938321671941242,4577,4587
traveling,8.89999999999998,23.6008474424119,12153.9755290117,12445.5251712443,291.549642232656,88.6966955580625,88.4237148896163,-0.272980668446237,9.04119492020822,,,4587,4676
planning,0.8,0,12445.5251712443,12464.8545697458,19.3293985014934,88.4237148896163,88.4056858133439,-0.0180290762724269,,,0.764581010541018,4676,4684
dwelling,12.7,0,12464.8545697458,12741.1691137261,276.314543980276,88.4056858133439,88.1481960774272,-0.257489735916678,,12.6545454547358,,4684,4811
planning,0.4,0,12741.1691137261,12750.0819065105,8.91279278438014,88.1481960774272,88.1398879689009,-0.0083081085263359,,,0.322251181105896,4811,4815
traveling,5.1,9,12750.0819065105,12894.8253836298,144.743477119291,88.1398879689009,88.0045768371178,-0.135311131783013,5.20346137328611,,,4815,4866
planning,0.4,0,12894.8253836298,12904.1047555706,9.2793719408437,88.0045768371178,87.9959224687516,-0.00865436836626543,,,0.399121650803314,4866,4870
dwelling,12.2,0,12904.1047555706,13159.9045853927,255.799829822075,87.9959224687516,87.7575618828139,-0.23836058593767,,12.1666666040058,,4870,4992
planning,0.2,0,13159.9045853927,13164.7145679473,4.80998255462509,87.7575618828139,87.7530732519369,-0.0044886308769776,,,0.126412466714019,4992,4994
traveling,5.3,9,13164.7145679473,13302.77631505,138.061747102658,87.7530732519369,87.6241066102927,-0.128966641644197,5.46816035892201,,,4994,5047
planning,0.3,0,13302.77631505,13309.1325179592,6.35620290920633,87.6241066102927,87.6181819637608,-0.00592464653189495,,,0.24983129503501,5047,5050
dwelling,7.99999999999999,0,13309.1325179592,13480.7071603015,171.574642342295,87.6181819637608,87.4582225384548,-0.159959425305985,,7.99090909053461,,5050,5130
planning,0.6,0,13480.7071603015,13496.4070250366,15.699864735112,87.4582225384548,87.4435539752607,-0.0146685631941921,,,0.585757787343002,5130,5136
traveling,9.09999999999998,25.0798724079689,13496.4070250366,13782.3014236332,285.894398596638,87.4435539752607,87.1757631363172,-0.267790838943469,9.21724539737213,,,5136,5227
planning,0.4,0,13782.3014236332,13792.5283626639,10.2269390306192,87.1757631363172,87.1662082762195,-0.00955486009763717,,,0.305201445860469,5227,5231
dwelling,12.2,0,13792.5283626639,14072.2663258271,279.737963163216,87.1662082762195,86.905130211793,-0.261078064426542,,12.1333332445572,,5231,5353
planning,1,0,14072.2663258271,14097.4127492688,25.1464234417563,86.905130211793,86.8816352456894,-0.0234949661036552,,,0.995213467601338,5353,5363
traveling,9.19999999999998,25.0798724079689,14097.4127492688,14382.031494283,284.618745014204,86.8816352456894,86.6149348267411,-0.266700418948204,9.39616091217822,,,5363,5455
planning,0.9,0,14382.031494283,14404.800924637,22.7694303540047,86.6149348267411,86.5936539597007,-0.0212808670404883,,,0.891116243384158,5455,5464
dwelling,10.6,0,14404.800924637,14625.8973966806,221.096472043595,86.5936539597007,86.3873935909343,-0.20626036876638,,10.5181818172653,,5464,5570
planning,0.1,0,14625.8973966806,14628.0014353437,2.1040386631048,86.3873935909343,86.3854304839263,-0.0019631070080095,,,0.0929612013309223,5570,5571
traveling,8.79999999999998,23.6008474424119,14628.0014353437,14862.9042843993,234.902849055585,86.3854304839263,86.1656422866701,-0.219788197256207,8.95541190103817,,,5571,5659
planning,0.7,0,14862.9042843993,14880.54501966,17.6407352606911,86.1656422866701,86.1491492473368,-0.0164930393332412,,,0.628840741569012,5659,5666
dwelling,18.2,0,14880.54501966,15329.3376555658,448.7926359058,86.1491492473368,85.7295602549964,-0.419588992340394,,18.1117646463035,,5666,5848
planning,0.5,0,15329.3376555658,15342.1165068487,12.7788512828465,85.7295602549964,85.7176063722736,-0.011953882722807,,,0.495689684456054,5848,5853
traveling,8.89999999999998,23.6008474424119,15342.1165068487,15605.6965250307,263.580018181985,85.7176063722736,85.4705416512977,-0.247064720975956,9.04119492026913,,,5853,5942
planning,0.1,0,15605.6965250307,15608.0608180358,2.36429300513373,85.4705416512977,85.4683313949029,-0.00221025639474703,,,0.0621884018132304,5942,5943
dwelling,13.3,0,15608.0608180358,15924.4158756245,316.355057588728,85.4683313949029,85.1725208945544,-0.295810500348551,,13.2090908928928,,5943,6076
planning,0.9,0,15924.4158756245,15949.9149848816,25.4991092570417,85.1725208945544,85.1486262616465,-0.0238946329079113,,,0.857724833913443,6076,6085
traveling,5.1,9,15949.9149848816,16114.448674341,164.533689459437,85.1486262616465,84.9941548937555,-0.154471367890906,5.20346216777398,,,6085,6136
planning,0.3,0,16114.448674341,16122.9105526613,8.46187832030591,84.9941548937555,84.9862246959415,-0.00793019781401938,,,0.209848641552599,6136,6139
dwelling,12.4,0,16122.9105526613,16415.0139488021,292.10339614079,84.9862246959415,84.71300734388,-0.273217352061508,,12.3222221835275,,6139,6263
planning,0.6,0,16415.0139488021,16430.609023475,15.5950746728777,84.71300734388,84.6984030157261,-0.0146043281539647,,,0.586735792853533,6263,6269
traveling,5.3,9,16430.609023475,16574.5471001158,143.938076640788,84.6984030157261,84.5635252481679,-0.134877767558194,5.46816035883482,,,6269,6322
planning,0.4,0,16574.5471001158,16583.4186019566,8.8715018408293,84.5635252481679,84.5552304578491,-0.00829479031878577,,,0.38426340564152,6322,6326
dwelling,8.09999999999999,0,16583.4186019566,16747.5234323988,164.104830442222,84.5552304578491,84.4019111696723,-0.153319288176746,,8.07272726947378,,6326,6407
planning,0.3,0,16747.5234323988,16754.6738319014,7.15039950263235,84.4019111696723,84.3952196571269,-0.00669151254541589,,,0.270885551278108,6407,6410
traveling,9.09999999999998,25.0798724079689,16754.6738319014,17015.029628202,260.355796300562,84.3952196571269,84.1510125394026,-0.244207117724358,9.21724539799879,,,6410,6501
planning,0.5,0,17015.029628202,17028.3290488622,13.2994206601797,84.1510125394026,84.1385482744456,-0.0124642649569324,,,0.493399059040846,6501,6506
dwelling,12.1,0,17028.3290488622,17329.7739165207,301.444867658502,84.1385482744456,83.8562085971412,-0.282339677304392,,12.0777777187634,,6506,6627
planning,0.1,0,17329.7739165207,17332.6636091817,2.88969266098502,83.8562085971412,83.8534968487905,-0.00271174835074817,,,0.000668960294542109,6627,6628
traveling,9.19999999999998,25.0798724079689,17332.6636091817,17663.1252011686,330.461591986968,83.8534968487905,83.5423006132933,-0.311196235497135,9.39616051715157,,,6628,6720
planning,0.5,0,17663.1252011686,17678.5547788212,15.4295776525869,83.5423006132933,83.5278040315727,-0.0144965817206213,,,0.457440600187188,6720,6725
dwelling,10.6,0,17678.5547788212,17947.1925570318,268.637778210588,83.5278040315727,83.2760052620972,-0.251798769475542,,10.59090907908,,6725,6831
planning,1,0,17947.1925570318,17976.9168006497,29.7242436179076,83.2760052620972,83.2480856197683,-0.027919642328925,,,0.902337376758823,6831,6841
traveling,8.79999999999998,23.6008474424119,17976.9168006497,18296.9394216632,320.022621013515,83.2480856197683,82.9465032092755,-0.301582410492713,8.95541190122809,,,6841,6929
planning,0.9,0,18296.9394216632,18321.2466559283,24.3072342650412,82.9465032092755,82.9236927944075,-0.0228104148680615,,,0.881945987453484,6929,6938
dwelling,18,0,18321.2466559283,18733.43818211,412.191526181698,82.9236927944075,82.537505803025,-0.386186991382488,,17.9823529067751,,6938,7118
planning,1,0,18733.43818211,18761.1620546108,27.7238725007992,82.537505803025,82.5114707412951,-0.026035061729857,,,0.980348582510936,7118,7128
traveling,8.89999999999998,23.6008474424119,18761.1620546108,19042.9974008162,281.835346205466,82.5114707412951,82.2462584625682,-0.265212278726992,9.04119492026101,,,7128,7217
planning,0.6,0,19042.9974008162,19058.156080765,15.1586799488141,82.2462584625682,82.2320352157991,-0.0142232467690491,,,0.563044826176487,7217,7223
dwelling,12.9,0,19058.156080765,19368.7985481603,310.642467395232,82.2320352157991,81.9406680347267,-0.291367181072417,,12.8909090590431,,7223,7352
planning,0.7,0,19368.7985481603,19388.0160995335,19.2175513731963,81.9406680347267,81.9226131610017,-0.0180548737249495,,,0.600354740782295,7352,7359
traveling,5.1,9,19388.0160995335,19555.9515240289,167.935424495401,81.9226131610017,81.7644165055486,-0.158196655453139,5.20346137349692,,,7359,7410
planning,0.4,0,19555.9515240289,19566.8710492844,10.9195252554928,81.7644165055486,81.7541567309478,-0.0102597746008115,,,0.360237618084273,7410,7414
dwelling,12.3,0,19566.8710492844,19851.9942112195,285.123161935084,81.7541567309478,81.4867198894148,-0.267436841532955,,12.211111012306,,7414,7537
planning,0.8,0,19851.9942112195,19872.5932080371,20.5989968176073,81.4867198894148,81.4673738259029,-0.0193460635119607,,,0.741233122442538,7537,7545
traveling,5.3,9,19872.5932080371,20026.4783816757,153.885173638668,81.4673738259029,81.3226175098093,-0.14475631609352,5.46816035914601,,,7545,7598
planning,0.2,0,20026.4783816757,20031.8772222937,5.39884061793055,81.3226175098093,81.3175434334966,-0.00507407631276635,,,0.128693663638993,7598,7600
dwelling,8.39999999999999,0,20031.8772222937,20229.0477368422,197.170514548539,81.3175434334966,81.1325104281454,-0.185033005351201,,8.34545452846509,,7600,7684
planning,0.4,0,20229.0477368422,20239.1988147852,10.1510779429555,81.1325104281454,81.1229752076478,-0.00953522049762512,,,0.343928191819832,7684,7688
traveling,9.09999999999998,25.0798724079689,20239.1988147852,20508.5577062896,269.358891504435,81.1229752076478,80.8694269759414,-0.25354823170639,9.21724540003468,,,7688,7779
planning,0.8,0,20508.5577062896,20527.873546635,19.3158403453745,80.8694269759414,80.851288437078,-0.0181385388633259,,,0.748697780502601,7779,7787
dwelling,12,0,20527.873546635,20796.0994799013,268.225933266349,80.851288437078,80.5995792991306,-0.251709137947429,,11.9222221561765,,7787,7907
planning,0.9,0,20796.0994799013,20819.5974058079,23.4979259065876,80.5995792991306,80.5774880839008,-0.0220912152298354,,,0.854161580823004,7907,7916
traveling,9.19999999999998,25.0798724079689,20819.5974058079,21122.1364035219,302.538997713997,80.5774880839008,80.2921078207458,-0.285380263154948,9.39616091214026,,,7916,8008
planning,0.7,0,21122.1364035219,21140.6990301272,18.5626266053368,80.2921078207458,80.2746480645563,-0.0174597561894814,,,0.664817792781194,8008,8015
dwelling,10.8,0,21140.6990301272,21372.0201842539,231.321154126716,80.2746480645563,80.0575405491918,-0.217107515364589,,10.7545454535846,,8015,8123
planning,1,0,21372.0201842539,21394.8621273111,22.8419430571266,80.0575405491918,80.0360863805072,-0.0214541686845422,,,0.999768058154958,8123,8133
traveling,8.79999999999998,23.6008474424119,21394.8621273111,21640.040892514,245.178765202909,80.0360863805072,79.8052347839906,-0.230851596516601,8.95541190201124,,,8133,8221
planning,0.8,0,21640.040892514,21658.3744977523,18.3336052382983,79.8052347839906,79.7880103257423,-0.0172244582482648,,,0.730215642618396,8221,8229
dwelling,18.4,0,21658.3744977523,22041.3741560866,382.999658334287,79.7880103257423,79.4284481402512,-0.359562185491157,,18.3823528939537,,8229,8413
planning,0.2,0,22041.3741560866,22046.6346198981,5.26046381156993,79.4284481402512,79.4234965254857,-0.00495161476546002,,,0.155275523844146,8413,8415
traveling,8.89999999999998,23.6008474424119,22046.6346198981,22325.9190305127,279.284410614597,79.4234965254857,79.1599381749704,-0.263558350515339,9.04119492022876,,,8415,8504
planning,0.7,0,22325.9190305127,22344.6243847725,18.7053542597787,79.1599381749704,79.1423228908288,-0.01761528414157,,,0.621474937522372,8504,8511
dwelling,12.7,0,22344.6243847725,22618.4409572208,273.816572448268,79.1423228908288,78.8850199644611,-0.2573029263677,,12.6090908814916,,8511,8638
planning,0.7,0,22618.4409572208,22634.6749486582,16.2339914373806,78.8850199644611,78.8697523401248,-0.0152676243363317,,,0.6547142590782,8638,8645
traveling,5.1,9,22634.6749486582,22771.4256399359,136.750691277713,78.8697523401248,78.7409177425485,-0.128834597576258,5.20346216992787,,,8645,8696
planning,0.7,0,22771.4256399359,22788.450087338,17.0244474021092,78.7409177425485,78.7248961804636,-0.0160215620848874,,,0.622924266976446,8696,8703
dwelling,12.1,0,22788.450087338,23048.0716539251,259.621566587106,78.7248961804636,78.4808493880143,-0.244046792449296,,12.0222221753585,,8703,8824
planning,0.5,0,23048.0716539251,23059.7023355664,11.6306816413489,78.4808493880143,78.4699063083378,-0.0109430796765366,,,0.454542828942213,8824,8829
traveling,5.3,9,23059.7023355664,23220.9531304493,161.250794882861,78.4699063083378,78.3176593735745,-0.152246934763284,5.46816035886469,,,8829,8882
planning,0.6,0,23220.9531304493,23237.5989792259,16.6458487766176,78.3176593735745,78.3019630430229,-0.0156963305516626,,,0.583535353865881,8882,8888
dwelling,7.89999999999999,0,23237.5989792259,23418.4561003585,180.857121132554,78.3019630430229,78.1317806430683,-0.170182399954527,,7.87272727214397,,8888,8967
planning,0.4,0,23418.4561003585,23429.2031795963,10.747079237779,78.1317806430683,78.1216487768749,-0.0101318661934755,,,0.379206606542248,8967,8971
traveling,9.09999999999998,25.0798724079689,23429.2031795963,23744.6449817598,315.441802163554,78.1216487768749,77.8230889627227,-0.298559814152128,9.21724539925171,,,8971,9062
planning,0.1,0,23744.6449817598,23747.2648479008,2.61986614104171,77.8230889627227,77.8206190629286,-0.00246989979409307,,,0.0979453981303251,9062,9063
dwelling,12.6,0,23747.2648479008,24039.7107295679,292.445881667001,77.8206190629286,77.545246327671,-0.275372735257633,,12.5666666532954,,9063,9189
planning,0.4,0,24039.7107295679,24049.2785169845,9.56778741659946,77.545246327671,77.5362330001549,-0.00901332751614348,,,0.353774050827205,9189,9193
traveling,9.19999999999998,25.0798724079689,24049.2785169845,24355.7731617933,306.494644808878,77.5362330001549,77.2461559684646,-0.290077031690217,9.39616091233356,,,9193,9285
planning,0.3,0,24355.7731617933,24364.0060952505,8.23293345714774,77.2461559684646,77.2383853000654,-0.00777066839926022,,,0.289446937483585,9285,9288
dwelling,11,0,24364.0060952505,24631.762086832,267.755991581544,77.2383853000654,76.9859858845697,-0.252399415495731,,10.9363636170795,,9288,9398
planning,1,0,24631.762086832,24659.7997731736,28.0376863415549,76.9859858845697,76.9595078321876,-0.0264780523820605,,,0.972539251222916,9398,9408
traveling,8.79999999999998,23.6008474424119,24659.7997731736,24965.6506286096,305.850855436016,76.9595078321876,76.6697072011536,-0.289800631033984,8.95541190146785,,,9408,9496
planning,0.8,0,24965.6506286096,24988.8817402837,23.2311116741257,76.6697072011536,76.6477512357581,-0.0219559653955628,,,0.76259388967872,9496,9504
dwelling,18.2,0,24988.8817402837,25380.1040975567,391.222357272974,76.6477512357581,76.2791641773221,-0.368587058435907,,18.1705882182861,,9504,9686
planning,0.8,0,25380.1040975567,25400.4848449247,20.3807473679735,76.2791641773221,76.2599257465083,-0.0192384308138855,,,0.775286872303827,9686,9694
traveling,8.89999999999998,23.6008474424119,25400.4848449247,25659.8599723095,259.375127384872,76.2599257465083,76.0146206699239,-0.245305076584387,9.04119492021991,,,9694,9783
planning,0.3,0,25659.8599723095,25666.809873003,6.9499006934675,76.0146206699239,76.0080654673146,-0.00655520260932008,,,0.257671334560182,9783,9786
dwelling,13.2,0,25666.809873003,25938.9777310171,272.167858014131,76.0080654673146,75.7516124541091,-0.256453013205459,,13.1545454547852,,9786,9918
planning,0.5,0,25938.9777310171,25951.0483419366,12.0706109194725,75.7516124541091,75.7402191473699,-0.0113933067391656,,,0.475938990904418,9918,9923
traveling,5.1,9,25951.0483419366,26088.9536428403,137.905300903742,75.7402191473699,75.6098663926757,-0.130352754694272,5.20346216849304,,,9923,9974
planning,0.3,0,26088.9536428403,26095.9743856086,7.02074276823623,75.6098663926757,75.603240873759,-0.00662551891669239,,,0.295955025832384,9974,9977
dwelling,12.4,0,26095.9743856086,26342.591656032,246.61727042343,75.603240873759,75.3708470235855,-0.232393850173509,,12.3555554911019,,9977,10101
planning,0.3,0,26342.591656032,26350.0814606319,7.48980459987433,75.3708470235855,75.3637720178525,-0.0070750057329434,,,0.278620372402814,10101,10104
traveling,5.3,9,26350.0814606319,26503.5025025349,153.421041903002,75.3637720178525,75.2185645665736,-0.145207451278949,5.46816035887857,,,10104,10157
planning,0.8,0,26503.5025025349,26524.9674349312,21.4649323963495,75.2185645665736,75.1982676534792,-0.0202969130943842,,,0.738765303848692,10157,10165
dwelling,7.59999999999999,0,26524.9674349312,26717.1856839945,192.21824906324,75.1982676534792,75.0166167103249,-0.181650943154239,,7.56363634775002,,10165,10241
planning,0.6,0,26717.1856839945,26733.8634803124,16.6777963178756,75.0166167103249,75.0008361610287,-0.0157805492962666,,,0.599106932995305,10241,10247
traveling,9.09999999999998,25.0798724079689,26733.8634803124,27042.264516659,308.401036346604,75.0008361610287,74.7081328923636,-0.292703268665065,9.21724539909517,,,10247,10338
planning,0.1,0,27042.264516659,27045.1933428137,2.92882615469352,74.7081328923636,74.7053588445412,-0.00277404782242741,,,0.0814391101616263,10338,10339
dwelling,12.6,0,27045.1933428137,27375.5758995641,330.382556750421,74.7053588445412,74.3928213429129,-0.312537501628256,,12.5555555235647,,10339,10465
planning,0.6,0,27375.5758995641,27394.1083276485,18.5324280843779,74.3928213429129,74.3752492879455,-0.017572054967431,,,0.569054762973803,10465,10471
traveling,9.19999999999998,25.0798724079689,27394.1083276485,27741.2285655391,347.120237890656,74.3752492879455,74.0449642256854,-0.330285062260089,9.39616091204336,,,10471,10563
planning,0.6,0,27741.2285655391,27759.3481477042,18.1195821650472,74.0449642256854,74.0277826801043,-0.01718154558111,,,0.533348731359232,10563,10569
dwelling,10.8,0,27759.3481477042,28009.1822987559,249.834151051702,74.0277826801043,73.7916049988746,-0.236177681229663,,10.7090909085294,,10569,10677
planning,0.7,0,28009.1822987559,28025.7588842535,16.5765854976053,73.7916049988746,73.7759294209336,-0.0156755779410105,,,0.688486892486795,10677,10684
traveling,8.79999999999998,23.6008474424119,28025.7588842535,28302.6701803617,276.911296108243,73.7759294209336,73.5130519259444,-0.262877494989255,8.95541190132122,,,10684,10772
planning,0.5,0,28302.6701803617,28316.768961171,14.0987808093378,73.5130519259444,73.4996877654143,-0.0133641605301023,,,0.49840340505263,10772,10777
dwelling,18.5,0,28316.768961171,28753.1823538755,436.41339270446,73.4996877654143,73.0867932033986,-0.412894562015637,,18.4176469327051,,10777,10962
planning,0.5,0,28753.1823538755,28766.3823686423,13.2000147667641,73.0867932033986,73.0742856106601,-0.0125075927385154,,,0.441385036692503,10962,10967
traveling,8.89999999999998,23.6008474424119,28766.3823686423,29042.2834815853,275.901112943044,73.0742856106601,72.8122188263684,-0.262066784291747,9.04119492022197,,,10967,11056
planning,0.9,0,29042.2834815853,29063.3467493951,21.0632678097681,72.8122188263684,72.7922819447528,-0.0199368816155641,,,0.835800784746001,11056,11065
dwelling,12.5,0,29063.3467493951,29354.7755685973,291.428819202203,72.7922819447528,72.5163997304823,-0.275882214270538,,12.4454545454874,,11065,11190
planning,1,0,29354.7755685973,29383.1849363298,28.4093677325473,72.5163997304823,72.489438800957,-0.0269609295252877,,,0.965628757132525,11190,11200
traveling,5.1,9,29383.1849363298,29539.100078457,155.915142127124,72.489438800957,72.3413071899353,-0.148131611021682,5.2034621689719,,,11200,11251
planning,0.8,0,29539.100078457,29560.0355242381,20.9354457811023,72.3413071899353,72.3214559439589,-0.0198512459763975,,,0.772113723656031,11251,11259
dwelling,11.9,0,29560.0355242381,29821.0926114037,261.057087165645,72.3214559439589,72.0743571559116,-0.247098788047325,,11.8777777556742,,11259,11378
planning,0.1,0,29821.0926114037,29823.6347484975,2.54213709375836,72.0743571559116,72.0719468281671,-0.00241032774449934,,,0.0591278048063987,11378,11379
traveling,5.3,9,29823.6347484975,29980.7798403454,157.145091847891,72.0719468281671,71.9226328832828,-0.149313944884284,5.46816035887604,,,11379,11432
planning,0.5,0,29980.7798403454,29992.9002407126,12.1204003672719,71.9226328832828,71.9111451299018,-0.0114877533809619,,,0.497620635839867,11432,11437
dwelling,7.79999999999999,0,29992.9002407126,30159.1622628475,166.262022134866,71.9111451299018,71.7537580633371,-0.157387066564709,,7.7909090867756,,11437,11515
planning,0.6,0,30159.1622628475,30174.8104276361,15.6481647885776,71.7537580633371,71.7389114298215,-0.0148466335155746,,,0.537676611613698,11515,11521
traveling,9.09999999999998,25.0798724079689,30174.8104276361,30467.2341818403,292.423754204268,71.7389114298215,71.4606260292093,-0.278285400612276,9.21724539846878,,,11521,11612
planning,0.2,0,30467.2341818403,30472.5170512447,5.28286940437101,71.4606260292093,71.4556114022359,-0.00501462697336308,,,0.15370949934266,11612,11614
dwelling,12.5,0,30472.5170512447,30767.1023800445,294.585328799771,71.4556114022359,71.1763039321006,-0.279307470135279,,12.411111083066,,11614,11739
planning,0.6,0,30767.1023800445,30781.4845185787,14.3821385341798,71.1763039321006,71.1626630585674,-0.0136408735332338,,,0.589358827754122,11739,11745
traveling,9.19999999999998,25.0798724079689,30781.4845185787,31043.5152771965,262.030758617861,71.1626630585674,70.9135691321501,-0.24909392641726,9.39616091205248,,,11745,11837
planning,0.7,0,31043.5152771965,31059.9437921306,16.428514934054,70.9135691321501,70.8979865035013,-0.0155826286487866,,,0.693259502256289,11837,11844
dwelling,10.7,0,31059.9437921306,31303.0640375659,243.120245435301,70.8979865035013,70.6674298299609,-0.230556673540448,,10.6090908966924,,11844,11951
planning,0.3,0,31303.0640375659,31310.5139136974,7.44987613152261,70.6674298299609,70.6603571745789,-0.00707265538200375,,,0.246984523078734,11951,11954
traveling,8.79999999999998,23.6008474424119,31310.5139136974,31585.9494515744,275.435537876976,70.6603571745789,70.3980072527838,-0.26234992179505,8.9554119011684,,,11954,12042
planning,0.9,0,31585.9494515744,31610.2641467675,24.3146951930867,70.3980072527838,70.3748933080017,-0.0231139447821249,,,0.871010025238562,12042,12051
dwelling,18,0,31610.2641467675,32098.6931520886,488.429005321166,70.3748933080017,69.9104191059609,-0.464474202040847,,17.9647058708449,,12051,12231
planning,0.9,0,32098.6931520886,32126.6982414867,28.0050893980952,69.9104191059609,69.8837315656203,-0.0266875403405749,,,0.86144457563475,12231,12240
traveling,8.89999999999998,23.6008474424119,32126.6982414867,32479.0280855968,352.329844110081,69.8837315656203,69.5465029988627,-0.337228566757574,9.04119492024919,,,12240,12329
planning,0.3,0,32479.0280855968,32488.6176946873,9.58960909047164,69.5465029988627,69.5373572794986,-0.00914571936408493,,,0.235330104808776,12329,12332
dwelling,13.2,0,32488.6176946873,32825.6111508533,336.993456166041,69.5373572794986,69.2168393285869,-0.32051795091175,,13.1545454544659,,12332,12464
planning,0.7,0,32825.6111508533,32844.4742085552,18.8630577019212,69.2168393285869,69.1988846632274,-0.0179546653594969,,,0.672025701579366,12464,12471
traveling,5.1,9,32844.4742085552,32993.8840560285,149.409847473245,69.1988846632274,69.0564982400382,-0.14238642318918,5.20346216801432,,,12471,12522
planning,0.4,0,32993.8840560285,33004.1012088874,10.2171528588951,69.0564982400382,69.0467777761299,-0.00972046390832304,,,0.386668575478336,12522,12526
dwelling,12.3,0,33004.1012088874,33288.2512298125,284.15002092511,69.0467777761299,68.7767009590673,-0.270076817062545,,12.2333332705176,,12526,12649
planning,0.2,0,33288.2512298125,33293.6757497334,5.42451992088172,68.7767009590673,68.7715347303789,-0.0051662286884806,,,0.141845875700094,12649,12651
traveling,5.3,9,33293.6757497334,33444.2246668139,150.54891708053,68.7715347303789,68.6280504420768,-0.14348428830202,5.46816035893477,,,12651,12704
planning,0.9,0,33444.2246668139,33467.0212797837,22.7966129698398,68.6280504420768,68.6063535200975,-0.021696921979327,,,0.803971394045797,12704,12713
dwelling,7.49999999999999,0,33467.0212797837,33636.0388634023,169.017583618523,68.6063535200975,68.4456773710985,-0.160676148999059,,7.42727272735641,,12713,12788
planning,0.8,0,33636.0388634023,33657.20608973,21.1672263277069,68.4456773710985,68.4255165113488,-0.0201608597496801,,,0.728810716279409,12788,12796
traveling,9.09999999999998,25.0798724079689,33657.20608973,33958.8297169763,301.623627246328,68.4255165113488,68.1372519152336,-0.28826459611517,9.21724539862525,,,12796,12887
planning,0.2,0,33958.8297169763,33964.0279476847,5.1982307084254,68.1372519152336,68.1323001948995,-0.00495172033411961,,,0.148275477645326,12887,12889
dwelling,12.5,0,33964.0279476847,34213.2072852495,249.179337564805,68.1323001948995,67.8955591601075,-0.236741034792004,,12.4222221510554,,12889,13014
planning,0.3,0,34213.2072852495,34219.5733081,6.36602285044501,67.8955591601075,67.8895067995509,-0.00605236055662317,,,0.262820231324687,13014,13017
traveling,9.19999999999998,25.0798724079689,34219.5733081,34447.9474264567,228.374118356725,67.8895067995509,67.6719826895368,-0.217524110014068,9.39616051715089,,,13017,13109
planning,0.9,0,34447.9474264567,34469.2680751902,21.3206487334828,67.6719826895368,67.6516838292899,-0.0202988602468821,,,0.845964206399424,13109,13118
dwelling,10.3,0,34469.2680751902,34703.2529933699,233.984918179733,67.6516838292899,67.42897353286,-0.222710296429923,,10.2999999942036,,13118,13221
planning,0.5,0,34703.2529933699,34715.2487787139,11.9957853439555,67.42897353286,67.4175479612775,-0.0114255715825209,,,0.408593049097367,13221,13226
traveling,8.79999999999998,23.6008474424119,34715.2487787139,34969.1388096055,253.890030891613,67.4175479612775,67.1751185964105,-0.242429364866922,8.95541190113372,,,13226,13314
planning,0.4,0,34969.1388096055,34978.2239585129,9.0851489073757,67.1751185964105,67.1664679810156,-0.00865061539489886,,,0.32002058524621,13314,13318
dwelling,18.5,0,34978.2239585129,35351.293124504,373.069165991154,67.1664679810156,66.8115792402392,-0.354888740776431,,18.4470587481256,,13318,13503
planning,1,0,35351.293124504,35375.429925475,24.1368009709768,66.8115792402392,66.7885718435456,-0.0230073966936288,,,0.912410295945261,13503,13513
traveling,8.89999999999998,23.6008474424119,35375.429925475,35675.8389688956,300.409043420659,66.7885718435456,66.5008163820152,-0.287755461530409,9.04119492024235,,,13513,13602
planning,0.2,0,35675.8389688956,35681.3990968282,5.56012793260015,66.5008163820152,66.4955054891422,-0.00531089287294151,,,0.162339064134405,13602,13604
dwelling,13.3,0,35681.3990968282,35966.0387297202,284.639632892002,66.4955054891422,66.2243724379173,-0.271133051224936,,13.2909090904127,,13604,13737
planning,0.8,0,35966.0387297202,35985.1787350505,19.1400053302714,66.2243724379173,66.2061174661644,-0.0182549717528957,,,0.716150473769644,13737,13745
traveling,5.1,9,35985.1787350505,36123.9145676383,138.735832587816,66.2061174661644,66.0735785196886,-0.132538946475762,5.20346216849286,,,13745,13796
planning,0.9,0,36123.9145676383,36145.2610373146,21.3464696762676,66.0735785196886,66.0532174862802,-0.020361033408463,,,0.835366866460549,13796,13805
dwelling,11.8,0,36145.2610373146,36400.8198404173,255.558803102736,66.0532174862802,65.8096517009867,-0.243565785293512,,11.7555555142772,,13805,13923
planning,0.9,0,36400.8198404173,36424.0123044053,23.1924639879726,65.8096517009867,65.787501825086,-0.022149875900709,,,0.856298000848355,13923,13932
traveling,5.3,9,36424.0123044053,36584.3267600763,160.314455671018,65.787501825086,65.634043885551,-0.153457939534931,5.46816035880814,,,13932,13985
planning,0.6,0,36584.3267600763,36599.8978829914,15.5711229150329,65.634043885551,65.6191684976697,-0.0148753878812755,,,0.511417876304775,13985,13991
dwelling,7.99999999999999,0,36599.8978829914,36766.1026861767,166.204803185363,65.6191684976697,65.4607541424855,-0.15841435518422,,7.98181818021062,,13991,14071
planning,0.9,0,36766.1026861767,36789.4028748455,23.3001886687998,65.4607541424855,65.4384910902314,-0.0222630522541749,,,0.848760174214364,14071,14080
traveling,9.09999999999998,25.0798724079689,36789.4028748455,37052.7383173055,263.335442459946,65.4384910902314,65.1864639368514,-0.252027153379927,9.2172454005039,,,14080,14171
planning,0.7,0,37052.7383173055,37069.9212553754,17.1829380699201,65.1864639368514,65.1700508685,-0.0164130683513832,,,0.669465958174404,14171,14178
dwelling,12.1,0,37069.9212553754,37349.8304099048,279.909154529407,65.1700508685,64.902808310797,-0.267242557703,,12.0555554760286,,14178,14299
planning,0.8,0,37349.8304099048,37368.3133237802,18.4829138753848,64.902808310797,64.8851594368579,-0.0176488739391232,,,0.747859575052929,14299,14307
traveling,9.19999999999998,25.0798724079689,37368.3133237802,37640.4332392478,272.119915467571,64.8851594368579,64.6244515885592,-0.260707848298679,9.39616091222242,,,14307,14399
planning,1,0,37640.4332392478,37665.2699147202,24.8366754724266,64.6244515885592,64.6007087053276,-0.0237428832316198,,,0.954178586508681,14399,14409
dwelling,10.5,0,37665.2699147202,37894.0284975241,228.758582803879,64.6007087053276,64.3823017157909,-0.218406989536732,,10.4181817957228,,14409,14514
planning,0.2,0,37894.0284975241,37899.6970844367,5.66858691268862,64.3823017157909,64.3768723450174,-0.00542937077347005,,,0.167409681736736,14514,14516
traveling,8.79999999999998,23.6008474424119,37899.6970844367,38196.4787988763,296.781714439516,64.3768723450174,64.0918100616632,-0.28506228335425,8.95541190192369,,,14516,14604
planning,0.6,0,38196.4787988763,38214.1680703467,17.6892714704809,64.0918100616632,64.0748521607385,-0.0169579009246235,,,0.534250510907493,14604,14610
dwelling,18.6,0,38214.1680703467,38647.6092703688,433.441200022069,64.0748521607385,63.6604049767704,-0.414447183968129,,18.5470587808949,,14610,14796
planning,0.4,0,38647.6092703688,38656.5753467216,8.96607635281543,63.6604049767704,63.6518337518486,-0.00857122492181617,,,0.351648991384487,14796,14800
traveling,8.89999999999998,23.6008474424119,38656.5753467216,38924.1860289794,267.610682257779,63.6518337518486,63.3949974653212,-0.256836286527403,9.04119492026916,,,14800,14889
planning,0.2,0,38924.1860289794,38928.9785909905,4.79256201111275,63.3949974653212,63.3904111926805,-0.00458627264073641,,,0.144588098527834,14889,14891
dwelling,13.2,0,38928.9785909905,39200.810093409,271.831502418529,63.3904111926805,63.1306435244002,-0.259767668280261,,13.1818181381115,,14891,15023
planning,0.2,0,39200.810093409,39205.4324405351,4.62234712601639,63.1306435244002,63.1262205036711,-0.00442302072906386,,,0.145612853021115,15023,15025
traveling,5.1,9,39205.4324405351,39341.0973192501,135.664878715041,63.1262205036711,62.9961766653882,-0.130043838282909,5.2034621682536,,,15025,15076
planning,0.2,0,39341.0973192501,39345.830586344,4.73326709393586,62.9961766653882,62.9916455933586,-0.00453107202958591,,,0.161381153833482,15076,15078
dwelling,12.5,0,39345.830586344,39622.882723271,277.052136926992,62.9916455933586,62.7265657504257,-0.265079842932934,,12.4444443756188,,15078,15203
planning,0.6,0,39622.882723271,39636.7684136093,13.8856903382184,62.7265657504257,62.7132720999091,-0.0132936505166086,,,0.591513346364215,15203,15209
traveling,5.3,9,39636.7684136093,39782.3305637904,145.562150181118,62.7132720999091,62.5736079686063,-0.139664131302823,5.46816035879908,,,15209,15262
planning,0.6,0,39782.3305637904,39797.9985671595,15.6680033691591,62.5736079686063,62.5585842001708,-0.0150237684355119,,,0.5067731541611,15262,15268
dwelling,7.89999999999999,0,39797.9985671595,39984.6820150761,186.683447916585,62.5585842001708,62.3797640330779,-0.178820167092873,,7.8727272608413,,15268,15347
planning,1,0,39984.6820150761,40011.2946340939,26.6126190177747,62.3797640330779,62.3542331682569,-0.0255308648210146,,,0.961446359119794,15347,15357
traveling,9.09999999999998,25.0798724079689,40011.2946340939,40306.4466481705,295.152014076564,62.3542331682569,62.0702238304355,-0.284009337821423,9.21724539846885,,,15357,15448
planning,0.1,0,40306.4466481705,40309.135819671,2.6891715005695,62.0702238304355,62.0676427206295,-0.00258110980596626,,,0.0397406161299422,15448,15449
dwelling,12.6,0,40309.135819671,40625.7718098866,316.635990215545,62.0676427206295,61.7639157757278,-0.303726944901705,,12.5111110851324,,15449,15575
planning,0.9,0,40625.7718098866,40649.7449061349,23.9730962483227,61.7639157757278,61.7408997817421,-0.0230159939856733,,,0.868498619724702,15575,15584
traveling,9.19999999999998,25.0798724079689,40649.7449061349,40941.4142220425,291.669315907588,61.7408997817421,61.4601143296936,-0.280785452048463,9.39616091218891,,,15584,15676
planning,1,0,40941.4142220425,40966.651669116,25.2374470735376,61.4601143296936,61.4358913987082,-0.0242229309854025,,,0.98466369750541,15676,15686
dwelling,10.5,0,40966.651669116,41204.945905493,238.294236376983,61.4358913987082,61.2074108309492,-0.228480567759057,,10.4181818063604,,15686,15791
planning,0.8,0,41204.945905493,41226.8591824233,21.9132769303251,61.2074108309492,61.186350467348,-0.0210603636011513,,,0.784299103211978,15791,15799
traveling,8.79999999999998,23.6008474424119,41226.8591824233,41508.113148158,281.253965734672,61.186350467348,60.9153720815076,-0.270978385840415,8.95541190175006,,,15799,15887
planning,0.8,0,41508.113148158,41527.4034035775,19.2902554195098,60.9153720815076,60.8968546885297,-0.0185173929778912,,,0.74935603111893,15887,15895
dwelling,18.3,0,41527.4034035775,41969.2756057551,441.872202177561,60.8968546885297,60.4725424568556,-0.424312231674087,,18.2764705449497,,15895,16078
planning,1,0,41969.2756057551,41996.9349561118,27.6593503567201,60.4725424568556,60.445931875033,-0.0266105818226592,,,0.910917060232223,16078,16088
traveling,8.89999999999998,23.6008474424119,41996.9349561118,42294.5136042805,297.578648168703,60.445931875033,60.1587544946032,-0.28717738042981,9.04119492030492,,,16088,16177
planning,0.5,0,42294.5136042805,42307.6184064459,13.1048021654206,60.1587544946032,60.1461504270892,-0.0126040675139691,,,0.402656135984362,16177,16182
dwelling,13.1,0,42307.6184064459,42609.0279184051,301.409511959173,60.1461504270892,59.8566379500652,-0.289512477024033,,13.0636363640837,,16182,16313
planning,0.8,0,42609.0279184051,42630.0357418547,21.0078234496177,59.8566379500652,59.8364244717738,-0.0202134782913745,,,0.756514198780767,16313,16321
traveling,5.1,9,42630.0357418547,42795.1314396599,165.095697805227,59.8364244717738,59.6770749420623,-0.159349529711463,5.20346217278799,,,16321,16372
planning,0.3,0,42795.1314396599,42803.7008865067,8.56944684677728,59.6770749420623,59.6688186648018,-0.00825627726052147,,,0.27536876362766,16372,16375
dwelling,12.6,0,42803.7008865067,43093.2292744214,289.528387914725,59.6688186648018,59.3905546210103,-0.278264043791523,,12.5555554749883,,16375,16501
planning,0.4,0,43093.2292744214,43103.5849328517,10.3556584302933,59.3905546210103,59.3805864659219,-0.00996815508843696,,,0.350521527676827,16501,16505
traveling,5.3,9,43103.5849328517,43258.747451906,155.162519054247,59.3805864659219,59.2309681063878,-0.149618359534067,5.46816035881285,,,16505,16558
planning,0.9,0,43258.747451906,43280.7535522373,22.0061003313094,59.2309681063878,59.2097955170634,-0.0211725893244079,,,0.86781420698855,16558,16567
dwelling,7.59999999999999,0,43280.7535522373,43443.428020458,162.674468220706,59.2097955170634,59.0534901897133,-0.156305327350118,,7.57272727297289,,16567,16643
planning,0.6,0,43443.428020458,43457.6173770826,14.189356624629,59.0534901897133,59.0398404454021,-0.0136497443111594,,,0.586428979069267,16643,16649
traveling,9.09999999999998,25.0798724079689,43457.6173770826,43717.3605619748,259.743184892141,59.0398404454021,58.7893238362198,-0.250516609182341,9.21724540081688,,,16649,16740
planning,1,0,43717.3605619748,43740.4392603713,23.078698396559,58.7893238362198,58.7671209907997,-0.022202845420054,,,0.918393411032402,16740,16750
dwelling,11.8,0,43740.4392603713,43979.4916878563,239.052427484938,58.7671209907997,58.5374080890728,-0.229712901726906,,11.7777777261855,,16750,16868
planning,0.9,0,43979.4916878563,44001.9111649585,22.4194771022812,58.5374080890728,58.5158137160587,-0.0215943730141035,,,0.830908319858146,16868,16877
traveling,9.19999999999998,25.0798724079689,44001.9111649585,44292.1720410667,290.260876108165,58.5158137160587,58.2352684092309,-0.280545306827761,9.39616091212255,,,16877,16969
planning,0.9,0,44292.1720410667,44316.1356001245,23.9635590578109,58.2352684092309,58.2121589757514,-0.0231094334794903,,,0.844116216447327,16969,16978
dwelling,10.6,0,44316.1356001245,44555.9915610042,239.855960879679,58.2121589757514,57.9812519720243,-0.23090700372714,,10.5545454403034,,16978,17084
planning,0.2,0,44555.9915610042,44561.2653968432,5.27383583905612,57.9812519720243,57.9761651256484,-0.00508684637591017,,,0.169672178282142,17084,17086
traveling,8.79999999999998,23.6008474424119,44561.2653968432,44858.655711202,297.390314358723,57.9761651256484,57.6882026945081,-0.287962431140258,8.95541190170441,,,17086,17174
planning,0.5,0,44858.655711202,44871.4106516871,12.7549404851161,57.6882026945081,57.6759002617451,-0.0123024327630219,,,0.412169620521469,17174,17179
dwelling,18.6,0,44871.4106516871,45308.8476103674,437.436958680351,57.6759002617451,57.2542554541467,-0.421644807598454,,18.558823459036,,17179,17365
planning,0.1,0,45308.8476103674,45311.3184285456,2.47081817816797,57.2542554541467,57.2518718615215,-0.00238359262511523,,,0.0373782910835944,17365,17366
traveling,8.89999999999998,23.6008474424119,45311.3184285456,45587.2247665437,275.906337998051,57.2518718615215,56.9848279711725,-0.267043890349044,9.04119491977282,,,17366,17455
planning,0.8,0,45587.2247665437,45607.0376118592,19.8128453155659,56.9848279711725,56.9657068876548,-0.0191210835176676,,,0.728619065873467,17455,17463
dwelling,12.5,0,45607.0376118592,45909.4827938847,302.445182025527,56.9657068876548,56.6738336596271,-0.291873228027725,,12.4363636194944,,17463,17588
planning,0.9,0,45909.4827938847,45933.384358263,23.9015643782186,56.6738336596271,56.6507372413878,-0.0230964182392981,,,0.897632501553568,17588,17597
traveling,5.1,9,45933.384358263,46089.7861466979,156.40178843496,56.6507372413878,56.4992831272293,-0.151454114158469,5.20346216801423,,,17597,17648
planning,0.5,0,46089.7861466979,46103.5527289534,13.7665822554845,56.4992831272293,56.4859710632964,-0.013312063932986,,,0.436367242616766,17648,17653
dwelling,12.2,0,46103.5527289534,46378.7297848319,275.177055878492,56.4859710632964,56.2204594313623,-0.265511631934039,,12.1333333329711,,17653,17775
planning,0.9,0,46378.7297848319,46400.237819971,21.5080351390643,56.2204594313623,56.1996897923108,-0.0207696390514869,,,0.883743067029171,17775,17784
traveling,5.3,9,46400.237819971,46543.2167703632,142.9789503922,56.1996897923108,56.0613934674209,-0.138296324889943,5.46816035877392,,,17784,17837
planning,0.6,0,46543.2167703632,46556.5894596709,13.372689307711,56.0613934674209,56.0484871157946,-0.0129063516263344,,,0.505329634666643,17837,17843
dwelling,7.99999999999999,0,46556.5894596709,46718.4791763913,161.889716720383,56.0484871157946,55.8923758973374,-0.156111218457163,,7.98181816685347,,17843,17923
planning,1,0,46718.4791763913,46741.3722435782,22.8930671869311,55.8923758973374,55.8702696085157,-0.022106288821675,,,0.937945053231101,17923,17933
traveling,9.09999999999998,25.0798724079689,46741.3722435782,47006.3490639178,264.976820339623,55.8702696085157,55.6135493011897,-0.256720307326006,9.21724539940813,,,17933,18024
planning,0.9,0,47006.3490639178,47028.3174416635,21.9683777457103,55.6135493011897,55.5923124524901,-0.0212368486995942,,,0.825199240653469,18024,18033
dwelling,11.8,0,47028.3174416635,47306.9912107026,278.673769039029,55.5923124524901,55.3229507177349,-0.269361734755229,,11.7777776873078,,18033,18151
planning,1,0,47306.9912107026,47334.7864866517,27.7952759491091,55.3229507177349,55.2960264372274,-0.0269242805074654,,,0.968479272686976,18151,18161
traveling,9.19999999999998,25.0798724079689,47334.7864866517,47643.5100292639,308.723542612264,55.2960264372274,54.996054484693,-0.299971952534406,9.39616091214635,,,18161,18253
planning,0.7,0,47643.5100292639,47663.3488956184,19.8388663544611,54.996054484693,54.9768236487235,-0.0192308359694664,,,0.680686997502887,18253,18260
dwelling,10.8,0,47663.3488956184,47915.3781548217,252.029259203307,54.9768236487235,54.7330482159256,-0.243775432797982,,10.7545454454692,,18260,18368
planning,0.7,0,47915.3781548217,47932.6642822071,17.2861273854069,54.7330482159256,54.7163151929254,-0.016733023000171,,,0.635094194912327,18368,18375
traveling,8.79999999999998,23.6008474424119,47932.6642822071,48212.7864232703,280.122141063192,54.7163151929254,54.4441323822943,-0.272182810631108,8.95541190218596,,,18375,18463
planning,0.3,0,48212.7864232703,48220.7280828567,7.94165958637313,54.4441323822943,54.4364351859589,-0.00769719633537136,,,0.205698459755771,18463,18466
dwelling,19,0,48220.7280828567,48698.1512104102,477.423127553498,54.4364351859589,53.9738425766776,-0.462592609281359,,18.9529411678992,,18466,18656
planning,0.8,0,48698.1512104102,48718.8124157889,20.6612053787394,53.9738425766776,53.953810119871,-0.0200324568065327,,,0.755594594223363,18656,18664
traveling,8.89999999999998,23.6008474424119,48718.8124157889,49003.2879933195,284.475577530589,53.953810119871,53.6770837614254,-0.276726358445593,9.04119492030492,,,18664,18753
planning,0.3,0,49003.2879933195,49011.1127025669,7.82470924742665,53.6770837614254,53.6694931059481,-0.00759065547732263,,,0.294085427250711,18753,18756
dwelling,13.3,0,49011.1127025669,49315.9168497521,304.80414718519,53.6694931059481,53.3741850746686,-0.295308031279539,,13.2636363223474,,18756,18889
planning,0.4,0,49315.9168497521,49326.1486256357,10.2317758835998,53.3741850746686,53.3642574427914,-0.0099276318771615,,,0.389942273950573,18889,18893
traveling,5.1,9,49326.1486256357,49474.1984878052,148.04986216953,53.3642574427914,53.2203461519768,-0.143911290814643,5.20346217207451,,,18893,18944
planning,0.7,0,49474.1984878052,49491.0790089473,16.8805211420258,53.2203461519768,53.203975229182,-0.0163709227947848,,,0.686097611686933,18944,18951
dwelling,12.2,0,49491.0790089473,49764.9275228466,273.848513899364,53.203975229182,52.9385443809716,-0.265430848210364,,12.1222221278214,,18951,19073
planning,0.9,0,49764.9275228466,49790.8021538897,25.8746310430652,52.9385443809716,52.9133840402108,-0.0251603407608556,,,0.814090275433724,19073,19082
traveling,5.3,9,49790.8021538897,49974.25547162,183.45331773028,52.9133840402108,52.7344364977798,-0.17894754243099,5.46816035879929,,,19082,19135
planning,0.8,0,49974.25547162,49998.5109651067,24.2554934867076,52.7344364977798,52.7108256013488,-0.0236108964310091,,,0.773879824673631,19135,19143
dwelling,7.89999999999999,0,49998.5109651067,50204.3488424735,205.837877366859,52.7108256013488,52.5108378818567,-0.199987719492071,,7.85454545426307,,19143,19222
planning,0.8,0,50204.3488424735,50227.0295045809,22.6806621073993,52.5108378818567,52.488773825252,-0.0220640566047337,,,0.748355292488597,19222,19230
traveling,9.09999999999998,25.0798724079689,50227.0295045809,50538.1777196367,311.148215055779,52.488773825252,52.1851209728906,-0.303652852361367,9.21724540144276,,,19230,19321
planning,0.1,0,50538.1777196367,50540.9915873082,2.81386767145159,52.1851209728906,52.1823826140448,-0.00273835884583207,,,0.0814747527275761,19321,19322
dwelling,12.8,0,50540.9915873082,50849.0763376269,308.084750318681,52.1823826140448,51.883080788032,-0.299301826012801,,12.7222221686901,,19322,19450
planning,0.8,0,50849.0763376269,50868.8974134906,19.821075863736,51.883080788032,51.8638141538894,-0.0192666341425394,,,0.772819490873598,19450,19458
traveling,9.19999999999998,25.0798724079689,50868.8974134906,51170.4593087423,301.56189525174,51.8638141538894,51.5694286773166,-0.294385476572863,9.39616091218279,,,19458,19550
planning,0.3,0,51170.4593087423,51179.4973247723,9.0380160299319,51.5694286773166,51.5606164685497,-0.0088122087668836,,,0.264623754363195,19550,19553
dwelling,11.2,0,51179.4973247723,51463.2295981225,283.73227335023,51.5606164685497,51.2845416522703,-0.276074816279348,,11.1545454325268,,19553,19665
planning,0.7,0,51463.2295981225,51480.6088572858,17.3792591632664,51.2845416522703,51.2676328700543,-0.0169087822160634,,,0.636377229577214,19665,19672
traveling,8.79999999999998,23.6008474424119,51480.6088572858,51770.8776549688,290.268797683049,51.2676328700543,50.9839716851986,-0.283661184855703,8.95541190214335,,,19672,19760
planning,0.7,0,51770.8776549688,51788.8786436153,18.0009886464759,50.9839716851986,50.9664424032842,-0.0175292819143209,,,0.655748761820065,19760,19767
dwelling,18.6,0,51788.8786436153,52200.5314373039,411.652793688605,50.9664424032842,50.5661132656956,-0.400329137588677,,18.5352940830576,,19767,19953
planning,0.1,0,52200.5314373039,52202.9358343833,2.40439707940823,50.5661132656956,50.5637722987151,-0.00234096698044084,,,0.0407475666518526,19953,19954
traveling,8.89999999999998,23.6008474424119,52202.9358343833,52459.1977881042,256.261953720903,50.5637722987151,50.3136184336968,-0.25015386501827,9.04119492025961,,,19954,20043
planning,0.1,0,52459.1977881042,52461.7982345489,2.60044644468144,50.3136184336968,50.3110831734203,-0.00253526027654516,,,0.0122614152852187,20043,20044
dwelling,13.3,0,52461.7982345489,52758.3066849824,296.508450433568,50.3110831734203,50.0224514835376,-0.288631689882727,,13.2090908901672,,20044,20177
planning,0.2,0,52758.3066849824,52763.5181842324,5.2114992499919,50.0224514835376,50.0173681548219,-0.00508332871567774,,,0.185344059532395,20177,20179
traveling,5.1,9,52763.5181842324,52917.301136641,153.78295240859,50.0173681548219,49.8670406741728,-0.150327480649075,5.203462169211,,,20179,20230
planning,0.3,0,52917.301136641,52925.3211384271,8.02000178604794,49.8670406741728,49.8592133845543,-0.00782728961856094,,,0.229393231127208,20230,20233
dwelling,12.4,0,52925.3211384271,53168.6901581232,243.369019696162,49.8592133845543,49.6224451887276,-0.236768195826635,,12.3888888238408,,20233,20357
planning,0.2,0,53168.6901581232,53172.8203979847,4.13023986150802,49.6224451887276,49.6184245552204,-0.00402063350718151,,,0.103677925032495,20357,20359
traveling,5.3,9,53172.8203979847,53300.4923393052,127.671941320463,49.6184245552204,49.4939133934353,-0.124511161785108,5.4681603589113,,,20359,20412
planning,0.3,0,53300.4923393052,53307.0442991403,6.5519598350802,49.4939133934353,49.4875303272401,-0.00638306619526219,,,0.217835074803142,20412,20415
dwelling,8.09999999999999,0,53307.0442991403,53472.5765787478,165.532279607483,49.4875303272401,49.3263458965247,-0.161184430715394,,8.02727272563383,,20415,20496
planning,0.5,0,53472.5765787478,53485.8590659716,13.2824872238198,49.3263458965247,49.3133723508235,-0.0129735457011648,,,0.418564496288255,20496,20501
traveling,9.09999999999998,25.0798724079689,53485.8590659716,53770.0478674401,284.188801468532,49.3133723508235,49.0350709046209,-0.278301446202605,9.21724539737211,,,20501,20592
planning,0.3,0,53770.0478674401,53777.634248909,7.58638146888552,49.0350709046209,49.0276621515112,-0.00740875310969358,,,0.249403367782684,20592,20595
dwelling,12.3,0,53777.634248909,54050.3001954592,272.665946550187,49.0276621515112,48.7617227210834,-0.2659394304278,,12.2333332470378,,20595,20718
planning,0.3,0,54050.3001954592,54057.2347717463,6.93457628711622,48.7617227210834,48.75495469135,-0.00676802973338653,,,0.252003874119403,20718,20721
traveling,9.19999999999998,25.0798724079689,54057.2347717463,54334.6567585524,277.421986806075,48.75495469135,48.4831616734771,-0.271793017872895,9.39616051715168,,,20721,20813
planning,0.7,0,54334.6567585524,54351.8964890437,17.2397304912811,48.4831616734771,48.4663155899319,-0.0168460835452677,,,0.661463501799178,20813,20820
dwelling,10.5,0,54351.8964890437,54575.8201174073,223.923628363649,48.4663155899319,48.247812515147,-0.218503074784863,,10.4636363415684,,20820,20925
planning,0.3,0,54575.8201174073,54583.629264758,7.8091473507302,48.247812515147,48.2401735425838,-0.0076389725632211,,,0.239760500227455,20925,20928
traveling,8.79999999999998,23.6008474424119,54583.629264758,54852.7505952028,269.121330444759,48.2401735425838,47.9762460286874,-0.263927513896384,8.9554127117259,,,20928,21016
planning,1,0,54852.7505952028,54877.7646929526,25.0140977497722,47.9762460286874,47.9517777517392,-0.0244682769481628,,,0.953395206160619,21016,21026
dwelling,17.7,0,54877.7646929526,55291.5846754935,413.819982540932,47.9517777517392,47.5471569483961,-0.404620803343093,,17.635294090091,,21026,21203
planning,0.1,0,55291.5846754935,55294.2599597767,2.67528428320657,47.5471569483961,47.5445359442126,-0.00262100418349576,,,0.0315110639707495,21203,21204
traveling,8.89999999999998,23.6008474424119,55294.2599597767,55589.4376097711,295.177649994424,47.5445359442126,47.2543184593007,-0.290217484911963,9.04119491978526,,,21204,21293
planning,0.8,0,55589.4376097711,55609.6947417087,20.2571319375202,47.2543184593007,47.2344760291249,-0.019842430175828,,,0.703588526902524,21293,21301
dwelling,12.3,0,55609.6947417087,55884.9347501445,275.24000843586,47.2344760291249,46.9651895390184,-0.269286490106417,,12.290909088405,,21301,21424
planning,0.2,0,55884.9347501445,55890.1477829091,5.21303276456456,46.9651895390184,46.9600788673357,-0.00511067168277179,,,0.191736370921527,21424,21426
traveling,5.1,9,55890.1477829091,56045.2025123126,155.054729403535,46.9600788673357,46.8077149255827,-0.152363941752981,5.2034613724231,,,21426,21477
planning,0.7,0,56045.2025123126,56065.260457056,20.0579447434138,46.8077149255827,46.7880198934364,-0.0196950321462808,,,0.612750187072291,21477,21484
dwelling,11.7,0,56065.260457056,56330.7902425483,265.529785492312,46.7880198934364,46.5279827258476,-0.260037167588848,,11.6555555392535,,21484,21601
planning,0.4,0,56330.7902425483,56340.9666140827,10.1763715343623,46.5279827258476,46.5180015429776,-0.0099811828699643,,,0.377742578558796,21601,21605
traveling,5.3,9,56340.9666140827,56488.3797811943,147.413167111619,46.5180015429776,46.3732193098623,-0.144782233115329,5.46816035914556,,,21605,21658
planning,0.9,0,56488.3797811943,56510.6965849586,22.3168037642899,46.3732193098623,46.3513311718942,-0.0218881379681122,,,0.868291136327973,21658,21667
dwelling,7.39999999999999,0,56510.6965849586,56691.4497495323,180.753164573718,46.3513311718942,46.174049724411,-0.177281447483118,,7.3909090876986,,21667,21741
planning,0.3,0,56691.4497495323,56699.678162466,8.2284129336258,46.174049724411,46.1659661222807,-0.00808360213034831,,,0.295222544385159,21741,21744
traveling,9.09999999999998,25.0798724079689,56699.678162466,57003.4175687576,303.739406291592,46.1659661222807,45.8665801161706,-0.299386006110069,9.21724539423592,,,21744,21835
planning,0.3,0,57003.4175687576,57011.5821794127,8.16461065514159,45.8665801161706,45.8585555886167,-0.00802452755387151,,,0.294479942133055,21835,21838
dwelling,12.1,0,57011.5821794127,57305.372991465,293.790812052328,45.8585555886167,45.5701384312429,-0.288417157373885,,12.0111110476623,,21838,21959
planning,0.9,0,57305.372991465,57329.8595202171,24.4865287520952,45.5701384312429,45.5460587618172,-0.0240796694256957,,,0.848366248682147,21959,21968
traveling,9.19999999999998,25.0798724079689,57329.8595202171,57641.591600283,311.732080065849,45.5460587618172,45.2383440857255,-0.307714676091635,9.39616091204381,,,21968,22060
planning,0.2,0,57641.591600283,57646.9945791466,5.40297886359622,45.2383440857255,45.2330282329559,-0.00531585276960556,,,0.117831921032537,22060,22062
dwelling,11.2,0,57646.9945791466,57915.3146462553,268.32006710874,45.2330282329559,44.9693647758829,-0.263663457073022,,11.1090908987459,,22062,22174
planning,0.5,0,57915.3146462553,57928.5403795424,13.2257332870649,44.9693647758829,44.9563493125685,-0.0130154633144102,,,0.475172578107141,22174,22179
traveling,8.79999999999998,23.6008474424119,57928.5403795424,58230.6837710834,302.143391540987,44.9563493125685,44.657692082241,-0.298657230327535,8.95541271292601,,,22179,22267
planning,1,0,58230.6837710834,58259.2793507169,28.5955796335111,44.657692082241,44.6295041279605,-0.0281879542804901,,,0.986989853475753,22267,22277
dwelling,17.7,0,58259.2793507169,58674.8059021088,415.526551391951,44.6295041279605,44.2207516000999,-0.408752527860536,,17.6529411742508,,22277,22454
planning,0.5,0,58674.8059021088,58686.9052662206,12.0993641117384,44.2207516000999,44.2088410888529,-0.0119105112470095,,,0.472152154191585,22454,22459
traveling,8.89999999999998,23.6008474424119,58686.9052662206,58968.2226857488,281.317419528226,44.2088410888529,43.9307629373256,-0.278078151527339,9.04119491978042,,,22459,22548
planning,0.9,0,58968.2226857488,58989.9382225713,21.7155368225285,43.9307629373256,43.909374912387,-0.0213880249385454,,,0.887428570798037,22548,22557
dwelling,12.4,0,58989.9382225713,59282.3919400972,292.453717525852,43.909374912387,43.6213178170539,-0.288057095333158,,12.336363636641,,22557,22681
planning,0.5,0,59282.3919400972,59296.7916256996,14.3996856024387,43.6213178170539,43.6070936665211,-0.0142241505327902,,,0.413240300459496,22681,22686
traveling,5.1,9,59296.7916256996,59464.3029767654,167.511351065834,43.6070936665211,43.4412506553303,-0.165843011190823,5.20346137305591,,,22686,22737
planning,0.4,0,59464.3029767654,59475.536086863,11.2331100975352,43.4412506553303,43.4301545009794,-0.0110961543508665,,,0.36489564897974,22737,22741
dwelling,12.2,0,59475.536086863,59753.6543295056,278.118242642602,43.4301545009794,43.1560711487519,-0.274083352227542,,12.1111110460935,,22741,22863
planning,0.4,0,59753.6543295056,59763.5141005712,9.85977106561768,43.1560711487519,43.1463428411586,-0.00972830759324239,,,0.34363325295109,22863,22867
traveling,5.3,9,59763.5141005712,59904.1780643455,140.663963774285,43.1463428411586,43.0073975659834,-0.138945275175168,5.46816035896183,,,22867,22920
planning,0.5,0,59904.1780643455,59915.0005129233,10.822448577841,43.0073975659834,42.996732215587,-0.0106653503964935,,,0.453595168725793,22920,22925
dwelling,7.89999999999999,0,59915.0005129233,60065.3656846821,150.365171758756,42.996732215587,42.8487159948074,-0.148016220779546,,7.86363633693806,,22925,23004
planning,0.8,0,60065.3656846821,60083.7273136331,18.3616289510755,42.8487159948074,42.8306031879717,-0.0181128068356671,,,0.778212304897634,23004,23012
traveling,9.09999999999998,25.0798724079689,60083.7273136331,60339.5764545949,255.849140961778,42.8306031879717,42.5774744120821,-0.253128775889657,9.21724539752886,,,23012,23103
planning,0.9,0,60339.5764545949,60358.1923409635,18.6158863686069,42.5774744120821,42.55912141236,-0.0183529997220759,,,0.876986998147772,23103,23112
dwelling,11.7,0,60358.1923409635,60568.3595779493,210.167236985813,42.55912141236,42.3521499589343,-0.20697145342573,,11.6444444004947,,23112,23229
planning,0.4,0,60568.3595779493,60576.9133269413,8.55374899192975,42.3521499589343,42.3437102535238,-0.00843970541051675,,,0.354146364297633,23229,23233
traveling,9.19999999999998,25.0798724079689,60576.9133269413,60830.4430797218,253.529752780509,42.3437102535238,42.0926670042582,-0.251043249265585,9.39616051715191,,,23233,23325
planning,0.3,0,60830.4430797218,60837.4394041163,6.99632439452398,42.0926670042582,42.0857535893965,-0.00691341486167829,,,0.212208099230061,23325,23328
dwelling,10.9,0,60837.4394041163,61088.9959275477,251.556523431354,42.0857535893965,41.8371236179102,-0.248629971486338,,10.8999999910467,,23328,23437
planning,0.3,0,61088.9959275477,61097.7149914835,8.71906393585959,41.8371236179102,41.8284782967545,-0.008645321155619,,,0.20645715017722,23437,23440
traveling,8.79999999999998,23.6008474424119,61097.7149914835,61367.2747368664,269.559745382918,41.8284782967545,41.5608913056215,-0.267586991133044,8.95541190092274,,,23440,23528
planning,0.2,0,61367.2747368664,61372.2198289786,4.94509211213153,41.5608913056215,41.5559959042541,-0.00489540136737077,,,0.147964148315155,23528,23530
dwelling,18.6,0,61372.2198289786,61819.8229086364,447.603079657805,41.5559959042541,41.112807996341,-0.443187907913128,,18.5588234964334,,23530,23716
planning,0.2,0,61819.8229086364,61825.6315797715,5.80867113512068,41.112807996341,41.1070395740325,-0.00576842230851327,,,0.185131109552365,23716,23718
traveling,8.89999999999998,23.6008474424119,61825.6315797715,62114.7151830561,289.083603284627,41.1070395740325,40.819340908615,-0.287698665417508,9.04119491979912,,,23718,23807
planning,1,0,62114.7151830561,62140.746663722,26.0314806658571,40.819340908615,40.7935120788266,-0.0258288297883382,,,0.98238022459953,23807,23817
dwelling,12.2,0,62140.746663722,62426.6522038847,285.905540162697,40.7935120788266,40.5101026140832,-0.283409464743457,,12.163636349446,,23817,23939
planning,0.9,0,62426.6522038847,62449.5296255448,22.8774216601669,40.5101026140832,40.4873948346865,-0.0227077793967041,,,0.80851431372101,23939,23948
traveling,5.1,9,62449.5296255448,62588.7075676805,139.177942135677,40.4873948346865,40.3490893861374,-0.138305448549033,5.20346137306011,,,23948,23999
planning,0.8,0,62588.7075676805,62606.9409574464,18.2333897658973,40.3490893861374,40.3310088291297,-0.0180805570077567,,,0.719892960275171,23999,24007
dwelling,11.8,0,62606.9409574464,62882.0952302168,275.154272770364,40.3310088291297,40.0579889953835,-0.273019833746154,,11.7111110697907,,24007,24125
planning,0.4,0,62882.0952302168,62893.3753960756,11.2801658587923,40.0579889953835,40.0467654533273,-0.0112235420562001,,,0.352681936830518,24125,24129
traveling,5.3,9,62893.3753960756,63069.3429120794,175.967516003773,40.0467654533273,39.8711872386269,-0.175578214700465,5.46816035889814,,,24129,24182
planning,1,0,63069.3429120794,63099.0714829501,29.7285708707786,39.8711872386269,39.841571511317,-0.0296157273098174,,,0.919298178580166,24182,24192
dwelling,7.39999999999999,0,63099.0714829501,63287.2739675591,188.202484608955,39.841571511317,39.6544438306799,-0.187127680637154,,7.36363634254858,,24192,24266
planning,1,0,63287.2739675591,63313.4589960285,26.1850284693937,39.6544438306799,39.6283923320367,-0.0260514986432057,,,0.964128179521552,24266,24276
traveling,9.09999999999998,25.0798724079689,63313.4589960285,63630.1102265192,316.651230490716,39.6283923320367,39.3117656810818,-0.316626650954923,9.21724539737223,,,24276,24367
planning,0.5,0,63630.1102265192,63645.2401785069,15.1299519877502,39.3117656810818,39.2966697810709,-0.0150959000108841,,,0.422583047685126,24367,24372
dwelling,12.1,0,63645.2401785069,63940.0874728367,294.847294329724,39.2966697810709,39.0032511509513,-0.293418630119611,,12.0333332555801,,24372,24493
planning,0.2,0,63940.0874728367,63944.9601402271,4.87266739043116,39.0032511509513,38.9984006127938,-0.00485053815751257,,,0.115434986602157,24493,24495
traveling,9.19999999999998,25.0798724079689,63944.9601402271,64214.743797667,269.783657439883,38.9984006127938,38.7290409163543,-0.269359696439473,9.39616051715131,,,24495,24587
planning,0.4,0,64214.743797667,64223.8985934222,9.15479575521022,38.7290409163543,38.7199285460129,-0.00911237034141266,,,0.347496460115145,24587,24591
dwelling,10.8,0,64223.8985934222,64444.7934800333,220.894886611146,38.7199285460129,38.5002583426296,-0.219670203383295,,10.727272694008,,24591,24699
planning,0.9,0,64444.7934800333,64470.062310885,25.2688308516299,38.5002583426296,38.4750255779649,-0.0252327646646293,,,0.873195587075428,24699,24708
traveling,8.79999999999998,23.6008474424119,64470.062310885,64767.960210488,297.89789960302,38.4750255779649,38.1765157456853,-0.298509832279649,8.95541190132114,,,24708,24796
planning,0.4,0,64767.960210488,64778.4087769152,10.448566427207,38.1765157456853,38.1660844674389,-0.010431278246358,,,0.314688893014441,24796,24800
dwelling,18.6,0,64778.4087769152,65223.397014585,444.988237669793,38.1660844674389,37.722079763409,-0.444004704029979,,18.517646992278,,24800,24986
planning,0.2,0,65223.397014585,65229.1459032033,5.74888861835643,37.722079763409,37.7163262533139,-0.00575351009507585,,,0.153794302668253,24986,24988
traveling,8.89999999999998,23.6008474424119,65229.1459032033,65496.1519908874,267.006087684051,37.7163262533139,37.4488202944366,-0.267505958877337,9.04119492078149,,,24988,25077
planning,1,0,65496.1519908874,65520.1228905008,23.9708996133559,37.4488202944366,37.424871894089,-0.0239484003475496,,,0.95762118536517,25077,25087
dwelling,12.3,0,65520.1228905008,65770.5858674909,250.462976990188,37.424871894089,37.1750146336094,-0.249857260479629,,12.236363636213,,25087,25210
planning,0.8,0,65770.5858674909,65790.0257598223,19.4398923313856,37.1750146336094,37.1555763568802,-0.0194382767291827,,,0.790277051080006,25210,25218
traveling,5.1,9,65790.0257598223,65941.7659154854,151.740155663065,37.1555763568802,37.0033763936185,-0.152199963261701,5.20346137341953,,,25218,25269
planning,0.7,0,65941.7659154854,65959.564545127,17.7986296416493,37.0033763936185,36.985561186439,-0.0178152071794813,,,0.639760696600879,25269,25276
dwelling,11.9,0,65959.564545127,66237.2268354101,277.662290283086,36.985561186439,36.7078300159924,-0.277731170446643,,11.8999999264049,,25276,25395
planning,0.9,0,66237.2268354101,66260.7732838496,23.546448439447,36.7078300159924,36.6842344942608,-0.023595521731572,,,0.819245798723639,25395,25404
traveling,5.3,9,66260.7732838496,66407.4969439179,146.723660068368,36.6842344942608,36.5370499776222,-0.14718451663861,5.46816035879249,,,25404,25457
planning,0.2,0,66407.4969439179,66412.4944920513,4.99754813336767,36.5370499776222,36.5320429446312,-0.00500703299101701,,,0.184229121043511,25457,25459
dwelling,8.39999999999999,0,66412.4944920513,66604.5508438073,192.056351755993,36.5320429446312,36.3397776760003,-0.192265268630877,,8.34545454083324,,25459,25543
planning,0.9,0,66604.5508438073,66629.3282268666,24.7773830593069,36.3397776760003,36.3149070179644,-0.02487065803588,,,0.826461972664607,25543,25552
traveling,9.09999999999998,25.0798724079689,66629.3282268666,66936.167663881,306.839437014409,36.3149070179644,36.0057323450553,-0.309174672909116,9.21724539956489,,,25552,25643
planning,0.4,0,66936.167663881,66946.9374318845,10.7697680034762,36.0057323450553,35.9949160370855,-0.0108163079697974,,,0.380852084478497,25643,25647
dwelling,12.3,0,66946.9374318845,67238.5039136082,291.566481723683,35.9949160370855,35.7024381479742,-0.292477889111261,,12.2888888818177,,25647,25770
planning,0.3,0,67238.5039136082,67245.7615573357,7.25764372754202,35.7024381479742,35.6951535393127,-0.00728460866150016,,,0.29973753816419,25770,25773
traveling,9.19999999999998,25.0798724079689,67245.7615573357,67544.2070328345,298.445475498796,35.6951535393127,35.3941382514786,-0.301015287834133,9.39616051715169,,,25773,25865
planning,0.4,0,67544.2070328345,67554.7525617386,10.5455289040983,35.3941382514786,35.383532647451,-0.0106056040275959,,,0.39012091475871,25865,25869
dwelling,10.8,0,67554.7525617386,67805.2577277846,250.505166046016,35.383532647451,35.1319199815007,-0.251612665950297,,10.7999999836379,,25869,25977
planning,1,0,67805.2577277846,67832.6605068978,27.4027791131812,35.1319199815007,35.1043255426587,-0.0275944388419802,,,0.951933412184113,25977,25987
traveling,8.79999999999998,23.6008474424119,67832.6605068978,68097.7235581794,265.063051281555,35.1043255426587,34.8368936819057,-0.267431860753049,8.9554119017454,,,25987,26075
planning,0.8,0,68097.7235581794,68117.1666406421,19.4430824627634,34.8368936819057,34.8173301837865,-0.0195634981191901,,,0.787243019766442,26075,26083
dwelling,18.3,0,68117.1666406421,68528.7477903757,411.581149733582,34.8173301837865,34.4033330538677,-0.413997129918791,,18.2764704633847,,26083,26266
planning,0.4,0,68528.7477903757,68538.6259411643,9.87815078855783,34.4033330538677,34.3933796720748,-0.00995338179290428,,,0.358101972114611,26266,26270
traveling,8.89999999999998,23.6008474424119,68538.6259411643,68822.9486959561,284.322754791821,34.3933796720748,34.105628633738,-0.287751038336751,9.04119492025545,,,26270,26359
planning,0.6,0,68822.9486959561,68839.7508088214,16.8021128653199,34.105628633738,34.088654432373,-0.0169742013649952,,,0.578374810127992,26359,26365
dwelling,12.8,0,68839.7508088214,69156.4661199527,316.715311131309,34.088654432373,33.769083404304,-0.31957102806907,,12.7454545279525,,26365,26493
planning,0.6,0,69156.4661199527,69172.8927597056,16.4266397528409,33.769083404304,33.7524775884808,-0.0166058158231692,,,0.550191629329066,26493,26499
traveling,5.1,9,69172.8927597056,69336.9759365779,164.083176872315,33.7524775884808,33.5861231098476,-0.166354478633238,5.20346216873241,,,26499,26550
planning,0.8,0,69336.9759365779,69360.5002214025,23.5242848246126,33.5861231098476,33.5623038257548,-0.0238192840927383,,,0.761639872906764,26550,26558
dwelling,11.9,0,69360.5002214025,69631.8514415819,271.351220179378,33.5623038257548,33.2883667450927,-0.273937080662122,,11.8666666504853,,26558,26677
planning,0.3,0,69631.8514415819,69639.4636198477,7.6121782658447,33.2883667450927,33.28066880221,-0.00769794288274284,,,0.24745944958809,26677,26680
traveling,5.3,9,69639.4636198477,69795.6897131358,156.226093288089,33.28066880221,33.1222892465221,-0.158379555687851,5.46816035891416,,,26680,26733
planning,0.9,0,69795.6897131358,69818.6739374311,22.9842242953164,33.1222892465221,33.0990317711013,-0.0232574754208414,,,0.877735984828288,26733,26742
dwelling,7.49999999999999,0,69818.6739374311,69982.7935489523,164.119611521208,33.0990317711013,32.9332307756714,-0.165800995429848,,7.46363636192494,,26742,26817
planning,0.9,0,69982.7935489523,70005.2023922453,22.4088432930148,32.9332307756714,32.9105502457247,-0.0226805299467117,,,0.882257421100892,26817,26826
traveling,9.09999999999998,25.0798724079689,70005.2023922453,70292.5977261297,287.395333884328,32.9105502457247,32.6184638662411,-0.292086379483578,9.21724539893872,,,26826,26917
planning,0.5,0,70292.5977261297,70306.6198479696,14.0221218399092,32.6184638662411,32.6042345982831,-0.0142292679579938,,,0.458568964796892,26917,26922
dwelling,12.2,0,70306.6198479696,70593.6851744437,287.065326474141,32.6042345982831,32.3134828367328,-0.290751761550325,,12.144444381865,,26922,27044
planning,0.1,0,70593.6851744437,70596.3594235472,2.67424910346745,32.3134828367328,32.3107684381364,-0.00271439859644573,,,0.0632493004479868,27044,27045
traveling,9.19999999999998,25.0798724079689,70596.3594235472,70899.8370561696,303.477632622395,32.3107684381364,32.0015220439519,-0.309246394184484,9.39616051715217,,,27045,27137
planning,0.4,0,70899.8370561696,70910.9840413842,11.1469852146693,32.0015220439519,31.9901896574826,-0.0113323864692418,,,0.342341189004257,27137,27141
dwelling,10.8,0,70910.9840413842,71177.0174852803,266.033443896085,31.9901896574826,31.7200726789859,-0.270116978496759,,10.7272727274256,,27141,27249
planning,0.8,0,71177.0174852803,71199.2055570017,22.1880717213789,31.7200726789859,31.6974964642026,-0.0225762147832853,,,0.758940811581742,27249,27257
traveling,8.79999999999998,23.6008474424119,71199.2055570017,71493.1033100137,293.897753012003,31.6974964642026,31.3973645303546,-0.300131933848011,8.95541190117083,,,27257,27345
planning,0.1,0,71493.1033100137,71496.092528817,2.98921880331181,31.3973645303546,31.3943164375252,-0.00304809282937413,,,0.053685055984898,27345,27346
dwelling,18.8,0,71496.092528817,71977.8172842271,481.724755410032,31.3943164375252,30.9038059631226,-0.490510474402623,,18.7647057460649,,27346,27534
planning,0.4,0,71977.8172842271,71988.0294591828,10.2121749557409,30.9038059631226,30.8933998758583,-0.0104060872643394,,,0.349557331557336,27534,27538
traveling,8.89999999999998,23.6008474424119,71988.0294591828,72264.9828319365,276.953372753662,30.8933998758583,30.6101783867691,-0.283221489089154,9.04119491977076,,,27538,27627
planning,1,0,72264.9828319365,72291.2796132331,26.2967812966235,30.6101783867691,30.5833443701735,-0.0268340165955649,,,0.916087102446788,27627,27637
dwelling,12.3,0,72291.2796132331,72533.5715068907,242.291893657588,30.5833443701735,30.3368330247099,-0.246511345463677,,12.2727272728343,,27637,27760
planning,0.7,0,72533.5715068907,72548.7895958471,15.2180889563897,30.3368330247099,30.3213277499516,-0.0155052747582651,,,0.637253015917624,27760,27767
traveling,5.1,9,72548.7895958471,72681.0250684628,132.235472615765,30.3213277499516,30.1862569631914,-0.135070786760188,5.20346137331932,,,27767,27818
planning,0.6,0,72681.0250684628,72693.7400348074,12.7149663446035,30.1862569631914,30.1732993012609,-0.0129576619304856,,,0.527243324012471,27818,27824
dwelling,12,0,72693.7400348074,72931.7413488714,238.00131406392,30.1732993012609,29.9308133571433,-0.242485944117629,,11.9777777731859,,27824,27944
planning,0.3,0,72931.7413488714,72939.3367330879,7.5953842165909,29.9308133571433,29.923049207694,-0.00776414944933279,,,0.211583109643993,27944,27947
traveling,5.3,9,72939.3367330879,73087.8215712155,148.484838127595,29.923049207694,29.7709969401628,-0.15205226753119,5.46816035892764,,,27947,28000
planning,0.3,0,73087.8215712155,73095.2821121186,7.46054090310645,29.7709969401628,29.7633682526183,-0.0076286875444751,,,0.208541414904121,28000,28003
dwelling,8.09999999999999,0,73095.2821121186,73278.9023271746,183.620215055955,29.7633682526183,29.5757609789406,-0.187607273677681,,8.02727272771375,,28003,28084
planning,0.3,0,73278.9023271746,73287.2115616294,8.30923445477674,29.5757609789406,29.5672457094904,-0.00851526945022485,,,0.281420122412904,28084,28087
traveling,9.09999999999998,25.0798724079689,73287.2115616294,73562.6920167605,275.480455131168,29.5672457094904,29.2843423916437,-0.282903317846682,9.2172453972154,,,28087,28178
planning,0.7,0,73562.6920167605,73578.6889405603,15.996923799772,29.2843423916437,29.267974517732,-0.0163678739117508,,,0.601149940923294,28178,28185
dwelling,11.9,0,73578.6889405603,73848.4888263959,269.79988583563,29.267974517732,28.9917950106491,-0.276179507082837,,11.8222221952461,,28185,28304
planning,0.1,0,73848.4888263959,73850.9003576306,2.41153123462573,28.9917950106491,28.9893233786244,-0.00247163202471157,,,0.00158419224133532,28304,28305
traveling,9.19999999999998,25.0798724079689,73850.9003576306,74134.6915858229,283.791228192305,28.9893233786244,28.6971874645057,-0.292135914118681,9.39616051715201,,,28305,28397
planning,1,0,74134.6915858229,74162.2677849475,27.5761991245818,28.6971874645057,28.6688395185079,-0.0283479459978579,,,0.934888411401466,28397,28407
dwelling,10.1,0,74162.2677849475,74389.4017039917,227.133919044223,28.6688395185079,28.4358780944272,-0.232961424080642,,10.0909090574207,,28407,28508
planning,0.1,0,74389.4017039917,74391.7867760542,2.38507206250506,28.4358780944272,28.4334290095647,-0.00244908486255824,,,0.055576345262132,28508,28509
traveling,8.79999999999998,23.6008474424119,74391.7867760542,74681.8700312048,290.083255150574,28.4334290095647,28.1338420153957,-0.29958699416899,8.95541270867789,,,28509,28597
planning,0.5,0,74681.8700312048,74695.6035499283,13.7335187235585,28.1338420153957,28.1196960936309,-0.0141459217647437,,,0.498883894990541,28597,28602
dwelling,18.1,0,74695.6035499283,75152.1771903277,456.573640399409,28.1196960936309,27.6495436568377,-0.47015243679326,,18.0823528699843,,28602,28783
planning,0.3,0,75152.1771903277,75159.9057549773,7.7285646495875,27.6495436568377,27.6415760271495,-0.00796762968812814,,,0.251090451235438,28783,28786
traveling,8.89999999999998,23.6008474424119,75159.9057549773,75427.6894696792,267.783714701887,27.6415760271495,27.3646886196214,-0.276887407528179,9.04119491982013,,,28786,28875
planning,0.2,0,75427.6894696792,75433.0553854052,5.36591572604084,27.3646886196214,27.35914751269,-0.00554110693133936,,,0.190612145237756,28875,28877
dwelling,13,0,75433.0553854052,75733.4477049804,300.3923195752,27.35914751269,27.0493813173278,-0.309766195362212,,12.9272727274348,,28877,29007
planning,0.1,0,75733.4477049804,75736.3087157166,2.8610107361892,27.0493813173278,27.0464204129919,-0.00296090433592511,,,0.0754836477257975,29007,29008
traveling,5.1,9,75736.3087157166,75904.0465445555,167.737828838901,27.0464204129919,26.8723431558521,-0.174077257139739,5.20346137215389,,,29008,29059
planning,1,0,75904.0465445555,75932.1061991438,28.0596545882436,26.8723431558521,26.8432909637753,-0.0290521920768931,,,0.947753998401722,29059,29069
dwelling,11.3,0,75932.1061991438,76210.937050281,278.830851137202,26.8432909637753,26.554952014942,-0.288338948833271,,11.2888888679624,,29069,29182
planning,0.3,0,76210.937050281,76219.1395425002,8.20249221923586,26.554952014942,26.5464524726903,-0.00849954225163785,,,0.221564974440116,29182,29185
traveling,5.3,9,76219.1395425002,76386.310474382,167.170931881832,26.5464524726903,26.3727454125609,-0.173707060129434,5.46816035892773,,,29185,29238
planning,0.4,0,76386.310474382,76397.7402172042,11.4297428221471,26.3727454125609,26.3608849612505,-0.0118604513104472,,,0.326166833286995,29238,29242
dwelling,7.89999999999999,0,76397.7402172042,76593.5139241606,195.773706956432,26.3608849612505,26.1580668659601,-0.202818095290372,,7.81818181811902,,29242,29321
planning,0.4,0,76593.5139241606,76603.6364796587,10.1225554980629,26.1580668659601,26.1475728375042,-0.0104940284558594,,,0.310781005893712,29321,29325
traveling,9.09999999999998,25.0798724079689,76603.6364796587,76901.0742773737,297.437797715058,26.1475728375042,25.8376969354552,-0.309875902048994,9.21724539376547,,,29325,29416
planning,0.6,0,76901.0742773737,76917.2932033953,16.2189260215673,25.8376969354552,25.8208446533089,-0.0168522821463597,,,0.549187296054269,29416,29422
dwelling,11.7,0,76917.2932033953,77194.6281385992,277.334935203937,25.8208446533089,25.5330248682637,-0.287819785045215,,11.6777777146285,,29422,29539
planning,1,0,77194.6281385992,77221.5063933038,26.8782547045121,25.5330248682637,25.5050636640914,-0.0279612041722324,,,0.978089771953912,29539,29549
traveling,9.19999999999998,25.0798724079689,77221.5063933038,77501.7823360472,280.275942743465,25.5050636640914,25.2127038020343,-0.292359862057157,9.39616091207465,,,29549,29641
planning,0.2,0,77501.7823360472,77507.2259302847,5.44359423749847,25.2127038020343,25.2070325388043,-0.00567126323000267,,,0.173516226232475,29641,29643
dwelling,11.2,0,77507.2259302847,77749.8497152834,242.623784998679,25.2070325388043,24.9548958385996,-0.252136700204705,,11.1090909066917,,29643,29755
planning,0.3,0,77749.8497152834,77757.3004131998,7.45069791644346,24.9548958385996,24.9471353972664,-0.00776044133315779,,,0.213157858880011,29755,29758
traveling,8.79999999999998,23.6008474424119,77757.3004131998,78024.6335654086,267.333152208768,24.9471353972664,24.6676289332909,-0.279506463975558,8.95541271004998,,,29758,29846
planning,0.3,0,78024.6335654086,78032.0751281269,7.44156271824613,24.6676289332909,24.6598686707746,-0.00776026251629602,,,0.285869399120516,29846,29849
dwelling,18.3,0,78032.0751281269,78428.5778451943,396.502717067429,24.6598686707746,24.2467257432355,-0.413142927539063,,18.2999999955141,,29849,30032
planning,0.6,0,78428.5778451943,78442.7118850943,14.1340399000474,24.2467257432355,24.2319697419601,-0.0147560012754049,,,0.569978988076517,30032,30038
traveling,8.89999999999998,23.6008474424119,78442.7118850943,78696.9901378314,254.278252737015,24.2319697419601,23.9655554086198,-0.266414333340286,9.04119491977134,,,30038,30127
planning,0.6,0,78696.9901378314,78709.7134020059,12.7232641745359,23.9655554086198,23.9522734615588,-0.0132819470609995,,,0.532198771626661,30127,30133
dwelling,12.7,0,78709.7134020059,78979.5877317501,269.874329744242,23.9522734615588,23.6703506697751,-0.281922791783668,,12.6363636364984,,30133,30260
planning,0.3,0,78979.5877317501,78986.8142315975,7.22649984732561,23.6703506697751,23.6627849001458,-0.00756576962931632,,,0.257585301511257,30260,30263
traveling,5.1,9,78986.8142315975,79133.897107478,147.082875880515,23.6627849001458,23.5083164502237,-0.154468449922124,5.20346137291467,,,30263,30314
planning,0.5,0,79133.897107478,79145.6899966684,11.7928891904157,23.5083164502237,23.495964357155,-0.0123520930686496,,,0.456753045437435,30314,30319
dwelling,12,0,79145.6899966684,79405.7961395122,260.106142843768,23.495964357155,23.2236361123405,-0.272328244814567,,11.9777777359201,,30319,30439
planning,0.5,0,79405.7961395122,79418.3460319467,12.5498924345156,23.2236361123405,23.210462975027,-0.0131731373134336,,,0.453781024443755,30439,30444
traveling,5.3,9,79418.3460319467,79574.3752739356,156.02924198893,23.210462975027,23.0462025962076,-0.16426037881946,5.46816035914612,,,30444,30497
planning,0.2,0,79574.3752739356,79579.1409603424,4.76568640675396,23.0462025962076,23.0411998947543,-0.00500270145329651,,,0.145548722511949,30497,30499
dwelling,8.19999999999999,0,79579.1409603424,79755.7554645048,176.61450416247,23.0411998947543,22.8559575900755,-0.185242304678788,,8.16363636268003,,30499,30581
planning,0.5,0,79755.7554645048,79768.3582818065,12.6028173017112,22.8559575900755,22.842705864798,-0.0132517252774988,,,0.462518907141595,30581,30586
traveling,9.09999999999998,25.0798724079689,79768.3582818065,80020.3684714598,252.010189653301,22.842705864798,22.5771478972948,-0.265557967503224,9.21724539643155,,,30586,30677
planning,0.7,0,80020.3684714598,80034.862678211,14.494206751202,22.5771478972948,22.5619265132234,-0.0152213840713458,,,0.694921801742719,30677,30684
dwelling,11.8,0,80034.862678211,80296.2669610771,261.40428286606,22.5619265132234,22.2869848458143,-0.274941667409085,,11.7666666118371,,30684,30802
planning,0.7,0,80296.2669610771,80314.4623621467,18.1954010696209,22.2869848458143,22.2677928999373,-0.0191919458770329,,,0.693163826174792,30802,30809
traveling,9.19999999999998,25.0798724079689,80314.4623621467,80596.9325177965,282.470155649789,22.2677928999373,21.9687999877429,-0.298992912194411,9.39616091233408,,,30809,30901
planning,0.5,0,80596.9325177965,80610.0909912755,13.1584734790231,21.9687999877429,21.9548974461181,-0.0139025416247662,,,0.468266408163525,30901,30906
dwelling,10.8,0,80610.0909912755,80857.9540657589,247.863074483364,21.9548974461181,21.6933428941659,-0.261554551952244,,10.7727272695639,,30906,31014
planning,0.9,0,80857.9540657589,80881.7687878503,23.8147220914543,21.6933428941659,21.6681454180101,-0.0251974761558031,,,0.854503279883309,31014,31023
traveling,8.79999999999998,23.6008474424119,80881.7687878503,81169.0146847322,287.24589688181,21.6681454180101,21.3628370225987,-0.305308395411437,8.95541190108541,,,31023,31111
planning,0.8,0,81169.0146847322,81189.2849232529,20.2702385207376,21.3628370225987,21.3413694224164,-0.0214676001822269,,,0.761381977332093,31111,31119
dwelling,18.1,0,81189.2849232529,81586.9238853611,397.638962108205,21.3413694224164,20.9205935988546,-0.420775823561826,,18.0294116459531,,31119,31300
planning,1,0,81586.9238853611,81614.7299236751,27.8060383139964,20.9205935988546,20.8910376375212,-0.029555961333422,,,0.901955159367478,31300,31310
traveling,8.89999999999998,23.6008474424119,81614.7299236751,81940.6209231535,325.890999478448,20.8910376375212,20.5424249272471,-0.34861271027404,9.04119492022442,,,31310,31399
planning,0.9,0,81940.6209231535,81965.6565051725,25.0355820189288,20.5424249272471,20.5157630671343,-0.0266618601128599,,,0.880329841373044,31399,31408
dwelling,12.6,0,81965.6565051725,82275.0689554697,309.412450297183,20.5157630671343,20.1865690090883,-0.329194058045967,,12.5909090781074,,31408,31534
planning,0.8,0,82275.0689554697,82297.9436295951,22.8746741254436,20.1865690090883,20.1621528947062,-0.0244161143821593,,,0.734293046754262,31534,31542
traveling,5.1,9,82297.9436295951,82464.9094380028,166.965808407665,20.1621528947062,19.9833967609889,-0.178756133717297,5.20346216944976,,,31542,31593
planning,0.5,0,82464.9094380028,82478.6239964313,13.7145584285026,19.9833967609889,19.9687530405723,-0.0146437204166041,,,0.439351164542013,31593,31598
dwelling,12.2,0,82478.6239964313,82776.9421668069,298.318170375598,19.9687530405723,19.6504940251055,-0.318259015466712,,12.1999999587518,,31598,31720
planning,0.5,0,82776.9421668069,82791.4972414707,14.5550746638328,19.6504940251055,19.6349102331077,-0.0155837919978481,,,0.462749848302049,31720,31725
traveling,5.4,9,82791.4972414707,82972.4836073383,180.986365867619,19.6349102331077,19.4404974820844,-0.194412751023279,5.4681603588727,,,31725,31779
planning,0.7,0,82972.4836073383,82992.4566191111,19.9730117728177,19.4404974820844,19.4190959261892,-0.0214015558951743,,,0.650451004339484,31779,31786
dwelling,7.79999999999999,0,82992.4566191111,83186.8618032123,194.405184101139,19.4190959261892,19.2111008451383,-0.2079950810509,,7.77272727065444,,31786,31864
planning,0.1,0,83186.8618032123,83189.5694854543,2.70768224200583,19.2111008451383,19.208198581535,-0.00290226360331047,,,0.0836682536766115,31864,31865
traveling,9.09999999999998,25.0798724079689,83189.5694854543,83483.9154105831,294.345925128844,19.208198581535,18.8913891954969,-0.316809386038166,9.21724539940835,,,31865,31956
planning,0.5,0,83483.9154105831,83495.8844131075,11.9690025243617,18.8913891954969,18.8785613177605,-0.0128278777363917,,,0.481470472558279,31956,31961
dwelling,12.2,0,83495.8844131075,83777.0286759016,281.144262794158,18.8785613177605,18.577127860492,-0.301433457268431,,12.1777777458592,,31961,32083
planning,0.3,0,83777.0286759016,83785.3514020011,8.32272609950451,18.577127860492,18.5681724458621,-0.00895541462989158,,,0.260456166216288,32083,32086
traveling,9.19999999999998,25.0798724079689,83785.3514020011,84070.8447182803,285.493316279186,18.5681724458621,18.2600468320342,-0.308125613827958,9.39616051715142,,,32086,32178
planning,0.4,0,84070.8447182803,84079.7196452474,8.87492696708068,18.2600468320342,18.2505119297024,-0.009534902331783,,,0.334398091431358,32178,32182
dwelling,10.8,0,84079.7196452474,84315.9694035478,236.249758300371,18.2505119297024,17.996550262813,-0.253961666889456,,10.799999999377,,32182,32290
planning,0.4,0,84315.9694035478,84325.9394009744,9.96999742656772,17.996550262813,17.9858054926588,-0.010744770154151,,,0.306913301653591,32290,32294
traveling,8.79999999999998,23.6008474424119,84325.9394009744,84592.2218087571,266.282407782783,17.9858054926588,17.6976414711952,-0.288164021463555,8.95541190103785,,,32294,32382
planning,0.3,0,84592.2218087571,84599.5917470435,7.36993828638515,17.6976414711952,17.6896870479477,-0.00795442324751505,,,0.29252535337289,32382,32385
dwelling,18.6,0,84599.5917470435,85037.4262515161,437.834504472601,17.6896870479477,17.2167315069212,-0.472955541026543,,18.5117646152352,,32385,32571
planning,0.4,0,85037.4262515161,85047.6974319805,10.2711804643914,17.2167315069212,17.2056072504047,-0.0111242565164602,,,0.358881212193692,32571,32575
traveling,8.89999999999998,23.6008474424119,85047.6974319805,85331.71153314,284.014101159439,17.2056072504047,16.8965043043203,-0.309102946084398,9.04119491973833,,,32575,32664
planning,0.6,0,85331.71153314,85348.111806792,16.4002736520488,16.8965043043203,16.8786899922596,-0.0178143120607785,,,0.524818298188218,32664,32670
dwelling,12.7,0,85348.111806792,85650.721940813,302.610134020972,16.8786899922596,16.5503440285289,-0.328345963730627,,12.6727272723828,,32670,32797
planning,0.7,0,85650.721940813,85669.1120327622,18.3900919492444,16.5503440285289,16.53033950313,-0.0200045253989529,,,0.621271562876918,32797,32804
traveling,5.1,9,85669.1120327622,85820.1835264889,151.071493726718,16.53033950313,16.3655652877098,-0.164774215420216,5.20346137295884,,,32804,32855
planning,0.3,0,85820.1835264889,85828.0658751896,7.8823487006448,16.3655652877098,16.356981601415,-0.00858368629470974,,,0.217857419311005,32855,32858
dwelling,12.2,0,85828.0658751896,86097.1777350402,269.111859850585,16.356981601415,16.0643987507639,-0.292582850651165,,12.1888888103236,,32858,32980
planning,0.3,0,86097.1777350402,86105.4316892014,8.25395416120591,16.0643987507639,16.0553868534915,-0.0090118972723765,,,0.230832877136025,32980,32983
traveling,5.3,9,86105.4316892014,86280.1242874146,174.692598213223,16.0553868534915,15.8638627076927,-0.191524145798825,5.46816035914613,,,32983,33036
planning,0.9,0,86280.1242874146,86308.1980082019,28.0737207873317,15.8638627076927,15.8331006591166,-0.0307620485760722,,,0.850402896179791,33036,33045
dwelling,7.39999999999999,0,86308.1980082019,86502.2266024257,194.028594223812,15.8331006591166,15.620974444407,-0.212126214709645,,7.39090906075034,,33045,33119
planning,0.4,0,86502.2266024257,86513.4876696628,11.2610672370211,15.620974444407,15.6086400117016,-0.0123344327053676,,,0.373055254754433,33119,33123
traveling,9.09999999999998,25.0798724079689,86513.4876696628,86812.8718984497,299.384228786919,15.6086400117016,15.2793404228767,-0.32929958882489,9.2172453964317,,,33123,33214
planning,0.6,0,86812.8718984497,86827.3652744129,14.4933759632258,15.2793404228767,15.2634699246231,-0.0158704982536051,,,0.528508611864418,33214,33220
dwelling,11.9,0,86827.3652744129,87076.9249813364,249.559706923523,15.2634699246231,14.9904747890105,-0.272995135612634,,11.8666666427798,,33220,33339
planning,0.3,0,87076.9249813364,87084.4206807537,7.49569941725349,14.9904747890105,14.9822474695864,-0.00822731942403188,,,0.247667521190994,33339,33342
traveling,9.19999999999998,25.0798724079689,87084.4206807537,87375.8573016697,291.436620915978,14.9822474695864,14.6606350872181,-0.321612382368356,9.39616051715174,,,33342,33434
planning,0.2,0,87375.8573016697,87380.8779743706,5.02067270089174,14.6606350872181,14.6551120248362,-0.00552306238187761,,,0.16401874162777,33434,33436
dwelling,11,0,87380.8779743706,87629.4346207902,248.55664641966,14.6551120248362,14.3818490900582,-0.273262934778002,,10.9272727213593,,33436,33546
planning,0.9,0,87629.4346207902,87653.2648014851,23.830180694873,14.3818490900582,14.3555609428919,-0.0262881471662588,,,0.887837130844545,33546,33555
traveling,8.79999999999998,23.6008474424119,87653.2648014851,87951.4301590069,298.165357521808,14.3555609428919,14.0246258858176,-0.330935057074296,8.95541190088251,,,33555,33643
planning,0.3,0,87951.4301590069,87959.6670055414,8.23684653447708,14.0246258858176,14.0155122233749,-0.00911366244269907,,,0.232490512114789,33643,33646
dwelling,18.5,0,87959.6670055414,88401.9372759045,442.270270363166,14.0155122233749,13.5263989540134,-0.489113269361564,,18.4411763610704,,33646,33831
planning,0.9,0,88401.9372759045,88424.4363827098,22.4991068052768,13.5263989540134,13.501455379495,-0.0249435745183568,,,0.875042737420134,33831,33840
traveling,8.89999999999998,23.6008474424119,88424.4363827098,88711.8433669541,287.40698424427,13.501455379495,13.1808836115623,-0.320571767932684,9.04119492027212,,,33840,33929
planning,0.4,0,88711.8433669541,88722.1152111877,10.2718442335754,13.1808836115623,13.1694632922027,-0.0114203193596421,,,0.365901744360988,33929,33933
dwelling,13.1,0,88722.1152111877,89030.1255532055,308.010342017835,13.1694632922027,12.8270352661218,-0.342428026080874,,13.0181818051727,,33933,34064
planning,0.4,0,89030.1255532055,89040.8010271101,10.6754739046446,12.8270352661218,12.8151279479997,-0.0119073181221481,,,0.346317054384151,34064,34068
traveling,5.1,9,89040.8010271101,89195.868728302,155.067701191816,12.8151279479997,12.6416269879705,-0.173500960029161,5.20346137325575,,,34068,34119
planning,0.3,0,89195.868728302,89203.8328730832,7.96414478127554,12.6416269879705,12.6327325807241,-0.00889440724645674,,,0.276583082471986,34119,34122
dwelling,12.3,0,89203.8328730832,89496.069362022,292.236488938725,12.6327325807241,12.3065336929256,-0.326198887798457,,12.2555554853227,,34122,34245
planning,0.1,0,89496.069362022,89498.7154686888,2.64610666684166,12.3065336929256,12.3035712958034,-0.00296239712222501,,,0.0244979267014375,34245,34246
traveling,5.3,9,89498.7154686888,89671.8031193327,173.087650643953,12.3035712958034,12.1088380753128,-0.194733220490624,5.46816035886852,,,34246,34299
planning,0.6,0,89671.8031193327,89687.9638126928,16.1606933600269,12.1088380753128,12.0907117597096,-0.0181263156031122,,,0.536638461238713,34299,34305
dwelling,7.69999999999999,0,89687.9638126928,89877.3116343249,189.347821632153,12.0907117597096,11.8784639897415,-0.212247769968114,,7.65454542277182,,34305,34382
planning,0.9,0,89877.3116343249,89902.8149511788,25.5033168538648,11.8784639897415,11.8497802578882,-0.0286837318533113,,,0.831735955254319,34382,34391
traveling,9.09999999999998,25.0798724079689,89902.8149511788,90222.0597659643,319.244814785503,11.8497802578882,11.4884925586881,-0.361287699200114,9.21724539831197,,,34391,34482
planning,0.4,0,90222.0597659643,90233.5317668885,11.4720009242301,11.4884925586881,11.4755481048898,-0.0129444537982764,,,0.386038531833314,34482,34486
dwelling,12.2,0,90233.5317668885,90536.2098472779,302.678080389334,11.4755481048898,11.1343894940272,-0.341158610862609,,12.1999998997654,,34486,34608
planning,0.5,0,90536.2098472779,90549.2093459931,12.999498715275,11.1343894940272,11.1197053313588,-0.0146841626684271,,,0.45440689059691,34608,34613
traveling,9.19999999999998,25.0798724079689,90549.2093459931,90825.8175819472,276.608235954045,11.1197053313588,10.8059541510142,-0.313751180344635,9.39616091232859,,,34613,34705
planning,0.7,0,90825.8175819472,90843.2368596646,17.4192777173885,10.8059541510142,10.7862383030973,-0.0197158479168298,,,0.645398043527081,34705,34712
dwelling,10.6,0,90843.2368596646,91063.1343489418,219.897489277238,10.7862383030973,10.5377443155122,-0.248493987585082,,10.5363636148727,,34712,34818
planning,1,0,91063.1343489418,91085.9773078714,22.8429589295993,10.5377443155122,10.5118658341523,-0.0258784813599693,,,0.995886372928538,34818,34828
traveling,8.79999999999998,23.6008474424119,91085.9773078714,91319.8713828696,233.894074998243,10.5118658341523,10.2458888205227,-0.265977013629552,8.95541190122436,,,34828,34916
planning,0.4,0,91319.8713828696,91329.6660937395,9.79471086990088,10.2458888205227,10.2347535098862,-0.0111353106365009,,,0.396413748683665,34916,34920
dwelling,0,0,91329.6660937395,,,10.2347535098862,,,,18.4823529338577,,34920,
