phase_type,duration,distance,energy_start,energy_end,energy_consumed,battery_start,battery_end,battery_delta,rho,tau,planning_time,start_time,end_time
traveling,10.1,19.4164878389476,0,289.45806578069,289.45806578069,100,99.7315895456939,-0.268410454306093,10,,,1,102
planning,0.4,0,289.45806578069,299.572028524051,10.113962743361,99.7315895456939,99.7222244897804,-0.00936505591350567,,,0.363704545958595,102,106
dwelling,3.2,0,299.572028524051,369.35355344844,69.7815249243883,99.7222244897804,99.6577067662351,-0.0645177235453218,,3.14705882357589,,106,138
planning,0.8,0,369.35355344844,388.781100740284,19.4275472918447,99.6577067662351,99.6397248717213,-0.0179818945137669,,,0.712371688383404,138,146
traveling,8.39999999999999,27.8567765543682,388.781100740284,682.180045024242,293.398944283958,99.6397248717213,99.3668016366752,-0.272923235046065,8.36954683436585,,,146,230
planning,0.3,0,682.180045024242,690.822773846889,8.64272882264697,99.3668016366752,99.3587848134929,-0.0080168231823734,,,0.27959162543827,230,233
dwelling,3.6,0,690.822773846889,777.129491158644,86.3067173117548,99.3587848134929,99.2788942278687,-0.0798905856241561,,3.57777777766807,,233,269
planning,0.2,0,777.129491158644,782.325841094269,5.19634993562454,99.2788942278687,99.2740799705646,-0.00481425730413321,,,0.19483965572579,269,271
traveling,7.69999999999999,25.0199920063936,782.325841094269,1053.73771881215,271.411877717886,99.2740799705646,99.0215236177694,-0.252556352795182,7.693797911161,,,271,348
planning,0.4,0,1053.73771881215,1064.60074746903,10.8630286568798,99.0215236177694,99.0114526533815,-0.0100709643878929,,,0.302341875090449,348,352
dwelling,4.6,0,1064.60074746903,1172.41549850214,107.814751033109,99.0114526533815,98.9116586623764,-0.0997939910051144,,4.56666666548225,,352,398
planning,0.5,0,1172.41549850214,1185.01451806744,12.5990195652989,98.9116586623764,98.8999876125808,-0.0116710497955523,,,0.421413365002023,398,403
traveling,8.89999999999998,30.886890422961,1185.01451806744,1470.93692573934,285.922407671892,98.8999876125808,98.6342579022745,-0.265729710306388,8.88916546278495,,,403,492
planning,1,0,1470.93692573934,1495.47530599233,24.538380252993,98.6342579022745,98.6115297658901,-0.022728136384373,,,0.997270025599674,492,502
dwelling,5,0,1495.47530599233,1611.38286238456,115.907556392227,98.6115297658901,98.5042310267768,-0.107298739113318,,4.99999999772152,,502,552
planning,1,0,1611.38286238456,1637.61074573428,26.2278833497198,98.5042310267768,98.479918096611,-0.024312930165749,,,0.904261520613471,552,562
traveling,8.29999999999999,27.8567765543682,1637.61074573428,1904.25978240849,266.649036674217,98.479918096611,98.232043607203,-0.247874489408019,8.29808771681128,,,562,645
planning,0.1,0,1904.25978240849,1906.6291867189,2.36940431040739,98.232043607203,98.2298493125875,-0.00219429461549225,,,0.0725339317700995,645,646
dwelling,4,0,1906.6291867189,1998.90862154056,92.2794348216623,98.2298493125875,98.1444104161838,-0.0854388964036872,,3.99999999971116,,646,686
planning,0.4,0,1998.90862154056,2009.443495698,10.5348741574376,98.1444104161838,98.134642213873,-0.00976820231083764,,,0.352755626458812,686,690
traveling,7.69999999999999,25.0199920063936,2009.443495698,2273.46139926135,264.017903563349,98.134642213873,97.888920008223,-0.245722205649983,7.69379756727374,,,690,767
planning,0.2,0,2273.46139926135,2278.56195856417,5.10055930282078,97.888920008223,97.8841916764195,-0.00472833180350563,,,0.159951335457846,767,769
dwelling,3.8,0,2278.56195856417,2367.92569292307,89.3637343589007,97.8841916764195,97.8014190906423,-0.0827725857772066,,3.78888888884519,,769,807
planning,0.9,0,2367.92569292307,2391.27114534892,23.3454524258482,97.8014190906423,97.7797718983291,-0.0216471923132247,,,0.801566379461829,807,816
traveling,8.89999999999998,30.886890422961,2391.27114534892,2701.65967052024,310.38852517132,97.7797718983291,97.4907094414708,-0.289062456858275,8.88916546281009,,,816,905
planning,0.2,0,2701.65967052024,2706.9798675711,5.32019705085759,97.4907094414708,97.4857739250312,-0.00493551643958767,,,0.180936729247003,905,907
dwelling,5.8,0,2706.9798675711,2852.9761535319,145.9962859608,97.4857739250312,97.3504103555327,-0.135363569498466,,5.76470588267276,,907,965
planning,0.1,0,2852.9761535319,2855.9740969322,2.99794340030076,97.3504103555327,97.3476247838781,-0.00278557165458437,,,0.0436453521375494,965,966
traveling,8.29999999999999,27.8567765543682,2855.9740969322,3184.1348680049,328.160771072701,97.3476247838781,97.0413069824087,-0.306317801469447,8.29808736123826,,,966,1049
planning,0.9,0,3184.1348680049,3210.13007200521,25.9952040003068,97.0413069824087,97.017160197976,-0.0241467844327445,,,0.827072810385213,1049,1058
dwelling,3.1,0,3210.13007200521,3283.05083188051,72.9207598753023,97.017160197976,96.9495814934865,-0.0675787044894207,,3.03333332906723,,1058,1089
planning,0.2,0,3283.05083188051,3288.1638997075,5.11306782699694,96.9495814934865,96.9448387126168,-0.00474278086976199,,,0.158240084992455,1089,1091
traveling,7.69999999999999,25.0199920063936,3288.1638997075,3584.06218426271,295.898284555201,96.9448387126168,96.6686489528953,-0.276189759721461,7.69379756734358,,,1091,1168
planning,0.9,0,3584.06218426271,3608.15492087546,24.0927366127503,96.6686489528953,96.6462850559593,-0.022363896936028,,,0.857103324828007,1168,1177
dwelling,3,0,3608.15492087546,3677.859900113,69.7049792375428,96.6462850559593,96.5816809942457,-0.0646040617135384,,2.95555555310576,,1177,1207
planning,0.2,0,3677.859900113,3683.34448153878,5.48458142578329,96.5816809942457,96.5765882640028,-0.0050927302429784,,,0.131372115055313,1207,1209
traveling,8.89999999999998,30.886890422961,3683.34448153878,4017.00658971712,333.662108178335,96.5765882640028,96.2652678457226,-0.311320418280133,8.88916546295285,,,1209,1298
planning,0.8,0,4017.00658971712,4039.87319860144,22.8666088843238,96.2652678457226,96.2440196212775,-0.0212482244451024,,,0.741942367968758,1298,1306
dwelling,5,0,4039.87319860144,4164.65238700166,124.779188400219,96.2440196212775,96.1282522820349,-0.115767339242595,,4.97058823530617,,1306,1356
planning,0.8,0,4164.65238700166,4185.91258293455,21.2601959328886,96.1282522820349,96.1085125352014,-0.0197397468335652,,,0.716374925384521,1356,1364
traveling,8.29999999999999,27.8567765543682,4185.91258293455,4497.1514120535,311.238829118947,96.1085125352014,95.8179899232852,-0.290522611916188,8.29808736125452,,,1364,1447
planning,1,0,4497.1514120535,4525.28938623651,28.1379741830096,95.8179899232852,95.7918409858423,-0.0261489374428692,,,0.982891364990419,1447,1457
dwelling,2.9,0,4525.28938623651,4591.92011571973,66.630729483225,95.7918409858423,95.7300593473643,-0.0617816384779815,,2.89999999623453,,1457,1486
planning,0.8,0,4591.92011571973,4613.25380138611,21.3336856663791,95.7300593473643,95.7102455811102,-0.0198137662541313,,,0.743803947663008,1486,1494
traveling,7.69999999999999,25.0199920063936,4613.25380138611,4881.2978225122,268.044021126087,95.7102455811102,95.4603238648413,-0.249921716268858,7.69379756728541,,,1494,1571
planning,0.3,0,4881.2978225122,4888.47399693755,7.17617442535357,95.4603238648413,95.453665889332,-0.00665797550931302,,,0.266634037287092,1571,1574
dwelling,3.7,0,4888.47399693755,4971.47676071112,83.0027637735666,95.453665889332,95.3767047251086,-0.0769611642234196,,3.66666666018115,,1574,1611
planning,0.6,0,4971.47676071112,4986.31471146631,14.8379507551954,95.3767047251086,95.3629324953593,-0.0137722297493355,,,0.535683715297837,1611,1617
traveling,8.89999999999998,30.886890422961,4986.31471146631,5306.52745175203,320.212740285719,95.3629324953593,95.0641177619916,-0.298814733367649,8.88916546282281,,,1617,1706
planning,0.1,0,5306.52745175203,5309.30468497904,2.77723322700876,95.0641177619916,95.0615360117544,-0.00258175023721208,,,0.061960766926802,1706,1707
dwelling,5.9,0,5309.30468497904,5444.38915896744,135.0844739884,95.0615360117544,94.9362215154911,-0.125314496263329,,5.84705882370931,,1707,1766
planning,0.4,0,5444.38915896744,5454.88826866959,10.4991097021493,94.9362215154911,94.92646713494,-0.00975438055112932,,,0.34822960924429,1766,1770
traveling,8.29999999999999,27.8567765543682,5454.88826866959,5728.03413949446,273.145870824877,94.92646713494,94.6718962778884,-0.254570857051533,8.29808736123857,,,1770,1853
planning,0.3,0,5728.03413949446,5735.27394786451,7.23980837004365,94.6718962778884,94.6651751048274,-0.00672117306105235,,,0.295396584245079,1853,1856
dwelling,3.7,0,5735.27394786451,5806.49370676771,71.2197589032003,94.6651751048274,94.5991954116786,-0.0659796931487904,,3.63333332787581,,1856,1893
planning,0.7,0,5806.49370676771,5820.53756011489,14.0438533471861,94.5991954116786,94.5861802556919,-0.0130151559866789,,,0.610756263437177,1893,1900
traveling,7.69999999999999,25.0199920063936,5820.53756011489,6046.38191464619,225.844354531294,94.5861802556919,94.3759528503856,-0.210227405306284,7.69379756729734,,,1900,1977
planning,0.7,0,6046.38191464619,6064.49620535599,18.1142907098019,94.3759528503856,94.359119797865,-0.0168330525206528,,,0.686481889835751,1977,1984
dwelling,3.3,0,6064.49620535599,6141.10020023048,76.603994874491,94.359119797865,94.2880156109833,-0.0711041868816693,,3.24444443806515,,1984,2017
planning,0.9,0,6141.10020023048,6164.63921724386,23.5390170133805,94.2880156109833,94.2661374494073,-0.0218781615759696,,,0.880463383264409,2017,2026
traveling,8.89999999999998,30.886890422961,6164.63921724386,6486.25167411205,321.612456868191,94.2661374494073,93.9657745873762,-0.300362862031164,8.88916546278419,,,2026,2115
planning,0.6,0,6486.25167411205,6504.65148959742,18.3998154853671,93.9657745873762,93.9486349402349,-0.0171396471412493,,,0.541352092186051,2115,2121
dwelling,5.5,0,6504.65148959742,6645.86947091362,141.2179813162,93.9486349402349,93.8173723311666,-0.131262609068315,,5.40000000010222,,2121,2176
planning,1,0,6645.86947091362,6675.45840838233,29.5889374687113,93.8173723311666,93.7898201571683,-0.0275521739982594,,,0.939090920067529,2176,2186
traveling,8.29999999999999,27.8567765543682,6675.45840838233,6976.69874543424,301.240337051904,93.7898201571683,93.508387125187,-0.281433031981337,8.2980873611835,,,2186,2269
planning,0.2,0,6976.69874543424,6982.01543884778,5.316693413547,93.508387125187,93.5034419875839,-0.00494513760307314,,,0.103522211822198,2269,2271
dwelling,3.9,0,6982.01543884778,7070.52841116672,88.5129723189393,93.5034419875839,93.4212531341607,-0.0821888534232329,,3.84444443142033,,2271,2310
planning,0.6,0,7070.52841116672,7085.47996068699,14.9515495202722,93.4212531341607,93.4073557884701,-0.0138973456905518,,,0.524952574223926,2310,2316
traveling,7.69999999999999,25.0199920063936,7085.47996068699,7342.88074769403,257.400787007033,93.4073557884701,93.1671208578056,-0.240234930664556,7.69379756725656,,,2316,2393
planning,0.5,0,7342.88074769403,7355.58926272455,12.7085150305238,93.1671208578056,93.1553036894065,-0.0118171683990909,,,0.443717013653838,2393,2398
dwelling,3.6,0,7355.58926272455,7446.12388522312,90.5346224985724,93.1553036894065,93.0711233922866,-0.0841802971198859,,3.52222221758201,,2398,2434
planning,0.8,0,7446.12388522312,7469.63598619016,23.5121009670329,93.0711233922866,93.0492201640431,-0.0219032282435023,,,0.747505337493913,2434,2442
traveling,8.89999999999998,30.886890422961,7469.63598619016,7800.52577582255,330.88978963239,93.0492201640431,92.739759479315,-0.309460684728094,8.88916546278419,,,2442,2531
planning,0.9,0,7800.52577582255,7825.45131383333,24.9255380107825,92.739759479315,92.716551249786,-0.023208229529061,,,0.895704220619434,2531,2540
dwelling,5.2,0,7825.45131383333,7957.55431978191,132.103005948581,92.716551249786,92.5936691692511,-0.122882080534851,,5.10000000008841,,2540,2592
planning,0.6,0,7957.55431978191,7975.51797358292,17.9636538010127,92.5936691692511,92.5769248514823,-0.0167443177688114,,,0.538582239175092,2592,2598
traveling,8.29999999999999,27.8567765543682,7975.51797358292,8281.6416772659,306.123703682976,92.5769248514823,92.2906170572849,-0.28630779419737,8.29808736120543,,,2598,2681
planning,0.5,0,8281.6416772659,8295.63834733001,13.9966700641162,92.2906170572849,92.2775789196469,-0.0130381376380058,,,0.482398046348056,2681,2686
dwelling,3.5,0,8295.63834733001,8379.93345014017,84.2951028101579,92.2775789196469,92.1991898535934,-0.0783890660535036,,3.49999999865116,,2686,2721
planning,0.8,0,8379.93345014017,8401.15377374098,21.2203236008063,92.1991898535934,92.1794342645422,-0.0197555890512291,,,0.781635151041525,2721,2729
traveling,7.69999999999999,25.0199920063936,8401.15377374098,8666.15230122262,264.998527481646,92.1794342645422,91.9317616498373,-0.24767261470484,7.69379756727374,,,2729,2806
planning,0.2,0,8666.15230122262,8671.1133673906,4.9610661679726,91.9317616498373,91.9271456683229,-0.00461598151443354,,,0.14703426226777,2806,2808
dwelling,3.8,0,8671.1133673906,8757.69746856144,86.5841011708471,91.9271456683229,91.8466532749591,-0.0804923933637696,,3.78888888798113,,2808,2846
planning,0.5,0,8757.69746856144,8771.14892437864,13.4514558171959,91.8466532749591,91.8341249962133,-0.0125282787458758,,,0.494371427933968,2846,2851
traveling,8.89999999999998,30.886890422961,8771.14892437864,9080.74145452852,309.592530149885,91.8341249962133,91.5446419486062,-0.289483047607064,8.8891654628228,,,2851,2940
planning,0.2,0,9080.74145452852,9085.54497416604,4.80351963751491,91.5446419486062,91.5401728338564,-0.0044691147497673,,,0.142721079244904,2940,2942
dwelling,5.8,0,9085.54497416604,9215.38694927771,129.841975111667,91.5401728338564,91.4194496521008,-0.120723181755622,,5.74705882349712,,2942,3000
planning,0.4,0,9215.38694927771,9225.40764956058,10.0207002828774,91.4194496521008,91.4101213777456,-0.00932827435522654,,,0.361483285156022,3000,3004
traveling,8.29999999999999,27.8567765543682,9225.40764956058,9529.86781642324,304.460166862658,91.4101213777456,91.1251238676873,-0.284997510058332,8.29808736124334,,,3004,3087
planning,0.8,0,9529.86781642324,9552.51463923546,22.6468228122176,91.1251238676873,91.1040065297939,-0.0211173378933864,,,0.758289080696907,3087,3095
dwelling,3.2,0,9552.51463923546,9631.0401547873,78.5255155518407,91.1040065297939,91.0309044772136,-0.0731020525802961,,3.12222222188825,,3095,3127
planning,0.7,0,9631.0401547873,9649.50106415175,18.460909364454,91.0309044772136,91.0137039262314,-0.0172005509821531,,,0.699686521363164,3127,3134
traveling,7.69999999999999,25.0199920063936,9649.50106415175,9922.41903571791,272.917971566156,91.0137039262314,90.7582907706838,-0.2554131555476,7.69379756729734,,,3134,3211
planning,0.2,0,9922.41903571791,9927.79479168494,5.37575596703027,90.7582907706838,90.7532798845505,-0.00501088613333422,,,0.186675112187272,3211,3213
dwelling,3.8,0,9927.79479168494,10017.554735609,89.7599439240694,90.7532798845505,90.669730051427,-0.0835498331234419,,3.74444444461722,,3213,3251
planning,0.6,0,10017.554735609,10033.5959172846,16.0411816755695,90.669730051427,90.6547775050036,-0.0149525464234301,,,0.556762522063739,3251,3257
traveling,8.89999999999998,30.886890422961,10033.5959172846,10354.6277679374,321.031850652838,90.6547775050036,90.3541908488802,-0.300586656123414,8.88916546282281,,,3257,3346
planning,0.9,0,10354.6277679374,10381.2969109221,26.6691429847306,90.3541908488802,90.3292930844452,-0.0248977644350106,,,0.853140935464768,3346,3355
dwelling,5.1,0,10381.2969109221,10512.4078928552,131.110981933058,90.3292930844452,90.2070970949204,-0.122195989524755,,5.04705882351984,,3355,3406
planning,0.1,0,10512.4078928552,10515.2392612862,2.83136843104148,90.2070970949204,90.2044550914042,-0.00264200351627153,,,0.0234687758414105,3406,3407
traveling,8.29999999999999,27.8567765543682,10515.2392612862,10825.7634359326,310.524174646331,90.2044550914042,89.913418179226,-0.291036912178143,8.29808736125434,,,3407,3490
planning,0.2,0,10825.7634359326,10831.4679671878,5.70453125526001,89.913418179226,89.9080934360461,-0.00532474317995479,,,0.178145652719661,3490,3492
dwelling,3.7,0,10831.4679671878,10932.9480882584,101.480121070537,89.9080934360461,89.8134087761895,-0.0946846598565827,,3.69999999183527,,3492,3529
planning,1,0,10932.9480882584,10964.247788555,31.2997002966476,89.8134087761895,89.7841539017633,-0.0292548744262149,,,0.919714746294453,3529,3539
traveling,7.69999999999999,25.0199920063936,10964.247788555,11285.5490111002,321.301222545177,89.7841539017633,89.4822658213457,-0.301888080417541,7.69379756730326,,,3539,3616
planning,0.7,0,11285.5490111002,11304.6477534181,19.0987423178522,89.4822658213457,89.4644423009481,-0.0178235203976413,,,0.683537632542498,3616,3623
dwelling,3.3,0,11304.6477534181,11384.8223181587,80.174564740626,89.4644423009481,89.3897177655862,-0.0747245353619093,,3.23333333341147,,3623,3656
planning,0.9,0,11384.8223181587,11410.4342650071,25.6119468483721,89.3897177655862,89.3658013687384,-0.0239163968477243,,,0.854901436460257,3656,3665
traveling,8.89999999999998,30.886890422961,11410.4342650071,11751.4394731799,341.005208172854,89.3658013687384,89.0458596542318,-0.319941714506655,8.88916596209157,,,3665,3754
planning,1,0,11751.4394731799,11779.9713409868,28.531867806927,89.0458596542318,89.0192085141278,-0.0266511401040361,,,0.993969982403951,3754,3764
dwelling,5.1,0,11779.9713409868,11901.5332133341,121.561872347263,89.0192085141278,88.9058896556358,-0.113318858491922,,5.03529411761856,,3764,3815
planning,0.1,0,11901.5332133341,11904.2378313005,2.70461796644486,88.9058896556358,88.9033647401627,-0.00252491547310285,,,0.0671434833037513,3815,3816
traveling,8.29999999999999,27.8567765543682,11904.2378313005,12192.7205097413,288.482678440767,88.9033647401627,88.633043497861,-0.270321242301691,8.29808736123282,,,3816,3899
planning,0.2,0,12192.7205097413,12198.0173743613,5.29686461999154,88.633043497861,88.6280987118019,-0.0049447860591556,,,0.126302911708253,3899,3901
dwelling,3.8,0,12198.0173743613,12288.7102164431,90.6928420817585,88.6280987118019,88.5435289162089,-0.0845697955929694,,3.74444443426093,,3901,3939
planning,1,0,12288.7102164431,12316.7537833862,28.043566943119,88.5435289162089,88.5173289243836,-0.0261999918253508,,,0.989102908959726,3939,3949
traveling,7.69999999999999,25.0199920063936,12316.7537833862,12613.6616642533,296.907880867091,88.5173289243836,88.2385094983066,-0.278819426076993,7.69379756729122,,,3949,4026
planning,1,0,12613.6616642533,12641.9202870028,28.2586227494976,88.2385094983066,88.2120994186077,-0.0264100796989197,,,0.991681711329615,4026,4036
dwelling,3,0,12641.9202870028,12720.0620552286,78.1417682258707,88.2120994186077,88.1391384698067,-0.0729609488009544,,2.95555555544346,,4036,4066
planning,0.6,0,12720.0620552286,12738.2251606672,18.1631054385653,88.1391384698067,88.1221468371591,-0.0169916326476311,,,0.530693532471029,4066,4072
traveling,8.89999999999998,30.886890422961,12738.2251606672,13123.491572517,385.266411849792,88.1221468371591,87.7594230569243,-0.362723780234731,8.88916546278419,,,4072,4161
planning,0.4,0,13123.491572517,13136.3679510226,12.8763785056399,87.7594230569243,87.7473629614331,-0.0120600954912362,,,0.349984707285584,4161,4165
dwelling,5.6,0,13136.3679510226,13302.2425093898,165.874558367168,87.7473629614331,87.5921709513893,-0.155192010043777,,5.59999999981059,,4165,4221
planning,0.4,0,13302.2425093898,13315.6488750911,13.406365701283,87.5921709513893,87.5796051758028,-0.012565775586566,,,0.332732376624727,4221,4225
traveling,8.29999999999999,27.8567765543682,13315.6488750911,13644.1524652337,328.503590142662,87.5796051758028,87.2707480438539,-0.308857131948841,8.29808736123857,,,4225,4308
planning,0.5,0,13644.1524652337,13657.9909828764,13.8385176426709,87.2707480438539,87.2578077574915,-0.0129402863623795,,,0.487453656835097,4308,4313
dwelling,3.5,0,13657.9909828764,13743.9709678078,85.9799849314077,87.2578077574915,87.1775167462894,-0.0802910112021351,,3.43333333292356,,4313,4348
planning,0.5,0,13743.9709678078,13757.2535872975,13.2826194897134,87.1775167462894,87.1651014627642,-0.0124152835251721,,,0.447072596639212,4348,4353
traveling,7.69999999999999,25.0199920063936,13757.2535872975,13999.302935881,242.049348583441,87.1651014627642,86.9383098620165,-0.226791600747688,7.69379756730875,,,4353,4430
planning,0.5,0,13999.302935881,14011.399788595,12.096852713983,86.9383098620165,86.9270125795815,-0.0112972824350095,,,0.42200288391922,4430,4435
dwelling,3.5,0,14011.399788595,14084.6018056998,73.2020171048698,86.9270125795815,86.8587468549431,-0.0682657246384224,,3.42222221513914,,4435,4470
planning,1,0,14084.6018056998,14108.7312107081,24.129405008227,86.8587468549431,86.8362114766731,-0.0225353782700495,,,0.979230432373011,4470,4480
traveling,8.89999999999998,30.886890422961,14108.7312107081,14412.2587132466,303.527502538556,86.8362114766731,86.551366615143,-0.28484486153009,8.88916546279751,,,4480,4569
planning,0.6,0,14412.2587132466,14429.5741340551,17.3154208084834,86.551366615143,86.5351565357371,-0.0162100794058659,,,0.583655460858546,4569,4575
dwelling,5.4,0,14429.5741340551,14563.2470052069,133.672871151763,86.5351565357371,86.4102385038813,-0.124918031855771,,5.38235294123696,,4575,4629
planning,0.5,0,14563.2470052069,14577.1365290033,13.8895237964516,86.4102385038813,86.3972403651714,-0.0129981387098894,,,0.429437933144896,4629,4634
traveling,8.29999999999999,27.8567765543682,14577.1365290033,14883.3667834822,306.230254478925,86.3972403651714,86.1093893481503,-0.287851017021183,8.29808736121097,,,4634,4717
planning,0.5,0,14883.3667834822,14897.6608556886,14.2940722064122,86.1093893481503,86.0960042715852,-0.0133850765650863,,,0.467031058976358,4717,4722
dwelling,3.5,0,14897.6608556886,14984.1614005674,86.5005448787015,86.0960042715852,86.0151416838624,-0.0808625877228195,,3.48888887877806,,4722,4757
planning,0.8,0,14984.1614005674,15007.5571867054,23.3957861380841,86.0151416838624,85.9932253159966,-0.0219163678657708,,,0.759544183284847,4757,4765
traveling,7.69999999999999,25.0199920063936,15007.5571867054,15314.8801753688,307.322988663394,85.9932253159966,85.7038100509681,-0.289415265028524,7.69379756728558,,,4765,4842
planning,1,0,15314.8801753688,15342.4792605822,27.5990852134109,85.7038100509681,85.6779682307811,-0.0258418201869546,,,0.904150529823396,4842,4852
dwelling,3,0,15342.4792605822,15419.6739839295,77.1947233472129,85.6779682307811,85.6057460012365,-0.0722222295446073,,2.96666666463392,,4852,4882
planning,0.9,0,15419.6739839295,15446.4951294208,26.8211454913471,85.6057460012365,85.5806053788209,-0.0251406224156057,,,0.865960717781123,4882,4891
traveling,8.89999999999998,30.886890422961,15446.4951294208,15769.9945245536,323.499395132754,85.5806053788209,85.2763787190448,-0.304226659776049,8.88916546277157,,,4891,4980
planning,0.8,0,15769.9945245536,15789.711128922,19.716604368492,85.2763787190448,85.2579350269777,-0.0184436920671374,,,0.76976117151056,4980,4988
dwelling,5.3,0,15789.711128922,15904.8634493281,115.152320406027,85.2579350269777,85.1503500264332,-0.107585000544475,,5.21764705877137,,4988,5041
planning,0.8,0,15904.8634493281,15922.648904878,17.7854555499307,85.1503500264332,85.1337289420188,-0.0166210844144103,,,0.770573443422409,5041,5049
traveling,8.29999999999999,27.8567765543682,15922.648904878,16148.5653708781,225.916466000124,85.1337289420188,84.9220831490999,-0.211645792918873,8.29808736119463,,,5049,5132
planning,0.2,0,16148.5653708781,16152.3985091703,3.83313829214057,84.9220831490999,84.9185051612128,-0.00357798788715513,,,0.150840456631898,5132,5134
dwelling,3.9,0,16152.3985091703,16219.1860811592,66.7875719889107,84.9185051612128,84.856216709961,-0.0622884512518311,,3.82222221923264,,5134,5173
planning,0.3,0,16219.1860811592,16226.0654280711,6.87934691194823,84.856216709961,84.8497840709268,-0.00643263903413072,,,0.22381604345962,5173,5176
traveling,7.69999999999999,25.0199920063936,16226.0654280711,16462.8694325443,236.804004473212,84.8497840709268,84.627527080283,-0.222256990643828,7.69379756728556,,,5176,5253
planning,1,0,16462.8694325443,16487.3107410759,24.4413085315464,84.627527080283,84.6046525037826,-0.022874576500385,,,0.965698410463353,5253,5263
dwelling,3,0,16487.3107410759,16549.3465374407,62.0357963647948,84.6046525037826,84.5466890275842,-0.0579634761983954,,2.96666666299742,,5263,5293
planning,0.2,0,16549.3465374407,16553.7378203372,4.39128289650762,84.5466890275842,84.5425835650208,-0.00410546256344446,,,0.152724765334805,5293,5295
traveling,8.89999999999998,30.886890422961,16553.7378203372,16806.9671296708,253.22930933363,84.5425835650208,84.3050817210954,-0.237501843925415,8.88916546291452,,,5295,5384
planning,0.7,0,16806.9671296708,16821.5638689373,14.5967392664388,84.3050817210954,84.2914387506934,-0.0136429704019605,,,0.670500604016903,5384,5391
dwelling,5.2,0,16821.5638689373,16925.8716002108,104.307731273519,84.2914387506934,84.1939757945507,-0.0974629561426923,,5.12352941171969,,5391,5443
planning,0.6,0,16925.8716002108,16939.9223221789,14.0507219680985,84.1939757945507,84.1808267793508,-0.0131490151999145,,,0.523055293932455,5443,5449
traveling,8.29999999999999,27.8567765543682,16939.9223221789,17209.9720632839,270.049741105056,84.1808267793508,83.9269831894191,-0.253843589931648,8.2980873612544,,,5449,5532
planning,1,0,17209.9720632839,17238.6255104153,28.6534471313462,83.9269831894191,83.9000985581098,-0.0268846313093292,,,0.941498985347083,5532,5542
dwelling,2.9,0,17238.6255104153,17311.1493244109,72.5238139956236,83.9000985581098,83.8321604466753,-0.0679381114345574,,2.89999999995389,,5542,5571
planning,0.1,0,17311.1493244109,17314.0184293297,2.86910491878007,83.8321604466753,83.8294682096903,-0.00269223698491317,,,0.0586253582245083,5571,5572
traveling,7.69999999999999,25.0199920063936,17314.0184293297,17617.171933669,303.153504339287,83.8294682096903,83.5435075625905,-0.285960647099813,7.69379756733232,,,5572,5649
planning,0.4,0,17617.171933669,17629.8293563842,12.657422715205,83.5435075625905,83.5316112814932,-0.0118962810973784,,,0.318794963773423,5649,5653
dwelling,3.5,0,17629.8293563842,17724.5402282427,94.7108718585332,83.5316112814932,83.4427760321282,-0.0888352493649194,,3.47777776736303,,5653,5688
planning,0.9,0,17724.5402282427,17751.6562799104,27.1160516677301,83.4427760321282,83.4173055335884,-0.0254704985397893,,,0.805474969549952,5688,5697
traveling,8.89999999999998,30.886890422961,17751.6562799104,18088.1616567357,336.505376825287,83.4173055335884,83.0999929599323,-0.31731257365611,8.88916546288842,,,5697,5786
planning,0.5,0,18088.1616567357,18101.4152816777,13.2536249420082,83.0999929599323,83.087560170585,-0.0124327893473861,,,0.462664675818414,5786,5791
dwelling,5.4,0,18101.4152816777,18228.0758775872,126.660595909419,83.087560170585,82.968899505316,-0.118660665268948,,5.35882352933885,,5791,5845
planning,0.1,0,18228.0758775872,18230.7414907262,2.66561313909187,82.968899505316,82.966398522845,-0.00250098247100539,,,0.02212877093775,5845,5846
traveling,8.29999999999999,27.8567765543682,18230.7414907262,18528.3545303573,297.613039631091,82.966398522845,82.6859160723954,-0.280482450449639,8.2980873612496,,,5846,5929
planning,0.8,0,18528.3545303573,18551.348381932,22.9938515747162,82.6859160723954,82.6643160285374,-0.02160004385793,,,0.76280514252623,5929,5937
dwelling,3.2,0,18551.348381932,18637.4769477215,86.128565789495,82.6643160285374,82.5834708309089,-0.080845197628534,,3.11111111039551,,5937,5969
planning,0.5,0,18637.4769477215,18653.1756506642,15.6987029426782,82.5834708309089,82.5687045881098,-0.0147662427990838,,,0.447435872339593,5969,5974
traveling,7.69999999999999,25.0199920063936,18653.1756506642,18958.4511261102,305.275475445927,82.5687045881098,82.2803710090456,-0.288333579064258,7.69379756733168,,,5974,6051
planning,0.4,0,18958.4511261102,18970.5928263302,12.1417002200506,82.2803710090456,82.2689526564719,-0.011418352573628,,,0.303742954349725,6051,6055
dwelling,3.5,0,18970.5928263302,19057.7312701553,87.1384438250971,82.2689526564719,82.1872016749395,-0.0817509815324229,,3.47777777782029,,6055,6090
planning,0.2,0,19057.7312701553,19063.0676821328,5.33641197752877,82.1872016749395,82.1821911099444,-0.00501056499510355,,,0.121635355040253,6090,6092
traveling,8.89999999999998,30.886890422961,19063.0676821328,19361.2527542652,298.185072132404,82.1821911099444,81.9012533512846,-0.280937758659832,8.88916546291452,,,6092,6181
planning,0.7,0,19361.2527542652,19379.0063601128,17.7536058475744,81.9012533512846,81.8845891233618,-0.0166642279227602,,,0.694671515910122,6181,6188
dwelling,5.2,0,19379.0063601128,19496.6074096169,117.601049504116,81.8845891233618,81.7743336854209,-0.110255437940921,,5.12352941161982,,6188,6240
planning,0.2,0,19496.6074096169,19501.8689055831,5.26149596617324,81.7743336854209,81.7693923659015,-0.00494131951943189,,,0.199571031924525,6240,6242
traveling,8.29999999999999,27.8567765543682,19501.8689055831,19786.5726397011,284.703734117993,81.7693923659015,81.5009563922316,-0.268435973669867,8.29808736128159,,,6242,6325
planning,0.1,0,19786.5726397011,19789.1752171333,2.60257743221882,81.5009563922316,81.4985118660713,-0.00244452616030344,,,0.00393560280221916,6325,6326
dwelling,3.8,0,19789.1752171333,19877.3429719616,88.1677548283296,81.4985118660713,81.4158002738528,-0.08271159221853,,3.74444443744339,,6326,6364
planning,0.3,0,19877.3429719616,19885.2409871308,7.89801516912485,81.4158002738528,81.4083802500281,-0.00742002382462204,,,0.275627873458826,6364,6367
traveling,7.69999999999999,25.0199920063936,19885.2409871308,20153.4914997853,268.250512654588,81.4083802500281,81.1552949056966,-0.253085344331552,7.69379756734358,,,6367,6444
planning,0.4,0,20153.4914997853,20163.3300596117,9.83855982638488,81.1552949056966,81.1460566985122,-0.00923820718442414,,,0.318729455247974,6444,6448
dwelling,3.5,0,20163.3300596117,20237.3025255019,73.9724658901541,81.1460566985122,81.0767033752484,-0.0693533232637265,,3.45555555560473,,6448,6483
planning,0.7,0,20237.3025255019,20253.2316937916,15.9291682896692,81.0767033752484,81.0617574579465,-0.0149459173019295,,,0.68638587726838,6483,6490
traveling,8.89999999999998,30.886890422961,20253.2316937916,20548.2039846465,294.972290854934,81.0617574579465,80.7835622059615,-0.278195251985039,8.88916546288817,,,6490,6579
planning,0.1,0,20548.2039846465,20550.6302505409,2.4262658944026,80.7835622059615,80.7812835302071,-0.00227867575432583,,,0.00795474040385535,6579,6580
dwelling,5.8,0,20550.6302505409,20680.1238274149,129.493576873989,80.7812835302071,80.6597649587433,-0.121518571463866,,5.75882352928111,,6580,6638
planning,1,0,20680.1238274149,20704.6073206863,24.483493271422,80.6597649587433,80.6367654417128,-0.0229995170304278,,,0.995004042058046,6638,6648
traveling,8.29999999999999,27.8567765543682,20704.6073206863,20977.480079419,272.872758732658,80.6367654417128,80.3793712241907,-0.257394217522176,8.29808736121101,,,6648,6731
planning,0.6,0,20977.480079419,20992.9044541993,15.4243747803484,80.3793712241907,80.3648698517516,-0.0145013724390424,,,0.549260193084963,6731,6737
dwelling,3.4,0,20992.9044541993,21068.6003168977,75.6958626984197,80.3648698517516,80.2938110422167,-0.0710588095348754,,3.38888888782077,,6737,6771
planning,1,0,21068.6003168977,21094.9117728483,26.3114559505593,80.2938110422167,80.269065115567,-0.0247459266497572,,,0.997628498556071,6771,6781
traveling,7.69999999999999,25.0199920063936,21094.9117728483,21377.1979490658,282.286176217523,80.269065115567,80.0022032443369,-0.266861871230091,7.69379756725075,,,6781,6858
planning,0.2,0,21377.1979490658,21383.0087482329,5.81079916712042,80.0022032443369,79.9967298554533,-0.00547338888358695,,,0.152400099042727,6858,6860
dwelling,3.9,0,21383.0087482329,21481.0536569918,98.0449087588931,79.9967298554533,79.9045365344901,-0.0921933209632186,,3.83333332724992,,6860,6899
planning,0.7,0,21481.0536569918,21499.3946913357,18.3410343438809,79.9045365344901,79.8872811304592,-0.0172554040309052,,,0.651788785962082,6899,6906
traveling,8.89999999999998,30.886890422961,21499.3946913357,21816.1783528987,316.783661562997,79.8872811304592,79.5878673069229,-0.299413823536312,8.88916596209469,,,6906,6995
planning,0.3,0,21816.1783528987,21824.0887058986,7.91035299987198,79.5878673069229,79.580422325815,-0.00744498110783809,,,0.226630375903126,6995,6998
dwelling,5.8,0,21824.0887058986,21959.6546000997,135.565894201158,79.580422325815,79.4529961822454,-0.127426143569664,,5.73529411734904,,6998,7056
planning,0.6,0,21959.6546000997,21974.8643265248,15.2097264251133,79.4529961822454,79.4386858351104,-0.0143103471349804,,,0.555636336606638,7056,7062
traveling,8.29999999999999,27.8567765543682,21974.8643265248,22227.3162923102,252.451965785393,79.4386858351104,79.2005424041535,-0.238143430956868,8.29808736121095,,,7062,7145
planning,0.4,0,22227.3162923102,22236.0252774088,8.70898509857216,79.2005424041535,79.1923596958726,-0.00818270828092693,,,0.318494906311276,7145,7149
dwelling,3.6,0,22236.0252774088,22307.6415267189,71.6162493100855,79.1923596958726,79.1251254239992,-0.0672342718734171,,3.58888888884708,,7149,7185
planning,0.4,0,22307.6415267189,22316.7680666652,9.12653994626817,79.1251254239992,79.1165456929193,-0.00857973107986254,,,0.331429462120175,7185,7189
traveling,7.69999999999999,25.0199920063936,22316.7680666652,22570.3083545715,253.540287906297,79.1165456929193,78.8769737966195,-0.239571896299864,7.69379756729737,,,7189,7266
planning,0.7,0,22570.3083545715,22589.4896449822,19.1812904107719,78.8769737966195,78.858899571166,-0.0180742254534749,,,0.630228219113854,7266,7273
dwelling,3.3,0,22589.4896449822,22669.7720599159,80.2824149336666,78.858899571166,78.7833528705895,-0.0755467005764672,,3.24444444313646,,7273,7306
planning,0.7,0,22669.7720599159,22688.2458090571,18.4737491411979,78.7833528705895,78.7659516100966,-0.017401260492889,,,0.603755055411073,7306,7313
traveling,8.89999999999998,30.886890422961,22688.2458090571,23001.150517754,312.904708696853,78.7659516100966,78.4699053940886,-0.296046216008051,8.88916546284854,,,7313,7402
planning,0.9,0,23001.150517754,23026.6556824537,25.5051646997417,78.4699053940886,78.4458521396696,-0.024053254419016,,,0.847292673033604,7402,7411
dwelling,5.1,0,23026.6556824537,23154.0692913819,127.413608928196,78.4458521396696,78.3258647488827,-0.119987390786818,,5.01176470603753,,7411,7462
planning,0.6,0,23154.0692913819,23171.7380083471,17.6687169651741,78.3258647488827,78.3091910489928,-0.0166736998899069,,,0.574065463427246,7462,7468
traveling,8.29999999999999,27.8567765543682,23171.7380083471,23497.4818945728,325.743886225751,78.3091910489928,78.0002573800575,-0.308933668935282,8.29808736122154,,,7468,7551
planning,0.8,0,23497.4818945728,23519.9574538481,22.4755592752517,78.0002573800575,77.9790534915916,-0.0212038884659194,,,0.762849994394556,7551,7559
dwelling,3.2,0,23519.9574538481,23591.594113976,71.6366601279406,77.9790534915916,77.9116418730909,-0.0674116185007136,,3.16666666664166,,7559,7591
planning,0.9,0,23591.594113976,23613.9085343574,22.3144203813936,77.9116418730909,77.89061990617,-0.0210219669208698,,,0.871575196899182,7591,7600
traveling,7.69999999999999,25.0199920063936,23613.9085343574,23878.0901618857,264.181627528302,77.89061990617,77.6405672050058,-0.250052701164236,7.69379756727387,,,7600,7677
planning,0.7,0,23878.0901618857,23897.7202256784,19.6300637926943,77.6405672050058,77.6220415970017,-0.0185256080041114,,,0.643796259957865,7677,7684
dwelling,3.3,0,23897.7202256784,23978.6828145221,80.9625888437513,77.6220415970017,77.5457525299298,-0.0762890670718832,,3.28888888881192,,7684,7717
planning,0.7,0,23978.6828145221,23997.6992557619,19.0164412397353,77.5457525299298,77.5278114224723,-0.0179411074575597,,,0.633376739758506,7717,7724
traveling,8.89999999999998,30.886890422961,23997.6992557619,24319.3199768573,321.62072109538,77.5278114224723,77.2230266844595,-0.304784738012742,8.88916546278443,,,7724,7813
planning,0.6,0,24319.3199768573,24335.4689633182,16.1489864609466,77.2230266844595,77.2077876846929,-0.0152389997666518,,,0.519443692992942,7813,7819
dwelling,5.5,0,24335.4689633182,24466.2155938184,130.746630500173,77.2077876846929,77.0845749858241,-0.123212698868798,,5.4000000002304,,7819,7874
planning,1,0,24466.2155938184,24490.8946137244,24.6790199059687,77.0845749858241,77.061306754594,-0.0232682312300483,,,0.96148979359293,7874,7884
traveling,8.29999999999999,27.8567765543682,24490.8946137244,24763.6681311453,272.773517420977,77.061306754594,76.8030807276172,-0.258226026976828,8.29808736119469,,,7884,7967
planning,0.7,0,24763.6681311453,24782.4117907574,18.7436596120315,76.8030807276172,76.7853866784264,-0.01769404919078,,,0.690678289396164,7967,7974
dwelling,3.4,0,24782.4117907574,24861.1704295241,78.7586387667434,76.7853866784264,76.7111569196634,-0.0742297587630247,,3.32222221735308,,7974,8008
planning,0.5,0,24861.1704295241,24875.0029731669,13.8325436428422,76.7111569196634,76.6980924974412,-0.0130644222221719,,,0.408009132437548,8008,8013
traveling,7.69999999999999,25.0199920063936,24875.0029731669,25150.506085298,275.503112131028,76.6980924974412,76.4368343327523,-0.26125816468894,7.69379756726226,,,8013,8090
planning,0.1,0,25150.506085298,25153.1689950117,2.66290971375201,76.4368343327523,76.4343197885546,-0.00251454419766617,,,0.04958742089553,8090,8091
dwelling,4,0,25153.1689950117,25252.1733440175,99.0043490058124,76.4343197885546,76.3409066079565,-0.0934131805981337,,3.91111110701263,,8091,8131
planning,0.8,0,25252.1733440175,25273.4744680942,21.3011240767009,76.3409066079565,76.3207899392263,-0.0201166687301395,,,0.75894951615232,8131,8139
traveling,8.89999999999998,30.886890422961,25273.4744680942,25558.0862528962,284.611784801913,76.3207899392263,76.0512649993283,-0.269524939898048,8.88916546279722,,,8139,8228
planning,0.3,0,25558.0862528962,25564.9040495449,6.81779664874193,76.0512649993283,76.0448359383412,-0.0064290609871307,,,0.216086625591221,8228,8231
dwelling,5.7,0,25564.9040495449,25684.7750484281,119.870998883162,76.0448359383412,75.9318791765378,-0.112956761803304,,5.68235294038672,,8231,8288
planning,0.9,0,25684.7750484281,25706.5670044803,21.7919560521987,75.9318791765378,75.9113131054816,-0.0205660710562228,,,0.840342921142305,8288,8297
traveling,8.29999999999999,27.8567765543682,25706.5670044803,25968.3426528688,261.775648388579,75.9113131054816,75.663372063578,-0.247941041903616,8.29808736119463,,,8297,8380
planning,0.2,0,25968.3426528688,25973.3066287917,4.96397592288486,75.663372063578,75.6586847613312,-0.00468730224680769,,,0.193727718375833,8380,8382
dwelling,3.9,0,25973.3066287917,26060.087142374,86.780513582311,75.6586847613312,75.5768329833023,-0.0818517780289341,,3.82222221923264,,8382,8421
planning,0.2,0,26060.087142374,26064.9781202914,4.89097791739914,75.5768329833023,75.5722149635598,-0.00461801974248033,,,0.118643424381674,8421,8423
traveling,7.69999999999999,25.0199920063936,26064.9781202914,26332.3730653461,267.394945054701,75.5722149635598,75.318426036621,-0.253788926938824,7.69379756729137,,,8423,8500
planning,0.5,0,26332.3730653461,26346.0065205118,13.6334551656328,75.318426036621,75.3055332857293,-0.0128927508916803,,,0.426363846614972,8500,8505
dwelling,3.5,0,26346.0065205118,26435.6009948864,89.5944743746659,75.3055332857293,75.220866804304,-0.0846664814253018,,3.45555555263804,,8505,8540
planning,0.6,0,26435.6009948864,26452.885404633,17.284409746615,75.220866804304,75.2045081562679,-0.0163586480360607,,,0.568786502342043,8540,8546
traveling,8.89999999999998,30.886890422961,26452.885404633,26797.9064142001,345.021009567095,75.2045081562679,74.8763130582094,-0.328195098058515,8.8891654628743,,,8546,8635
planning,0.3,0,26797.9064142001,26805.900012302,7.99359810187525,74.8763130582094,74.8687524105292,-0.00756064768025055,,,0.299692362802731,8635,8638
dwelling,5.6,0,26805.900012302,26937.3681321301,131.468119828063,74.8687524105292,74.7445762728619,-0.124176137667263,,5.57647058614512,,8638,8694
planning,0.7,0,26937.3681321301,26955.4694656347,18.1013335046482,74.7445762728619,74.7274590072412,-0.0171172656207119,,,0.682110320573064,8694,8701
traveling,8.29999999999999,27.8567765543682,26955.4694656347,27265.8240602217,310.354594587017,74.7274590072412,74.4322506748551,-0.295208332386068,8.29808736122725,,,8701,8784
planning,0.3,0,27265.8240602217,27274.5692581417,8.74519791995772,74.4322506748551,74.4239656935056,-0.00828498134953293,,,0.280018166804862,8784,8787
dwelling,3.7,0,27274.5692581417,27371.1675613376,96.5983031958931,74.4239656935056,74.3325740262803,-0.091391667225281,,3.6555555555736,,8787,8824
planning,0.2,0,27371.1675613376,27377.0579044244,5.89034308677219,74.3325740262803,74.3269923085886,-0.00558171769168325,,,0.178114349600102,8824,8826
traveling,7.69999999999999,25.0199920063936,27377.0579044244,27702.8308560256,325.772951601248,74.3269923085886,74.016244251367,-0.310748057221588,7.69379756731463,,,8826,8903
planning,0.8,0,27702.8308560256,27727.8200086745,24.9891526488645,74.016244251367,73.9925364942458,-0.0237077571212154,,,0.755996987246341,8903,8911
dwelling,3.2,0,27727.8200086745,27809.7462422171,81.9262335426392,73.9925364942458,73.9150081803459,-0.0775283138999185,,3.1111111012662,,8911,8943
planning,0.7,0,27809.7462422171,27829.5876209985,19.8413787813479,73.9150081803459,73.8962074501018,-0.0188007302440667,,,0.619496466391583,8943,8950
traveling,8.89999999999998,30.886890422961,27829.5876209985,28154.4334276008,324.845806602367,73.8962074501018,73.5871240995486,-0.309083350553252,8.88916546287483,,,8950,9039
planning,0.5,0,28154.4334276008,28168.4947740504,14.0613464496128,73.5871240995486,73.5737969630103,-0.0133271365382512,,,0.478571711247817,9039,9044
dwelling,5.4,0,28168.4947740504,28309.2092626642,140.714488613765,73.5737969630103,73.4405434879492,-0.133253475061153,,5.37647058819991,,9044,9098
planning,0.3,0,28309.2092626642,28318.7057494585,9.4964867943163,73.4405434879492,73.4315267497088,-0.00901673824036209,,,0.276232022255826,9098,9101
traveling,8.29999999999999,27.8567765543682,28318.7057494585,28649.7089802935,331.003230835002,73.4315267497088,73.1158982806721,-0.315628469036724,8.29808736124359,,,9101,9184
planning,0.2,0,28649.7089802935,28655.3828446562,5.67386436267407,73.1158982806721,73.1105173594354,-0.00538092123666445,,,0.132251493879613,9184,9186
dwelling,3.8,0,28655.3828446562,28752.7347408195,97.3518961633163,73.1105173594354,73.0183027628995,-0.0922145965359391,,3.72222221872523,,9186,9224
planning,0.2,0,28752.7347408195,28758.4201910188,5.68545019931844,73.0183027628995,73.0129101418396,-0.00539262105988314,,,0.143814834139972,9224,9226
traveling,7.69999999999999,25.0199920063936,28758.4201910188,29031.6977361864,273.277545167548,73.0129101418396,72.752766364893,-0.260143776946634,7.69379756733819,,,9226,9303
planning,0.8,0,29031.6977361864,29052.2828625616,20.5851263752265,72.752766364893,72.7332599198927,-0.019506445000232,,,0.724891875915021,9303,9311
dwelling,3.1,0,29052.2828625616,29121.7653245319,69.4824619702667,72.7332599198927,72.6675156164534,-0.0657443034393026,,3.06666666296657,,9311,9342
planning,0.1,0,29121.7653245319,29124.3337136303,2.56838909842554,72.6675156164534,72.6650816733159,-0.00243394313753242,,,0.0290921002855486,9342,9343
traveling,8.89999999999998,30.886890422961,29124.3337136303,29429.8176368209,305.483923190644,72.6650816733159,72.374325576304,-0.290756097011936,8.88916546296609,,,9343,9432
planning,0.8,0,29429.8176368209,29450.6685873003,20.8509504793874,72.374325576304,72.3545561468113,-0.0197694294926691,,,0.799181953800785,9432,9440
dwelling,5,0,29450.6685873003,29563.1381909005,112.469603600202,72.3545561468113,72.2480869874053,-0.106469159405989,,4.95294117488772,,9440,9490
planning,0.9,0,29563.1381909005,29585.3603153152,22.222124414664,72.2480869874053,72.2270278899953,-0.0210590974099887,,,0.889559976192157,9490,9499
traveling,8.29999999999999,27.8567765543682,29585.3603153152,29867.2851071776,281.924791862362,72.2270278899953,71.958607678791,-0.268420211204315,8.29808736125472,,,9499,9582
planning,1,0,29867.2851071776,29894.6709330436,27.3858258660221,71.958607678791,71.9326145675684,-0.0259931112226326,,,0.946836941366868,9582,9592
dwelling,3,0,29894.6709330436,29964.9573883205,70.2864552769461,71.9326145675684,71.8660206457421,-0.0665939218262537,,2.90000000007472,,9592,9622
planning,0.9,0,29964.9573883205,29987.9260018244,22.9686135038719,71.8660206457421,71.8442367366045,-0.0217839091376248,,,0.852042046722596,9622,9631
traveling,7.69999999999999,25.0199920063936,29987.9260018244,30237.8170496194,249.891047794979,71.8442367366045,71.6064038855423,-0.237832851062223,7.69379756726816,,,9631,9708
planning,0.6,0,30237.8170496194,30253.4881887715,15.6711391521203,71.6064038855423,71.5915327203858,-0.0148711651564923,,,0.567474903255526,9708,9714
dwelling,3.4,0,30253.4881887715,30333.3406134414,79.852424669898,71.5915327203858,71.5158449015779,-0.0756878188078929,,3.39999999242701,,9714,9748
planning,0.1,0,30333.3406134414,30335.8974792111,2.55686576973312,71.5158449015779,71.5134189619955,-0.00242593958240889,,,0.0129417425051335,9748,9749
traveling,8.89999999999998,30.886890422961,30335.8974792111,30633.8126120962,297.915132885104,71.5134189619955,71.2296218794739,-0.283797082521602,8.88916546286169,,,9749,9838
planning,1,0,30633.8126120962,30660.3081073153,26.4954952191074,71.2296218794739,71.2044637301852,-0.0251581492886288,,,0.952704677937684,9838,9848
dwelling,4.9,0,30660.3081073153,30779.3224392932,119.014331977814,71.2044637301852,71.0915642090911,-0.112899521094107,,4.89411764684495,,9848,9897
planning,0.3,0,30779.3224392932,30787.0488961654,7.72645687225304,71.0915642090911,71.0842293098755,-0.00733489921563546,,,0.25586712364962,9897,9900
traveling,8.29999999999999,27.8567765543682,30787.0488961654,31093.2428781371,306.193981971704,71.0842293098755,70.7919204570558,-0.292308852819716,8.29808736127605,,,9900,9983
planning,0.8,0,31093.2428781371,31116.5865658568,23.343687719731,70.7919204570558,70.7697170104087,-0.0222034466470404,,,0.704092949176675,9983,9991
dwelling,3.1,0,31116.5865658568,31195.8623025398,79.2757366829683,70.7697170104087,70.6944354545901,-0.0752815558186057,,3.05555555372025,,9991,10022
planning,0.4,0,31195.8623025398,31207.4314624632,11.5691599233833,70.6944354545901,70.6834315991299,-0.0110038554602028,,,0.369645368822951,10022,10026
traveling,7.69999999999999,25.0199920063936,31207.4314624632,31496.6715131722,289.240050709002,70.6834315991299,70.4070991564348,-0.276332442695178,7.69379756733208,,,10026,10103
planning,0.9,0,31496.6715131722,31520.9214784718,24.2499652995502,70.4070991564348,70.3840476730844,-0.0230514833503435,,,0.801576113370528,10103,10112
dwelling,3,0,31520.9214784718,31589.2874997223,68.3660212505965,70.3840476730844,70.3191821259643,-0.0648655471201067,,2.9777777762545,,10112,10142
planning,0.6,0,31589.2874997223,31604.6570718339,15.369572111591,70.3191821259643,70.304579850138,-0.0146022758262632,,,0.532279444498927,10142,10148
traveling,8.89999999999998,30.886890422961,31604.6570718339,31888.8496789382,284.192607104269,70.304579850138,70.0336958148627,-0.270884035275344,8.88916546288817,,,10148,10237
planning,1,0,31888.8496789382,31911.2394170721,22.3897381339266,70.0336958148627,70.0124486608497,-0.0212471540129684,,,0.992033779234673,10237,10247
dwelling,4.9,0,31911.2394170721,32011.4278776539,100.188460581783,70.0124486608497,69.9174518739267,-0.0949967869230051,,4.85882352938318,,10247,10296
planning,0.8,0,32011.4278776539,32030.4167553895,18.98887773557,69.9174518739267,69.899418550357,-0.0180333235697105,,,0.724274345764512,10296,10304
traveling,8.29999999999999,27.8567765543682,32030.4167553895,32324.4985064249,294.081751035446,69.899418550357,69.6184806752637,-0.280937875093343,8.2980873612273,,,10304,10387
planning,0.8,0,32324.4985064249,32347.3824437567,22.8839373318078,69.6184806752637,69.596691808989,-0.0217888662746191,,,0.73508216913347,10387,10395
dwelling,3.2,0,32347.3824437567,32427.488931133,80.1064873762662,69.596691808989,69.5205407871097,-0.0761510218793262,,3.15555555574801,,10395,10427
planning,0.9,0,32427.488931133,32452.6337617133,25.144830580266,69.5205407871097,69.4966039421877,-0.0239368449220478,,,0.869211669559647,10427,10436
traveling,7.69999999999999,25.0199920063936,32452.6337617133,32734.7858760636,282.152114350327,69.4966039421877,69.2268046642636,-0.269799277924108,7.69379756726816,,,10436,10513
planning,0.3,0,32734.7858760636,32742.8313902228,8.04551415919923,69.2268046642636,69.2191472011878,-0.00765746307580173,,,0.220692265975092,10513,10516
dwelling,3.7,0,32742.8313902228,32832.1546058505,89.323215627719,69.2191472011878,69.1342321540036,-0.0849150471841682,,3.69999999996764,,10516,10553
planning,0.2,0,32832.1546058505,32837.8719748347,5.71736898416566,69.1342321540036,69.1287855098768,-0.00544664412677776,,,0.195798509149155,10553,10555
traveling,8.89999999999998,30.886890422961,32837.8719748347,33167.7858274419,329.91385260722,69.1287855098768,68.8131278736616,-0.315657636215249,8.8891654628487,,,10555,10644
planning,0.2,0,33167.7858274419,33173.2978904715,5.51206302957144,68.8131278736616,68.8078774196906,-0.00525045397093038,,,0.150808710927807,10644,10646
dwelling,5.8,0,33173.2978904715,33311.1753374499,137.877446978433,68.8078774196906,68.6767639072017,-0.13111351248898,,5.71176470529256,,10646,10704
planning,0.6,0,33311.1753374499,33327.9166910758,16.74135362589,68.6767639072017,68.6608119911989,-0.015951916002777,,,0.504872207277985,10704,10710
traveling,8.29999999999999,27.8567765543682,33327.9166910758,33629.9262821024,302.009591026552,68.6608119911989,68.3718052269764,-0.28900676422252,8.29808736124887,,,10710,10793
planning,0.5,0,33629.9262821024,33644.6383252728,14.712043170468,68.3718052269764,68.3577721328281,-0.0140330941482461,,,0.439623730223177,10793,10798
dwelling,3.5,0,33644.6383252728,33739.588922561,94.9505972882253,68.3577721328281,68.2672932957368,-0.0904788370913252,,3.41111110799192,,10798,10833
planning,0.6,0,33739.588922561,33758.3476863296,18.7587637685428,68.2672932957368,68.2493826268754,-0.0179106688614326,,,0.518034235301916,10833,10839
traveling,7.69999999999999,25.0199920063936,33758.3476863296,34056.4923732194,298.144686889798,68.2493826268754,67.9636075119148,-0.285775114960543,7.69379756729153,,,10839,10916
planning,1,0,34056.4923732194,34084.7400345454,28.2476613260224,67.9636075119148,67.9366654055834,-0.026942106331461,,,0.905225571303088,10916,10926
dwelling,3,0,34084.7400345454,34153.33587501,68.5958404646008,67.9366654055834,67.8714001709736,-0.0652652346097113,,2.95555555566979,,10926,10956
planning,0.5,0,34153.33587501,34165.5928941298,12.2570191198101,67.8714001709736,67.8597288940158,-0.0116712769578697,,,0.46304535398839,10956,10961
traveling,8.89999999999998,30.886890422961,34165.5928941298,34461.869873221,296.276979091177,67.8597288940158,67.5763278442758,-0.28340104973995,8.88916546284945,,,10961,11050
planning,0.3,0,34461.869873221,34468.844807925,6.97493470402696,67.5763278442758,67.5696879076783,-0.00663993659749451,,,0.222613451958262,11050,11053
dwelling,5.7,0,34468.844807925,34595.0602112598,126.215403334769,67.5696879076783,67.4495855826909,-0.120102324987457,,5.61176470620592,,11053,11110
planning,0.3,0,34595.0602112598,34603.3322644101,8.27205315027823,67.4495855826909,67.4416938078068,-0.00789177488404391,,,0.297935116830186,11110,11113
traveling,8.29999999999999,27.8567765543682,34603.3322644101,34921.5185091202,318.186244710087,67.4416938078068,67.1364413981114,-0.30525240969547,8.29808736124892,,,11113,11196
planning,0.8,0,34921.5185091202,34944.1772487123,22.6587395921015,67.1364413981114,67.1148087235831,-0.0216326745282345,,,0.718756288133651,11196,11204
dwelling,3.2,0,34944.1772487123,35022.8118416422,78.634592929986,67.1148087235831,67.0398620112467,-0.0749467123364127,,3.11111111108909,,11204,11236
planning,0.8,0,35022.8118416422,35043.7074415574,20.8955999151221,67.0398620112467,67.019930998624,-0.0199310126227061,,,0.795532377281873,11236,11244
traveling,7.69999999999999,25.0199920063936,35043.7074415574,35301.2214888612,257.514047303848,67.019930998624,66.773372117918,-0.246558880706019,7.6937975672972,,,11244,11321
planning,0.7,0,35301.2214888612,35318.7774995957,17.5560107345009,66.773372117918,66.7566294480867,-0.0167426698312596,,,0.679321840012987,11321,11328
dwelling,3.3,0,35318.7774995957,35393.011390319,74.2338907232406,66.7566294480867,66.6859164801595,-0.0707129679272498,,3.24444444264878,,11328,11361
planning,0.6,0,35393.011390319,35408.8649924309,15.8536021119871,66.6859164801595,66.6707863762702,-0.0151301038893195,,,0.593971115914509,11361,11367
traveling,8.89999999999998,30.886890422961,35408.8649924309,35704.6505836238,295.785591192864,66.6707863762702,66.3874981180514,-0.283288258218775,8.88916546281029,,,11367,11456
planning,0.5,0,35704.6505836238,35717.0694030619,12.4188194381422,66.3874981180514,66.3756507978363,-0.0118473202151108,,,0.441804359552081,11456,11461
dwelling,5.5,0,35717.0694030619,35832.3514906225,115.282087560583,66.3756507978363,66.2658614721359,-0.109789325700419,,5.46470588191331,,11461,11516
planning,0.5,0,35832.3514906225,35843.3710024478,11.0195118252886,66.2658614721359,66.2553612906377,-0.0105001814982018,,,0.498623788088605,11516,11521
traveling,8.29999999999999,27.8567765543682,35843.3710024478,36093.893697706,250.522695258216,66.2553612906377,66.0156509917056,-0.239710298932067,8.29808736123262,,,11521,11604
planning,0.2,0,36093.893697706,36098.3453521991,4.45165449304477,66.0156509917056,66.0114074896168,-0.00424350208876945,,,0.169236711713935,11604,11606
dwelling,3.8,0,36098.3453521991,36177.3101331698,78.9647809707458,66.0114074896168,65.9361822312229,-0.0752252583939281,,3.74444444448264,,11606,11644
planning,0.8,0,36177.3101331698,36196.5778776205,19.2677444506771,65.9361822312229,65.917797879058,-0.018384352164901,,,0.729359698847986,11644,11652
traveling,7.69999999999999,25.0199920063936,36196.5778776205,36452.8039711473,256.226093526835,65.917797879058,65.6721455227236,-0.245652356334361,7.69379756728558,,,11652,11729
planning,0.5,0,36452.8039711473,36465.6962360806,12.8922649332599,65.6721455227236,65.6598308471013,-0.0123146756223491,,,0.401439701209334,11729,11734
dwelling,3.5,0,36465.6962360806,36547.8853980576,82.1891619769594,65.6598308471013,65.5814038502625,-0.0784269968388145,,3.46666665571749,,11734,11769
planning,1,0,36547.8853980576,36574.4650952636,26.5796972060707,65.5814038502625,65.5560025543796,-0.0254012958828582,,,0.928422194700228,11769,11779
traveling,8.89999999999998,30.886890422961,36574.4650952636,36887.0337397603,312.568644496692,65.5560025543796,65.2559625630452,-0.300039991334444,8.8891659620984,,,11779,11868
planning,0.7,0,36887.0337397603,36905.4996718915,18.4659321311847,65.2559625630452,65.2383103355049,-0.0176522275402959,,,0.683768434364551,11868,11875
dwelling,5.4,0,36905.4996718915,37026.6049779887,121.105306097161,65.2383103355049,65.1227450726597,-0.115565262845152,,5.33529411766688,,11875,11929
planning,0.7,0,37026.6049779887,37044.8580945148,18.2531165261025,65.1227450726597,65.1052959867397,-0.0174490859200347,,,0.696676433698425,11929,11936
traveling,8.29999999999999,27.8567765543682,37044.8580945148,37329.121274098,284.26317958322,65.1052959867397,64.8323958723859,-0.272900114353732,8.2980873611946,,,11936,12019
planning,0.8,0,37329.121274098,37347.9097394853,18.7884653873552,64.8323958723859,64.8144506572318,-0.0179452151541852,,,0.712122365629736,12019,12027
dwelling,3.3,0,37347.9097394853,37416.0521324425,68.1423929571829,64.8144506572318,64.7494493651053,-0.0650012921264249,,3.22222222080508,,12027,12060
planning,0.5,0,37416.0521324425,37427.970254713,11.9181222704574,64.7494493651053,64.738063230208,-0.0113861348972932,,,0.47281951183762,12060,12065
traveling,7.69999999999999,25.0199920063936,37427.970254713,37683.3154288432,255.345174130205,64.738063230208,64.4929446709684,-0.245118559239657,7.69379756727991,,,12065,12142
planning,0.3,0,37683.3154288432,37690.9665043295,7.65107548634114,64.4929446709684,64.4856272053397,-0.00731746562870228,,,0.240640349881096,12142,12145
dwelling,3.7,0,37690.9665043295,37771.788670362,80.8221660324853,64.4856272053397,64.4084566230492,-0.0771705822904636,,3.67777777076768,,12145,12182
planning,0.2,0,37771.788670362,37777.066119474,5.27744911198533,64.4084566230492,64.4034066922195,-0.00504993082968497,,,0.155030198147674,12182,12184
traveling,8.89999999999998,30.886890422961,37777.066119474,38082.4816693459,305.415549871926,64.4034066922195,64.1099633757083,-0.293443316511187,8.88916546288829,,,12184,12273
planning,0.7,0,38082.4816693459,38100.2160948988,17.7344255529024,64.1099633757083,64.092995717048,-0.0169676586603345,,,0.69878812590205,12273,12280
dwelling,5.2,0,38100.2160948988,38220.4911287703,120.275033871476,64.092995717048,63.9780297795384,-0.114965937509659,,5.15882352943115,,12280,12332
planning,0.4,0,38220.4911287703,38230.4465326706,9.95540390031965,63.9780297795384,63.9685053604542,-0.00952441908415125,,,0.360641499562672,12332,12336
traveling,8.29999999999999,27.8567765543682,38230.4465326706,38505.363666277,274.917133606337,63.9685053604542,63.7043417503171,-0.264163610137082,8.29808736126525,,,12336,12419
planning,0.9,0,38505.363666277,38525.9166698685,20.5530035915799,63.7043417503171,63.684690871938,-0.019650878379089,,,0.854785903684787,12419,12428
dwelling,3,0,38525.9166698685,38587.9430612143,62.0263913457384,63.684690871938,63.6254436190471,-0.0592472528909482,,2.9777777757089,,12428,12458
planning,0.4,0,38587.9430612143,38597.4355282089,9.49246699463401,63.6254436190471,63.6163631596772,-0.00908045936989055,,,0.36108548650322,12458,12462
traveling,7.69999999999999,25.0199920063936,38597.4355282089,38854.3375404948,256.902012285915,63.6163631596772,63.3693913801806,-0.246971779496576,7.6937975673262,,,12462,12539
planning,0.9,0,38854.3375404948,38876.4903565728,22.1528160779635,63.3693913801806,63.348184751289,-0.0212066288916049,,,0.825955377777956,12539,12548
dwelling,3,0,38876.4903565728,38945.0309631757,68.5406066028736,63.348184751289,63.282622181594,-0.0655625696949684,,2.98888888901926,,12548,12578
planning,0.7,0,38945.0309631757,38962.1580692944,17.127106118729,63.282622181594,63.266226015508,-0.0163961660860537,,,0.665537416058238,12578,12585
traveling,8.89999999999998,30.886890422961,38962.1580692944,39282.7651298159,320.607060521463,63.266226015508,62.9574698426458,-0.308756172862203,8.8891654628743,,,12585,12674
planning,0.1,0,39282.7651298159,39285.5447862975,2.77965648162353,62.9574698426458,62.9548036235298,-0.00266621911598719,,,0.06797587990041,12674,12675
dwelling,5.8,0,39285.5447862975,39415.5739495571,130.029163259664,62.9548036235298,62.8303833421446,-0.124420281385184,,5.77647058830471,,12675,12733
planning,0.2,0,39415.5739495571,39420.2580189213,4.68406936411338,62.8303833421446,62.8258989874946,-0.00448435465004593,,,0.150200423458392,12733,12735
traveling,8.29999999999999,27.8567765543682,39420.2580189213,39690.2904384415,270.032419520256,62.8258989874946,62.5661646230018,-0.259734364492765,8.29808736125434,,,12735,12818
planning,1,0,39690.2904384415,39714.8613588664,24.5709204248778,62.5661646230018,62.5426206759232,-0.0235439470785863,,,0.977008223659343,12818,12828
dwelling,2.9,0,39714.8613588664,39778.4078434565,63.5464845901515,62.5426206759232,62.4818032933338,-0.0608173825893772,,2.89999999972816,,12828,12857
planning,0.6,0,39778.4078434565,39793.9373211322,15.5294776756346,62.4818032933338,62.4669122677564,-0.0148910255774339,,,0.514895332047284,12857,12863
traveling,7.69999999999999,25.0199920063936,39793.9373211322,40107.0150779501,313.077756817933,62.4669122677564,62.1643798414691,-0.3025324262873,7.6937975673263,,,12863,12940
planning,1,0,40107.0150779501,40137.4735823572,30.4585044071209,62.1643798414691,62.1350986734867,-0.0292811679824325,,,0.984899655438918,12940,12950
dwelling,2.9,0,40137.4735823572,40212.736617627,75.2630352697743,62.1350986734867,62.0628943530651,-0.0722043204215268,,2.88888888554857,,12950,12979
planning,0.8,0,40212.736617627,40236.2568538556,23.5202362286072,62.0628943530651,62.0402918118238,-0.0226025412413549,,,0.765191684090739,12979,12987
traveling,8.89999999999998,30.886890422961,40236.2568538556,40594.7795690909,358.522715235238,62.0402918118238,61.6938208292273,-0.346470982596493,8.88916546283562,,,12987,13076
planning,0.7,0,40594.7795690909,40616.6099240827,21.8303549918273,61.6938208292273,61.6728149704547,-0.0210058587726252,,,0.636853760888532,13076,13083
dwelling,5.3,0,40616.6099240827,40758.3894967642,141.779572681546,61.6728149704547,61.5366634160341,-0.136151554420621,,5.22941176471424,,13083,13136
planning,0.5,0,40758.3894967642,40772.8409887965,14.4514920323054,61.5366634160341,61.5227701253028,-0.0138932907312039,,,0.470749084591267,13136,13141
traveling,8.29999999999999,27.8567765543682,40772.8409887965,41074.3007379484,301.459749151843,61.5227701253028,61.2318349560499,-0.290935169252926,8.29808736122721,,,13141,13224
planning,0.1,0,41074.3007379484,41077.2732145163,2.97247656790569,61.2318349560499,61.2289751333895,-0.00285982266039042,,,0.0120497967571337,13224,13225
dwelling,3.9,0,41077.2732145163,41178.4406785178,101.167464001483,61.2289751333895,61.1318102197404,-0.0971649136491806,,3.8555555467569,,13225,13264
planning,0.5,0,41178.4406785178,41193.6216870743,15.1810085565012,61.1318102197404,61.1171981747512,-0.0146120449891782,,,0.45438238133623,13264,13269
traveling,7.69999999999999,25.0199920063936,41193.6216870743,41508.5476379834,314.925950909172,61.1171981747512,60.8123728598827,-0.304825314868488,7.69379756730301,,,13269,13346
planning,0.7,0,41508.5476379834,41527.4862288593,18.9385908758341,60.8123728598827,60.7941654446483,-0.0182074152344285,,,0.689379288615571,13346,13353
dwelling,3.3,0,41527.4862288593,41611.8203819335,84.3341530742255,60.7941654446483,60.7131394729567,-0.0810259716916022,,3.23333332942688,,13353,13386
planning,0.3,0,41611.8203819335,41620.4477679398,8.62738600625744,60.7131394729567,60.7048374809735,-0.00830199198313863,,,0.278679637786416,13386,13389
traveling,8.89999999999998,30.886890422961,41620.4477679398,41931.7365965783,311.288828638586,60.7048374809735,60.4042979964377,-0.300539484535861,8.88916546288825,,,13389,13478
planning,0.5,0,41931.7365965783,41945.2175926697,13.4809960913408,60.4042979964377,60.3913314670791,-0.0129665293585148,,,0.456506115368462,13478,13483
dwelling,5.4,0,41945.2175926697,42070.746049841,125.528457171313,60.3913314670791,60.2707947662472,-0.120536700831934,,5.3588235293171,,13483,13537
planning,0.2,0,42070.746049841,42076.3509524029,5.60490256192861,60.2707947662472,60.2654001593309,-0.00539460691626914,,,0.128293618900442,13537,13539
traveling,8.29999999999999,27.8567765543682,42076.3509524029,42382.2002982027,305.849345799747,60.2654001593309,59.9696412743101,-0.295758885020852,8.29808736127056,,,13539,13622
planning,0.2,0,42382.2002982027,42387.5214670432,5.32116884051356,59.9696412743101,59.9645212699803,-0.00512000432976123,,,0.176863597823331,13622,13624
dwelling,3.7,0,42387.5214670432,42472.5403893451,85.0189223019333,59.9645212699803,59.8828521066055,-0.0816691633748121,,3.66666666665143,,13624,13661
planning,0.9,0,42472.5403893451,42497.5631827155,25.0227933703791,59.8828521066055,59.8587585865094,-0.0240935200960735,,,0.801217500060208,13661,13670
traveling,7.69999999999999,25.0199920063936,42497.5631827155,42768.0194196412,270.456236925696,59.8587585865094,59.5973173537123,-0.261441232797139,7.6937975673088,,,13670,13747
planning,0.6,0,42768.0194196412,42784.1742833727,16.15486373147,59.5973173537123,59.5817633560787,-0.0155539976336243,,,0.512563505801204,13747,13753
dwelling,3.4,0,42784.1742833727,42866.5281931651,82.3539097924804,59.5817633560787,59.5025689176838,-0.0791944383948646,,3.32222222063907,,13753,13787
planning,0.5,0,42866.5281931651,42880.7013966885,14.1732035233508,59.5025689176838,59.4889120593187,-0.0136568583651382,,,0.410450100319895,13787,13792
traveling,8.89999999999998,30.886890422961,42880.7013966885,43227.208310679,346.506913990517,59.4889120593187,59.1531608556263,-0.335751203692354,8.8891654628228,,,13792,13881
planning,0.6,0,43227.208310679,43245.4607380602,18.252427381216,59.1531608556263,59.1355480178513,-0.0176128377750402,,,0.507361224793673,13881,13887
dwelling,5.4,0,43245.4607380602,43386.855519529,141.394781468814,59.1355480178513,58.9993695278107,-0.13617849004055,,5.34705881679897,,13887,13941
planning,0.6,0,43386.855519529,43404.0150151489,17.1594956198896,58.9993695278107,58.9828224740084,-0.0165470538023413,,,0.595893321278141,13941,13947
traveling,8.29999999999999,27.8567765543682,43404.0150151489,43709.3071548376,305.29213968863,58.9828224740084,58.6871581109427,-0.295664363065647,8.29808736123247,,,13947,14030
planning,0.6,0,43709.3071548376,43725.6358065859,16.3286517483066,58.6871581109427,58.6714163330266,-0.0157417779161335,,,0.579142418747602,14030,14036
dwelling,3.4,0,43725.6358065859,43810.2221413622,84.5863347763006,58.6714163330266,58.5899553522535,-0.0814609807731301,,3.34444444415318,,14036,14070
planning,0.6,0,43810.2221413622,43827.0816691335,16.8595277713539,58.5899553522535,58.5736928812358,-0.0162624710177255,,,0.555067524809155,14070,14076
traveling,7.69999999999999,25.0199920063936,43827.0816691335,44110.9672925287,283.885623395159,58.5736928812358,58.2985648420176,-0.275128039218131,7.69379756729153,,,14076,14153
planning,0.2,0,44110.9672925287,44116.2177073732,5.25041484452231,58.2985648420176,58.2935029568663,-0.00506188515127093,,,0.154406903537448,14153,14155
dwelling,3.8,0,44116.2177073732,44211.7813094643,95.5636020911115,58.2935029568663,58.2014119594077,-0.0920909974586763,,3.75555555564354,,14155,14193
planning,0.2,0,44211.7813094643,44217.5212726087,5.73996314439137,58.2014119594077,58.195870927537,-0.00554103187069899,,,0.167023906509625,14193,14195
traveling,8.89999999999998,30.886890422961,44217.5212726087,44529.2293718264,311.708099217736,58.195870927537,57.8939267525472,-0.301944174989821,8.88916546288829,,,14195,14284
planning,0.9,0,44529.2293718264,44552.1773391699,22.947967343498,57.8939267525472,57.8717987191375,-0.0221280334096363,,,0.822330063201701,14284,14293
dwelling,5,0,44552.1773391699,44675.5435161931,123.366177023192,57.8717987191375,57.7528763560153,-0.118922363122252,,4.95882351651578,,14293,14343
planning,0.7,0,44675.5435161931,44695.9159951026,20.3724789094704,57.7528763560153,57.7331943528483,-0.0196820031669986,,,0.634027745990023,14343,14350
traveling,8.29999999999999,27.8567765543682,44695.9159951026,44982.2007740251,286.28477892252,57.7331943528483,57.4558085281819,-0.277385824666368,8.29808736124887,,,14350,14433
planning,0.4,0,44982.2007740251,44991.6998562236,9.49908219851932,57.4558085281819,57.4466513447136,-0.00915718346828953,,,0.344620274121524,14433,14437
dwelling,3.6,0,44991.6998562236,45066.6225919964,74.9227357727141,57.4466513447136,57.3745220603306,-0.0721292843830241,,3.51111110549395,,14437,14473
planning,0.7,0,45066.6225919964,45082.2154873937,15.5928953973053,57.3745220603306,57.359499279509,-0.0150227808215533,,,0.625694314942851,14473,14480
traveling,7.69999999999999,25.0199920063936,45082.2154873937,45300.1041786811,217.888691287451,57.359499279509,57.1489140494135,-0.210585230095539,7.69379756728541,,,14480,14557
planning,0.7,0,45300.1041786811,45315.1023026572,14.9981239760455,57.1489140494135,57.1344658609685,-0.0144481884449803,,,0.651753523803176,14557,14564
dwelling,3.3,0,45315.1023026572,45382.0765859594,66.9742833022101,57.1344658609685,57.0699780206117,-0.0644878403567688,,3.26666665331724,,14564,14597
planning,0.9,0,45382.0765859594,45401.8055153771,19.7289294177172,57.0699780206117,57.0509659310431,-0.0190120895686761,,,0.87143595081869,14597,14606
traveling,8.89999999999998,30.886890422961,45401.8055153771,45703.2608158432,301.455300466143,57.0509659310431,56.7586428615986,-0.292323069444436,8.88916546278419,,,14606,14695
planning,0.3,0,45703.2608158432,45711.704572123,8.44375627981935,56.7586428615986,56.7504783520482,-0.0081645095504399,,,0.288591563532978,14695,14698
dwelling,5.7,0,45711.704572123,45845.1184427382,133.413870615113,56.7504783520482,56.6217523931659,-0.128725958882264,,5.69999999986954,,14698,14755
planning,0.1,0,45845.1184427382,45847.5080440298,2.38960129168845,56.6217523931659,56.6194461076339,-0.00230628553198642,,,0.0525701821266173,14755,14756
traveling,8.29999999999999,27.8567765543682,45847.5080440298,46117.5999447054,270.091900675514,56.6194461076339,56.3575706725562,-0.261875435077712,8.29808736123826,,,14756,14839
planning,1,0,46117.5999447054,46145.2959778592,27.6960331538648,56.3575706725562,56.3307816223519,-0.0267890502042789,,,0.907502131675936,14839,14849
dwelling,3,0,46145.2959778592,46219.1893722781,73.8933944188393,56.3307816223519,56.2594082044284,-0.0713734179235459,,2.93333333245297,,14849,14879
planning,0.5,0,46219.1893722781,46232.4011361417,13.2117638636628,56.2594082044284,56.2466352845968,-0.0127729198316189,,,0.478701533816044,14879,14884
traveling,7.69999999999999,25.0199920063936,46232.4011361417,46508.6973847373,276.29624859555,56.2466352845968,55.9781548106717,-0.268480473925109,7.6937975673263,,,14884,14961
planning,0.4,0,46508.6973847373,46520.1876481803,11.4902634429745,55.9781548106717,55.9670297292037,-0.0111250814680233,,,0.347604719932376,14961,14965
dwelling,3.5,0,46520.1876481803,46605.8689100515,85.6812618712211,55.9670297292037,55.8842344274227,-0.0827953017809193,,3.48888888893837,,14965,15000
planning,0.1,0,46605.8689100515,46608.4604151896,2.59150513815257,55.8842344274227,55.8817283695262,-0.00250605789651814,,,0.0138010624108195,15000,15001
traveling,8.89999999999998,30.886890422961,46608.4604151896,46908.4436179228,299.983202733172,55.8817283695262,55.5904452686924,-0.29128310083383,8.88916546292691,,,15001,15090
planning,0.9,0,46908.4436179228,46932.2912980381,23.8476801152865,55.5904452686924,55.5673678348609,-0.023077433831503,,,0.874371142036211,15090,15099
dwelling,5,0,46932.2912980381,47050.8999601611,118.608662122992,55.5673678348609,55.4527305023988,-0.114637332462067,,4.90588234768382,,15099,15149
planning,0.6,0,47050.8999601611,47068.4391722955,17.5392121343903,55.4527305023988,55.4357322817349,-0.0169982206639077,,,0.538062060771676,15149,15155
traveling,8.29999999999999,27.8567765543682,47068.4391722955,47376.5120092883,308.072836992789,55.4357322817349,55.1358667816265,-0.299865500108424,8.29808736126507,,,15155,15238
planning,0.9,0,47376.5120092883,47399.1403670425,22.6283577542636,55.1358667816265,55.113969790894,-0.0218969907325146,,,0.852990093340531,15238,15247
dwelling,3,0,47399.1403670425,47468.550333647,69.4099666044422,55.113969790894,55.0468638695451,-0.0671059213488547,,2.9777777777662,,15247,15277
planning,1,0,47468.550333647,47495.9764997372,27.4261660902557,55.0468638695451,55.0202916802453,-0.0265721892998414,,,0.977884267401322,15277,15287
traveling,7.69999999999999,25.0199920063936,47495.9764997372,47789.4411354955,293.46463575829,55.0202916802453,54.7343589837534,-0.285932696491891,7.69379756727975,,,15287,15364
planning,0.2,0,47789.4411354955,47795.4995291799,6.0583936844414,54.7343589837534,54.7284786381562,-0.00588034559722672,,,0.193827333569376,15364,15366
dwelling,3.8,0,47795.4995291799,47895.2270523361,99.7275231561434,54.7284786381562,54.6318606400117,-0.0966179981444739,,3.77777777219814,,15366,15404
planning,0.9,0,47895.2270523361,47919.572478232,24.3454258958955,54.6318606400117,54.6082639545359,-0.0235966854757876,,,0.809854402740141,15404,15413
traveling,8.89999999999998,30.886890422961,47919.572478232,48256.2035162167,336.631037984705,54.6082639545359,54.2800869661099,-0.328176988425966,8.88916596209157,,,15413,15502
planning,0.9,0,48256.2035162167,48280.0503089112,23.8467926944577,54.2800869661099,54.2569684045762,-0.0231185615337637,,,0.818412924590969,15502,15511
dwelling,5.2,0,48280.0503089112,48406.7808802484,126.73057133727,54.2569684045762,54.1342196840355,-0.122748720540677,,5.13529411800084,,15511,15563
planning,0.4,0,48406.7808802484,48418.5247974047,11.7439171562291,54.1342196840355,54.1228163528732,-0.0114033311622919,,,0.308608377724496,15563,15567
traveling,8.29999999999999,27.8567765543682,48418.5247974047,48699.8848125011,281.360015096405,54.1228163528732,53.8489025226941,-0.27391383017914,8.29808736121656,,,15567,15650
planning,0.5,0,48699.8848125011,48712.1958927583,12.3110802572191,53.8489025226941,53.8369709958203,-0.0119315268737878,,,0.406088612353969,15650,15655
dwelling,3.5,0,48712.1958927583,48786.8740015192,74.6781087609124,53.8369709958203,53.7647043598852,-0.0722666359350939,,3.47777777623789,,15655,15690
planning,1,0,48786.8740015192,48811.3582816085,24.4842800893312,53.7647043598852,53.7409733526551,-0.0237310072300971,,,0.987123466745005,15690,15700
traveling,7.69999999999999,25.0199920063936,48811.3582816085,49063.8716699742,252.51338836566,53.7409733526551,53.4951410088492,-0.245832343805887,7.69379756727414,,,15700,15777
planning,0.9,0,49063.8716699742,49084.7470225512,20.8753525770007,53.4951410088492,53.4749127580886,-0.0202282507606242,,,0.885229820433806,15777,15786
dwelling,3.1,0,49084.7470225512,49152.678058934,67.9310363828627,53.4749127580886,53.4091239404354,-0.065788817653214,,3.08888888883577,,15786,15817
planning,0.3,0,49152.678058934,49160.3513891127,7.67333017868805,53.4091239404354,53.4016790921181,-0.00744484831726311,,,0.225309434512422,15817,15820
traveling,8.89999999999998,30.886890422961,49160.3513891127,49499.0580372597,338.706648146923,53.4016790921181,53.0708661460022,-0.330812946115849,8.88916546282335,,,15820,15909
planning,0.3,0,49499.0580372597,49507.7636415186,8.70560425894655,53.0708661460022,53.0624015248308,-0.00846462117139168,,,0.268562913227574,15909,15912
dwelling,5.7,0,49507.7636415186,49649.6446261352,141.880984616553,53.0624015248308,52.9247082451029,-0.137693279727898,,5.64705882317542,,15912,15969
planning,0.3,0,49649.6446261352,49658.0970178849,8.45239174970629,52.9247082451029,52.9164914497407,-0.00821679536227293,,,0.232814828648088,15969,15972
traveling,8.29999999999999,27.8567765543682,49658.0970178849,49945.5337162237,287.43669833889,52.9164914497407,52.6360737262494,-0.280417723491226,8.29808736125973,,,15972,16055
planning,0.4,0,49945.5337162237,49955.1873886212,9.65367239741317,52.6360737262494,52.6267035178078,-0.00937020844166625,,,0.371887895878279,16055,16059
dwelling,3.5,0,49955.1873886212,50029.9189809762,74.731592355005,52.6267035178078,52.5542590582649,-0.0724444595428935,,3.48888888852271,,16059,16094
planning,0.2,0,50029.9189809762,50034.887489846,4.96850886983157,52.5542590582649,52.5494342280413,-0.00482483022354074,,,0.127160260713478,16094,16096
traveling,7.69999999999999,25.0199920063936,50034.887489846,50245.5173633826,210.6298735366,52.5494342280413,52.3445804679635,-0.204853760077867,7.69379756733803,,,16096,16173
planning,0.4,0,50245.5173633826,50252.9883855883,7.4710222057256,52.3445804679635,52.3373447492317,-0.00723571873181328,,,0.338184115497531,16173,16177
dwelling,3.5,0,50252.9883855883,50317.9150044977,64.9266189094124,52.3373447492317,52.2744620288162,-0.0628827204154732,,3.4666666665533,,16177,16212
planning,0.8,0,50317.9150044977,50334.9908901375,17.0758856397297,52.2744620288162,52.2579009258863,-0.0165611029299342,,,0.714773604682487,16212,16220
traveling,8.89999999999998,30.886890422961,50334.9908901375,50573.5096417877,238.518751650248,52.2579009258863,52.0258835966327,-0.23201732925358,8.88916546288788,,,16220,16309
planning,0.5,0,50573.5096417877,50583.2474002161,9.73775842840405,52.0258835966327,52.0164444639717,-0.00943913266098662,,,0.497454628033508,16309,16314
dwelling,5.4,0,50583.2474002161,50684.6239874689,101.376587252817,52.0164444639717,51.9181967694994,-0.0982476944722492,,5.35882352970512,,16314,16368
planning,0.8,0,50684.6239874689,50704.4231952539,19.799207785014,51.9181967694994,51.8989526512618,-0.0192441182376868,,,0.772011843622543,16368,16376
traveling,8.29999999999999,27.8567765543682,50704.4231952539,50989.4562611859,285.033065931959,51.8989526512618,51.6204838868379,-0.278468764423891,8.29808736121629,,,16376,16459
planning,0.2,0,50989.4562611859,50995.3344793567,5.87821817083022,51.6204838868379,51.6147550507623,-0.0057288360755976,,,0.184655029190354,16459,16461
dwelling,3.8,0,50995.3344793567,51092.6924683469,97.3579889901448,51.6147550507623,51.5200378180771,-0.0947172326851984,,3.77777777774071,,16461,16499
planning,0.8,0,51092.6924683469,51115.7882277201,23.0957593731946,51.5200378180771,51.4975309468355,-0.0225068712415819,,,0.789083434594536,16499,16507
traveling,7.69999999999999,25.0199920063936,51115.7882277201,51396.520916822,280.73268910194,51.4975309468355,51.2228102451807,-0.274720701654836,7.69379756727374,,,16507,16584
planning,0.7,0,51396.520916822,51415.0502886436,18.5293718215908,51.2228102451807,51.2047663553214,-0.0180438898592357,,,0.681872453013535,16584,16591
dwelling,3.3,0,51415.0502886436,51489.4041845858,74.3538959421639,51.2047663553214,51.1324939150027,-0.0722724403186845,,3.2888888887649,,16591,16624
planning,0.9,0,51489.4041845858,51512.2268049493,22.8226203635277,51.1324939150027,51.1102781798745,-0.0222157351282561,,,0.884630128786164,16624,16633
traveling,8.89999999999998,30.886890422961,51512.2268049493,51818.0517367175,305.824931768242,51.1102781798745,50.8111318241347,-0.299146355739751,8.88916546277157,,,16633,16722
planning,0.5,0,51818.0517367175,51831.0822280652,13.0304913476939,50.8111318241347,50.7984373188306,-0.0126945053041254,,,0.442887424052831,16722,16727
dwelling,5.6,0,51831.0822280652,51970.6920238572,139.609795791919,50.7984373188306,50.6624820534025,-0.13595526542813,,5.51764705881006,,16727,16783
planning,0.7,0,51970.6920238572,51990.1627628855,19.4707390283656,50.6624820534025,50.6434925899383,-0.0189894634641377,,,0.660855420218876,16783,16790
traveling,8.29999999999999,27.8567765543682,51990.1627628855,52293.3501351769,303.18737229141,50.6434925899383,50.3463868817784,-0.297105708159947,8.29808736120008,,,16790,16873
planning,0.4,0,52293.3501351769,52304.2167514501,10.8666162731606,50.3463868817784,50.335787111276,-0.0105997705023455,,,0.375083939390978,16873,16877
dwelling,3.7,0,52304.2167514501,52393.0494449718,88.8326935216683,50.335787111276,50.2492620307123,-0.0865250805637316,,3.61111111100831,,16877,16914
planning,0.9,0,52393.0494449718,52418.2218421683,25.1723971965112,50.2492620307123,50.2246941165947,-0.0245679141175685,,,0.853265713511805,16914,16923
traveling,7.69999999999999,25.0199920063936,52418.2218421683,52670.9485084682,252.726666299946,50.2246941165947,49.9773481344508,-0.247345982143912,7.69379756725667,,,16923,17000
planning,0.5,0,52670.9485084682,52682.6897199161,11.7412114479084,49.9773481344508,49.9659091487701,-0.0114389856807477,,,0.429218081346017,17000,17005
dwelling,3.6,0,52682.6897199161,52761.3671859711,78.6774660549272,49.9659091487701,49.8893113312496,-0.0765978175205078,,3.52222221624592,,17005,17041
planning,0.7,0,52761.3671859711,52779.3345033456,17.9673173745541,49.8893113312496,49.8717853584896,-0.0175259727600192,,,0.673832737497007,17041,17048
traveling,8.89999999999998,30.886890422961,52779.3345033456,53062.9960600415,283.661556695923,49.8717853584896,49.5941447595156,-0.27764059897396,8.88916596209469,,,17048,17137
planning,0.3,0,53062.9960600415,53070.1419858373,7.14592579574673,49.5941447595156,49.5871774367546,-0.00696732276097833,,,0.241284363569082,17137,17140
dwelling,5.8,0,53070.1419858373,53198.2107499806,128.068764143318,49.5871774367546,49.4624007819188,-0.124776654835799,,5.73529411734904,,17140,17198
planning,0.3,0,53198.2107499806,53206.0513389162,7.84058893559268,49.4624007819188,49.4547458925673,-0.00765488935148539,,,0.263480550936795,17198,17201
traveling,8.29999999999999,27.8567765543682,53206.0513389162,53477.7757785132,271.724439597048,49.4547458925673,49.1884972318754,-0.266248660691886,8.29808736122721,,,17201,17284
planning,0.1,0,53477.7757785132,53480.2492361506,2.47345763735939,49.1884972318754,49.1860829553856,-0.00241427648984427,,,0.0358282717453675,17284,17285
dwelling,3.9,0,53480.2492361506,53570.3096488105,90.0604126598628,49.1860829553856,49.0982409761191,-0.0878419792665142,,3.85555555555687,,17285,17324
planning,0.9,0,53570.3096488105,53593.322200067,23.0125512565719,49.0982409761191,49.075766197905,-0.0224747782141108,,,0.804841028694746,17324,17333
traveling,7.69999999999999,25.0199920063936,53593.322200067,53859.6355238227,266.313323755705,49.075766197905,48.8143822890118,-0.26138390889313,7.69379756728571,,,17333,17410
planning,0.4,0,53859.6355238227,53869.9872287336,10.3517049108923,48.8143822890118,48.8042663678584,-0.0101159211534707,,,0.329342271984282,17410,17414
dwelling,3.6,0,53869.9872287336,53953.9879801758,84.0007514421814,48.8042663678584,48.7222747430773,-0.0819916247810255,,3.56666666644028,,17414,17450
planning,1,0,53953.9879801758,53979.2281076324,25.2401274566291,48.7222747430773,48.6976132184192,-0.0246615246581143,,,0.918077854791403,17450,17460
traveling,8.89999999999998,30.886890422961,53979.2281076324,54290.1796783688,310.951570736361,48.6976132184192,48.3921780853936,-0.305435133025682,8.889165961838,,,17460,17549
planning,0.5,0,54290.1796783688,54303.0619925966,12.8823142278197,48.3921780853936,48.3795811156883,-0.0125969697052213,,,0.48554533759821,17549,17554
dwelling,5.6,0,54303.0619925966,54426.7903627138,123.72837011714,48.3795811156883,48.2587966863083,-0.120784429380052,,5.55294117201579,,17554,17610
planning,0.8,0,54426.7903627138,54447.6701200633,20.8797573495103,48.2587966863083,48.2383713602112,-0.0204253260970759,,,0.760538087036001,17610,17618
traveling,8.29999999999999,27.8567765543682,54447.6701200633,54719.871552259,272.201432195718,48.2383713602112,47.971107234051,-0.267264126160171,8.29808736118934,,,17618,17701
planning,0.5,0,54719.871552259,54731.8999486501,12.0283963911061,47.971107234051,47.9593468503049,-0.0117603837461431,,,0.43251304819913,17701,17706
dwelling,3.6,0,54731.8999486501,54807.7900878079,75.8901391577965,47.9593468503049,47.8852502152487,-0.0740966350561862,,3.53333333341831,,17706,17742
planning,0.8,0,54807.7900878079,54826.9875177276,19.1974299197536,47.8852502152487,47.8664782676711,-0.0187719475775552,,,0.799607353167042,17742,17750
traveling,7.69999999999999,25.0199920063936,54826.9875177276,55068.8073832299,241.819865502257,47.8664782676711,47.6290583868237,-0.237419880847476,7.69379756725633,,,17750,17827
planning,0.2,0,55068.8073832299,55073.7407755072,4.93339227731485,47.6290583868237,47.6242307145048,-0.0048276723188323,,,0.178495476439882,17827,17829
dwelling,3.9,0,55073.7407755072,55157.6060708009,83.8652952937191,47.6242307145048,47.542282842568,-0.0819478719368689,,3.82222221981543,,17829,17868
planning,0.7,0,55157.6060708009,55173.5104787537,15.9044079527739,47.542282842568,47.5267316691783,-0.0155511733897171,,,0.673928683411147,17868,17875
traveling,8.89999999999998,30.886890422961,55173.5104787537,55458.769025214,285.25854646034,47.5267316691783,47.2463909079633,-0.280340761214916,8.88916546277243,,,17875,17964
planning,0.3,0,55458.769025214,55466.4537451606,7.68471994653373,47.2463909079633,47.2388623845466,-0.00752852341678079,,,0.241475974771696,17964,17967
dwelling,5.8,0,55466.4537451606,55608.6021694244,142.148424263825,47.2388623845466,47.099660129039,-0.139202255507534,,5.71764705515767,,17967,18025
planning,0.4,0,55608.6021694244,55619.7767180797,11.1745486553409,47.099660129039,47.0886973724597,-0.0109627565792891,,,0.309403812207228,18025,18029
traveling,8.29999999999999,27.8567765543682,55619.7767180797,55907.4938150014,287.717096921675,47.0886973724597,46.8053495155648,-0.283347856894942,8.29808736122168,,,18029,18112
planning,0.6,0,55907.4938150014,55921.901493862,14.4076788605671,46.8053495155648,46.7912349635122,-0.0141145520525612,,,0.591668969238805,18112,18118
dwelling,3.4,0,55921.901493862,55995.075232652,73.1737387900357,46.7912349635122,46.7196320279767,-0.071602935535509,,3.36666666612568,,18118,18152
planning,0.8,0,55995.075232652,56014.2042363823,19.1290037302315,46.7196320279767,46.7008902361948,-0.0187417917819417,,,0.711316936255246,18152,18160
traveling,7.69999999999999,25.0199920063936,56014.2042363823,56261.4656981749,247.261461792623,46.7008902361948,46.4575318378263,-0.243358398368436,7.69379756728558,,,18160,18237
planning,0.5,0,56261.4656981749,56273.7954018009,12.3297036260046,46.4575318378263,46.4454417561644,-0.0120900816619738,,,0.417025244528062,18237,18242
dwelling,3.5,0,56273.7954018009,56348.8448099396,75.049408138686,46.4454417561644,46.371961290961,-0.07348046520341,,3.46666665571749,,18242,18277
planning,0.7,0,56348.8448099396,56366.2528464787,17.408036539171,46.371961290961,46.3548870605905,-0.017074230370504,,,0.635291673201259,18277,18284
traveling,8.89999999999998,30.886890422961,56366.2528464787,56684.1054447627,317.852598284,46.3548870605905,46.0412661284279,-0.313620932162522,8.88916546279726,,,18284,18373
planning,0.8,0,56684.1054447627,56705.4385191256,21.3330743628321,46.0412661284279,46.0203111176806,-0.0209550107473433,,,0.773335658733533,18373,18381
dwelling,5.2,0,56705.4385191256,56833.0691336108,127.630614485235,46.0203111176806,45.8950565981973,-0.125254519483256,,5.18235294132964,,18381,18433
planning,0.1,0,56833.0691336108,56835.7909054963,2.72177188547357,45.8950565981973,45.8923816747237,-0.00267492347367693,,,0.0327167530000586,18433,18434
traveling,8.29999999999999,27.8567765543682,56835.7909054963,57124.6411105174,288.850205021132,45.8923816747237,45.6072836374963,-0.28509803722735,8.29808736124892,,,18434,18517
planning,0.1,0,57124.6411105174,57127.1497609402,2.50865042279474,45.6072836374963,45.6048194819923,-0.00246415550404322,,,0.0270090944870134,18517,18518
dwelling,3.9,0,57127.1497609402,57213.2421803217,86.0924193814571,45.6048194819923,45.5203725800034,-0.0844469019888408,,3.81111111043523,,18518,18557
planning,0.8,0,57213.2421803217,57233.4061121086,20.1639317869485,45.5203725800034,45.5005616320501,-0.0198109479533741,,,0.750092318289035,18557,18565
traveling,7.69999999999999,25.0199920063936,57233.4061121086,57485.4896311318,252.083519023196,45.5005616320501,45.2518654636365,-0.248696168413538,7.6937975673088,,,18565,18642
planning,0.5,0,57485.4896311318,57498.5885519371,13.0989208052924,45.2518654636365,45.2389832187939,-0.0128822448426504,,,0.478169457031643,18642,18647
dwelling,3.5,0,57498.5885519371,57582.5866201205,83.9980681834058,45.2389832187939,45.1564571613027,-0.0825260574911368,,3.42222222200543,,18647,18682
planning,0.9,0,57582.5866201205,57605.9979883204,23.411368199937,45.1564571613027,45.1334307784679,-0.0230263828348143,,,0.824648523040283,18682,18691
traveling,8.89999999999998,30.886890422961,57605.9979883204,57913.5407188572,307.542730536712,45.1334307784679,44.8294756010289,-0.303955177438986,8.88916546277157,,,18691,18780
planning,0.7,0,57913.5407188572,57930.7440912655,17.2033724083012,44.8294756010289,44.8125570597542,-0.0169185412746771,,,0.696351667026424,18780,18787
dwelling,5.4,0,57930.7440912655,58041.9161360924,111.172044826992,44.8125570597542,44.7034259501759,-0.109131109578378,,5.317647059016,,18787,18841
planning,0.8,0,58041.9161360924,58059.6921701591,17.77603406665,44.7034259501759,44.6859604753465,-0.0174654748294145,,,0.72486793261349,18841,18849
traveling,8.29999999999999,27.8567765543682,58059.6921701591,58336.2573785387,276.565208379587,44.6859604753465,44.4125458638462,-0.27341461150025,8.29808736119463,,,18849,18932
planning,0.6,0,58336.2573785387,58351.4649808155,15.2076022768015,44.4125458638462,44.3975725413024,-0.0149733225437743,,,0.515456319320516,18932,18938
dwelling,3.5,0,58351.4649808155,58424.8123191488,73.3473383333549,44.3975725413024,44.3255056598175,-0.0720668814848864,,3.42222222231432,,18938,18973
planning,0.1,0,58424.8123191488,58427.0451286583,2.23280950949993,44.3255056598175,44.3233102026971,-0.00219545712045743,,,0.00555628551797649,18973,18974
traveling,7.69999999999999,25.0199920063936,58427.0451286583,58673.2031255557,246.157996897338,44.3233102026971,44.0799662477028,-0.243343954994273,7.69379756729707,,,18974,19051
planning,0.2,0,58673.2031255557,58678.1012880921,4.89816253643221,44.0799662477028,44.0751425660643,-0.00482368163854119,,,0.121370613229145,19051,19053
dwelling,3.8,0,58678.1012880921,58767.770708452,89.6694203599181,44.0751425660643,43.9868669157885,-0.0882756502757829,,3.74444444424993,,19053,19091
planning,0.7,0,58767.770708452,58785.6153162002,17.8446077481713,43.9868669157885,43.9692814585616,-0.0175854572268435,,,0.642219074061039,19091,19098
traveling,8.89999999999998,30.886890422961,58785.6153162002,59079.9861620929,294.370845892656,43.9692814585616,43.6779503810866,-0.291331077475071,8.88916546287483,,,19098,19187
planning,0.6,0,59079.9861620929,59095.9171214281,15.9309593352227,43.6779503810866,43.6622330410203,-0.0157173400662458,,,0.599091779121388,19187,19193
dwelling,5.3,0,59095.9171214281,59226.6489996116,130.731878183564,43.6622330410203,43.5333550818324,-0.12887795918796,,5.27647058729373,,19193,19246
planning,0.8,0,59226.6489996116,59250.4400142715,23.7910146598078,43.5333550818324,43.5098386977597,-0.0235163840726784,,,0.775540528562849,19246,19254
traveling,8.29999999999999,27.8567765543682,59250.4400142715,59559.3950474517,308.955033180289,43.5098386977597,43.2031180749836,-0.306720622776098,8.29808736121629,,,19254,19337
planning,0.5,0,59559.3950474517,59572.7803123187,13.3852648669999,43.2031180749836,43.1898984314199,-0.0132196435636942,,,0.461216990616332,19337,19342
dwelling,3.5,0,59572.7803123187,59654.3314922287,81.5511799099186,43.1898984314199,43.1094884206176,-0.0804100108022539,,3.47777777762464,,19342,19377
planning,0.1,0,59654.3314922287,59656.9320778228,2.60058559416211,43.1094884206176,43.1069205499014,-0.00256787071621289,,,0.0504429328718922,19377,19378
traveling,7.69999999999999,25.0199920063936,59656.9320778228,59907.9568181418,251.024740319022,43.1069205499014,42.8580992269954,-0.248821322905982,7.69379756731461,,,19378,19455
planning,0.2,0,59907.9568181418,59912.7462733693,4.7894552274156,42.8580992269954,42.8533724866928,-0.00472674030260123,,,0.17373996891888,19455,19457
dwelling,3.8,0,59912.7462733693,59990.2715337234,77.5252603541667,42.8533724866928,42.7769905488134,-0.0763819378794182,,3.7111111075804,,19457,19495
planning,0.2,0,59990.2715337234,59995.1325556395,4.86102191609098,42.7769905488134,42.7721915261814,-0.00479902263203513,,,0.136162758609752,19495,19497
traveling,8.89999999999998,30.886890422961,59995.1325556395,60276.304208256,281.171652616496,42.7721915261814,42.4934654020136,-0.278726124167825,8.88916546295318,,,19497,19586
planning,0.2,0,60276.304208256,60280.8280979014,4.52388964543206,42.4934654020136,42.4890003917405,-0.00446501027311541,,,0.120197745856062,19586,19588
dwelling,5.6,0,60280.8280979014,60405.2549624993,124.426864597874,42.4890003917405,42.3661965933123,-0.122803798428158,,5.57058823529977,,19588,19644
planning,0.5,0,60405.2549624993,60418.8481462946,13.5931837952594,42.3661965933123,42.3527459369485,-0.0134506563638084,,,0.473503686879529,19644,19649
traveling,8.29999999999999,27.8567765543682,60418.8481462946,60688.9475341612,270.099387866612,42.3527459369485,42.0846079494619,-0.268137987486611,8.29808736126525,,,19649,19732
planning,0.4,0,60688.9475341612,60697.6943697986,8.74683563736471,42.0846079494619,42.0759708969737,-0.0086370524881545,,,0.314544680541818,19732,19736
dwelling,3.5,0,60697.6943697986,60767.3714313521,69.6770615534988,42.0759708969737,42.0072298557457,-0.0687410412280585,,3.47777777480561,,19736,19771
planning,0.8,0,60767.3714313521,60785.7936326238,18.4222012717801,42.0072298557457,41.9890251885569,-0.0182046671887548,,,0.727780894860929,19771,19779
traveling,7.69999999999999,25.0199920063936,60785.7936326238,61012.8110087502,227.017376126343,41.9890251885569,41.7638683265524,-0.225156862004496,7.69379756730327,,,19779,19856
planning,0.5,0,61012.8110087502,61025.1547246169,12.3437158666929,41.7638683265524,41.7516540442534,-0.0122142822989915,,,0.421829694115533,19856,19861
dwelling,3.5,0,61025.1547246169,61104.6547020992,79.4999774823591,41.7516540442534,41.6730578601322,-0.0785961841212242,,3.43333333069742,,19861,19896
planning,0.6,0,61104.6547020992,61119.7052179115,15.0505158123124,41.6730578601322,41.6581592678201,-0.014898592312079,,,0.54365560064615,19896,19902
traveling,8.89999999999998,30.886890422961,61119.7052179115,61415.9610388972,296.255820985614,41.6581592678201,41.3635211697205,-0.294638098099611,8.88916546282281,,,19902,19991
planning,0.1,0,61415.9610388972,61418.6110804475,2.65004155037605,41.3635211697205,41.3608943110211,-0.00262685869942914,,,0.0731574115908179,19991,19992
dwelling,5.9,0,61418.6110804475,61566.2923746724,147.681294224909,41.3608943110211,41.2145857899284,-0.146308521092671,,5.84705882370931,,19992,20051
planning,1,0,61566.2923746724,61594.8939703651,28.6015956927076,41.2145857899284,41.1861942047995,-0.0283915851289152,,,0.9442199284954,20051,20061
traveling,8.29999999999999,27.8567765543682,61594.8939703651,61887.4958299588,292.601859593618,41.1861942047995,40.8945744330431,-0.291619771756409,8.29808736120547,,,20061,20144
planning,0.7,0,61887.4958299588,61904.4359028525,16.9400728937544,40.8945744330431,40.877784659014,-0.0167897740291068,,,0.659875869789309,20144,20151
dwelling,3.3,0,61904.4359028525,61978.3575796541,73.9216768016267,40.877784659014,40.8045780154995,-0.0732066435144887,,3.29999998868768,,20151,20184
planning,0.6,0,61978.3575796541,61993.682619215,15.3250395608047,40.8045780154995,40.7893757307431,-0.0152022847564268,,,0.578937534920294,20184,20190
traveling,7.69999999999999,25.0199920063936,61993.682619215,62252.9699789699,259.287359754941,40.7893757307431,40.5309701864663,-0.258405544276712,7.69379756726806,,,20190,20267
planning,0.6,0,62252.9699789699,62267.6150231155,14.6450441455672,40.5309701864663,40.5164420087535,-0.0145281777128616,,,0.540442625885795,20267,20273
dwelling,3.4,0,62267.6150231155,62343.4411254751,75.8261023596642,40.5164420087535,40.4412924960893,-0.0751495126641615,,3.39999999133588,,20273,20307
planning,0.7,0,62343.4411254751,62360.4184676677,16.977342192622,40.4412924960893,40.4244485421887,-0.016843953900576,,,0.628996906311392,20307,20314
traveling,8.89999999999998,30.886890422961,62360.4184676677,62679.4181511584,318.999683490649,40.4244485421887,40.1058901951511,-0.318558347037602,8.88916546282328,,,20314,20403
planning,0.7,0,62679.4181511584,62699.4529079725,20.0347568140714,40.1058901951511,40.085953668406,-0.019936526745127,,,0.683717579129768,20403,20410
dwelling,5.3,0,62699.4529079725,62827.2694539847,127.816546012211,40.085953668406,39.9590323765151,-0.126921291890945,,5.24705882344288,,20410,20463
planning,0.2,0,62827.2694539847,62832.4011203994,5.1316664147671,39.9590323765151,39.9539319510389,-0.00510042547614376,,,0.139462666885479,20463,20465
traveling,8.29999999999999,27.8567765543682,62832.4011203994,63112.2427984923,279.841678092889,39.9539319510389,39.6745013945908,-0.279430556448091,8.29808736124359,,,20465,20548
planning,1,0,63112.2427984923,63138.7965641755,26.5537656831366,39.6745013945908,39.6480793260086,-0.0264220685822849,,,0.949458582269071,20548,20558
dwelling,3,0,63138.7965641755,63208.4665863999,69.670022224469,39.6480793260086,39.5788644657,-0.0692148603085343,,2.92222222223463,,20558,20588
planning,0.5,0,63208.4665863999,63221.5162844684,13.0496980684402,39.5788644657,39.5658798742842,-0.0129845914158651,,,0.401992589073187,20588,20593
traveling,7.69999999999999,25.0199920063936,63221.5162844684,63479.2324390445,257.716154576163,39.5658798742842,39.3083425204473,-0.257537353836902,7.69379756732044,,,20593,20670
planning,0.9,0,63479.2324390445,63502.2706042302,23.0381651856951,39.3083425204473,39.2854104665208,-0.0229320539264819,,,0.855008010331347,20670,20679
dwelling,3,0,63502.2706042302,63573.5960390142,71.3254347839684,39.2854104665208,39.2144698020918,-0.0709406644289672,,2.99999999958109,,20679,20709
planning,0.8,0,63573.5960390142,63596.8698253515,23.2737863372968,39.2144698020918,39.191256743583,-0.023213058508766,,,0.759396931830634,20709,20717
traveling,8.89999999999998,30.886890422961,63596.8698253515,63951.2007630036,354.330937652143,39.191256743583,38.8356029152134,-0.355653828369611,8.88916546283562,,,20717,20806
planning,0.4,0,63951.2007630036,63963.1262708395,11.9255078358547,38.8356029152134,38.8236936200413,-0.0119092951721242,,,0.326217809196797,20806,20810
dwelling,5.6,0,63963.1262708395,64110.0760433249,146.949772485437,38.8236936200413,38.6771822677495,-0.14651135229176,,5.5294117649274,,20810,20866
planning,0.3,0,64110.0760433249,64119.3926767206,9.31663339563238,38.6771822677495,38.667868847697,-0.00931342005251423,,,0.296248227237482,20866,20869
traveling,8.29999999999999,27.8567765543682,64119.3926767206,64450.7008439836,331.308167263051,38.667868847697,38.3349364409227,-0.33293240677434,8.29808736123796,,,20869,20952
planning,1,0,64450.7008439836,64481.0667017258,30.3658577422248,38.3349364409227,38.3045658068558,-0.0303706340669336,,,0.976676780123439,20952,20962
dwelling,3,0,64481.0667017258,64562.9440220888,81.8773203629316,38.3045658068558,38.2227932511831,-0.0817725556726288,,2.9333333330502,,20962,20992
planning,0.4,0,64562.9440220888,64575.1887308054,12.2447087166001,38.2227932511831,38.2105420066634,-0.0122512445197245,,,0.322101645074419,20992,20996
traveling,7.69999999999999,25.0199920063936,64575.1887308054,64873.7498874537,298.561156648313,38.2105420066634,37.9103552489966,-0.300186757666822,7.69379756732049,,,20996,21073
planning,1,0,64873.7498874537,64900.6918931816,26.9420057279494,37.9103552489966,37.8834284567634,-0.0269267922331409,,,0.978366607391801,21073,21083
dwelling,2.9,0,64900.6918931816,64973.5820479352,72.8901547535352,37.8834284567634,37.8106370512872,-0.0727914054762806,,2.8999999991816,,21083,21112
planning,0.1,0,64973.5820479352,64976.3211403026,2.73909236741019,37.8106370512872,37.807898282639,-0.00273876864812195,,,0.0976911521855294,21112,21113
traveling,8.89999999999998,30.886890422961,64976.3211403026,65309.5024013422,333.181261039601,37.807898282639,37.4727791859801,-0.335119096658893,8.88916546293982,,,21113,21202
planning,0.6,0,65309.5024013422,65326.1048990343,16.6024976921326,37.4727791859801,37.4561618836873,-0.016617302292893,,,0.567498592355315,21202,21208
dwelling,5.2,0,65326.1048990343,65441.7790837747,115.674184740346,37.4561618836873,37.3406844617945,-0.115477421892777,,5.18823529406061,,21208,21260
planning,1,0,65441.7790837747,65466.7418525697,24.9627687950633,37.3406844617945,37.3157255880947,-0.0249588736997879,,,0.948313198354545,21260,21270
traveling,8.29999999999999,27.8567765543682,65466.7418525697,65743.9221236118,277.180271042118,37.3157255880947,37.0372340502586,-0.27849153783604,8.29808736124876,,,21270,21353
planning,0.9,0,65743.9221236118,65767.1009880427,23.1788644308399,37.0372340502586,37.0140315062517,-0.0232025440069208,,,0.821197763897839,21353,21362
dwelling,3.1,0,65767.1009880427,65842.5441923705,75.443204327792,37.0140315062517,36.9385565520763,-0.0754749541754478,,3.01111111101854,,21362,21393
planning,0.7,0,65842.5441923705,65862.2610030379,19.7168106674071,36.9385565520763,36.9187901146303,-0.0197664374459947,,,0.689120349181351,21393,21400
traveling,7.69999999999999,25.0199920063936,65862.2610030379,66143.6840603573,281.423057319436,36.9187901146303,36.6352545877607,-0.283535526869585,7.69379756727393,,,21400,21477
planning,0.9,0,66143.6840603573,66168.4421594712,24.7580991139257,36.6352545877607,36.6104228752107,-0.0248317125500392,,,0.887998728383124,21477,21486
dwelling,3.1,0,66168.4421594712,66242.3820674897,73.939908018423,36.6104228752107,36.5363932710139,-0.0740296041967952,,3.08888888389805,,21486,21517
planning,0.2,0,66242.3820674897,66247.7556041913,5.37353670159064,36.5363932710139,36.5310042998772,-0.00538897113670345,,,0.159474588485059,21517,21519
traveling,8.89999999999998,30.886890422961,66247.7556041913,66567.5085210904,319.752916899102,36.5310042998772,36.2085707016466,-0.322433598230546,8.88916546287587,,,21519,21608
planning,0.4,0,66567.5085210904,66578.9213259773,11.4128048869461,36.2085707016466,36.1971052154266,-0.0114654862199828,,,0.318288214182998,21608,21612
dwelling,5.5,0,66578.9213259773,66715.2183377178,136.29701174052,36.1971052154266,36.0604169182965,-0.136688297130128,,5.47647058832794,,21612,21667
planning,0.9,0,66715.2183377178,66741.2520913522,26.0337536343286,36.0604169182965,36.0342467610719,-0.026170157224648,,,0.803550083839209,21667,21676
traveling,8.29999999999999,27.8567765543682,66741.2520913522,67032.2489916641,290.996900311962,36.0342467610719,35.7405930379652,-0.293653723106658,8.2980873612382,,,21676,21759
planning,0.9,0,67032.2489916641,67055.150568503,22.9015768388927,35.7405930379652,35.7175933002493,-0.0229997377159066,,,0.871887545156565,21759,21768
dwelling,3.1,0,67055.150568503,67125.0800765298,69.9295080268057,35.7175933002493,35.6474598311048,-0.0701334691444941,,3.03333333069457,,21768,21799
planning,0.8,0,67125.0800765298,67146.1289205029,21.0488439730543,35.6474598311048,35.6263060178311,-0.0211538132737061,,,0.783541174197485,21799,21807
traveling,7.69999999999999,25.0199920063936,67146.1289205029,67432.7102044607,286.581283957872,35.6263060178311,35.3364269719269,-0.289879045904193,7.69379756726804,,,21807,21884
planning,0.8,0,67432.7102044607,67456.5101701935,23.7999657327164,35.3364269719269,35.3124449135447,-0.0239820583822308,,,0.799812054544851,21884,21892
dwelling,3.2,0,67456.5101701935,67541.7457454186,85.2355752251315,35.3124449135447,35.2266829915252,-0.0857619220194934,,3.19999999939477,,21892,21924
planning,0.7,0,67541.7457454186,67563.8140240688,22.0682786502439,35.2266829915252,35.2044184499158,-0.0222645416093457,,,0.65162896559112,21924,21931
traveling,8.89999999999998,30.886890422961,67563.8140240688,67893.340761023,329.526736954198,35.2044184499158,34.8707396485386,-0.333678801377275,8.88916546279726,,,21931,22020
planning,0.7,0,67893.340761023,67911.808984173,18.4682231499173,34.8707396485386,34.8521387948226,-0.0186008537159523,,,0.648858165082816,22020,22027
dwelling,5.3,0,67911.808984173,68034.2480751471,122.439090974134,34.8521387948226,34.7290051787149,-0.123133616107729,,5.28235294037678,,22027,22080
planning,1,0,68034.2480751471,68059.8475527388,25.5994775917206,34.7290051787149,34.7032211565789,-0.0257840221359444,,,0.983091376249197,22080,22090
traveling,8.29999999999999,27.8567765543682,68059.8475527388,68327.3446729396,267.497120200773,34.7032211565789,34.4327056886311,-0.270515467947845,8.29808736119999,,,22090,22173
planning,0.4,0,68327.3446729396,68337.4685046239,10.1238316843373,34.4327056886311,34.4225023027312,-0.0102033858999064,,,0.376485555675844,22173,22177
dwelling,3.7,0,68337.4685046239,68420.7323202378,83.2638156138419,34.4225023027312,34.3386950377087,-0.0838072650224504,,3.61111111114013,,22177,22214
planning,1,0,68420.7323202378,68447.4147086865,26.6823884487239,34.3386950377087,34.3117758445455,-0.0269191931632662,,,0.973651607509112,22214,22224
traveling,7.69999999999999,25.0199920063936,68447.4147086865,68716.1555444709,268.740835784425,34.3117758445455,34.0392948057151,-0.272481038830314,7.69379756723913,,,22224,22301
planning,0.8,0,68716.1555444709,68737.9475763318,21.7920318608813,34.0392948057151,34.0172840208824,-0.022010784832716,,,0.743876793351555,22301,22309
dwelling,3.3,0,68737.9475763318,68818.0163225122,80.0687461803755,34.0172840208824,33.9365248540123,-0.0807591668701448,,3.25555555303704,,22309,22342
planning,0.9,0,68818.0163225122,68843.5854064947,25.5690839825693,33.9365248540123,33.9106753249221,-0.0258495290901735,,,0.875065545568529,22342,22351
traveling,8.89999999999998,30.886890422961,68843.5854064947,69164.1162335551,320.530827060327,33.9106753249221,33.5850665295729,-0.325608795349197,8.88916596132701,,,22351,22440
planning,0.4,0,69164.1162335551,69174.1990702787,10.0828367236536,33.5850665295729,33.5748799538477,-0.0101865757252213,,,0.396542478257897,22440,22444
dwelling,5.7,0,69174.1990702787,69314.1448408053,139.945770526552,33.5748799538477,33.4335092008179,-0.14137075302984,,5.68823529430065,,22444,22501
planning,0.6,0,69314.1448408053,69330.1546378677,16.0097970624338,33.4335092008179,33.4173145794797,-0.016194621338137,,,0.584126767469497,22501,22507
traveling,8.29999999999999,27.8567765543682,69330.1546378677,69604.6435620145,274.488924146804,33.4173145794797,33.1385475263247,-0.278767053155008,8.29808736120025,,,22507,22590
planning,0.5,0,69604.6435620145,69617.1935449108,12.5499828962638,33.1385475263247,33.125852149286,-0.0126953770386891,,,0.412308617643882,22590,22595
dwelling,3.6,0,69617.1935449108,69701.2929603333,84.0994154225627,33.125852149286,33.0408425825825,-0.0850095667035617,,3.51111111081519,,22595,22631
planning,0.2,0,69701.2929603333,69706.7832766721,5.49031633873528,33.0408425825825,33.0352802015064,-0.00556238107610341,,,0.169675755142484,22631,22633
traveling,7.69999999999999,25.0199920063936,69706.7832766721,69977.0803997417,270.297123069598,33.0352802015064,32.760144877935,-0.275135323571334,7.69379756730322,,,22633,22710
planning,0.7,0,69977.0803997417,69996.0294651184,18.9490653767716,32.760144877935,32.7409340811796,-0.0192107967554094,,,0.641055505259983,22710,22717
dwelling,3.3,0,69996.0294651184,70070.1731485151,74.1436833966582,32.7409340811796,32.6659368482768,-0.0749972329027742,,3.2333333332415,,22717,22750
planning,1,0,70070.1731485151,70095.647247857,25.4740993418673,32.6659368482768,32.6401248644929,-0.0258119837839601,,,0.949562506222936,22750,22760
traveling,8.89999999999998,30.886890422961,70095.647247857,70395.8557797596,300.208531902623,32.6401248644929,32.3344019338061,-0.305722930686798,8.88916546282306,,,22760,22849
planning,1,0,70395.8557797596,70423.9369312034,28.0811514438101,32.3344019338061,32.3058795627207,-0.028522371085387,,,0.995604240684016,22849,22859
dwelling,5,0,70423.9369312034,70554.9501005449,131.013169341473,32.3058795627207,32.1729061813807,-0.132973381340015,,4.94705882240423,,22859,22909
planning,0.9,0,70554.9501005449,70581.7379309422,26.7878303973557,32.1729061813807,32.1456593959125,-0.0272467854681864,,,0.883851906717691,22909,22918
traveling,8.29999999999999,27.8567765543682,70581.7379309422,70870.7561586281,289.018227685912,32.1456593959125,31.850686496544,-0.294972899368481,8.29808736118934,,,22918,23001
planning,0.1,0,70870.7561586281,70873.2980158015,2.54185717340442,31.850686496544,31.8481045204388,-0.00258197610521549,,,0.00565494047504911,23001,23002
dwelling,4,0,70873.2980158015,70964.4978678418,91.1998520402412,31.8481045204388,31.7555788583344,-0.092525662104407,,3.93333332022284,,23002,23042
planning,0.7,0,70964.4978678418,70981.6627646084,17.1648967665824,31.7555788583344,31.7381455627243,-0.0174332956101217,,,0.645128464257304,23042,23049
traveling,7.69999999999999,25.0199920063936,70981.6627646084,71232.7689161592,251.106151550819,31.7381455627243,31.4818218698428,-0.256323692881438,7.69379756726232,,,23049,23126
planning,0.3,0,71232.7689161592,71240.6556817086,7.88676554942504,31.4818218698428,31.4737973527164,-0.0080245171264437,,,0.27678537375431,23126,23129
dwelling,3.8,0,71240.6556817086,71332.4483392904,91.7926575817837,31.4737973527164,31.3804911573783,-0.0933061953381156,,3.71111110476698,,23129,23167
planning,0.3,0,71332.4483392904,71340.7207256272,8.27238633681554,31.3804911573783,31.3720657437526,-0.00842541362561633,,,0.239280786402536,23167,23170
traveling,8.89999999999998,30.886890422961,71340.7207256272,71674.3384935073,333.617767880103,31.3720657437526,31.0301709055322,-0.341894838220473,8.88916546283625,,,23170,23259
planning,0.3,0,71674.3384935073,71682.4249092126,8.08641570530017,31.0301709055322,31.0219281651984,-0.00824274033378103,,,0.264724359186117,23259,23262
dwelling,5.7,0,71682.4249092126,71812.4867612249,130.061852012295,31.0219281651984,30.8896113164879,-0.132316848710506,,5.62941176462388,,23262,23319
planning,0.9,0,71812.4867612249,71837.0610851586,24.5743239337025,30.8896113164879,30.8645447685978,-0.0250665478901091,,,0.898491918847563,23319,23328
traveling,8.29999999999999,27.8567765543682,71837.0610851586,72159.2850772018,322.223992043146,30.8645447685978,30.5335093788217,-0.331035389776108,8.29808736122181,,,23328,23411
planning,0.2,0,72159.2850772018,72165.1452438636,5.86016666184878,30.5335093788217,30.527518501287,-0.00599087753462513,,,0.124545547996843,23411,23413
dwelling,3.8,0,72165.1452438636,72256.2566265345,91.1113826708752,30.527518501287,30.4346215161297,-0.0928969851573669,,3.76666666458823,,23413,23451
planning,0.9,0,72256.2566265345,72279.0184708126,22.761844278124,30.4346215161297,30.4113935468328,-0.0232279692968937,,,0.84152162687479,23451,23460
traveling,7.69999999999999,25.0199920063936,72279.0184708126,72560.8972472799,281.878776467303,30.4113935468328,30.1217062341625,-0.289687312670335,7.69379756725633,,,23460,23537
planning,0.8,0,72560.8972472799,72581.825206389,20.9279591091181,30.1217062341625,30.1003170626973,-0.0213891714651453,,,0.781901188786893,23537,23545
dwelling,3.3,0,72581.825206389,72655.1002896334,73.2750832443708,30.1003170626973,30.025573019136,-0.074744043561271,,3.22222221979431,,23545,23578
planning,0.7,0,72655.1002896334,72671.3004150684,16.2001254350471,30.025573019136,30.0090373222927,-0.0165356968433557,,,0.685457218780928,23578,23585
traveling,8.89999999999998,30.886890422961,72671.3004150684,72947.0016214496,275.701206381142,30.0090373222927,29.7262430746544,-0.282794247638286,8.88916546277243,,,23585,23674
planning,1,0,72947.0016214496,72971.5615035252,24.5598820756277,29.7262430746544,29.7011289254276,-0.0251141492267628,,,0.995578132765348,23674,23684
dwelling,5.1,0,72971.5615035252,73088.3755058198,116.814002294559,29.7011289254276,29.5817548639829,-0.119374061444763,,5.01764705618968,,23684,23735
planning,0.7,0,73088.3755058198,73106.3611219484,17.9856161286007,29.5817548639829,29.5633431707486,-0.0184116932342739,,,0.642815185325733,23735,23742
traveling,8.29999999999999,27.8567765543682,73106.3611219484,73390.3537856541,283.992663705765,29.5633431707486,29.271034999778,-0.292308170970578,8.29808736120535,,,23742,23825
planning,0.2,0,73390.3537856541,73395.8419536525,5.48816799836641,29.271034999778,29.2654055119697,-0.00562948780835981,,,0.155647980662899,23825,23827
dwelling,3.9,0,73395.8419536525,73491.9923822073,96.1504285547853,29.2654055119697,29.1669086377018,-0.0984968742678767,,3.80000000006596,,23827,23866
planning,0.7,0,73491.9923822073,73510.7127117027,18.7203294954525,29.1669086377018,29.1477059234447,-0.0192027142570588,,,0.628085338689352,23866,23873
traveling,7.69999999999999,25.0199920063936,73510.7127117027,73771.2120724608,260.499360758011,29.1477059234447,28.8792781472518,-0.268427776192915,7.69379756726804,,,23873,23950
planning,1,0,73771.2120724608,73797.4338701675,26.2217977067485,28.8792781472518,28.8523600696902,-0.0269180775616427,,,0.927179715051468,23950,23960
dwelling,3,0,73797.4338701675,73868.5130367699,71.0791666024452,28.8523600696902,28.779479961392,-0.0728801082981612,,2.9999999971242,,23960,23990
planning,0.2,0,73868.5130367699,73873.9424896939,5.42945292399963,28.779479961392,28.7739017635963,-0.00557819779573165,,,0.111757458525854,23990,23992
traveling,8.89999999999998,30.886890422961,73873.9424896939,74151.0010249112,277.058535217293,28.7739017635963,28.4884472382095,-0.285454525386793,8.88916546286194,,,23992,24081
planning,0.2,0,74151.0010249112,74155.9105217431,4.90949683186773,28.4884472382095,28.4834050131625,-0.00504222504702767,,,0.103680039154737,24081,24083
dwelling,5.7,0,74155.9105217431,74271.304112036,115.393590292893,28.4834050131625,28.3651393049794,-0.118265708183085,,5.69411764672811,,24083,24140
planning,0.3,0,74271.304112036,74277.8568083274,6.55269629137183,28.3651393049794,28.358416237141,-0.00672306783841492,,,0.210465042660529,24140,24143
traveling,8.29999999999999,27.8567765543682,74277.8568083274,74522.4631706614,244.606362334031,28.358416237141,28.1062349056276,-0.25218133151337,8.29808736127071,,,24143,24226
planning,0.2,0,74522.4631706614,74527.3137051789,4.85053451746353,28.1062349056276,28.1012470176822,-0.00498788794540062,,,0.16985301267978,24226,24228
dwelling,3.7,0,74527.3137051789,74612.7931791259,85.479473947009,28.1012470176822,28.0133856569522,-0.0878613607299492,,3.66666666671398,,24228,24265
planning,0.1,0,74612.7931791259,74615.4915182743,2.69833914841001,28.0133856569522,28.010605834825,-0.00277982212722705,,,0.04816816180171,24265,24266
traveling,7.69999999999999,25.0199920063936,74615.4915182743,74876.7292159512,261.23769767693,28.010605834825,27.7402493152927,-0.270356519532342,7.69379756734944,,,24266,24343
planning,0.5,0,74876.7292159512,74889.5258637182,12.7966477669834,27.7402493152927,27.7270624338065,-0.0131868814861242,,,0.413251686900068,24343,24348
dwelling,3.4,0,74889.5258637182,74973.1487183873,83.6228546691273,27.7270624338065,27.6409187950869,-0.0861436387196797,,3.34444444317659,,24348,24382
planning,0.6,0,74973.1487183873,74990.1019082016,16.9531898142595,27.6409187950869,27.6234164352072,-0.0175023598796251,,,0.564893258908809,24382,24388
traveling,8.89999999999998,30.886890422961,74990.1019082016,75333.8054160605,343.703507858896,27.6234164352072,27.2661645841134,-0.357251851093853,8.88916546292641,,,24388,24477
planning,1,0,75333.8054160605,75359.8232121999,26.017796139422,27.2661645841134,27.2392979810837,-0.0268666030296743,,,0.906445679642996,24477,24487
dwelling,4.9,0,75359.8232121999,75476.4801843613,116.656972161407,27.2392979810837,27.1189451808014,-0.120352800282337,,4.80588235297102,,24487,24536
planning,1,0,75476.4801843613,75504.0372853114,27.5571009501291,27.1189451808014,27.0904486719463,-0.0284965088550351,,,0.974813700266452,24536,24546
traveling,8.29999999999999,27.8567765543682,75504.0372853114,75838.6392096254,334.601924313945,27.0904486719463,26.7415749964582,-0.348873675488168,8.2980873612162,,,24546,24629
planning,0.8,0,75838.6392096254,75863.9950503569,25.3558407315577,26.7415749964582,26.7152559917434,-0.0263190047148107,,,0.754082478188693,24629,24637
dwelling,3.2,0,75863.9950503569,75951.9969103599,88.0018600029725,26.7152559917434,26.6241014987778,-0.0911544929656003,,3.17777777415381,,24637,24669
planning,0.7,0,75951.9969103599,75973.5744682518,21.5775578918983,26.6241014987778,26.6017047588929,-0.0223967398848792,,,0.672564905487591,24669,24676
traveling,7.69999999999999,25.0199920063936,75973.5744682518,76264.8625121267,291.288043874913,26.6017047588929,26.2978929175998,-0.303811841293072,7.69379756726792,,,24676,24753
planning,0.7,0,76264.8625121267,76282.4721352263,17.6096230995608,26.2978929175998,26.2796485127479,-0.0182444048519272,,,0.631010231687578,24753,24760
dwelling,3.3,0,76282.4721352263,76360.6484223683,78.176287142036,26.2796485127479,26.1987033805613,-0.0809451321865744,,3.29999999162082,,24760,24793
planning,0.8,0,76360.6484223683,76382.2607934057,21.6123710373649,26.1987033805613,26.1762798024672,-0.0224235780941164,,,0.732688089450041,24793,24801
traveling,8.89999999999998,30.886890422961,76382.2607934057,76696.6439888611,314.383195455433,26.1762798024672,25.8482350630164,-0.328044739450831,8.88916546279729,,,24801,24890
planning,0.4,0,76696.6439888611,76706.1492421445,9.50525328335061,25.8482350630164,25.8383770518992,-0.00985801111718487,,,0.350303779035974,24890,24894
dwelling,5.6,0,76706.1492421445,76814.5690758976,108.419833753171,25.8383770518992,25.7261763984046,-0.112200653494593,,5.58235294116828,,24894,24950
planning,0.5,0,76814.5690758976,76825.3222239184,10.7531480207108,25.7261763984046,25.71503247262,-0.0111439257846122,,,0.406027243626678,24950,24955
traveling,8.29999999999999,27.8567765543682,76825.3222239184,77073.8626283733,248.540404454994,25.71503247262,25.4560460610489,-0.258986411571094,8.29808736122168,,,24955,25038
planning,0.4,0,77073.8626283733,77083.2099866322,9.34735825880489,25.4560460610489,25.4463383398826,-0.00970772116629703,,,0.396237557725963,25038,25042
dwelling,3.6,0,77083.2099866322,77158.8933335449,75.6833469127887,25.4463383398826,25.3678242532943,-0.0785140865882603,,3.5666666665844,,25042,25078
planning,0.7,0,77158.8933335449,77174.4224372375,15.5291036925191,25.3678242532943,25.3517009243496,-0.0161233289446656,,,0.664328640646766,25078,25085
traveling,7.69999999999999,25.0199920063936,77174.4224372375,77406.1093989161,231.686961678672,25.3517009243496,25.1098914646404,-0.241809459709273,7.69379756729132,,,25085,25162
planning,0.9,0,77406.1093989161,77425.3994637091,19.29006479292,25.1098914646404,25.0898498272963,-0.0200416373441215,,,0.850544727696722,25162,25171
dwelling,3.1,0,77425.3994637091,77489.0930148695,63.6935511604097,25.0898498272963,25.0236940169621,-0.0661558103341306,,3.05555555427483,,25171,25202
planning,0.1,0,77489.0930148695,77491.4845087936,2.39149392412219,25.0236940169621,25.0212051295358,-0.0024888874262885,,,0.0489616388444902,25202,25203
traveling,8.89999999999998,30.886890422961,77491.4845087936,77767.3390221303,275.854513336701,25.0212051295358,24.7327452280151,-0.288459901520742,8.88916546288801,,,25203,25292
planning,0.2,0,77767.3390221303,77772.3101691662,4.97114703594707,24.7327452280151,24.7275625070561,-0.00518272095897743,,,0.196176059742603,25292,25294
dwelling,5.7,0,77772.3101691662,77905.3060764912,132.995907325007,24.7275625070561,24.5889803583813,-0.138582148674839,,5.65882352824279,,25294,25351
planning,0.7,0,77905.3060764912,77923.3712180034,18.0651415121247,24.5889803583813,24.5701240919241,-0.0188562664571599,,,0.636188020492772,25351,25358
traveling,8.29999999999999,27.8567765543682,77923.3712180034,78169.5446932975,246.17347529417,24.5701240919241,24.3124123696965,-0.257711722227661,8.29808736125452,,,25358,25441
planning,0.5,0,78169.5446932975,78180.6466600752,11.1019667777,24.3124123696965,24.3008340008009,-0.0115783688955666,,,0.408694391245235,25441,25446
dwelling,3.4,0,78180.6466600752,78246.8368454781,66.1901854028547,24.3008340008009,24.2318953696901,-0.0689386311107825,,3.3999999999238,,25446,25480
planning,0.9,0,78246.8368454781,78267.8681972778,21.0313517996692,24.2318953696901,24.209938997862,-0.0219563718280646,,,0.875549745720058,25480,25489
traveling,7.69999999999999,25.0199920063936,78267.8681972778,78524.5914174602,256.723220182481,24.209938997862,23.940176572406,-0.269762425456012,7.69379756727992,,,25489,25566
planning,0.2,0,78524.5914174602,78529.9849880102,5.39357054993161,23.940176572406,23.9345273780005,-0.00564919440556721,,,0.192790864163981,25566,25568
dwelling,3.8,0,78529.9849880102,78625.8163126558,95.8313246456528,23.9345273780005,23.8342297212001,-0.100297656800361,,3.7777777779127,,25568,25606
planning,0.6,0,78625.8163126558,78642.4826174904,16.6663048345508,23.8342297212001,23.8167569392344,-0.0174727819656795,,,0.533110668917645,25606,25612
traveling,8.89999999999998,30.886890422961,78642.4826174904,78976.5388180753,334.05620058495,23.8167569392344,23.4641721066166,-0.352584832617836,8.88916546281029,,,25612,25701
planning,0.5,0,78976.5388180753,78990.4700280287,13.9312099533417,23.4641721066166,23.4495419791793,-0.0146301274373215,,,0.498259712560084,25701,25706
dwelling,5.5,0,78990.4700280287,79135.4405084337,144.970480405071,23.4495419791793,23.2973666666798,-0.15217531249942,,5.46470588191331,,25706,25761
planning,0.8,0,79135.4405084337,79160.1534590534,24.7129506196798,23.2973666666798,23.2713487761817,-0.026017890498121,,,0.753261328279478,25761,25769
traveling,8.29999999999999,27.8567765543682,79160.1534590534,79487.3840191074,327.230560053969,23.2713487761817,22.924746878111,-0.346601898070762,8.29808736121623,,,25769,25852
planning,0.6,0,79487.3840191074,79505.5087477857,18.1247286783473,22.924746878111,22.9056402499226,-0.0191066281883252,,,0.558531619214666,25852,25858
dwelling,3.4,0,79505.5087477857,79596.0735246601,90.5647768743656,22.9056402499226,22.8103382744389,-0.0953019754837428,,3.37777777008128,,25858,25892
planning,0.1,0,79596.0735246601,79599.103960602,3.03043594186602,22.8103382744389,22.8071419185215,-0.00319635591738177,,,0.0380465513129082,25892,25893
traveling,7.69999999999999,25.0199920063936,79599.103960602,79910.9087117944,311.804751192467,22.8071419185215,22.4759353369974,-0.331206581524125,7.6937975673091,,,25893,25970
planning,0.4,0,79910.9087117944,79923.438615663,12.5299038685334,22.4759353369974,22.4626906381731,-0.013244698824284,,,0.321268151714872,25970,25974
dwelling,3.6,0,79923.438615663,80020.6030448444,97.1644291814591,22.4626906381731,22.3602108152833,-0.102479822889762,,3.52222221416018,,25974,26010
planning,0.6,0,80020.6030448444,80038.8111506943,18.2081058499025,22.3602108152833,22.3409640796328,-0.019246735650583,,,0.527994356304042,26010,26016
traveling,8.89999999999998,30.886890422961,80038.8111506943,80382.5830284512,343.771877756837,22.3409640796328,21.9754401885903,-0.365523891042457,8.88916546290085,,,26016,26105
planning,0.4,0,80382.5830284512,80395.006855477,12.4238270258065,21.9754401885903,21.9622783570177,-0.013161831572571,,,0.346562157365332,26105,26109
dwelling,5.5,0,80395.006855477,80544.6887162193,149.681860742363,21.9622783570177,21.8039896999413,-0.158288657076401,,5.44117647071321,,26109,26164
planning,0.4,0,80544.6887162193,80557.1111868127,12.4224705933739,21.8039896999413,21.7908184197665,-0.0131712801748485,,,0.360058519775647,26164,26168
traveling,8.29999999999999,27.8567765543682,80557.1111868127,80890.9530540772,333.841867264506,21.7908184197665,21.4345461146544,-0.356272305112082,8.29808736124328,,,26168,26251
planning,0.6,0,80890.9530540772,80909.3599062461,18.4068521689333,21.4345461146544,21.4149985524559,-0.0195475621984862,,,0.598346199661796,26251,26257
dwelling,3.4,0,80909.3599062461,81001.9847919711,92.6248857249593,21.4149985524559,21.3168007541045,-0.0981977983514319,,3.32222222178824,,26257,26291
planning,0.5,0,81001.9847919711,81017.1502464377,15.1654544666089,21.3168007541045,21.3006894625769,-0.0161112915275581,,,0.479608099635329,26291,26296
traveling,7.69999999999999,25.0199920063936,81017.1502464377,81317.267249147,300.117002709303,21.3006894625769,20.979827348545,-0.320862114031968,7.69379756731454,,,26296,26373
planning,0.7,0,81317.267249147,81334.9306446389,17.6633954918507,20.979827348545,20.9610864190401,-0.0187409295048617,,,0.604805683431821,26373,26380
dwelling,3.3,0,81334.9306446389,81412.2970562928,77.3664116539294,20.9610864190401,20.8790627634338,-0.0820236556063136,,3.2111111099988,,26380,26413
planning,0.6,0,81412.2970562928,81428.5185268288,16.2214705359947,20.8790627634338,20.8618250728818,-0.0172376905519975,,,0.589573033890075,26413,26419
traveling,8.89999999999998,30.886890422961,81428.5185268288,81743.1245509975,314.606024168665,20.8618250728818,20.5254975607172,-0.336327512164608,8.88916546284944,,,26419,26508
planning,0.7,0,81743.1245509975,81761.8276232977,18.7030723002099,20.5254975607172,20.505590898205,-0.019906662512156,,,0.614507819142043,26508,26515
dwelling,5.3,0,81761.8276232977,81890.0623439713,128.234720673616,20.505590898205,20.3692467292273,-0.136344168977754,,5.21176469442256,,26515,26568
planning,0.8,0,81890.0623439713,81913.4244050368,23.3620610655053,20.3692467292273,20.344324906736,-0.0249218224913079,,,0.793971226093568,26568,26576
traveling,8.29999999999999,27.8567765543682,81913.4244050368,82217.8709678901,304.446562853293,20.344324906736,20.0177359484533,-0.326588958282684,8.29808736121623,,,26576,26659
planning,0.1,0,82217.8709678901,82220.664469432,2.79350154194981,20.0177359484533,20.0147529270794,-0.00298302137385775,,,0.0812264203741024,26659,26660
dwelling,3.9,0,82220.664469432,82315.2004065692,94.5359371371596,20.0147529270794,19.9139940501272,-0.100758876952213,,3.87777777486186,,26660,26699
planning,0.4,0,82315.2004065692,82325.8963788156,10.6959722463653,19.9139940501272,19.9025740235054,-0.011420026621817,,,0.315916898923325,26699,26703
traveling,7.69999999999999,25.0199920063936,82325.8963788156,82612.9427479484,287.046369132891,19.9025740235054,19.5938117791954,-0.308762244309943,7.69379756729161,,,26703,26780
planning,0.8,0,82612.9427479484,82635.2932707445,22.3505227960995,19.5938117791954,19.5698904048873,-0.0239213743081557,,,0.761193717114597,26780,26788
dwelling,3.2,0,82635.2932707445,82714.2967927985,79.003522053943,19.5698904048873,19.4854711047205,-0.084419300166779,,3.15555555506678,,26788,26820
planning,0.1,0,82714.2967927985,82716.9425594807,2.64576668218069,19.4854711047205,19.4826403943635,-0.00283071035701354,,,0.0954392749601802,26820,26821
traveling,8.89999999999998,30.886890422961,82716.9425594807,83032.849992456,315.90743297532,19.4826403943635,19.1424454881579,-0.340194906205546,8.88916546292764,,,26821,26910
planning,0.8,0,83032.849992456,83053.6645785223,20.8145860662917,19.1424454881579,19.120139501732,-0.0223059864259056,,,0.744910888144777,26910,26918
dwelling,5.1,0,83053.6645785223,83165.1010109145,111.436432392205,19.120139501732,19.0009652873126,-0.119174214419409,,5.00588235097599,,26918,26969
planning,0.5,0,83165.1010109145,83177.6499161901,12.5489052756457,19.0009652873126,18.9875146883575,-0.0134505989551528,,,0.424562616126495,26969,26974
traveling,8.29999999999999,27.8567765543682,83177.6499161901,83479.8370761967,302.18716000655,18.9875146883575,18.6609762340531,-0.326538454304355,8.2980873612653,,,26974,27057
planning,0.3,0,83479.8370761967,83488.464353427,8.62727723029093,18.6609762340531,18.6516917991978,-0.00928443485530295,,,0.257394708402372,27057,27060
dwelling,3.6,0,83488.464353427,83581.4912772997,93.0269238727633,18.6516917991978,18.5517203574808,-0.0999714417169741,,3.57777777780937,,27060,27096
planning,0.8,0,83581.4912772997,83603.5979815989,22.1067042991635,18.5517203574808,18.5279303611113,-0.0237899963695121,,,0.774409254020308,27096,27104
traveling,7.69999999999999,25.0199920063936,83603.5979815989,83864.9707701257,261.372788526845,18.5279303611113,18.2452875276365,-0.282642833474874,7.69379756729734,,,27104,27181
planning,0.6,0,83864.9707701257,83881.3600169434,16.3892468176928,18.2452875276365,18.2276238335028,-0.0176636941336845,,,0.575251967037123,27181,27187
dwelling,3.4,0,83881.3600169434,83963.1601790744,81.8001621309813,18.2276238335028,18.1396075869133,-0.0880162465894685,,3.34444444326681,,27187,27221
planning,0.8,0,83963.1601790744,83985.6159413648,22.4557622904103,18.1396075869133,18.1153798385369,-0.0242277483764433,,,0.765818262053806,27221,27229
traveling,8.89999999999998,30.886890422961,83985.6159413648,84307.7659685859,322.150027221069,18.1153798385369,17.7656083224753,-0.34977151606159,8.88916546279729,,,27229,27318
planning,0.1,0,84307.7659685859,84310.370124856,2.60415627008479,17.7656083224753,17.7627962905707,-0.00281203190454704,,,0.026300545751042,27318,27319
dwelling,5.9,0,84310.370124856,84450.0531004249,139.682975568969,17.7627962905707,17.6121072513389,-0.150689039231803,,5.88235294118953,,27319,27378
planning,0.2,0,84450.0531004249,84455.7619313499,5.7088309249375,17.6121072513389,17.6059279034874,-0.00617934785151419,,,0.114905955773365,27378,27380
traveling,8.29999999999999,27.8567765543682,84455.7619313499,84769.6281233346,313.866191984693,17.6059279034874,17.26384170446,-0.342086199027428,8.29808736123811,,,27380,27463
planning,0.1,0,84769.6281233346,84772.6980188101,3.06989547556441,17.26384170446,17.2605077052908,-0.00333399916917898,,,0.0996534953797411,27463,27464
dwelling,3.9,0,84772.6980188101,84877.1192253316,104.421206521438,17.2605077052908,17.1473328467263,-0.113174858564538,,3.83333332871717,,27464,27503
planning,0.5,0,84877.1192253316,84892.3899938791,15.2707685475325,17.1473328467263,17.1307378302389,-0.0165950164873223,,,0.426206913357637,27503,27508
traveling,7.69999999999999,25.0199920063936,84892.3899938791,85184.0714064626,291.681412583479,17.1307378302389,16.8119029554661,-0.318834874772818,7.69379756732044,,,27508,27585
planning,0.7,0,85184.0714064626,85203.5682517651,19.4968453025358,16.8119029554661,16.7907074504969,-0.0211955049692243,,,0.697886046028321,27585,27592
dwelling,3.2,0,85203.5682517651,85278.3072656857,74.7390139205818,16.7907074504969,16.7096526754963,-0.0810547750005739,,3.19999999999438,,27592,27624
planning,0.8,0,85278.3072656857,85298.768167595,20.4609019092895,16.7096526754963,16.6874260896398,-0.0222265858565507,,,0.744099897105876,27624,27632
traveling,8.89999999999998,30.886890422961,85298.768167595,85585.7757624003,287.007594805254,16.6874260896398,16.3740077288099,-0.313418360829886,8.88916546283562,,,27632,27721
planning,0.2,0,85585.7757624003,85590.8746804186,5.09891801835329,16.3740077288099,16.3684581107347,-0.00554961807514331,,,0.175253329412305,27721,27723
dwelling,5.8,0,85590.8746804186,85717.2278865721,126.353206153508,16.3684581107347,16.231184617968,-0.137273492766745,,5.72941176491189,,27723,27781
planning,0.6,0,85717.2278865721,85731.2501755301,14.0222889580327,16.231184617968,16.2159288274117,-0.0152557905563242,,,0.52098562591228,27781,27787
traveling,8.29999999999999,27.8567765543682,85731.2501755301,85981.2570663191,250.006890788965,16.2159288274117,15.9425096308277,-0.273419196583967,8.29808736122154,,,27787,27870
planning,0.9,0,85981.2570663191,86001.9833829934,20.7263166742632,15.9425096308277,15.9199237986245,-0.0225858322032337,,,0.845164907861114,27870,27879
dwelling,3.1,0,86001.9833829934,86061.3030827576,59.3196997641789,15.9199237986245,15.8554175189871,-0.0645062796373264,,3.06666666669117,,27879,27910
planning,0.8,0,86061.3030827576,86078.482596142,17.1795133843989,15.8554175189871,15.8367045177443,-0.0187130012428334,,,0.758835709641854,27910,27918
traveling,7.69999999999999,25.0199920063936,86078.482596142,86309.1297068819,230.647110739941,15.8367045177443,15.5838423545718,-0.25286216317253,7.69379756727992,,,27918,27995
planning,1,0,86309.1297068819,86331.9371301476,22.8074232657091,15.5838423545718,15.5589361812435,-0.0249061733282865,,,0.977210285279354,27995,28005
dwelling,3,0,86331.9371301476,86396.7318520684,64.7947219207563,15.5589361812435,15.4882088122739,-0.0707273689695942,,2.97777777068796,,28005,28035
planning,0.3,0,86396.7318520684,86404.1221182595,7.39026619109791,15.4882088122739,15.4801249709056,-0.00808384136828799,,,0.250763837697809,28035,28038
traveling,8.89999999999998,30.886890422961,86404.1221182595,86700.9314736554,296.809355395904,15.4801249709056,15.153244645384,-0.326880325521655,8.88916546284914,,,28038,28127
planning,0.6,0,86700.9314736554,86715.6332380896,14.7017644342268,15.153244645384,15.1371292845954,-0.0161153607885804,,,0.522196796126904,28127,28133
dwelling,5.4,0,86715.6332380896,86839.1264223957,123.493184306091,15.1371292845954,15.001830701038,-0.135298583557411,,5.31176470538199,,28133,28187
planning,0.1,0,86839.1264223957,86841.7695068652,2.64308446955692,15.001830701038,14.998927301839,-0.00290339919896709,,,0.0327257782266471,28187,28188
traveling,8.29999999999999,27.8567765543682,86841.7695068652,87119.6139979044,277.844491039185,14.998927301839,14.6919689214815,-0.306958380357511,8.29808736127056,,,28188,28271
planning,0.4,0,87119.6139979044,87129.6576194688,10.0436215644004,14.6919689214815,14.6809223554192,-0.0110465660623174,,,0.343177171080524,28271,28275
dwelling,3.5,0,87129.6576194688,87205.2065167809,75.5488973121246,14.6809223554192,14.5979837231071,-0.0829386323120591,,3.46666666379888,,28275,28310
planning,0.6,0,87205.2065167809,87219.8783566102,14.6718398292724,14.5979837231071,14.5818430155352,-0.0161407075719175,,,0.548981766729188,28310,28316
traveling,7.69999999999999,25.0199920063936,87219.8783566102,87471.1908678132,251.312511202981,14.5818430155352,14.3035601372663,-0.278282878268925,7.6937975673263,,,28316,28393
planning,0.7,0,87471.1908678132,87486.0355372528,14.8446694396262,14.3035601372663,14.2872300204756,-0.0163301167906784,,,0.673005770459327,28393,28400
dwelling,3.2,0,87486.0355372528,87546.2725054639,60.2369682110439,14.2872300204756,14.2210442019417,-0.0661858185338886,,3.18888888559115,,28400,28432
planning,0.4,0,87546.2725054639,87554.060487511,7.78798204708437,14.2210442019417,14.2124815815478,-0.00856262039391709,,,0.311851162475041,28432,28436
traveling,8.89999999999998,30.886890422961,87554.060487511,87802.1932736411,248.132786130096,14.2124815815478,13.9379125230488,-0.274569058498969,8.88916546288825,,,28436,28525
planning,0.9,0,87802.1932736411,87822.210787259,20.0175136179023,13.9379125230488,13.9158222943245,-0.022090228724295,,,0.897431343788147,28525,28534
dwelling,5,0,87822.210787259,87919.9626881445,97.7519008855597,13.9158222943245,13.8080771225183,-0.107745171806245,,4.9588235266382,,28534,28584
planning,0.5,0,87919.9626881445,87932.6799886629,12.7173005184013,13.8080771225183,13.7940026239718,-0.0140744985464476,,,0.491050912396737,28584,28589
traveling,8.29999999999999,27.8567765543682,87932.6799886629,88192.1204422869,259.440453623974,13.7940026239718,13.505456321121,-0.288546302850815,8.29808736125423,,,28589,28672
planning,0.5,0,88192.1204422869,88205.251686514,13.1312442271592,13.505456321121,13.4908852100976,-0.0145711110234483,,,0.447442473737539,28672,28677
dwelling,3.4,0,88205.251686514,88283.4280360114,78.1763494973711,13.4908852100976,13.4042843091802,-0.0866009009173521,,3.39999999971192,,28677,28711
planning,0.1,0,88283.4280360114,88286.1533661407,2.72533012932399,13.4042843091802,13.401256186915,-0.00302812226522775,,,0.045279101018189,28711,28712
traveling,7.69999999999999,25.0199920063936,88286.1533661407,88564.0145574487,277.861191307937,13.401256186915,13.090310689782,-0.310945497133009,7.69379756733773,,,28712,28789
planning,0.9,0,88564.0145574487,88589.1392003875,25.1246429388411,13.090310689782,13.0623171009264,-0.0279935888555478,,,0.888114302708526,28789,28798
dwelling,3,0,88589.1392003875,88658.7279160334,69.588715645863,13.0623171009264,12.9849842455258,-0.0773328554006305,,2.96666666630715,,28798,28828
planning,1,0,88658.7279160334,88682.7905130914,24.0625970579713,12.9849842455258,12.9582194182998,-0.0267648272259695,,,0.942392603311024,28828,28838
traveling,8.89999999999998,30.886890422961,88682.7905130914,88969.0971033574,286.306590266016,12.9582194182998,12.6376086420689,-0.320610776230954,8.88916546287519,,,28838,28927
planning,0.4,0,88969.0971033574,88978.8458309525,9.74872759511345,12.6376086420689,12.6267359673752,-0.010872674693637,,,0.314838759605007,28927,28931
dwelling,5.5,0,88978.8458309525,89113.7710899433,134.925258990843,12.6267359673752,12.4761465992985,-0.150589368076709,,5.47647058453146,,28931,28986
planning,0.8,0,89113.7710899433,89135.2373748135,21.4662848701846,12.4761465992985,12.452137315156,-0.0240092841425117,,,0.79454254256679,28986,28994
traveling,8.29999999999999,27.8567765543682,89135.2373748135,89396.9701627471,261.732787933579,12.452137315156,12.1581160089918,-0.294021306164222,8.29808736120543,,,28994,29077
planning,0.3,0,89396.9701627471,89404.0399497002,7.06978695314319,12.1581160089918,12.1502068602218,-0.00790914877003601,,,0.213307801637583,29077,29080
dwelling,3.7,0,89404.0399497002,89487.56236042,83.5224107197719,12.1502068602218,12.0567890654284,-0.0934177947933641,,3.69999999301797,,29080,29117
planning,0.2,0,89487.56236042,89492.9976905143,5.43533009427483,12.0567890654284,12.050689520528,-0.00609954490038689,,,0.112927805487645,29117,29119
traveling,7.69999999999999,25.0199920063936,89492.9976905143,89772.8270088972,279.829318382908,12.050689520528,11.7342459801396,-0.316443540388459,7.693797567309,,,29119,29196
planning,0.5,0,89772.8270088972,89786.1924540715,13.3654451743059,11.7342459801396,11.7192134342072,-0.0150325459323728,,,0.435131687552614,29196,29201
dwelling,3.5,0,89786.1924540715,89868.9521880083,82.7597339367785,11.7192134342072,11.6262777606092,-0.0929356735979354,,3.42222222220793,,29201,29236
planning,0.9,0,89868.9521880083,89893.8262888292,24.8741008208744,11.6262777606092,11.598259083678,-0.0280186769312039,,,0.87675198588369,29236,29245
traveling,8.89999999999998,30.886890422961,89893.8262888292,90215.1165650015,321.290276172324,11.598259083678,11.2336983297831,-0.364560753894908,8.88916546284924,,,29245,29334
planning,0.7,0,90215.1165650015,90235.9050198462,20.7884548447037,11.2336983297831,11.2101765501002,-0.0235217796829446,,,0.680285183452279,29334,29341
dwelling,5.3,0,90235.9050198462,90366.0258743034,130.120854457244,11.2101765501002,11.0633423011206,-0.146834248979562,,5.211764705033,,29341,29394
planning,0.1,0,90366.0258743034,90368.7286832186,2.70280891517177,11.0633423011206,11.0602855285547,-0.00305677256589121,,,0.0620586587303243,29394,29395
traveling,8.29999999999999,27.8567765543682,90368.7286832186,90654.559249799,285.830566580364,11.0602855285547,10.7348939558362,-0.325391572718575,8.29808736123826,,,29395,29478
planning,0.8,0,90654.559249799,90675.5373366557,20.9780868567905,10.7348939558362,10.7111145982104,-0.0237793576257399,,,0.726385824240396,29478,29486
dwelling,3.2,0,90675.5373366557,90745.0637192624,69.5263826066948,10.7111145982104,10.6325008395076,-0.0786137587027866,,3.1333333282833,,29486,29518
planning,0.6,0,90745.0637192624,90761.0962868391,16.0325675766944,10.6325008395076,10.6143060837977,-0.0181947557099527,,,0.570834707430708,29518,29524
traveling,7.69999999999999,25.0199920063936,90761.0962868391,91058.4979099485,297.401623109414,10.6143060837977,10.2733951815258,-0.340910902271849,7.6937975673202,,,29524,29601
planning,0.4,0,91058.4979099485,91069.85352931,11.3556193614204,10.2733951815258,10.2604545877977,-0.0129405937281284,,,0.368302167459996,29601,29605
dwelling,3.5,0,91069.85352931,91162.3362996158,92.4827703057817,10.2604545877977,10.1551473408406,-0.105307246957123,,3.49999999338716,,29605,29640
planning,0.7,0,91162.3362996158,91183.3273543049,20.9910546891188,10.1551473408406,10.1311748907579,-0.0239724500826934,,,0.698315990506686,29640,29647
traveling,0,30.886890422961,91183.3273543049,,,10.1311748907579,,,8.88916546283669,,,29647,
