phase_type,duration,distance,energy_start,energy_end,energy_consumed,battery_start,battery_end,battery_delta,rho,tau,planning_time,start_time,end_time
traveling,9.89999999999998,19,0,327.96428336317,327.96428336317,100,99.6952558806043,-0.30474411939565,10,,,1,100
planning,0.2,0,327.96428336317,333.614041794095,5.64975843092549,99.6952558806043,99.6900175431318,-0.00523833747251956,,,0.162182308193243,100,102
dwelling,6.49999999999999,0,333.614041794095,488.185429074536,154.57138728044,99.6900175431318,99.546974008953,-0.143043534178844,,6.45555550839485,,102,167
planning,0.3,0,488.185429074536,495.831498303532,7.6460692289964,99.546974008953,99.5398927637227,-0.00708124523023912,,,0.234779913372406,167,170
traveling,9.19999999999998,25.0798724079689,495.831498303532,777.896976063995,282.065477760463,99.5398927637227,99.2780125616758,-0.261880202046925,9.38658131348127,,,170,262
planning,0.4,0,777.896976063995,787.631352784717,9.73437672072157,99.2780125616758,99.2690004613646,-0.00901210031121025,,,0.335356839962797,262,266
dwelling,10.3,0,787.631352784717,1006.96062489835,219.32927211363,99.2690004613646,99.0662011140335,-0.202799347331123,,10.2727272718624,,266,369
planning,0.6,0,1006.96062489835,1020.7714437971,13.8108188987525,99.0662011140335,99.0534208990237,-0.0127802150097551,,,0.589507484695059,369,375
traveling,5.2,9,1020.7714437971,1164.02586826467,143.254424467568,99.0534208990237,98.920580898286,-0.132840000737716,5.2892448163159,,,375,427
planning,0.7,0,1164.02586826467,1181.15465463954,17.1287863748694,98.920580898286,98.9047187850348,-0.0158621132512025,,,0.676122303863752,427,434
dwelling,5.4,0,1181.15465463954,1298.86199841226,117.707343772721,98.9047187850348,98.7958399726751,-0.108878812359691,,5.36666666309122,,434,488
planning,0.6,0,1298.86199841226,1314.1091351802,15.2471367679464,98.7958399726751,98.7817135624096,-0.0141264102655612,,,0.582249164527227,488,494
traveling,5.3,9,1314.1091351802,1469.90226652718,155.793131346981,98.7817135624096,98.6371051784971,-0.14460838391247,5.46815996378148,,,494,547
planning,0.9,0,1469.90226652718,1492.70577814725,22.8035116200647,98.6371051784971,98.6159765528196,-0.0211286256775338,,,0.82172118496131,547,556
dwelling,5.2,0,1492.70577814725,1616.41498287776,123.709204730513,98.6159765528196,98.5014255987853,-0.114550954034286,,5.17272727128255,,556,608
planning,0.1,0,1616.41498287776,1619.29854405422,2.8835611764564,98.5014255987853,98.4987495098044,-0.00267608898090543,,,0.0834828136026227,608,609
traveling,8.19999999999999,21.4709105535839,1619.29854405422,1888.32789033399,269.029346279769,98.4987495098044,98.2486043313608,-0.250145178443617,8.39965240090849,,,609,691
planning,0.9,0,1888.32789033399,1911.53588666508,23.2079963310944,98.2486043313608,98.2270917533597,-0.0215125780010084,,,0.8984861378343,691,700
dwelling,13.1,0,1911.53588666508,2180.04081424394,268.504927578861,98.2270917533597,97.97875512633,-0.24833662702973,,13.0411764572575,,700,831
planning,0.3,0,2180.04081424394,2187.15600599705,7.11519175310832,97.97875512633,97.9721647148023,-0.00659041152773909,,,0.266178838907639,831,834
traveling,8.39999999999999,21.4709105535839,2187.15600599705,2402.37564793026,215.219641933206,97.9721647148023,97.7726335207678,-0.199531194034492,8.53000967209918,,,834,918
planning,0.2,0,2402.37564793026,2406.89407871905,4.5184307887971,97.7726335207678,97.7684499027245,-0.00418361804329948,,,0.105920416732765,918,920
dwelling,10.9,0,2406.89407871905,2656.71618581332,249.822107094263,97.7684499027245,97.5370772253458,-0.231372677378658,,10.8545454538283,,920,1029
planning,0.9,0,2656.71618581332,2681.64658409952,24.9303982862061,97.5370772253458,97.5139386301834,-0.0231385951624645,,,0.89900489890614,1029,1038
traveling,5.2,9,2681.64658409952,2853.9269492102,172.280365110676,97.5139386301834,97.3536352556412,-0.160303374542181,5.33780258023599,,,1038,1090
planning,0.2,0,2853.9269492102,2859.47276369584,5.54581448563613,97.3536352556412,97.3484874356821,-0.00514781995909175,,,0.19324533046887,1090,1092
dwelling,6.39999999999999,0,2859.47276369584,3016.31593356472,156.843169868889,97.3484874356821,97.2030983518829,-0.145389083799216,,6.35555552628358,,1092,1156
planning,0.9,0,3016.31593356472,3041.6670593854,25.3511258206809,97.2030983518829,97.1795596399357,-0.0235387119471966,,,0.836722781749717,1156,1165
traveling,5.3,9,3041.6670593854,3207.98171520304,166.314655817636,97.1795596399357,97.024904261354,-0.154655378581651,5.46816035836178,,,1165,1218
planning,0.8,0,3207.98171520304,3229.67753770175,21.6958224987075,97.024904261354,97.0047666862064,-0.0201375751476149,,,0.749018467641946,1218,1226
dwelling,5.6,0,3229.67753770175,3382.03231525382,152.354777552074,97.0047666862064,96.8633322651225,-0.141434421083943,,5.56363635787171,,1226,1282
planning,0.7,0,3382.03231525382,3405.37966403796,23.3473487841338,96.8633322651225,96.8415995280839,-0.0217327370385476,,,0.673225986452258,1282,1289
traveling,9.09999999999998,25.0798724079689,3405.37966403796,3753.08102975037,347.701365712413,96.8415995280839,96.5171846315474,-0.324414896536567,9.21724540924745,,,1289,1380
planning,0.2,0,3753.08102975037,3759.2725641068,6.19153435642875,96.5171846315474,96.5114262025809,-0.00575842896648737,,,0.109334239524346,1380,1382
dwelling,13.2,0,3759.2725641068,4070.6138134906,311.341249383799,96.5114262025809,96.2227554438538,-0.288670758727037,,13.177777764688,,1382,1514
planning,0.1,0,4070.6138134906,4073.08635823255,2.47254474195097,96.2227554438538,96.2204617666787,-0.00229367717513185,,,0.0487385927822667,1514,1515
traveling,9.19999999999998,25.0798724079689,4073.08635823255,4357.04474379625,283.958385563699,96.2204617666787,95.9562714797994,-0.264190286879284,9.39616051715147,,,1515,1607
planning,1,0,4357.04474379625,4381.03555985202,23.9908160557679,95.9562714797994,95.934019422236,-0.0222520575633922,,,0.911067053397794,1607,1617
dwelling,10.4,0,4381.03555985202,4617.04495325173,236.009393399713,95.934019422236,95.7152194430083,-0.218799979227725,,10.381818181709,,1617,1721
planning,1,0,4617.04495325173,4644.35840786791,27.31345461618,95.7152194430083,95.6898443316639,-0.0253751113444167,,,0.901208092653143,1721,1731
traveling,8.39999999999999,21.4709105535839,4644.35840786791,4905.71708811078,261.358680242868,95.6898443316639,95.4465729417784,-0.243271389885521,8.48145209902225,,,1731,1815
planning,0.5,0,4905.71708811078,4917.46713985368,11.7500517429044,95.4465729417784,95.4356732799788,-0.0108996617995416,,,0.440943276524324,1815,1820
dwelling,16.8,0,4917.46713985368,5301.96921332819,384.502073474513,95.4356732799788,95.0790426718045,-0.356630608174299,,16.7058823409672,,1820,1988
planning,0.3,0,5301.96921332819,5310.80327247185,8.83405914365449,95.0790426718045,95.070824373921,-0.00821829788348793,,,0.276345316298223,1988,1991
traveling,8.39999999999999,21.4709105535839,5310.80327247185,5629.34824592643,318.544973454582,95.070824373921,94.7732600061021,-0.297564367818964,8.5300096721,,,1991,2075
planning,0.6,0,5629.34824592643,5647.01051464836,17.6622687219269,94.7732600061021,94.7568254693802,-0.0164345367218317,,,0.599879095832857,2075,2081
dwelling,11.7,0,5647.01051464836,5944.44885124912,297.438336600759,94.7568254693802,94.4805270793733,-0.276298390006886,,11.690909091343,,2081,2198
planning,0.9,0,5944.44885124912,5969.06365720573,24.6148059566103,94.4805270793733,94.4576398186764,-0.0228872606969901,,,0.827142322836315,2198,2207
traveling,5.2,9,5969.06365720573,6121.54976189843,152.486104692699,94.4576398186764,94.3157215127128,-0.141918305963543,5.33780174498168,,,2207,2259
planning,0.7,0,6121.54976189843,6139.8829263673,18.3331644688724,94.3157215127128,94.2986819686306,-0.0170395440822091,,,0.600838938434792,2259,2266
dwelling,11.4,0,6139.8829263673,6398.86645241913,258.983526051834,94.2986819686306,94.0583202652754,-0.240361703355177,,11.3888888281581,,2266,2380
planning,0.3,0,6398.86645241913,6406.53602974886,7.66957732972605,94.0583202652754,94.0511926232899,-0.00712764198556215,,,0.218994117711834,2380,2383
traveling,5.3,9,6406.53602974886,6561.70287939836,155.166849649499,94.0511926232899,93.9067348268728,-0.144457796417072,5.46815996378289,,,2383,2436
planning,0.2,0,6561.70287939836,6566.79809840775,5.09521900939217,93.9067348268728,93.9019993320719,-0.00473549480092572,,,0.138120403050086,2436,2438
dwelling,7.99999999999999,0,6566.79809840775,6749.82152120267,183.023422794924,93.9019993320719,93.7320807802473,-0.169918551824594,,7.94545454437063,,2438,2518
planning,0.1,0,6749.82152120267,6752.58324585636,2.76172465368836,93.7320807802473,93.7295112848635,-0.00256949538380979,,,0.049564765578211,2518,2519
traveling,9.09999999999998,25.0798724079689,6752.58324585636,7065.45675563833,312.873509781965,93.7295112848635,93.4374860395069,-0.292025245356569,9.21724539125376,,,2519,2610
planning,0.6,0,7065.45675563833,7083.17779706478,17.7210414264528,93.4374860395069,93.4209808717132,-0.0165051677936816,,,0.542991694845257,2610,2616
dwelling,11.5,0,7083.17779706478,7366.41549410774,283.237697042963,93.4209808717132,93.1577196945561,-0.263261177157162,,11.4999999312107,,2616,2731
planning,0.2,0,7366.41549410774,7371.91221446821,5.49672036046741,93.1577196945561,93.1526037918492,-0.00511590270680529,,,0.109361209717788,2731,2733
traveling,9.19999999999998,25.0798724079689,7371.91221446821,7696.18196894379,324.26975447558,93.1526037918492,92.8496828513292,-0.302920940520067,9.39616051715181,,,2733,2825
planning,0.3,0,7696.18196894379,7704.94659167894,8.76462273514881,92.8496828513292,92.8415173500969,-0.00816550123229831,,,0.26031809566653,2825,2828
dwelling,10.7,0,7704.94659167894,7977.99657024685,273.049978567915,92.8415173500969,92.5875239193126,-0.253993430784305,,10.6454545454989,,2828,2935
planning,0.6,0,7977.99657024685,7994.33873941514,16.3421691682879,92.5875239193126,92.5723093257178,-0.015214593594763,,,0.519916824790401,2935,2941
traveling,8.39999999999999,21.4709105535839,7994.33873941514,8259.61597075737,265.277231342227,92.5723093257178,92.324809150185,-0.247500175532821,8.48145291786199,,,2941,3025
planning,0.1,0,8259.61597075737,8262.07178448803,2.45581373066307,92.324809150185,92.3225250748177,-0.00228407536731368,,,0.0017993238791566,3025,3026
dwelling,18.1,0,8262.07178448803,8675.99217536899,413.920390880961,92.3225250748177,91.9377699503496,-0.384755124468114,,18.0411764687609,,3026,3207
planning,0.9,0,8675.99217536899,8702.3108394951,26.3186641261054,91.9377699503496,91.9132334974226,-0.0245364529269381,,,0.828801698488441,3207,3216
traveling,8.39999999999999,21.4709105535839,8702.3108394951,9004.36378679213,302.052947297032,91.9132334974226,91.6307317159933,-0.282501781429346,8.53001006667053,,,3216,3300
planning,0.1,0,9004.36378679213,9007.41805269325,3.05426590111711,91.6307317159933,91.6278819925223,-0.00284972347098744,,,0.0666769445993232,3300,3301
dwelling,12.8,0,9007.41805269325,9323.81441726419,316.396364570943,91.6278819925223,91.3334035456416,-0.294478446880646,,12.7363636176299,,3301,3429
planning,0.8,0,9323.81441726419,9346.24217910648,22.4277618422839,91.3334035456416,91.3124962922752,-0.0209072533664738,,,0.714642867087912,3429,3437
traveling,5.2,9,9346.24217910648,9514.42432176001,168.182142653535,91.3124962922752,91.1553969808505,-0.157099311424645,5.33780193040263,,,3437,3489
planning,0.3,0,9514.42432176001,9522.74876211519,8.32444035517801,91.1553969808505,91.1476369095528,-0.00776007129773859,,,0.278969940402046,3489,3492
dwelling,12,0,9522.74876211519,9813.25349455695,290.504732441757,91.1476369095528,90.8772210216211,-0.270415887931676,,11.9222221479433,,3492,3612
planning,0.6,0,9813.25349455695,9830.15312038049,16.8996258235456,90.8772210216211,90.8614607811279,-0.0157602404931794,,,0.535117267476248,3612,3618
traveling,5.3,9,9830.15312038049,9997.88519191474,167.732071534247,90.8614607811279,90.7047750482142,-0.156685732913729,5.46816035890788,,,3618,3671
planning,0.6,0,9997.88519191474,10014.3468029984,16.4616110836978,90.7047750482142,90.6894261969059,-0.0153488513083175,,,0.547286633863654,3671,3677
dwelling,7.79999999999999,0,10014.3468029984,10204.5087581908,190.161955192394,90.6894261969059,90.5123467839049,-0.17707941300101,,7.72727272719977,,3677,3755
planning,0.7,0,10204.5087581908,10222.7123031946,18.203545003782,90.5123467839049,90.4953820538813,-0.0169647300236022,,,0.633982547890093,3755,3762
traveling,9.09999999999998,25.0798724079689,10222.7123031946,10525.8513460866,303.139042891948,90.4953820538813,90.2118786815585,-0.283503372322755,9.2172453951772,,,3762,3853
planning,0.2,0,10525.8513460866,10531.0259603946,5.17461430803269,90.2118786815585,90.2070554200849,-0.00482326147357526,,,0.10166243492783,3853,3855
dwelling,12.2,0,10531.0259603946,10812.6982440895,281.672283694879,90.2070554200849,89.9448023834778,-0.262253036607191,,12.1777777601379,,3855,3977
planning,0.4,0,10812.6982440895,10822.6212313421,9.9229872525957,89.9448023834778,89.9355555966894,-0.00924678678833857,,,0.373509533241305,3977,3981
traveling,9.19999999999998,25.0798724079689,10822.6212313421,11105.8183612301,283.197129888014,89.9355555966894,89.670900492856,-0.264655103833448,9.39616051715174,,,3981,4073
planning,0.1,0,11105.8183612301,11108.3217743366,2.50341310650401,89.670900492856,89.6685669421432,-0.00233355071272001,,,0.000231065199416736,4073,4074
dwelling,11.1,0,11108.3217743366,11364.7500385806,256.428264243974,89.6685669421432,89.4297136465579,-0.238853295585329,,11.0272726990916,,4074,4185
planning,0.7,0,11364.7500385806,11382.8431964217,18.0931578411291,89.4297136465579,89.4128386706205,-0.0168749759374549,,,0.666457012048093,4185,4192
traveling,8.39999999999999,21.4709105535839,11382.8431964217,11644.6074528893,261.764256467584,89.4128386706205,89.1680360276373,-0.244802642983203,8.48145210334871,,,4192,4276
planning,0.5,0,11644.6074528893,11656.1041539921,11.4967011028366,89.1680360276373,89.1573247184967,-0.0107113091405751,,,0.41621813688281,4276,4281
dwelling,18.1,0,11656.1041539921,12089.932308312,433.828154319894,89.1573247184967,88.7528770512139,-0.40444766728281,,18.0999998851526,,4281,4462
planning,0.2,0,12089.932308312,12095.2899719279,5.35766361588139,88.7528770512139,88.7478753088997,-0.00500174231414974,,,0.155198666268626,4462,4464
traveling,8.39999999999999,21.4709105535839,12095.2899719279,12376.5849529846,281.29498105675,88.7478753088997,88.4844189445407,-0.263456364359058,8.53001006684995,,,4464,4548
planning,1,0,12376.5849529846,12405.3000208702,28.7150678855414,88.4844189445407,88.4575821640077,-0.0268367805329319,,,0.909629978597814,4548,4558
dwelling,11.8,0,12405.3000208702,12705.3051943396,300.005173469408,88.4575821640077,88.1775772671582,-0.280004896849519,,11.7272727269606,,4558,4676
planning,0.2,0,12705.3051943396,12711.0100577259,5.70486338632873,88.1775772671582,88.1722447379937,-0.00533252916451943,,,0.116760751041515,4676,4678
traveling,5.2,9,12711.0100577259,12878.199043312,167.188985586134,88.1722447379937,88.0156960023715,-0.156548735622195,5.33780193061094,,,4678,4730
planning,0.5,0,12878.199043312,12892.3864548712,14.1874115591472,88.0156960023715,88.0024336128548,-0.013262389516683,,,0.490433033651247,4730,4735
dwelling,11.8,0,12892.3864548712,13180.3038729313,287.917418060111,88.0024336128548,87.7337320029898,-0.268701609864991,,11.7888888644489,,4735,4853
planning,0.7,0,13180.3038729313,13199.0084970123,18.7046240809523,87.7337320029898,87.7162557404765,-0.0174762625133553,,,0.646501755218381,4853,4860
traveling,5.3,9,13199.0084970123,13359.1659195575,160.157422545244,87.7162557404765,87.5663630243734,-0.149892716103068,5.46816035887305,,,4860,4913
planning,0.3,0,13359.1659195575,13367.6965386662,8.53061910871475,87.5663630243734,87.558385393954,-0.00797763041937571,,,0.220448242881705,4913,4916
dwelling,8.09999999999999,0,13367.6965386662,13565.0927376526,197.396198986395,87.558385393954,87.3741050492229,-0.184280344731107,,8.0636363635308,,4916,4997
planning,0.5,0,13565.0927376526,13579.2822083935,14.1894707409028,87.3741050492229,87.3608335747115,-0.0132714745113987,,,0.414217854149326,4997,5002
traveling,9.09999999999998,25.0798724079689,13579.2822083935,13889.7601157099,310.477907316403,87.3608335747115,87.0696229724158,-0.291210602295678,9.21724539392234,,,5002,5093
planning,0.2,0,13889.7601157099,13895.5847117563,5.82459604637916,87.0696229724158,87.0641719906155,-0.00545098180030834,,,0.180468109688552,5093,5095
dwelling,12.1,0,13895.5847117563,14172.0750319073,276.490320150973,87.0641719906155,86.8061053154144,-0.258066675201107,,12.0888888076948,,5095,5216
planning,0.5,0,14172.0750319073,14184.0897544311,12.0147225238179,86.8061053154144,86.7948843714529,-0.0112209439614901,,,0.44880106057929,5216,5221
traveling,9.19999999999998,25.0798724079689,14184.0897544311,14469.0093558918,284.919601460691,86.7948843714529,86.5278872707941,-0.26699710065887,9.39616051715175,,,5221,5313
planning,0.1,0,14469.0093558918,14471.3854460722,2.37609018045259,86.5278872707941,86.5256679094406,-0.00221936135346823,,,0.0590388082425261,5313,5314
dwelling,11.1,0,14471.3854460722,14703.6494113832,232.263965310958,86.5256679094406,86.3089724231556,-0.216695486285047,,11.0272727210404,,5314,5425
planning,0.6,0,14703.6494113832,14717.8546454405,14.2052340573227,86.3089724231556,86.2957021025849,-0.0132703205706548,,,0.537812527177546,5425,5431
traveling,8.39999999999999,21.4709105535839,14717.8546454405,14961.6861974805,243.831552039954,86.2957021025849,86.067329216262,-0.22837288632293,8.48145292273738,,,5431,5515
planning,0.9,0,14961.6861974805,14983.3729323199,21.6867348394808,86.067329216262,86.0470616804565,-0.020267535805516,,,0.804076444490502,5515,5524
dwelling,17.6,0,14983.3729323199,15373.556367212,390.183434892013,86.0470616804565,85.6826573006695,-0.364404379786905,,17.5411764668146,,5524,5700
planning,0.8,0,15373.556367212,15392.1359320131,18.5795648011244,85.6826573006695,85.6652944416149,-0.0173628590546144,,,0.708416645332428,5700,5708
traveling,8.39999999999999,21.4709105535839,15392.1359320131,15618.0379134359,225.901981422807,85.6652944416149,85.4538033902368,-0.211491051378118,8.53001006657457,,,5708,5792
planning,0.6,0,15618.0379134359,15631.8620659545,13.824152518644,85.4538033902368,85.4408830928236,-0.0129202974131886,,,0.539010349313424,5792,5798
dwelling,12.4,0,15631.8620659545,15877.4874652391,245.625399284572,85.4408830928236,85.2116155474841,-0.229267545339553,,12.3090909064036,,5798,5922
planning,0.4,0,15877.4874652391,15886.8119284218,9.32446318267102,85.2116155474841,85.2028978471935,-0.00871770029060315,,,0.328975305064346,5922,5926
traveling,5.2,9,15886.8119284218,16032.2671932759,145.455264854121,85.2028978471935,85.0666070464962,-0.136290800697225,5.33780193086216,,,5926,5978
planning,0.4,0,16032.2671932759,16042.1935715236,9.92637824769554,85.0666070464962,85.0573191311462,-0.00928791535004336,,,0.383715179754413,5978,5982
dwelling,12,0,16042.1935715236,16321.8410368087,279.647465285148,85.0573191311462,84.7958034596016,-0.261515671544615,,11.9555554850017,,5982,6102
planning,0.1,0,16321.8410368087,16324.566790605,2.72575379629961,84.7958034596016,84.7932496219366,-0.00255383766499051,,,0.01889538192665,6102,6103
traveling,5.3,9,16324.566790605,16485.624432666,161.057642060949,84.7932496219366,84.6421160818462,-0.151133540090413,5.46815996378289,,,6103,6156
planning,1,0,16485.624432666,16512.6817184937,27.0572858277555,84.6421160818462,84.6167637908145,-0.0253522910316946,,,0.976160296189226,6156,6166
dwelling,7.19999999999999,0,16512.6817184937,16683.2680189256,170.586300431849,84.6167637908145,84.4571529968903,-0.15961079392423,,7.1818181515135,,6166,6238
planning,0.2,0,16683.2680189256,16688.6810769549,5.41305802934585,84.4571529968903,84.4520802347337,-0.00507276215654429,,,0.119169322975101,6238,6240
traveling,9.09999999999998,25.0798724079689,16688.6810769549,16954.4361479797,265.755071024756,84.4520802347337,84.2027536900198,-0.249326544713881,9.21724539360826,,,6240,6331
planning,0.4,0,16954.4361479797,16963.9445595215,9.50841154183217,84.2027536900198,84.1938541624827,-0.00889952753715306,,,0.38973838244907,6331,6335
dwelling,11.9,0,16963.9445595215,17241.7553602558,277.810800734303,84.1938541624827,83.9338418924396,-0.260012270043049,,11.8666666585408,,6335,6454
planning,0.1,0,17241.7553602558,17244.6920777481,2.93671749225541,83.9338418924396,83.9310856244189,-0.00275626802074669,,,0.0430899603777365,6454,6455
traveling,9.19999999999998,25.0798724079689,17244.6920777481,17580.311353972,335.619276223919,83.9310856244189,83.6149836217807,-0.316102002638232,9.39616051715156,,,6455,6547
planning,0.4,0,17580.311353972,17591.9563233199,11.6449693478826,83.6149836217807,83.6040521955266,-0.0109314262540323,,,0.393773066700295,6547,6551
dwelling,10.6,0,17591.9563233199,17852.5526641709,260.596340851054,83.6040521955266,83.3598912330924,-0.244160962434236,,10.5818181816162,,6551,6657
planning,0.6,0,17852.5526641709,17868.3003746586,15.7477104876816,83.3598912330924,83.3451241019857,-0.0147671311066659,,,0.567413399000053,6657,6663
traveling,8.39999999999999,21.4709105535839,17868.3003746586,18134.4962233254,266.195848666732,83.3451241019857,83.0948320234669,-0.250292078518854,8.48145190830165,,,6663,6747
planning,0.9,0,18134.4962233254,18155.5311466153,21.0349232898952,83.0948320234669,83.0751275403304,-0.0197044831364934,,,0.840621010357475,6747,6756
dwelling,17.4,0,18155.5311466153,18535.933941069,380.402794453734,83.0751275403304,82.7189619899387,-0.356165550391665,,17.3294117334105,,6756,6930
planning,0.3,0,18535.933941069,18543.3104489848,7.37650791585111,82.7189619899387,82.7120458838325,-0.00691610610621751,,,0.232006661228245,6930,6933
traveling,8.39999999999999,21.4709105535839,18543.3104489848,18802.9413554616,259.630906476719,82.7120458838325,82.4678666280128,-0.244179255819731,8.53000967210037,,,6933,7017
planning,0.8,0,18802.9413554616,18823.3552520695,20.4138966079699,82.4678666280128,82.4487142278306,-0.0191524001821648,,,0.725170456137609,7017,7025
dwelling,11.9,0,18823.3552520695,19082.9311989277,259.575946858149,82.4487142278306,82.2055469531685,-0.243167274662099,,11.8545454469392,,7025,7144
planning,0.5,0,19082.9311989277,19094.3251007989,11.3939018712263,82.2055469531685,82.1948677028663,-0.0106792503022319,,,0.452364092600565,7144,7149
traveling,5.2,9,19094.3251007989,19240.6205352649,146.29543446597,82.1948677028663,82.0573916931894,-0.137476009676902,5.33780193016461,,,7149,7201
planning,0.5,0,19240.6205352649,19253.7165814862,13.0960462213516,82.0573916931894,82.0450964556906,-0.0122952374987477,,,0.435374060410848,7201,7206
dwelling,11.7,0,19253.7165814862,19507.0081258494,253.291544363172,82.0450964556906,81.8077491308463,-0.237347324844279,,11.6333332709581,,7206,7323
planning,0.3,0,19507.0081258494,19514.4471877395,7.43906189006157,81.8077491308463,81.8007677394406,-0.00698139140577325,,,0.228123465100651,7323,7326
traveling,5.3,9,19514.4471877395,19676.1874275797,161.740239840201,81.8007677394406,81.6485584088797,-0.152209330560865,5.46815996378258,,,7326,7379
planning,0.6,0,19676.1874275797,19693.0574246375,16.8699970578527,81.6485584088797,81.6327000029695,-0.0158584059101514,,,0.560141090539235,7379,7385
dwelling,7.59999999999999,0,19693.0574246375,19877.3746035033,184.317178865807,81.6327000029695,81.4597210188287,-0.172978984140869,,7.58181818182777,,7385,7461
planning,0.3,0,19877.3746035033,19885.1434051273,7.76880162398447,81.4597210188287,81.452424129337,-0.00729688949169827,,,0.252779362261954,7461,7464
traveling,9.09999999999998,25.0798724079689,19885.1434051273,20193.0575665323,307.914161404951,81.452424129337,81.1620942457113,-0.290329883625702,9.21724539203867,,,7464,7555
planning,0.3,0,20193.0575665323,20201.4532325913,8.39566605909204,81.1620942457113,81.1541988411851,-0.00789540452613835,,,0.257109528349725,7555,7558
dwelling,11.9,0,20201.4532325913,20488.3166188615,286.86338627019,81.1541988411851,80.8848643468234,-0.269334494361772,,11.8555554862433,,7558,7677
planning,0.6,0,20488.3166188615,20503.8207904576,15.5041715960542,80.8848643468234,80.8702942236576,-0.0145701231657824,,,0.58830183432178,7677,7683
traveling,9.19999999999998,25.0798724079689,20503.8207904576,20782.6266563874,278.805865929804,80.8702942236576,80.6077049710835,-0.262589252574131,9.39616051715174,,,7683,7775
planning,0.5,0,20782.6266563874,20795.9716456808,13.3449892933677,80.6077049710835,80.5951557686246,-0.0125492024588283,,,0.4257139524986,7775,7780
dwelling,10.7,0,20795.9716456808,21061.7163155978,265.744669917083,80.5951557686246,80.3454348295847,-0.24972093903996,,10.6272726890224,,7780,7887
planning,0.1,0,21061.7163155978,21064.6455793873,2.92926378942138,80.3454348295847,80.3426762908695,-0.00275853871511345,,,0.0552673585389177,7887,7888
traveling,8.39999999999999,21.4709105535839,21064.6455793873,21346.049408309,281.403828921761,80.3426762908695,80.0771034861873,-0.265572804682265,8.48145190830186,,,7888,7972
planning,0.6,0,21346.049408309,21361.1649872316,15.1155789226214,80.0771034861873,80.06289154132,-0.014211944867327,,,0.550041439015746,7972,7978
dwelling,17.7,0,21361.1649872316,21723.0057778709,361.840790639268,80.06289154132,79.7233424985542,-0.339549042765739,,17.6294117267163,,7978,8155
planning,0.3,0,21723.0057778709,21729.6836349599,6.67785708899464,79.7233424985542,79.7170700407881,-0.00627245776614416,,,0.201225333897885,8155,8158
traveling,8.39999999999999,21.4709105535839,21729.6836349599,21960.5072286168,230.82359365686,79.7170700407881,79.4997016597278,-0.217368381060297,8.53000967210038,,,8158,8242
planning,0.6,0,21960.5072286168,21974.2999319724,13.7927033555825,79.4997016597278,79.4867391184412,-0.0129625412865408,,,0.551465556329815,8242,8248
dwelling,12.1,0,21974.2999319724,22234.9144571351,260.614525162749,79.4867391184412,79.241934865474,-0.244804252967256,,12.0545454541517,,8248,8369
planning,0.9,0,22234.9144571351,22256.3346352526,21.4201781175034,79.241934865474,79.2217912822727,-0.0201435832012464,,,0.810853784598876,8369,8378
traveling,5.2,9,22256.3346352526,22400.4142485594,144.079613306836,79.2217912822727,79.0860443788704,-0.135746903402335,5.33780193033868,,,8378,8430
planning,0.7,0,22400.4142485594,22416.8426050911,16.4283565316146,79.0860443788704,79.0705950853677,-0.0154492935027264,,,0.60500184816658,8430,8437
dwelling,11.5,0,22416.8426050911,22648.0477317511,231.205126660079,79.0705950853677,78.8534636004229,-0.21713148494473,,11.4999999627633,,8437,8552
planning,0.2,0,22648.0477317511,22652.5027811882,4.45504943708511,78.8534636004229,78.8492753820085,-0.00418821841439865,,,0.122085149179939,8552,8554
traveling,5.3,9,22652.5027811882,22794.643292806,142.140511617821,78.8492753820085,78.7153555278824,-0.13391985412612,5.46815996378291,,,8554,8607
planning,0.1,0,22794.643292806,22796.8880488855,2.24475607942077,78.7153555278824,78.7132447667243,-0.00211076115813569,,,0.00429596790761244,8607,8608
dwelling,8.09999999999999,0,22796.8880488855,22971.4025746288,174.514525743325,78.7132447667243,78.549197267108,-0.164047499616316,,8.04545452519001,,8608,8689
planning,0.8,0,22971.4025746288,22992.2289108351,20.8263362063008,78.549197267108,78.5295787578579,-0.0196185092500372,,,0.769330517932145,8689,8697
traveling,8.19999999999999,21.4709105535839,22992.2289108351,23250.2448039056,258.015893070489,78.5295787578579,78.285875673059,-0.243703084798938,8.39965235095202,,,8697,8779
planning,0.5,0,23250.2448039056,23264.7239008852,14.4790969796486,78.285875673059,78.2722144781405,-0.0136611949184555,,,0.476705428977696,8779,8784
dwelling,10.4,0,23264.7239008852,23500.9352630659,236.211362180667,78.2722144781405,78.0499428860901,-0.222271592050447,,10.3529411154293,,8784,8888
planning,0.3,0,23500.9352630659,23507.7676054316,6.83234236571298,78.0499428860901,78.0435131255058,-0.00642976058425404,,,0.238552855684971,8888,8891
traveling,8.39999999999999,21.4709105535839,23507.7676054316,23771.1417173135,263.374111881876,78.0435131255058,77.7946149433056,-0.24889818220025,8.53001006661807,,,8891,8975
planning,0.6,0,23771.1417173135,23786.3577938613,15.2160765477784,77.7946149433056,77.7802748427733,-0.0143401005322517,,,0.579286180434096,8975,8981
dwelling,9.39999999999998,0,23786.3577938613,24007.1275830936,220.769789232312,77.7802748427733,77.5723654063649,-0.207909436408443,,9.32727272705196,,8981,9075
planning,0.1,0,24007.1275830936,24009.854885707,2.72730261346805,77.5723654063649,77.5697923025602,-0.00257310380470699,,,0.0820941668349969,9075,9076
traveling,9.19999999999998,25.0798724079689,24009.854885707,24334.5299828945,324.675097187421,77.5697923025602,77.2622561040725,-0.307536198487682,9.34760365603903,,,9076,9168
planning,0.9,0,24334.5299828945,24360.3947051246,25.8647222301552,77.2622561040725,77.2378293422841,-0.0244267617884191,,,0.88803754399546,9168,9177
dwelling,15.6,0,24360.3947051246,24728.1480818267,367.753376702094,77.2378293422841,76.8912535501609,-0.346575792123218,,15.5333332280565,,9177,9333
planning,0.9,0,24728.1480818267,24752.3611068818,24.2130250550945,76.8912535501609,76.8683971347594,-0.0228564154014919,,,0.838235975027426,9333,9342
traveling,9.19999999999998,25.0798724079689,24752.3611068818,25082.5512816705,330.19017478872,76.8683971347594,76.5552752361509,-0.313121898608486,9.39616091174034,,,9342,9434
planning,0.8,0,25082.5512816705,25106.0258067212,23.4745250506603,76.5552752361509,76.5330834804912,-0.022191755659648,,,0.779871787267305,9434,9442
dwelling,12,0,25106.0258067212,25408.2393536869,302.213546965671,76.5330834804912,76.2478633855276,-0.285220094963677,,11.9999999996234,,9442,9562
planning,0.3,0,25408.2393536869,25416.1425130394,7.90315935251783,76.2478633855276,76.2404000395921,-0.00746334593546294,,,0.251758621650634,9562,9565
traveling,5.2,9,25416.1425130394,25572.3039391836,156.161426144216,76.2404000395921,76.0926603341322,-0.147739705459884,5.28924417545148,,,9565,9617
planning,0.4,0,25572.3039391836,25582.9640655644,10.6601263807897,76.0926603341322,76.0825903983743,-0.0100699357579259,,,0.371983980195628,9617,9621
dwelling,11.4,0,25582.9640655644,25832.6960419385,249.7319763741,76.0825903983743,75.8471615028532,-0.235428895521082,,11.3444443826284,,9621,9735
planning,0.5,0,25832.6960419385,25844.8285862264,12.1325442878842,75.8471615028532,75.8357102237547,-0.0114512790985231,,,0.411534708672259,9735,9740
traveling,5.3,9,25844.8285862264,26003.624220115,158.795633888676,75.8357102237547,75.6854063906632,-0.150303833091442,5.46815996378201,,,9740,9793
planning,1,0,26003.624220115,26029.9555407412,26.3313206261628,75.6854063906632,75.6605257655618,-0.0248806251014173,,,0.988482243012287,9793,9803
dwelling,7.19999999999999,0,26029.9555407412,26185.1425961254,155.187055384231,75.6605257655618,75.5141935074111,-0.146332258150764,,7.10909090916289,,9803,9875
planning,1,0,26185.1425961254,26210.499173763,25.3565776375908,75.5141935074111,75.4902402922478,-0.0239532151632318,,,0.938041475805194,9875,9885
traveling,8.19999999999999,21.4709105535839,26210.499173763,26481.4938891249,270.994715361921,75.4902402922478,75.2332633775849,-0.256976914662886,8.39965165015774,,,9885,9967
planning,0.2,0,26481.4938891249,26486.6603755663,5.16648644135421,75.2332633775849,75.2283803762684,-0.00488300131651442,,,0.109084411966843,9967,9969
dwelling,18.7,0,26486.6603755663,26910.6696866164,424.009311050097,75.2283803762684,74.8281153400986,-0.400265036169856,,18.6823529100913,,9969,10156
planning,0.5,0,26910.6696866164,26924.1405882397,13.4709016233101,74.8281153400986,74.8153716388125,-0.012743701286098,,,0.424361171553098,10156,10161
traveling,8.39999999999999,21.4709105535839,26924.1405882397,27212.1726756234,288.032087383683,74.8153716388125,74.541858400704,-0.273513238108492,8.5300100665785,,,10161,10245
planning,0.9,0,27212.1726756234,27238.190591451,26.017915827586,74.541858400704,74.5172150757129,-0.0246433249911178,,,0.846632465315532,10245,10254
dwelling,12.1,0,27238.190591451,27551.3513604264,313.16076897542,74.5172150757129,74.2209592470338,-0.296255828679094,,12.0090909030192,,10254,10375
planning,1,0,27551.3513604264,27582.2544254586,30.9030650321947,74.2209592470338,74.1916518218528,-0.0293074251810026,,,0.980902708287649,10375,10385
traveling,5.2,9,27582.2544254586,27765.9103259232,183.655900464637,74.1916518218528,74.0170949550137,-0.174556866839112,5.33780190967085,,,10385,10437
planning,0.7,0,27765.9103259232,27787.1685121953,21.2581862720253,74.0170949550137,73.996935089824,-0.0201598651896262,,,0.680475172422518,10437,10444
dwelling,6.99999999999999,0,27787.1685121953,27967.4976058649,180.329093669683,73.996935089824,73.8262669232161,-0.170668166607896,,6.97777776876654,,10444,10514
planning,0.3,0,27967.4976058649,27975.7076755994,8.21006973442854,73.8262669232161,73.818490277999,-0.00777664521709198,,,0.275419317978239,10514,10517
traveling,5.3,9,27975.7076755994,28131.3451405043,155.637464904899,73.818490277999,73.6709152802865,-0.147574997712525,5.46816035831771,,,10517,10570
planning,0.8,0,28131.3451405043,28149.9686674619,18.6235269576464,73.6709152802865,73.6533049334421,-0.0176103468444495,,,0.71957202475292,10570,10578
dwelling,5.8,0,28149.9686674619,28274.6233985649,124.654731103026,73.6533049334421,73.5355187087231,-0.117786224718955,,5.74545454160396,,10578,10636
planning,0.6,0,28274.6233985649,28290.0985705233,15.475171958351,73.5355187087231,73.52086646975,-0.0146522389731416,,,0.521559662455926,10636,10642
traveling,9.09999999999998,25.0798724079689,28290.0985705233,28552.6307723453,262.532201821999,73.52086646975,73.2718897799742,-0.248976689775731,9.21724471557455,,,10642,10733
planning,0.8,0,28552.6307723453,28571.6291051121,18.998332766816,73.2718897799742,73.2539134395313,-0.0179763404429139,,,0.700709149870727,10733,10741
dwelling,14.6,0,28571.6291051121,28880.7098500116,309.08074489946,73.2539134395313,72.9617468816757,-0.292166557855651,,14.5888887907002,,10741,10887
planning,0.6,0,28880.7098500116,28897.2974041884,16.5875541768364,72.9617468816757,72.9460182605621,-0.0157286211135954,,,0.580464803713664,10887,10893
traveling,9.19999999999998,25.0798724079689,28897.2974041884,29204.0686937891,306.771289600674,72.9460182605621,72.6542698378727,-0.291748422689352,9.39616091227591,,,10893,10985
planning,0.1,0,29204.0686937891,29206.6508641122,2.58217032309403,72.6542698378727,72.6518226443938,-0.00244719347891476,,,0.0990324600505317,10985,10986
dwelling,12.2,0,29206.6508641122,29497.5015465563,290.850682444136,72.6518226443938,72.3763812482626,-0.275441396131228,,12.1909090912714,,10986,11108
planning,0.8,0,29497.5015465563,29519.4922823434,21.9907357870652,72.3763812482626,72.355517354028,-0.0208638942346084,,,0.78051492878948,11108,11116
traveling,8.39999999999999,21.4709105535839,29519.4922823434,29801.1663903505,281.674108007152,72.355517354028,72.0874506740758,-0.268066679952142,8.48145291426682,,,11116,11200
planning,0.5,0,29801.1663903505,29814.555174728,13.3887843774319,72.0874506740758,72.0747482501096,-0.0127024239662745,,,0.448901901434686,11200,11205
dwelling,17.8,0,29814.555174728,30230.1406064966,415.585431768661,72.0747482501096,71.6809904127513,-0.393757837358265,,17.7294116626697,,11205,11383
planning,0.2,0,30230.1406064966,30234.6658202937,4.52521379712198,71.6809904127513,71.6767035018354,-0.00428691091585165,,,0.132474625822457,11383,11385
traveling,8.39999999999999,21.4709105535839,30234.6658202937,30465.5334977846,230.867677490856,71.6767035018354,71.4574364342217,-0.219267067613785,8.53000967209912,,,11385,11469
planning,0.4,0,30465.5334977846,30473.9114562149,8.37795843033746,71.4574364342217,71.4495038319405,-0.00793260228120118,,,0.334413488822878,11469,11473
dwelling,12.3,0,30473.9114562149,30712.0995627308,238.1881065159,71.4495038319405,71.2241103394461,-0.225393492494405,,12.2181817845015,,11473,11596
planning,0.3,0,30712.0995627308,30718.9531978761,6.8536351452276,71.2241103394461,71.2176137116087,-0.00649662783737881,,,0.280341753274966,11596,11599
traveling,5.2,9,30718.9531978761,30854.695517581,135.74231970491,71.2176137116087,71.0887337074357,-0.128880004172956,5.33780193154609,,,11599,11651
planning,1,0,30854.695517581,30877.778159186,23.0826416050659,71.0887337074357,71.06684757288,-0.021886134555686,,,0.937290380549169,11651,11661
dwelling,11.6,0,30877.778159186,31135.8961278139,258.117968627848,71.06684757288,70.8221638246945,-0.244683748185565,,11.5333332720946,,11661,11777
planning,0.6,0,31135.8961278139,31151.7728853574,15.8767575435522,70.8221638246945,70.8070821921183,-0.0150816325761269,,,0.571168243892834,11777,11783
traveling,5.3,9,31151.7728853574,31316.3772905928,164.604405235321,70.8070821921183,70.650361791045,-0.156720401073315,5.46816035887742,,,11783,11836
planning,0.9,0,31316.3772905928,31340.9099412666,24.5326506738675,70.650361791045,70.6270445151742,-0.0233172758708378,,,0.866496585605024,11836,11845
dwelling,7.59999999999999,0,31340.9099412666,31516.5503390237,175.640397757099,70.6270445151742,70.4604077341276,-0.166636781046634,,7.53636363615481,,11845,11921
planning,0.7,0,31516.5503390237,31534.9593854954,18.4090464716464,70.4604077341276,70.4429148302654,-0.0174929038621201,,,0.620573635836441,11921,11928
traveling,9.09999999999998,25.0798724079689,31534.9593854954,31829.880854812,294.92146931664,70.4429148302654,70.1617893818961,-0.281125448369309,9.21724539611835,,,11928,12019
planning,0.5,0,31829.880854812,31842.6625825997,12.7817277876711,70.1617893818961,70.1496439221641,-0.0121454597320394,,,0.412678414690997,12019,12024
dwelling,12,0,31842.6625825997,32101.9590214407,259.296438841033,70.1496439221641,69.9036664309365,-0.245977491227563,,11.9444443916397,,12024,12144
planning,0.2,0,32101.9590214407,32106.7861996584,4.82717821773622,69.9036664309365,69.8990812784097,-0.0045851525268148,,,0.162550180480761,12144,12146
traveling,9.19999999999998,25.0798724079689,32106.7861996584,32397.6759896543,290.889789995872,69.8990812784097,69.6217163371152,-0.277364941294536,9.39616051715156,,,12146,12238
planning,0.7,0,32397.6759896543,32415.2990656162,17.6230759618411,69.6217163371152,69.6049633977856,-0.0167529393295638,,,0.655628124184556,12238,12245
dwelling,10.4,0,32415.2990656162,32657.1482655597,241.849199943557,69.6049633977856,69.3752244654363,-0.229738932349264,,10.3909090906654,,12245,12349
planning,0.8,0,32657.1482655597,32679.4386530468,22.2903874871081,69.3752244654363,69.3540022152135,-0.0212222502228059,,,0.738684886893027,12349,12357
traveling,8.39999999999999,21.4709105535839,32679.4386530468,32966.7568838171,287.31823077023,69.3540022152135,69.0795618877015,-0.274440327512025,8.48145210316009,,,12357,12441
planning,0.5,0,32966.7568838171,32980.39355708,13.6366732629613,69.0795618877015,69.0665780017267,-0.0129838859748332,,,0.437993666997028,12441,12446
dwelling,18.1,0,32980.39355708,33396.7315119559,416.337954875897,69.0665780017267,68.6708593520548,-0.39571864967192,,18.0294116506727,,12446,12627
planning,0.5,0,33396.7315119559,33409.3533947023,12.621882746389,68.6708593520548,68.6588474862993,-0.0120118657554968,,,0.420672226718274,12627,12632
traveling,8.39999999999999,21.4709105535839,33409.3533947023,33660.0300006514,250.676605949076,68.6588474862993,68.4197154730002,-0.239132013299056,8.53001006666277,,,12632,12716
planning,0.6,0,33660.0300006514,33673.5417188949,13.5117182434842,68.4197154730002,68.4068691834094,-0.0128462895908257,,,0.566547879788075,12716,12722
dwelling,12.3,0,33673.5417188949,33932.4431040299,258.901385135061,68.4068691834094,68.1608498425889,-0.24601934082051,,12.2363636359394,,12722,12845
planning,0.3,0,33932.4431040299,33939.7543401323,7.31123610234499,68.1608498425889,68.1538907743102,-0.00695906827866111,,,0.285949044987479,12845,12848
traveling,5.2,9,33939.7543401323,34102.8316289781,163.077288845874,68.1538907743102,67.9981266682699,-0.155764106040323,5.33780193082558,,,12848,12900
planning,0.6,0,34102.8316289781,34118.6024756563,15.7708466781987,67.9981266682699,67.983099237689,-0.015027430580858,,,0.56123375128913,12900,12906
dwelling,11.8,0,34118.6024756563,34400.4857206353,281.883244978999,67.983099237689,67.7147565434225,-0.268342694266508,,11.7444443553148,,12906,13024
planning,0.2,0,34400.4857206353,34406.0388624497,5.55314181439462,67.7147565434225,67.7094598272965,-0.00529671612606819,,,0.100236675311602,13024,13026
traveling,5.3,9,34406.0388624497,34567.3707025108,161.331840061022,67.7094598272965,67.555364055582,-0.154095771714495,5.46816035891014,,,13026,13079
planning,0.7,0,34567.3707025108,34583.9685062882,16.5978037773966,67.555364055582,67.5395595832475,-0.0158044723344375,,,0.672467057454,13079,13086
dwelling,7.59999999999999,0,34583.9685062882,34743.1595494107,159.19104312257,67.5395595832475,67.3881552119896,-0.151404371257883,,7.51818181809527,,13086,13162
planning,0.9,0,34743.1595494107,34766.6533076022,23.4937581914783,67.3881552119896,67.3657548954364,-0.0224003165532594,,,0.875653560182455,13162,13171
traveling,9.09999999999998,25.0798724079689,34766.6533076022,35073.4955370171,306.842229414884,67.3657548954364,67.0720595951935,-0.293695300242916,9.21724539454969,,,13171,13262
planning,0.1,0,35073.4955370171,35076.1934875609,2.69795054381393,67.0720595951935,67.0694852783711,-0.0025743168223471,,,0.0688958474954688,13262,13263
dwelling,12.3,0,35076.1934875609,35357.7263836505,281.532896089637,67.0694852783711,66.8013201752149,-0.268165103156221,,12.2333333310439,,13263,13386
planning,0.1,0,35357.7263836505,35360.494984469,2.76860081843188,66.8013201752149,66.7986767459773,-0.00264342923755123,,,0.0512268864142016,13386,13387
traveling,9.19999999999998,25.0798724079689,35360.494984469,35649.5410918483,289.046107379319,66.7986767459773,66.5221500984148,-0.276526647562591,9.39616051715277,,,13387,13479
planning,0.8,0,35649.5410918483,35671.4879456247,21.9468537764114,66.5221500984148,66.5011909208779,-0.0209591775368949,,,0.71003869762877,13479,13487
dwelling,10.3,0,35671.4879456247,35920.7391458947,249.251200270046,66.5011909208779,66.2634780943903,-0.237712826487581,,10.2181818184242,,13487,13590
planning,0.3,0,35920.7391458947,35928.3108344898,7.57168859505327,66.2634780943903,66.2562524701524,-0.00722562423787565,,,0.27839076206333,13590,13593
traveling,8.39999999999999,21.4709105535839,35928.3108344898,36173.3734001967,245.06256570691,66.2562524701524,66.0219126077452,-0.234339862407239,8.48145292070314,,,13593,13677
planning,0.4,0,36173.3734001967,36182.9481162119,9.57471601520956,66.0219126077452,66.0127784851501,-0.00913412259505719,,,0.363672931742862,13677,13681
dwelling,18,0,36182.9481162119,36607.1663704927,424.218254280757,66.0127784851501,65.6080419536985,-0.404736531451618,,17.9352939976834,,13681,13861
planning,0.3,0,36607.1663704927,36615.2084414681,8.04207097543986,65.6080419536985,65.6003559417429,-0.00768601195555618,,,0.228838341026877,13861,13864
traveling,8.39999999999999,21.4709105535839,36615.2084414681,36877.6281912432,262.419749775123,65.6003559417429,65.3489671086349,-0.251388833107995,8.53000967210116,,,13864,13948
planning,0.1,0,36877.6281912432,36879.9225251866,2.29433394339139,65.3489671086349,65.3467776572528,-0.00218945138210813,,,0.0252594423804325,13948,13949
dwelling,12.6,0,36879.9225251866,37156.338411108,276.4158859214,65.3467776572528,65.0830777197287,-0.263699937524109,,12.5909090896152,,13949,14075
planning,0.8,0,37156.338411108,37177.2883265744,20.9499154663863,65.0830777197287,65.0630486261467,-0.0200290935820533,,,0.772918276174151,14075,14083
traveling,5.2,9,37177.2883265744,37329.6111593598,152.322832785336,65.0630486261467,64.9171885015337,-0.145860124612938,5.33780193050974,,,14083,14135
planning,0.2,0,37329.6111593598,37334.4689794079,4.85782004818611,64.9171885015337,64.9125474732113,-0.00464102832242475,,,0.184342604119778,14135,14137
dwelling,12.1,0,37334.4689794079,37591.0981857389,256.629206330967,64.9125474732113,64.667674261623,-0.244873211588313,,12.0555555060634,,14137,14258
planning,0.8,0,37591.0981857389,37609.4803527513,18.3821670123943,64.667674261623,64.650117897107,-0.0175563645159684,,,0.752213780912454,14258,14266
traveling,5.3,9,37609.4803527513,37751.5100225464,142.029669795091,64.650117897107,64.5142065839437,-0.135911313163334,5.46816035894847,,,14266,14319
planning,0.2,0,37751.5100225464,37756.4522079856,4.94218543920579,64.5142065839437,64.5094817751136,-0.00472480883006199,,,0.187689244221382,14319,14321
dwelling,8.19999999999999,0,37756.4522079856,37941.4377003907,184.985492405081,64.5094817751136,64.3327898286283,-0.176691946485278,,8.19999999534304,,14321,14403
planning,0.3,0,37941.4377003907,37949.2181371512,7.78043676057132,64.3327898286283,64.3253457162766,-0.00744411235173459,,,0.210947366659256,14403,14406
traveling,9.09999999999998,25.0798724079689,37949.2181371512,38258.2121513759,308.99401422462,64.3253457162766,64.028488383074,-0.296857333202638,9.2172453936083,,,14406,14497
planning,0.4,0,38258.2121513759,38269.3051133029,11.0929619270682,64.028488383074,64.0178620797892,-0.0106263032848233,,,0.382872535051112,14497,14501
dwelling,11.9,0,38269.3051133029,38552.8777848434,283.572671540496,64.0178620797892,63.7466679496292,-0.271194130159998,,11.8666666534849,,14501,14620
planning,0.1,0,38552.8777848434,38555.5399158227,2.66213097922446,63.7466679496292,63.7441182989826,-0.002549650646543,,,0.0641559855840964,14620,14621
traveling,9.19999999999998,25.0798724079689,38555.5399158227,38881.9266429654,326.386727142723,63.7441182989826,63.4300681138395,-0.314050185143131,9.39616051715211,,,14621,14713
planning,0.5,0,38881.9266429654,38895.8201407083,13.8934977429308,63.4300681138395,63.4167491506525,-0.0133189631870252,,,0.460614824500235,14713,14718
dwelling,10.5,0,38895.8201407083,39158.228090266,262.407949557739,63.4167491506525,63.165482660562,-0.251266490090444,,10.4818181768676,,14718,14823
planning,0.9,0,39158.228090266,39182.2905922527,24.0625019866784,63.165482660562,63.1424191910189,-0.0230634695431533,,,0.822206764594548,14823,14832
traveling,8.39999999999999,21.4709105535839,39182.2905922527,39470.0860379065,287.795445653734,63.1424191910189,62.8655078735155,-0.276911317503327,8.48145292025741,,,14832,14916
planning,0.7,0,39470.0860379065,39488.1172827284,18.0312448219702,62.8655078735155,62.8482270000703,-0.0172808734452587,,,0.658000558975091,14916,14923
dwelling,17.8,0,39488.1172827284,39911.9484736204,423.831190891971,62.8482270000703,62.4422915736193,-0.405935426450952,,17.7588234988529,,14923,15101
planning,0.7,0,39911.9484736204,39931.8447550566,19.8962814362167,62.4422915736193,62.4231894130756,-0.019102160543703,,,0.620197007379653,15101,15108
traveling,8.39999999999999,21.4709105535839,39931.8447550566,40206.2391029762,274.394347919595,62.4231894130756,62.1591482554929,-0.264041157582682,8.53001006663878,,,15108,15192
planning,0.6,0,40206.2391029762,40221.7699018812,15.5307989049979,62.1591482554929,62.1442501019753,-0.0148981535176063,,,0.506335507400454,15192,15198
dwelling,12.3,0,40221.7699018812,40521.7897650313,300.019863150083,62.1442501019753,61.8565978037775,-0.287652298197806,,12.2727272660355,,15198,15321
planning,0.3,0,40521.7897650313,40529.7834277518,7.99366272050975,61.8565978037775,61.8489242120222,-0.00767359175528526,,,0.246475025240484,15321,15324
traveling,5.2,9,40529.7834277518,40686.702152796,156.918725044183,61.8489242120222,61.6980136688773,-0.150910543144946,5.3378019305523,,,15324,15376
planning,0.1,0,40686.702152796,40689.2789207296,2.57676793361316,61.6980136688773,61.6955406312408,-0.00247303763651985,,,0.0948050112133592,15376,15377
dwelling,12.2,0,40689.2789207296,40972.8150130824,283.53609235277,61.6955406312408,61.4236939541033,-0.271846677137454,,12.1666666068445,,15377,15499
planning,0.3,0,40972.8150130824,40980.6232703517,7.80825726936018,61.4236939541033,61.4161965328856,-0.0074974212177068,,,0.256572579313377,15499,15502
traveling,5.3,9,40980.6232703517,41139.2536831604,158.630412808619,61.4161965328856,61.2635727799809,-0.152623752904681,5.46816035891966,,,15502,15555
planning,0.2,0,41139.2536831604,41144.5420964538,5.28841329340503,61.2635727799809,61.2584929074433,-0.00507987253759978,,,0.193851825334961,15555,15557
dwelling,8.09999999999999,0,41144.5420964538,41337.6701208806,193.128024426864,61.2584929074433,61.0731849289337,-0.185307978509663,,8.01818181049078,,15557,15638
planning,1,0,41337.6701208806,41364.0064207422,26.3362998615776,61.0731849289337,61.0478820338123,-0.0253028951213849,,,0.918787889121138,15638,15648
traveling,9.09999999999998,25.0798724079689,41364.0064207422,41666.4330452467,302.426624504529,61.0478820338123,60.7562582368146,-0.291623796997676,9.21724539486366,,,15648,15739
planning,0.5,0,41666.4330452467,41679.5920633741,13.1590181273714,60.7562582368146,60.7436108088219,-0.0126474279926967,,,0.486922626333375,15739,15744
dwelling,11.9,0,41679.5920633741,41971.7337774268,292.141714052734,60.7436108088219,60.4629996276517,-0.28061118117018,,11.8555554793158,,15744,15863
planning,0.4,0,41971.7337774268,41982.7858952065,11.0521177796982,60.4629996276517,60.4523667087934,-0.0106329188582848,,,0.344008892061286,15863,15867
traveling,9.19999999999998,25.0798724079689,41982.7858952065,42287.0720990165,304.286203809934,60.4523667087934,60.1587819411735,-0.293584767619947,9.39616051715173,,,15867,15959
planning,0.3,0,42287.0720990165,42295.4392540045,8.36715498803096,60.1587819411735,60.1507280863611,-0.00805385481243093,,,0.231091155805152,15959,15962
dwelling,10.9,0,42295.4392540045,42546.8707330916,251.431479087129,60.1507280863611,59.9092226779297,-0.241505408431408,,10.8272727272805,,15962,16071
planning,0.9,0,42546.8707330916,42568.6473721788,21.7766390871329,59.9092226779297,59.8882913341341,-0.0209313437955672,,,0.885936548815393,16071,16080
traveling,8.39999999999999,21.4709105535839,42568.6473721788,42810.3371929675,241.689820788757,59.8882913341341,59.6554128750804,-0.232878459053659,8.48145210315217,,,16080,16164
planning,0.3,0,42810.3371929675,42817.6561827432,7.31898977573292,59.6554128750804,59.6483751550092,-0.00703772007119596,,,0.263333615762483,16164,16167
dwelling,18.3,0,42817.6561827432,43227.6203870043,409.964204261014,59.6483751550092,59.2544300745478,-0.393945080461414,,18.2294116956304,,16167,16350
planning,0.9,0,43227.6203870043,43248.0490652991,20.4286782948548,59.2544300745478,59.2347920706217,-0.0196380039260902,,,0.80883045311085,16350,16359
traveling,8.39999999999999,21.4709105535839,43248.0490652991,43501.1605368397,253.111471540586,59.2347920706217,58.9905338450899,-0.244258225531816,8.5300100665027,,,16359,16443
planning,0.8,0,43501.1605368397,43520.4907219824,19.3301851427022,58.9905338450899,58.9719326564784,-0.0186011886114983,,,0.710512764054586,16443,16451
dwelling,12.2,0,43520.4907219824,43794.2560138408,273.765291858443,58.9719326564784,58.708651887251,-0.263280769227414,,12.1818181687085,,16451,16573
planning,0.7,0,43794.2560138408,43813.2994031853,19.0433893445006,58.708651887251,58.6902935154667,-0.018358371784295,,,0.688654393677232,16573,16580
traveling,5.2,9,43813.2994031853,43976.9859524138,163.686549228471,58.6902935154667,58.5321455966355,-0.158147918831212,5.33780193137039,,,16580,16632
planning,0.8,0,43976.9859524138,43998.7741719711,21.7882195573184,58.5321455966355,58.511135989336,-0.0210096072994759,,,0.732724594304781,16632,16640
dwelling,11.7,0,43998.7741719711,44314.3888460379,315.614674066754,58.511135989336,58.2067676115486,-0.304368377787384,,11.6888888450462,,16640,16757
planning,1,0,44314.3888460379,44343.6803699887,29.2915239507929,58.2067676115486,58.1784829924114,-0.0282846191372599,,,0.990771453184438,16757,16767
traveling,5.3,9,44343.6803699887,44515.3752434145,171.694873425789,58.1784829924114,58.0124135352004,-0.16606945721103,5.46816035877508,,,16767,16820
planning,0.7,0,44515.3752434145,44534.3903217118,19.0150782973578,58.0124135352004,57.994066230989,-0.0183473042113746,,,0.68080671506056,16820,16827
dwelling,7.89999999999999,0,44534.3903217118,44705.574989905,171.184668193164,57.994066230989,57.8293030510527,-0.164763179936301,,7.8454545205661,,16827,16906
planning,1,0,44705.574989905,44729.7538471185,24.1788572135483,57.8293030510527,57.8060008865855,-0.0233021644672036,,,0.91128073571204,16906,16916
traveling,9.09999999999998,25.0798724079689,44729.7538471185,44990.6775866006,260.923739482023,57.8060008865855,57.5539291966745,-0.252071689910949,9.21724539831237,,,16916,17007
planning,0.3,0,44990.6775866006,44998.8845287775,8.20694217695564,57.5539291966745,57.5460050503688,-0.00792414630575422,,,0.203872655612215,17007,17010
dwelling,12.3,0,44998.8845287775,45298.7896273349,299.905098557341,57.5460050503688,57.2567856244666,-0.289219425902147,,12.2999999319896,,17010,17133
planning,0.2,0,45298.7896273349,45304.7084319028,5.91880456790386,57.2567856244666,57.251062393638,-0.0057232308286288,,,0.173098927425456,17133,17135
traveling,9.19999999999998,25.0798724079689,45304.7084319028,45634.2811658791,329.572733976347,57.251062393638,56.9313144243783,-0.319747969259723,9.39616051715152,,,17135,17227
planning,0.5,0,45634.2811658791,45649.5476982056,15.2665323264519,56.9313144243783,56.9165391667513,-0.0147752576269795,,,0.478506294638978,17227,17232
dwelling,10.7,0,45649.5476982056,45943.4948796782,293.94718147262,56.9165391667513,56.6324073467468,-0.284131820004532,,10.6272727081143,,17232,17339
planning,0.2,0,45943.4948796782,45949.3905967632,5.89571708504081,56.6324073467468,56.6267020048638,-0.00570534188297955,,,0.191625111374249,17339,17341
traveling,8.39999999999999,21.4709105535839,45949.3905967632,46217.4761553143,268.085558551065,56.6267020048638,56.3668908454541,-0.259811159409644,8.48145210364795,,,17341,17425
planning,0.5,0,46217.4761553143,46229.1572698134,11.6811144990788,56.3668908454541,56.355615947196,-0.0112748982581721,,,0.454971173926771,17425,17430
dwelling,18.3,0,46229.1572698134,46661.8837111531,432.726441339706,56.355615947196,55.9377509192247,-0.417865027971239,,18.2058822953156,,17430,17613
planning,1,0,46661.8837111531,46688.8713372327,26.9876260796664,55.9377509192247,55.9116411328594,-0.0261097863653603,,,0.921909258298927,17613,17623
traveling,8.39999999999999,21.4709105535839,46688.8713372327,46970.1160074897,281.24467025698,55.9116411328594,55.638611189011,-0.273029943848385,8.5300100674628,,,17623,17707
planning,0.2,0,46970.1160074897,46975.8425596103,5.72655212056998,55.638611189011,55.6330643355762,-0.00554685343477956,,,0.110870232257325,17707,17709
dwelling,12.9,0,46975.8425596103,47272.2297176545,296.387158044243,55.6330643355762,55.3466823667652,-0.286381968811,,12.8909090839994,,17709,17838
planning,0.2,0,47272.2297176545,47277.3461916913,5.11647403677489,55.3466823667652,55.34173173942,-0.00495062734518115,,,0.174102683296972,17838,17840
traveling,5.2,9,47277.3461916913,47434.5142528763,157.16806118501,55.34173173942,55.1892898057323,-0.152441933687697,5.33780193115542,,,17840,17892
planning,0.5,0,47434.5142528763,47448.3920508546,13.8777979783117,55.1892898057323,55.1758447756359,-0.0134450300963778,,,0.47298592518744,17892,17897
dwelling,12,0,47448.3920508546,47734.0273601666,285.635309312005,55.1758447756359,54.8995836993963,-0.276261076239621,,11.9333332803549,,17897,18017
planning,0.9,0,47734.0273601666,47757.3321822646,23.3048220979836,54.8995836993963,54.8770166563611,-0.0225670430351741,,,0.896514238355332,18017,18026
traveling,5.3,9,47757.3321822646,47918.8544477984,161.522265533786,54.8770166563611,54.7202356984142,-0.15678095794695,5.46816035881566,,,18026,18079
planning,0.4,0,47918.8544477984,47929.3195169978,10.4650691993593,54.7202356984142,54.7100981864887,-0.0101375119255138,,,0.311237755920822,18079,18083
dwelling,8.19999999999999,0,47929.3195169978,48116.5715422779,187.252025280162,54.7100981864887,54.528955392917,-0.181142793571652,,8.10909088714994,,18083,18165
planning,0.9,0,48116.5715422779,48137.3837024699,20.8121601920138,54.528955392917,54.5088185718119,-0.0201368211051829,,,0.84668373606852,18165,18174
traveling,9.09999999999998,25.0798724079689,48137.3837024699,48419.0120820766,281.628379606635,54.5088185718119,54.2351944977653,-0.27362407404658,9.21724539674513,,,18174,18265
planning,0.7,0,48419.0120820766,48437.7017801423,18.6896980657184,54.2351944977653,54.2170726238121,-0.0181218739531417,,,0.643596938016399,18265,18272
dwelling,11.8,0,48437.7017801423,48701.6254461637,263.923666021379,54.2170726238121,53.9616450280714,-0.255427595740706,,11.7888888674608,,18272,18390
planning,0.3,0,48701.6254461637,48708.7324047856,7.10695862190187,53.9616450280714,53.9547613852257,-0.00688364284569332,,,0.210308422130961,18390,18393
traveling,9.19999999999998,25.0798724079689,48708.7324047856,48993.9673840996,285.234979314009,53.9547613852257,53.6773941192358,-0.277367265989881,9.39616051715108,,,18393,18485
planning,0.8,0,48993.9673840996,49016.0749606006,22.1075765010319,53.6773941192358,53.6559314368752,-0.0214626823606139,,,0.774742888183922,18485,18493
dwelling,10.4,0,49016.0749606006,49271.8768735914,255.801912990806,53.6559314368752,53.4079046325915,-0.248026804283747,,10.327272698165,,18493,18597
planning,0.9,0,49271.8768735914,49294.4966474282,22.61977383677,53.4079046325915,53.3859628302484,-0.0219418023430649,,,0.839038733726417,18597,18606
traveling,8.39999999999999,21.4709105535839,49294.4966474282,49564.2988716018,269.802224173647,53.3859628302484,53.1232515271538,-0.262711303094662,8.48145210369623,,,18606,18690
planning,0.5,0,49564.2988716018,49576.9580033344,12.6591317325801,53.1232515271538,53.1109657597281,-0.0122857674256309,,,0.467517721103171,18690,18695
dwelling,18.3,0,49576.9580033344,49979.9970304523,403.039027117899,53.1109657597281,52.720307205172,-0.390658554556111,,18.2235292947524,,18695,18878
planning,0.5,0,49979.9970304523,49993.7448147503,13.747784297957,52.720307205172,52.7069429550761,-0.0133642500959184,,,0.42480024467276,18878,18883
traveling,8.39999999999999,21.4709105535839,49993.7448147503,50260.492294291,266.747479540703,52.7069429550761,52.447021232345,-0.259921722731086,8.53001006656369,,,18883,18967
planning,1,0,50260.492294291,50286.9188261783,26.4265318873222,52.447021232345,52.4213347113617,-0.0256865209833492,,,0.976485753531106,18967,18977
dwelling,12,0,50286.9188261783,50557.3139909792,270.395164800924,52.4213347113617,52.1589409705258,-0.262393740835876,,11.9090909082216,,18977,19097
planning,0.8,0,50557.3139909792,50576.5535785703,19.2395875910952,52.1589409705258,52.1402536995422,-0.0186872709835981,,,0.717829437947366,19097,19105
traveling,5.2,9,50576.5535785703,50727.7014384298,151.147859859448,52.1402536995422,51.993055357283,-0.147198342259152,5.33780193141786,,,19105,19157
planning,0.7,0,50727.7014384298,50744.242387946,16.5409495162385,51.993055357283,51.976988685106,-0.0160666721770397,,,0.65367589685852,19157,19164
dwelling,11.8,0,50744.242387946,51006.1791282605,261.936740314464,51.976988685106,51.7226818527641,-0.254306832341932,,11.7999999669273,,19164,19282
planning,0.1,0,51006.1791282605,51008.8976837496,2.71855548914027,51.7226818527641,51.7200356451837,-0.00264620758039769,,,0.0761992894283375,19282,19283
traveling,5.3,9,51008.8976837496,51178.3067055051,169.409021755462,51.7200356451837,51.5547140316313,-0.165321613552344,5.46816035914556,,,19283,19336
planning,0.2,0,51178.3067055051,51184.2187858874,5.91208038235345,51.5547140316313,51.5489511436951,-0.00576288793619995,,,0.13891527955502,19336,19338
dwelling,8.09999999999999,0,51184.2187858874,51392.1677207425,207.948934855085,51.5489511436951,51.3465962921492,-0.202354851545977,,8.01818179471569,,19338,19419
planning,0.9,0,51392.1677207425,51416.5615488351,24.3938280926304,51.3465962921492,51.3228386711323,-0.02375762101682,,,0.847926149368648,19419,19428
traveling,9.09999999999998,25.0798724079689,51416.5615488351,51707.9379964496,291.37644761445,51.3228386711323,51.038287672656,-0.284550998476291,9.2172453961181,,,19428,19519
planning,0.9,0,51707.9379964496,51731.0628424617,23.1248460120769,51.038287672656,51.0157708078675,-0.022516864788507,,,0.8479373075143,19519,19528
dwelling,11.6,0,51731.0628424617,51991.8384492806,260.775606818905,51.0157708078675,50.762189353336,-0.253581454531513,,11.5444443626773,,19528,19644
planning,0.4,0,51991.8384492806,52001.8443328708,10.0058835902528,50.762189353336,50.7524457203674,-0.00974363296865732,,,0.33874464732438,19644,19648
traveling,9.19999999999998,25.0798724079689,52001.8443328708,52277.6118354826,275.767502611779,50.7524457203674,50.4831417210463,-0.269303999321046,9.39616051715168,,,19648,19740
planning,0.5,0,52277.6118354826,52287.7098458672,10.0980103845723,50.4831417210463,50.4733270967145,-0.00981462433177427,,,0.446994972411219,19740,19745
dwelling,10.7,0,52287.7098458672,52492.1618380648,204.451992197603,50.4733270967145,50.2746635569523,-0.198663539762258,,10.6636363392884,,19745,19852
planning,0.1,0,52492.1618380648,52494.7463097505,2.58447168573184,50.2746635569523,50.2721439137399,-0.00251964321240195,,,0.0220790553495163,19852,19853
traveling,8.39999999999999,21.4709105535839,52494.7463097505,52742.3049022799,247.5585925294,50.2721439137399,50.0303106275582,-0.241833286181709,8.48145210307353,,,19853,19937
planning,0.5,0,52742.3049022799,52753.7099945398,11.405092259869,50.0303106275582,50.0192036927562,-0.0111069348019797,,,0.48985529896707,19937,19942
dwelling,18,0,52753.7099945398,53143.3084769572,389.598482417372,50.0192036927562,49.6398639835707,-0.379339709185452,,17.9941176132413,,19942,20122
planning,0.9,0,53143.3084769572,53165.0229138351,21.7144368779482,49.6398639835707,49.618690249693,-0.0211737338777596,,,0.834462237869956,20122,20131
traveling,8.39999999999999,21.4709105535839,53165.0229138351,53418.3186225009,253.295708665828,49.618690249693,49.37087572068,-0.247814529012992,8.53001006652457,,,20131,20215
planning,0.9,0,53418.3186225009,53439.7731931632,21.4545706622303,49.37087572068,49.3499493532555,-0.0209263674245292,,,0.898562971412446,20215,20224
dwelling,12.1,0,53439.7731931632,53707.4422822205,267.669089057315,49.3499493532555,49.0890286724772,-0.260920680778298,,12.045454541488,,20224,20345
planning,0.5,0,53707.4422822205,53720.431972565,12.9896903445187,49.0890286724772,49.0763398931296,-0.0126887793475134,,,0.453770922580357,20345,20350
traveling,5.2,9,53720.431972565,53880.5046830138,160.072710448825,49.0763398931296,48.9195694438735,-0.156770449256136,5.33780193089522,,,20350,20402
planning,0.2,0,53880.5046830138,53886.0627723894,5.55808937557595,48.9195694438735,48.9141338174933,-0.00543562638020489,,,0.109491879231577,20402,20404
dwelling,12.2,0,53886.0627723894,54199.5826282095,313.51985582013,48.9141338174933,48.6077518162663,-0.306382001227036,,12.1666665805645,,20404,20526
planning,0.1,0,54199.5826282095,54202.7577504914,3.17512228188571,48.6077518162663,48.6046389887128,-0.00311282755349396,,,0.00326752543353914,20526,20527
traveling,5.3,9,54202.7577504914,54377.8931783214,175.13542783002,48.6046389887128,48.4327968683173,-0.171842120395453,5.46815996378233,,,20527,20580
planning,0.7,0,54377.8931783214,54396.7938059873,18.9006276658401,48.4327968683173,48.4143047310252,-0.0184921372921423,,,0.683697407150995,20580,20587
dwelling,7.49999999999999,0,54396.7938059873,54580.5553149373,183.761508950069,48.4143047310252,48.2347050060542,-0.179599724970956,,7.48181817981245,,20587,20662
planning,0.5,0,54580.5553149373,54594.8905232845,14.3352083471182,48.2347050060542,48.2206635633161,-0.0140414427381543,,,0.485281467280517,20662,20667
traveling,9.09999999999998,25.0798724079689,54594.8905232845,54912.1574012828,317.2668779983,48.2206635633161,47.9088218962164,-0.311841667099678,9.21724539360826,,,20667,20758
planning,0.3,0,54912.1574012828,54920.2025987402,8.04519745748985,47.9088218962164,47.9009444864653,-0.00787740975111006,,,0.29611245941157,20758,20761
dwelling,12,0,54920.2025987402,55210.4851699115,290.282571171301,47.9009444864653,47.6170101656811,-0.283934320784226,,11.9666666583662,,20761,20881
planning,0.8,0,55210.4851699115,55233.7711449604,23.2859750488715,47.6170101656811,47.5941723456622,-0.0228378200188786,,,0.765760629351679,20881,20889
traveling,9.19999999999998,25.0798724079689,55233.7711449604,55551.2732947114,317.502149751002,47.5941723456622,47.2818320807983,-0.312340264863892,9.39616091231694,,,20889,20981
planning,0.3,0,55551.2732947114,55560.1983741904,8.92507947897684,47.2818320807983,47.273071066354,-0.00876101444430333,,,0.237071739766431,20981,20984
dwelling,11,0,55560.1983741904,55848.7907148584,288.592340667965,47.273071066354,46.9901972365417,-0.282873829812239,,10.9363636362323,,20984,21094
planning,0.2,0,55848.7907148584,55854.2473999099,5.45668505150388,46.9901972365417,46.9848447074724,-0.00535252906936279,,,0.10227672413017,21094,21096
traveling,8.39999999999999,21.4709105535839,55854.2473999099,56130.1125588885,275.865158978653,46.9848447074724,46.7134126418527,-0.271432065619649,8.48145190832759,,,21096,21180
planning,0.5,0,56130.1125588885,56143.5932900895,13.4807312009434,46.7134126418527,46.7001848286614,-0.0132278131912926,,,0.451459846568247,21180,21185
dwelling,18,0,56143.5932900895,56567.406630603,423.813340513538,46.7001848286614,46.2848639898217,-0.415320838839747,,17.9058822644198,,21185,21365
planning,0.5,0,56567.406630603,56580.0180347776,12.6114041746114,46.2848639898217,46.2724904335964,-0.0123735562252563,,,0.492164202901599,21365,21370
traveling,8.39999999999999,21.4709105535839,56580.0180347776,56832.6440280875,252.62599330987,46.2724904335964,46.0239593031781,-0.248531130418314,8.53001006670707,,,21370,21454
planning,0.9,0,56832.6440280875,56856.2193165689,23.5752884814647,46.0239593031781,46.0008064924734,-0.0231528107047652,,,0.891288336524321,21454,21463
dwelling,11.9,0,56856.2193165689,57136.5543392093,280.33502264032,46.0008064924734,45.7257759252585,-0.27503056721487,,11.899999971684,,21463,21582
planning,0.2,0,57136.5543392093,57141.6788167845,5.12447757527116,45.7257759252585,45.7207420774467,-0.00503384781183058,,,0.161848271101971,21582,21584
traveling,5.2,9,57141.6788167845,57299.4302189504,157.751402165828,45.7207420774467,45.5653856778328,-0.155356399613837,5.33780193051563,,,21584,21636
planning,0.7,0,57299.4302189504,57317.3168826137,17.8866636633684,45.5653856778328,45.5478105582746,-0.0175751195581739,,,0.641994901192188,21636,21643
dwelling,11.6,0,57317.3168826137,57584.3978504634,267.080967849681,45.5478105582746,45.2856405577928,-0.262170000481888,,11.5555555500062,,21643,21759
planning,0.3,0,57584.3978504634,57592.5284787081,8.13062824465305,45.2856405577928,45.277641369608,-0.00799918818471212,,,0.221721888743902,21759,21762
traveling,5.3,9,57592.5284787081,57751.7054447784,159.176966070299,45.277641369608,45.1207762767827,-0.156865092825377,5.46816035892585,,,21762,21815
planning,1,0,57751.7054447784,57779.2209604391,27.5155156607434,45.1207762767827,45.0936912355587,-0.027085041223927,,,0.981581809681419,21815,21825
dwelling,7.29999999999999,0,57779.2209604391,57957.8343580401,178.613397600951,45.0936912355587,44.9181023012199,-0.175588934338819,,7.21818181776754,,21825,21898
planning,0.6,0,57957.8343580401,57973.9472391809,16.1128811408053,44.9181023012199,44.9022408904767,-0.0158614107432626,,,0.511038771399198,21898,21904
traveling,9.09999999999998,25.0798724079689,57973.9472391809,58283.8529756351,309.905736454246,44.9022408904767,44.5959323361347,-0.306308554341953,9.21724539298073,,,21904,21995
planning,0.3,0,58283.8529756351,58292.1227894519,8.26981381675432,44.5959323361347,44.5877837806586,-0.00814855547606186,,,0.289107437700923,21995,21998
dwelling,12,0,58292.1227894519,58557.0105054414,264.887715989498,44.5877837806586,44.3274194420079,-0.260364338650767,,11.9222221553607,,21998,22118
planning,1,0,58557.0105054414,58580.1905915153,23.1800860739531,44.3274194420079,44.3046171067724,-0.0228023352354327,,,0.912212580806977,22118,22128
traveling,9.19999999999998,25.0798724079689,58580.1905915153,58836.0927362319,255.902144716565,44.3046171067724,44.0521986455992,-0.252418461173285,9.39616091207939,,,22128,22220
planning,1,0,58836.0927362319,58858.1718922205,22.0791559886638,44.0521986455992,44.0304795071803,-0.0217191384189022,,,0.93319605248469,22220,22230
dwelling,10.4,0,58858.1718922205,59062.8275300391,204.655637818549,44.0304795071803,43.8293515218992,-0.201127985281104,,10.3090908832519,,22230,22334
planning,0.4,0,59062.8275300391,59070.5071442538,7.67961421468499,43.8293515218992,43.8218048226035,-0.00754669929567342,,,0.394154496357146,22334,22338
traveling,8.39999999999999,21.4709105535839,59070.5071442538,59301.8027444586,231.295600204838,43.8218048226035,43.593461066643,-0.228343755960509,8.48145292027702,,,22338,22422
planning,0.6,0,59301.8027444586,59315.7387619445,13.9360174858957,43.593461066643,43.5797324712371,-0.0137285954058797,,,0.542755352128744,22422,22428
dwelling,17.9,0,59315.7387619445,59700.0437437507,384.304981806185,43.5797324712371,43.2013265532636,-0.378405917973481,,17.8588234722935,,22428,22607
planning,0.3,0,59700.0437437507,59707.5735429608,7.52979921012593,43.2013265532636,43.1938961775777,-0.00743037568591376,,,0.238032431573691,22607,22610
traveling,8.39999999999999,21.4709105535839,59707.5735429608,59983.3652486495,275.791705688658,43.1938961775777,42.9205752717729,-0.273320905804837,8.53001006686631,,,22610,22694
planning,0.9,0,59983.3652486495,60009.3009860122,25.9357373626917,42.9205752717729,42.8949190683749,-0.0256562033979293,,,0.889783228511574,22694,22703
dwelling,11.9,0,60009.3009860122,60292.3116128822,283.010626869996,42.8949190683749,42.6155735878422,-0.279345480532761,,11.8272727272666,,22703,22822
planning,0.4,0,60292.3116128822,60303.1831659885,10.8715531063644,42.6155735878422,42.6048216208804,-0.0107519669618057,,,0.318291500749322,22822,22826
traveling,5.2,9,60303.1831659885,60466.3430505859,163.159884597393,42.6048216208804,42.4430777105936,-0.161743910286752,5.33780193077641,,,22826,22878
planning,0.9,0,60466.3430505859,60490.0588157626,23.7157651766902,42.4430777105936,42.419623877108,-0.0234538334856538,,,0.839393102401964,22878,22887
dwelling,11.5,0,60490.0588157626,60754.8147782095,264.755962446885,42.419623877108,42.1581506818974,-0.26147319521057,,11.433333331027,,22887,23002
planning,0.1,0,60754.8147782095,60757.4284055764,2.61362736693263,42.1581506818974,42.1555647432986,-0.0025859385987701,,,0.0779940178785536,23002,23003
traveling,5.3,9,60757.4284055764,60913.6931582687,156.264752692216,42.1555647432986,42.0006583511663,-0.154906392132368,5.46815996378196,,,23003,23056
planning,0.4,0,60913.6931582687,60923.6080094334,9.91485116477998,42.0006583511663,41.9908518816006,-0.00980646956569586,,,0.379021180613286,23056,23060
dwelling,7.79999999999999,0,60923.6080094334,61082.8617786959,159.253769262476,41.9908518816006,41.8336539323902,-0.157197949210392,,7.78181817421142,,23060,23138
planning,0.3,0,61082.8617786959,61089.6520223033,6.7902436074146,41.8336539323902,41.8269428292047,-0.00671110318543811,,,0.260896221021649,23138,23141
traveling,9.09999999999998,25.0798724079689,61089.6520223033,61341.187953273,251.535930969643,41.8269428292047,41.577633553729,-0.249309275475731,9.21724539266689,,,23141,23232
planning,1,0,61341.187953273,61365.1901196002,24.0021663272128,41.577633553729,41.5538815460293,-0.0237520076997342,,,0.918469883425862,23232,23242
dwelling,11.2,0,61365.1901196002,61608.2299036374,243.039784037195,41.5538815460293,41.313584112984,-0.240297433045249,,11.1999999530265,,23242,23354
planning,0.3,0,61608.2299036374,61615.4742682667,7.24436462934682,41.313584112984,41.3064108245176,-0.00717328846636889,,,0.294629732086559,23354,23357
traveling,9.19999999999998,25.0798724079689,61615.4742682667,61899.9416809052,284.4674126385,41.3064108245176,41.0236486146486,-0.28276220986902,9.39616051715234,,,23357,23449
planning,0.4,0,61899.9416809052,61909.9969914386,10.0553105333966,41.0236486146486,41.0136807102303,-0.00996790441836026,,,0.354545145663076,23449,23453
dwelling,10.7,0,61909.9969914386,62158.2292879583,248.232296519702,41.0136807102303,40.7677697343318,-0.245910975898447,,10.6181817981655,,23453,23560
planning,1,0,62158.2292879583,62186.0440545985,27.8147666402292,40.7677697343318,40.7401433660543,-0.0276263682774669,,,0.96483205851896,23560,23570
traveling,8.39999999999999,21.4709105535839,62186.0440545985,62464.6838116103,278.639757011799,40.7401433660543,40.4624970035351,-0.277646362519214,8.48145291917925,,,23570,23654
planning,0.7,0,62464.6838116103,62482.9623610569,18.2785494465425,40.4624970035351,40.4443458139734,-0.0181511895617703,,,0.601201244422656,23654,23661
dwelling,17.7,0,62482.9623610569,62884.1359031559,401.173542099059,40.4443458139734,40.0464608893184,-0.397884924654925,,17.6176470518744,,23661,23838
planning,0.2,0,62884.1359031559,62889.0212157417,4.88531258576404,40.0464608893184,40.0416093086552,-0.00485158066328495,,,0.152853188271086,23838,23840
traveling,8.39999999999999,21.4709105535839,62889.0212157417,63155.3808601581,266.359644416363,40.0416093086552,39.7759923852537,-0.265616923401438,8.53000967209928,,,23840,23924
planning,0.3,0,63155.3808601581,63163.0514047888,7.67054463070963,39.7759923852537,39.7683656635307,-0.00762672172301393,,,0.245000682275034,23924,23927
dwelling,12.4,0,63163.0514047888,63430.8208042581,267.769399469325,39.7683656635307,39.5025762162164,-0.265789447314255,,12.3545454547388,,23927,24051
planning,1,0,63430.8208042581,63456.2679513931,25.4471471350189,39.5025762162164,39.4772595929386,-0.0253166232778881,,,0.947273025188258,24051,24061
traveling,5.2,9,63456.2679513931,63606.9940699324,150.726118539234,39.4772595929386,39.3269978303964,-0.150261762542151,5.33780193054825,,,24061,24113
planning,0.3,0,63606.9940699324,63614.8665716734,7.87250174101791,39.3269978303964,39.3191595137089,-0.00783831668749713,,,0.219267959657395,24113,24116
dwelling,12,0,63614.8665716734,63864.9949975871,250.128425913725,39.3191595137089,39.0707154871578,-0.248444026551127,,11.9666666007708,,24116,24236
planning,0.9,0,63864.9949975871,63885.4041418628,20.4091442756908,39.0707154871578,39.0504190740665,-0.0202964130912449,,,0.886439349508262,24236,24245
traveling,5.4,9,63885.4041418628,64030.3633074316,144.959165568776,39.0504190740665,38.9059163419538,-0.144502732112691,5.46816035891537,,,24245,24299
planning,0.9,0,64030.3633074316,64048.7754594704,18.4121520388144,38.9059163419538,38.8876195461017,-0.0182967958521232,,,0.865737826345279,24299,24308
dwelling,7.59999999999999,0,64048.7754594704,64194.7397648656,145.96430539526,38.8876195461017,38.74263011136,-0.144989434741703,,7.57272727216417,,24308,24384
planning,0.9,0,64194.7397648656,64214.9827577547,20.2429928890997,38.74263011136,38.7224853427314,-0.0201447686286684,,,0.862346093809543,24384,24393
traveling,8.19999999999999,21.4709105535839,64214.9827577547,64431.6543288458,216.671571091007,38.7224853427314,38.506358501498,-0.216126841233383,8.39965162564784,,,24393,24475
planning,1,0,64431.6543288458,64453.2396510904,21.5853222446749,38.506358501498,38.4848756294659,-0.0214828720321023,,,0.975115042550836,24475,24485
dwelling,10.1,0,64453.2396510904,64675.520426365,222.280775274587,38.4848756294659,38.2635139495544,-0.221361679911453,,10.0999999528105,,24485,24586
planning,0.9,0,64675.520426365,64699.3653354643,23.8449090992799,38.2635139495544,38.2397087167514,-0.0238052328029781,,,0.864189979521392,24586,24595
traveling,8.39999999999999,21.4709105535839,64699.3653354643,64974.6774926489,275.312157184599,38.2397087167514,37.9638341383492,-0.275874578402252,8.5300100666602,,,24595,24679
planning,0.1,0,64974.6774926489,64977.4222340166,2.74474136767822,37.9638341383492,37.9610906835181,-0.00274345483113336,,,0.0211026452451152,24679,24680
dwelling,10.2,0,64977.4222340166,65239.4321946245,262.009960607938,37.9610906835181,37.6993502804878,-0.261740403030259,,10.1181817991101,,24680,24782
planning,0.6,0,65239.4321946245,65257.6985443435,18.2663497189933,37.6993502804878,37.6810518938377,-0.0182983866501374,,,0.500383208029398,24782,24788
traveling,9.19999999999998,25.0798724079689,65257.6985443435,65585.6329039913,327.934359647807,37.6810518938377,37.3514720705328,-0.329579823304826,9.34760366166585,,,24788,24880
planning,0.2,0,65585.6329039913,65591.1804075378,5.5475035465206,37.3514720705328,37.3459178142355,-0.00555425629732298,,,0.16726740343906,24880,24882
dwelling,16.7,0,65591.1804075378,65989.4053286855,398.22492114763,37.3459178142355,36.9477910054184,-0.398126808817061,,16.6555555548139,,24882,25049
planning,0.4,0,65989.4053286855,66000.0402738581,10.6349451725982,36.9477910054184,36.9371383654604,-0.0106526399580034,,,0.382758610734048,25049,25053
traveling,9.19999999999998,25.0798724079689,66000.0402738581,66298.612561002,298.572287143979,36.9371383654604,36.637003229733,-0.300135135727444,9.3961609117847,,,25053,25145
planning,0.1,0,66298.612561002,66301.3543265696,2.7417655675381,36.637003229733,36.6342535403502,-0.00274968938275322,,,0.0420352031740822,25145,25146
dwelling,12.7,0,66301.3543265696,66623.1724555949,321.818129025371,36.6342535403502,36.3117087452938,-0.322544795056402,,12.6636363636665,,25146,25273
planning,0.7,0,66623.1724555949,66642.0719136664,18.8994580714643,36.3117087452938,36.2927421413772,-0.0189666039166312,,,0.621845443987454,25273,25280
traveling,5.2,9,66642.0719136664,66810.001020321,167.929106654585,36.2927421413772,36.12369190741,-0.169050233967248,5.28924495664177,,,25280,25332
planning,0.5,0,66810.001020321,66824.1647394477,14.1637191267509,36.12369190741,36.1094610602644,-0.0142308471455479,,,0.414108552872667,25332,25337
dwelling,11.6,0,66824.1647394477,67077.7022034319,253.537463984103,36.1094610602644,35.8554685805899,-0.253992479674544,,11.5111110336463,,25337,25453
planning,0.1,0,67077.7022034319,67079.8755495848,2.17334615293657,35.8554685805899,35.8532908376167,-0.00217774297312445,,,0.0702775438381827,25453,25454
traveling,5.3,9,67079.8755495848,67213.2723815539,133.39683196909,35.8532908376167,35.7193532839332,-0.133937553683545,5.4681599637802,,,25454,25507
planning,0.2,0,67213.2723815539,67217.5593429966,4.28696144273272,35.7193532839332,35.7150567245658,-0.00429655936744666,,,0.157564533764204,25507,25509
dwelling,7.89999999999999,0,67217.5593429966,67381.5500356881,163.990692691455,35.7150567245658,35.5507154877689,-0.164341236796808,,7.87272724193591,,25509,25588
planning,0.1,0,67381.5500356881,67383.8905686313,2.34053294318437,35.5507154877689,35.5483662633184,-0.00234922445053343,,,0.0698641503413114,25588,25589
traveling,8.19999999999999,21.4709105535839,67383.8905686313,67631.5159271939,247.625358562684,35.5483662633184,35.2988221181017,-0.24954414521676,8.39965165017032,,,25589,25671
planning,0.3,0,67631.5159271939,67639.773068284,8.25714109007095,35.2988221181017,35.2905107726055,-0.00831134549611079,,,0.249855957357576,25671,25674
dwelling,18.6,0,67639.773068284,68063.239210161,423.466141876954,35.2905107726055,34.8650487353917,-0.425462037213862,,18.5823528354125,,25674,25860
planning,0.7,0,68063.239210161,68080.4836583981,17.2444482371502,34.8650487353917,34.8476959911668,-0.0173527442248727,,,0.648456808490244,25860,25867
traveling,8.39999999999999,21.4709105535839,68080.4836583981,68316.8827938212,236.39913542314,34.8476959911668,34.6092803938237,-0.238415597343106,8.53001006650613,,,25867,25951
planning,0.3,0,68316.8827938212,68324.5218892649,7.6390954436647,34.6092803938237,34.6015845522676,-0.00769584155614922,,,0.299694354982279,25951,25954
dwelling,12.7,0,68324.5218892649,68620.1923381649,295.670448899953,34.6015845522676,34.3039240190095,-0.29766053325806,,12.6818181812943,,25954,26081
planning,1,0,68620.1923381649,68646.8165371235,26.6241989586561,34.3039240190095,34.2770616050923,-0.0268624139171649,,,0.918470882166888,26081,26091
traveling,5.2,9,68646.8165371235,68804.7040216097,157.887484486215,34.2770616050923,34.1173956800655,-0.159665925026843,5.33780260542939,,,26091,26143
planning,0.2,0,68804.7040216097,68810.1908601734,5.48683856365096,34.1173956800655,34.1118546026072,-0.00554107745828247,,,0.150013902737659,26143,26145
dwelling,7.39999999999999,0,68810.1908601734,68986.0532509445,175.86239077113,34.1118546026072,33.934546209936,-0.177308392671186,,7.38888883419954,,26145,26219
planning,0.4,0,68986.0532509445,68996.9578390368,10.9045880922495,33.934546209936,33.9235288687803,-0.0110173411557,,,0.31988791292977,26219,26223
traveling,5.3,9,68996.9578390368,69158.6981207648,161.740281728067,33.9235288687803,33.7597858477855,-0.163743020994822,5.46816035834398,,,26223,26276
planning,0.5,0,69158.6981207648,69171.5237008421,12.8255800772604,33.7597858477855,33.7468319186548,-0.0129539291307026,,,0.485379424574296,26276,26281
dwelling,6.1,0,69171.5237008421,69305.3961257807,133.872424938643,33.7468319186548,33.611850893075,-0.134981025579769,,6.04545452064756,,26281,26342
planning,0.8,0,69305.3961257807,69326.5792690949,21.1831433141633,33.611850893075,33.5904367806458,-0.0214141124292695,,,0.735220511591183,26342,26350
traveling,9.09999999999998,25.0798724079689,69326.5792690949,69625.5425239926,298.963254897724,33.5904367806458,33.2870048292338,-0.30343195141198,9.21724471550016,,,26350,26441
planning,0.7,0,69625.5425239926,69644.5858708026,19.0433468100236,33.2870048292338,33.2677279477383,-0.0192768814954292,,,0.683958474876854,26441,26448
dwelling,14.7,0,69644.5858708026,69998.4170495173,353.831178714638,33.2677279477383,32.909941565473,-0.35778638226536,,14.6555554814672,,26448,26595
planning,0.2,0,69998.4170495173,70003.8087733937,5.39172387644066,32.909941565473,32.9044783174979,-0.00546324797504383,,,0.15441171989295,26595,26597
traveling,9.19999999999998,25.0798724079689,70003.8087733937,70319.0793374947,315.270564100982,32.9044783174979,32.5835436254487,-0.3209346920492,9.39616051715089,,,26597,26689
planning,0.8,0,70319.0793374947,70340.1194613947,21.0401238999621,32.5835436254487,32.5622098920656,-0.0213337333831589,,,0.717189844036508,26689,26697
dwelling,11.4,0,70340.1194613947,70590.9055957345,250.78613433984,32.5622098920656,32.308385633318,-0.253824258747535,,11.3454545453529,,26697,26811
planning,0.7,0,70590.9055957345,70608.1529458385,17.2473501040222,32.308385633318,32.2908980214789,-0.0174876118391012,,,0.645664997309481,26811,26818
traveling,8.39999999999999,21.4709105535839,70608.1529458385,70873.3091768534,265.156231014858,32.2908980214789,32.0208864623381,-0.270011559140826,8.48145291812583,,,26818,26902
planning,0.7,0,70873.3091768534,70891.6841383377,18.3749614842673,32.0208864623381,32.002222803751,-0.0186636585871227,,,0.689112639348026,26902,26909
dwelling,17.5,0,70891.6841383377,71283.9575609062,392.273422568585,32.002222803751,31.6043271815799,-0.397895622171092,,17.4588234848868,,26909,27084
planning,0.9,0,71283.9575609062,71306.2728758903,22.3153149840509,31.6043271815799,31.5816485412185,-0.0226786403614518,,,0.827762576293433,27084,27093
traveling,8.39999999999999,21.4709105535839,71306.2728758903,71571.4654442985,265.192568408253,31.5816485412185,31.3109973243116,-0.270651216906856,8.53001006669645,,,27093,27177
planning,0.6,0,71571.4654442985,71586.3457683439,14.8803240453562,31.3109973243116,31.2958604865355,-0.0151368377760903,,,0.551325471126349,27177,27183
dwelling,12.3,0,71586.3457683439,71875.9400800184,289.59431167446,31.2958604865355,31.00130622068,-0.294554265855474,,12.2363636367277,,27183,27306
planning,0.9,0,71875.9400800184,71902.0077424357,26.067662417292,31.00130622068,30.974702700071,-0.0266035206090436,,,0.891177613600412,27306,27315
traveling,5.2,9,71902.0077424357,72065.251691628,163.243949192329,30.974702700071,30.807826793733,-0.166875906337953,5.33780193199819,,,27315,27367
planning,1,0,72065.251691628,72092.0380644446,26.786372816583,30.807826793733,30.7805040515313,-0.0273227422016937,,,0.953252813759604,27367,27377
dwelling,11.7,0,72092.0380644446,72357.2353347705,265.197270325909,30.7805040515313,30.5104531947414,-0.270050856789979,,11.6444444315888,,27377,27494
planning,0.2,0,72357.2353347705,72362.0887432341,4.85340846363397,30.5104531947414,30.5055045349689,-0.0049486597724453,,,0.169398891242366,27494,27496
traveling,5.3,9,72362.0887432341,72510.0679656436,147.979222409456,30.5055045349689,30.3542784496386,-0.151226085330361,5.46816035893497,,,27496,27549
planning,0.1,0,72510.0679656436,72512.4869347826,2.41896913906385,30.3542784496386,30.3518108199619,-0.00246762967665148,,,0.093729641160176,27549,27550
dwelling,8.29999999999999,0,72512.4869347826,72683.24955827,170.762623487361,30.3518108199619,30.1778927117611,-0.173918108200759,,8.22727272123964,,27550,27633
planning,0.7,0,72683.24955827,72698.819675094,15.5701168240339,30.1778927117611,30.1620159577695,-0.0158767539916056,,,0.605884847188916,27633,27640
traveling,9.09999999999998,25.0798724079689,72698.819675094,72954.4871239941,255.667448900058,30.1620159577695,29.9003425793676,-0.261673378401905,9.21724539737215,,,27640,27731
planning,0.6,0,72954.4871239941,72968.1822960474,13.6951720533398,29.9003425793676,29.8863601644782,-0.013982414889405,,,0.544702602292681,27731,27737
dwelling,12,0,72968.1822960474,73236.317386299,268.135090251599,29.8863601644782,29.6125118585834,-0.273848305894877,,11.9333333283874,,27737,27857
planning,0.9,0,73236.317386299,73262.6403260964,26.3229397973628,29.6125118585834,29.5855161770191,-0.0269956815642587,,,0.828843060018926,27857,27866
traveling,9.19999999999998,25.0798724079689,73262.6403260964,73583.782773829,321.142447732607,29.5855161770191,29.2549128085738,-0.330603368445331,9.39616051715192,,,27866,27958
planning,0.4,0,73583.782773829,73595.0091246965,11.2263508675096,29.2549128085738,29.2433926917656,-0.0115201168081782,,,0.303555942222197,27958,27962
dwelling,11,0,73595.0091246965,73836.6103786516,241.601253955087,29.2433926917656,28.9961646524239,-0.247228039341664,,10.9818181820945,,27962,28072
planning,0.2,0,73836.6103786516,73841.6959917545,5.08561310288496,28.9961646524239,28.9909486538973,-0.00521599852663712,,,0.186324617441787,28072,28074
traveling,8.39999999999999,21.4709105535839,73841.6959917545,74089.1969789315,247.500987177045,28.9909486538973,28.7363983009845,-0.254550352912801,8.48145210359504,,,28074,28158
planning,0.4,0,74089.1969789315,74098.2801118844,9.08313295288826,28.7363983009845,28.7270871936409,-0.0093111073435459,,,0.378267188294521,28158,28162
dwelling,18.3,0,74098.2801118844,74501.5594434698,403.279331585407,28.7270871936409,28.3135133333146,-0.413573860326288,,18.288235284204,,28162,28345
planning,0.8,0,74501.5594434698,74522.4550156418,20.8955721719394,28.3135133333146,28.2920200560456,-0.0214932772690766,,,0.763139345399151,28345,28353
traveling,8.39999999999999,21.4709105535839,74522.4550156418,74813.8305972661,291.375581624379,28.2920200560456,27.9906526938838,-0.301367362161802,8.53001006652945,,,28353,28437
planning,0.5,0,74813.8305972661,74827.9280665196,14.0974692534219,27.9906526938838,27.9761182655285,-0.0145344283552831,,,0.496411923075489,28437,28442
dwelling,12.5,0,74827.9280665196,75116.6132337301,288.685167210497,27.9761182655285,27.6791150983154,-0.297003167213042,,12.4818181819351,,28442,28567
planning,1,0,75116.6132337301,75140.8168554342,24.2036217041023,27.6791150983154,27.6541859433104,-0.024929155005001,,,0.916812100279612,28567,28577
traveling,5.2,9,75140.8168554342,75295.8775430753,155.060687641162,27.6541859433104,27.4939067857395,-0.160279157570987,5.3378019315182,,,28577,28629
planning,0.4,0,75295.8775430753,75307.0720422932,11.1944992179197,27.4939067857395,27.4823450352336,-0.0115617505058836,,,0.380777516880459,28629,28633
dwelling,12.2,0,75307.0720422932,75582.9727720981,275.900729804896,27.4823450352336,27.1980576841607,-0.28428735107288,,12.122222158646,,28633,28755
planning,0.1,0,75582.9727720981,75585.4178198739,2.44504777580732,27.1980576841607,27.1955344951417,-0.0025231890190085,,,0.0694047211856521,28755,28756
traveling,5.3,9,75585.4178198739,75739.1541903444,153.736370470491,27.1955344951417,27.0364275640676,-0.159106931074081,5.46816035890565,,,28756,28809
planning,1,0,75739.1541903444,75763.9155775564,24.7613872120128,27.0364275640676,27.0108532884291,-0.0255742756384869,,,0.982373965765634,28809,28819
dwelling,7.29999999999999,0,75763.9155775564,75935.2382496169,171.322672060429,27.0108532884291,26.8339520317795,-0.176901256649643,,7.25454543877755,,28819,28892
planning,0.8,0,75935.2382496169,75959.0845868882,23.8463372713304,26.8339520317795,26.8092348621271,-0.0247171696524049,,,0.760573360468778,28892,28900
traveling,9.09999999999998,25.0798724079689,75959.0845868882,76301.7869348898,342.702348001563,26.8092348621271,26.452146255707,-0.357088606420071,9.21724539596126,,,28900,28991
planning,1,0,76301.7869348898,76333.6759475335,31.8890126437182,26.452146255707,26.4190036337922,-0.033142621914827,,,0.990728655224571,28991,29001
dwelling,11.5,0,76333.6759475335,76614.2146566497,280.538709116183,26.4190036337922,26.1284519570381,-0.290551676754031,,11.4333332651561,,29001,29116
planning,1,0,76614.2146566497,76642.173365084,27.958708434322,26.1284519570381,26.0994200848359,-0.0290318722022391,,,0.909720935523146,29116,29126
traveling,9.19999999999998,25.0798724079689,76642.173365084,76951.6691790298,309.495813945832,26.0994200848359,25.7767258568785,-0.322694227957424,9.39616051715192,,,29126,29218
planning,0.9,0,76951.6691790298,76973.990479133,22.3213001031691,25.7767258568785,25.7535553755428,-0.0231704813357005,,,0.844852876677412,29218,29227
dwelling,10.5,0,76973.990479133,77223.454411389,249.463932255967,25.7535553755428,25.4945783216735,-0.258977053869319,,10.481818176559,,29227,29332
planning,0.3,0,77223.454411389,77231.8129830535,8.35857166454662,25.4945783216735,25.4858771896467,-0.00870113202678269,,,0.295073918121129,29332,29335
traveling,8.39999999999999,21.4709105535839,77231.8129830535,77531.8243369112,300.01135385767,25.4858771896467,25.1719280755801,-0.313949114066535,8.48145210364967,,,29335,29419
planning,0.4,0,77531.8243369112,77544.0983621096,12.2740251984651,25.1719280755801,25.1591134210094,-0.0128146545707786,,,0.319553853398904,29419,29423
dwelling,18.4,0,77544.0983621096,78017.9104069519,473.812044842256,25.1591134210094,24.6652619142261,-0.493851506783283,,18.3058822712091,,29423,29607
planning,0.8,0,78017.9104069519,78040.7292208007,22.8188138487894,24.6652619142261,24.6414151277196,-0.0238467865064358,,,0.736243401590497,29607,29615
traveling,8.39999999999999,21.4709105535839,78040.7292208007,78320.7388432781,280.009622477446,24.6414151277196,24.3477525071828,-0.293662620536843,8.5300100674627,,,29615,29699
planning,0.9,0,78320.7388432781,78344.9057813953,24.1669381172105,24.3477525071828,24.3224858908214,-0.0252666163614315,,,0.812520741478572,29699,29708
dwelling,12.2,0,78344.9057813953,78629.5747551347,284.668973739332,24.3224858908214,24.0252405769745,-0.297245313846872,,12.1181818173099,,29708,29830
planning,0.1,0,78629.5747551347,78632.1039223008,2.52916716608161,24.0252405769745,24.0225950592129,-0.00264551776158228,,,0.0725647658380222,29830,29831
traveling,5.2,9,78632.1039223008,78784.5020021023,152.398079801525,24.0225950592129,23.8627581911011,-0.1598368681118,5.33780193124445,,,29831,29883
planning,0.7,0,78784.5020021023,78803.2041702948,18.7021681925107,23.8627581911011,23.8431651404163,-0.0195930506847652,,,0.674854098593731,29883,29890
dwelling,11.8,0,78803.2041702948,79082.8998920761,279.695721781332,23.8431651404163,23.5504366591085,-0.292728481307822,,11.755555477205,,29890,30008
planning,0.2,0,79082.8998920761,79088.6298161712,5.72992409511062,23.5504366591085,23.5444190394587,-0.00601761964987446,,,0.1424457871532,30008,30010
traveling,5.3,9,79088.6298161712,79254.2230395548,165.593223383534,23.5444190394587,23.3701765667661,-0.174242472692534,5.46816035914586,,,30010,30063
planning,0.5,0,79254.2230395548,79267.8027227798,13.5796832250344,23.3701765667661,23.3559152432249,-0.0142613235411986,,,0.451930159582743,30063,30068
dwelling,7.79999999999999,0,79267.8027227798,79451.948479085,184.145756305166,23.3559152432249,23.1628207834103,-0.193094459814606,,7.75454544428449,,30068,30146
planning,0.9,0,79451.948479085,79474.7099334635,22.7614543784875,23.1628207834103,23.1389190701742,-0.0239017132361532,,,0.847806831860116,30146,30155
traveling,9.09999999999998,25.0798724079689,79474.7099334635,79785.9860392639,311.276105800396,23.1389190701742,22.8099933759701,-0.328925694204052,9.21724539517735,,,30155,30246
planning,0.4,0,79785.9860392639,79796.3992145604,10.4131752965332,22.8099933759701,22.7990366119896,-0.0109567639804808,,,0.396887036792176,30246,30250
dwelling,12,0,79796.3992145604,80071.6255605669,275.22634600653,22.7990366119896,22.5097488497092,-0.28928776228042,,11.9777777202217,,30250,30370
planning,0.8,0,80071.6255605669,80092.0632275178,20.4376669508638,22.5097488497092,22.4882197623132,-0.0215290873959937,,,0.750892517005624,30370,30378
traveling,9.19999999999998,25.0798724079689,80092.0632275178,80400.5952492423,308.532021724473,22.4882197623132,22.1614031965261,-0.32681656578707,9.39616091231687,,,30378,30470
planning,0.1,0,80400.5952492423,80403.4763177342,2.88106849190081,22.1614031965261,22.1583577282714,-0.00304546825470453,,,0.0762644964925341,30470,30471
dwelling,11.2,0,80403.4763177342,80670.926514273,267.450196538819,22.1583577282714,21.8762436674642,-0.282114060807199,,11.1727272688814,,30471,30583
planning,0.7,0,80670.926514273,80688.6015469387,17.6750326657639,21.8762436674642,21.8575721398666,-0.0186715275976361,,,0.638921187320767,30583,30590
traveling,8.39999999999999,21.4709105535839,80688.6015469387,80947.5909023209,258.989355382175,21.8575721398666,21.5828609484277,-0.274711191438907,8.48145210330079,,,30590,30674
planning,1,0,80947.5909023209,80973.920799402,26.3298970810574,21.5828609484277,21.5549890990988,-0.0278718493289389,,,0.912884061464167,30674,30684
dwelling,17.6,0,80973.920799402,81411.2097044368,437.288905034817,21.5549890990988,21.0919204714516,-0.463068627647178,,17.5823528793892,,30684,30860
planning,1,0,81411.2097044368,81438.2038968916,26.994192454833,21.0919204714516,21.063265432237,-0.0286550392145664,,,0.942026273127354,30860,30870
traveling,8.39999999999999,21.4709105535839,81438.2038968916,81712.7448546479,274.540957756326,21.063265432237,20.7706072009528,-0.292658231284165,8.53001006650976,,,30870,30954
planning,0.1,0,81712.7448546479,81715.3688260492,2.62397140127723,20.7706072009528,20.7678187330596,-0.00278846789320042,,,0.023800839007637,30954,30955
dwelling,13,0,81715.3688260492,82000.5834529317,285.214626882458,20.7678187330596,20.4652385365851,-0.302580196474501,,12.9181818166406,,30955,31085
planning,0.8,0,82000.5834529317,82020.7805754237,20.1971224920708,20.4652385365851,20.443753461053,-0.0214850755321478,,,0.769016600911739,31085,31093
traveling,5.2,9,82020.7805754237,82175.1789005239,154.398325100177,20.443753461053,20.2789954079298,-0.16475805312318,5.33780193159615,,,31093,31145
planning,0.5,0,82175.1789005239,82188.185317621,13.0064170970727,20.2789954079298,20.2651404461535,-0.013854961776353,,,0.433355293019972,31145,31150
dwelling,12.1,0,82188.185317621,82479.8032833148,291.617965693848,20.2651404461535,19.9545839009996,-0.310556545153915,,12.0444444246865,,31150,31271
planning,0.1,0,82479.8032833148,82482.5296651016,2.72638178679335,19.9545839009996,19.9516727445623,-0.00291115643725703,,,0.00450753762869271,31271,31272
traveling,5.3,9,82482.5296651016,82654.7699396689,172.240274567288,19.9516727445623,19.7670859375484,-0.184586807013851,5.46816035892027,,,31272,31325
planning,1,0,82654.7699396689,82681.7044199201,26.9344802511623,19.7670859375484,19.7383013940161,-0.0287845435323284,,,0.940764685697948,31325,31335
dwelling,7.29999999999999,0,82681.7044199201,82839.5347212827,157.830301362628,19.7383013940161,19.5700554100351,-0.168245983981056,,7.25454543826322,,31335,31408
planning,0.4,0,82839.5347212827,82851.1059233216,11.5712020388455,19.5700554100351,19.5576625255078,-0.0123928845272516,,,0.391393656030363,31408,31412
traveling,9.09999999999998,25.0798724079689,82851.1059233216,83141.5039799569,290.398056635313,19.5576625255078,19.2457858079684,-0.311876717539402,9.21724539596129,,,31412,31503
planning,0.3,0,83141.5039799569,83148.4340606333,6.93008067643677,19.2457858079684,19.2383763673836,-0.00740944058477666,,,0.298964805182856,31503,31506
dwelling,12.2,0,83148.4340606333,83410.7883219819,262.354261348548,19.2383763673836,18.9579190252376,-0.280457342146079,,12.1333333080356,,31506,31628
planning,0.4,0,83410.7883219819,83420.6691092143,9.88078723242506,18.9579190252376,18.9473283142565,-0.0105907109810488,,,0.333824827117695,31628,31632
traveling,9.19999999999998,25.0798724079689,83420.6691092143,83752.6142476806,331.945138466326,18.9473283142565,18.5886500428953,-0.358678271361178,9.39616051715192,,,31632,31724
planning,1,0,83752.6142476806,83784.173496364,31.5592486834212,18.5886500428953,18.5546137931407,-0.0340362497545783,,,0.953634444992552,31724,31734
dwelling,10.2,0,83784.173496364,84073.0098961674,288.836399803346,18.5546137931407,18.2434114120623,-0.311202381078399,,10.163636336052,,31734,31836
planning,0.8,0,84073.0098961674,84099.1475106101,26.1376144427486,18.2434114120623,18.2151492921608,-0.0282621199015551,,,0.756156364076045,31836,31844
traveling,8.39999999999999,21.4709105535839,84099.1475106101,84371.7368656276,272.589355017451,18.2151492921608,17.9201258028212,-0.295023489339581,8.48145210324688,,,31844,31928
planning,0.9,0,84371.7368656276,84393.5636514534,21.8267858258623,17.9201258028212,17.8966012068635,-0.0235245959577455,,,0.818573489886986,31928,31937
dwelling,17.7,0,84393.5636514534,84741.7082533618,348.144601908338,17.8966012068635,17.5219576318939,-0.374643574969578,,17.664705848987,,31937,32114
planning,0.9,0,84741.7082533618,84762.0065461843,20.298292822481,17.5219576318939,17.5000529309564,-0.0219047009375295,,,0.861725195161037,32114,32123
traveling,8.39999999999999,21.4709105535839,84762.0065461843,85022.0240929998,260.017546815507,17.5000529309564,17.2177064202854,-0.282346510670948,8.53001006746256,,,32123,32207
planning,0.8,0,85022.0240929998,85042.8568860115,20.8327930117521,17.2177064202854,17.1951377745628,-0.0225686457226502,,,0.730942369089643,32207,32215
dwelling,12.2,0,85042.8568860115,85336.1690428176,293.312156806045,17.1951377745628,16.8774446538489,-0.317693120713859,,12.1818181629868,,32215,32337
planning,0.7,0,85336.1690428176,85357.1897565992,21.020713781676,16.8774446538489,16.8545710044961,-0.0228736493527926,,,0.625550309889595,32337,32344
traveling,5.2,9,85357.1897565992,85533.8458078291,176.65605122986,16.8545710044961,16.6617402467787,-0.192830757717363,5.33780193111614,,,32344,32396
planning,0.5,0,85533.8458078291,85548.4306874078,14.5848795786878,16.6617402467787,16.6458578105888,-0.0158824361899761,,,0.499693267874547,32396,32401
dwelling,12,0,85548.4306874078,85851.6509062435,303.22021883569,16.6458578105888,16.3160867945443,-0.329771016044457,,11.9222221348329,,32401,32521
planning,0.2,0,85851.6509062435,85857.0620196603,5.41111341681972,16.3160867945443,16.3101896718851,-0.00589712265925968,,,0.162499531269073,32521,32523
traveling,5.3,9,85857.0620196603,86024.3260815952,167.264061934868,16.3101896718851,16.1272675379825,-0.182922133902505,5.46816035885524,,,32523,32576
planning,0.4,0,86024.3260815952,86034.899910547,10.5738289518486,16.1272675379825,16.115734769983,-0.0115327679995403,,,0.38192829266326,32576,32580
dwelling,7.89999999999999,0,86034.899910547,86220.7739464672,185.87403592022,16.115734769983,15.9132260858222,-0.20250868416081,,7.85454542700681,,32580,32659
planning,1,0,86220.7739464672,86244.5150589759,23.7411125087092,15.9132260858222,15.8873389188422,-0.0258871669799685,,,0.923235457455759,32659,32669
traveling,9.09999999999998,25.0798724079689,86244.5150589759,86522.1333483976,277.618289421633,15.8873389188422,15.5830076765598,-0.30433124228243,9.21724539643163,,,32669,32760
planning,0.2,0,86522.1333483976,86526.9634713827,4.83012298510585,15.5830076765598,15.5777290444974,-0.00527863206235324,,,0.145577721973054,32760,32762
dwelling,12.3,0,86526.9634713827,86785.3679906186,258.404519235875,15.5777290444974,15.2956039160055,-0.28212512849192,,12.2666665741009,,32762,32885
planning,1,0,86785.3679906186,86809.4976792183,24.1296885997872,15.2956039160055,15.269183739369,-0.0264201766365684,,,0.906325923388072,32885,32895
traveling,9.19999999999998,25.0798724079689,86809.4976792183,87083.7110711715,274.213391953162,15.269183739369,14.9675312656728,-0.301652473696151,9.39616051715191,,,32895,32987
planning,0.5,0,87083.7110711715,87096.1306646204,12.4195934488962,14.9675312656728,14.9538983943657,-0.0136328713070597,,,0.470875282846878,32987,32992
dwelling,10.9,0,87096.1306646204,87357.9039705308,261.773305910348,14.9538983943657,14.6663912815058,-0.287507112859922,,10.8818181764726,,32992,33101
planning,0.7,0,87357.9039705308,87377.1763791837,19.2724086529342,14.6663912815058,14.645157745964,-0.0212335355418052,,,0.693256430437911,33101,33108
traveling,8.39999999999999,21.4709105535839,87377.1763791837,87648.8274174215,271.651038237775,14.645157745964,14.3445842005091,-0.300573545454901,8.48145210378983,,,33108,33192
planning,0.3,0,87648.8274174215,87656.6832640545,7.8558466329996,14.3445842005091,14.3359179796569,-0.00866622085218438,,,0.298918350339961,33192,33195
dwelling,18.5,0,87656.6832640545,88115.8849627177,459.201698663193,14.3359179796569,13.8288830722835,-0.507034907373448,,18.458823523374,,33195,33380
planning,0.4,0,88115.8849627177,88126.9753717952,11.0904090775148,13.8288830722835,13.8165931817416,-0.0122898905418989,,,0.377098632222289,33380,33384
traveling,8.39999999999999,21.4709105535839,88126.9753717952,88424.1858758444,297.210504049246,13.8165931817416,13.4851459442487,-0.331447237492863,8.53001006661866,,,33384,33468
planning,1,0,88424.1858758444,88453.4609762375,29.2751003930462,13.4851459442487,13.4525913664875,-0.0325545777612088,,,0.916297899664171,33468,33478
dwelling,11.9,0,88453.4609762375,88740.0239777974,286.56300155996,13.4525913664875,13.1345734437171,-0.318017922770407,,11.8727272656355,,33478,33597
planning,0.2,0,88740.0239777974,88745.3561191957,5.3321413982485,13.1345734437171,13.1286395777966,-0.00593386592047551,,,0.136908165141959,33597,33599
traveling,5.2,9,88745.3561191957,88901.6567421431,156.300622947383,13.1286395777966,12.9541941818521,-0.174445395944581,5.33780193129973,,,33599,33651
planning,0.6,0,88901.6567421431,88916.6877377843,15.0309956412239,12.9541941818521,12.9374615030189,-0.0167326788331064,,,0.507242047484672,33651,33657
dwelling,11.9,0,88916.6877377843,89190.8570116511,274.169273866835,12.9374615030189,12.6322808251967,-0.305180677822252,,11.8666666300952,,33657,33776
planning,0.6,0,89190.8570116511,89207.4454569618,16.5884453106555,12.6322808251967,12.6137396427565,-0.0185411824401793,,,0.58069940614704,33776,33782
traveling,5.3,9,89207.4454569618,89365.8058235775,158.360366615685,12.6137396427565,12.4363410766974,-0.177398566059098,5.46816035890535,,,33782,33835
planning,0.9,0,89365.8058235775,89387.3939626605,21.5881390830036,12.4363410766974,12.4122325474005,-0.0241085292969228,,,0.828922803144916,33835,33844
dwelling,7.59999999999999,0,89387.3939626605,89554.0285215462,166.634558885737,12.4122325474005,12.2262396728299,-0.185992874570564,,7.50000000003778,,33844,33920
planning,1,0,89554.0285215462,89581.0778587923,27.0493372460624,12.2262396728299,12.1959238470318,-0.0303158257981782,,,0.98983723132801,33920,33930
traveling,9.09999999999998,25.0798724079689,89581.0778587923,89897.9761506334,316.898291841178,12.1959238470318,11.83833965719,-0.357584189841768,9.21724539611794,,,33930,34021
planning,0.2,0,89897.9761506334,89903.4422286722,5.4660780387203,11.83833965719,11.8321946046792,-0.00614505251081354,,,0.137874194236028,34021,34023
dwelling,12.3,0,89903.4422286722,90153.417100233,249.974871560815,11.8321946046792,11.552097538405,-0.28009706627414,,12.2444444020495,,34023,34146
planning,0.1,0,90153.417100233,90155.4584253722,2.04132513923105,11.552097538405,11.5498078290792,-0.00228970932578498,,,0.0325262084798672,34146,34147
traveling,9.19999999999998,25.0798724079689,90155.4584253722,90416.111959909,260.653534536759,11.5498078290792,11.2555013265125,-0.294306502566769,9.39616051715206,,,34147,34239
planning,0.5,0,90416.111959909,90428.1506027933,12.0386428843049,11.2555013265125,11.2419330210634,-0.0135683054491231,,,0.47312306784625,34239,34244
dwelling,10.6,0,90428.1506027933,90669.2931332369,241.142530443642,11.2419330210634,10.9700643055775,-0.271868715485871,,10.5545454208167,,34244,34350
planning,0.2,0,90669.2931332369,90674.3649535131,5.07182027619274,10.9700643055775,10.9643301257986,-0.00573417977887303,,,0.196698677536083,34350,34352
traveling,8.39999999999999,21.4709105535839,90674.3649535131,90911.1447232326,236.779769719535,10.9643301257986,10.6957966808644,-0.268533444934224,8.48145292023694,,,34352,34436
planning,0.6,0,90911.1447232326,90924.2197324368,13.0750092041562,10.6957966808644,10.6810147308952,-0.0147819499691479,,,0.527534741466436,34436,34442
dwelling,17.9,0,90924.2197324368,91303.2566599184,379.036927481633,10.6810147308952,10.2518253103425,-0.429189420552769,,17.8588235035256,,34442,34621
planning,1,0,91303.2566599184,91329.1237446689,25.8670847504982,10.2518253103425,10.2223898321462,-0.0294354781963033,,,0.939937335098645,34621,34631
traveling,0,21.4709105535839,91329.1237446689,,,10.2223898321462,,,8.53001006648394,,,34631,
