phase_type,duration,distance,energy_start,energy_end,energy_consumed,battery_start,battery_end,battery_delta,rho,tau,planning_time,start_time,end_time
traveling,9.59999999999998,5,0,249.322301136258,249.322301136258,100,99.7690855645736,-0.230914435426399,10,,,1,97
planning,1,0,249.322301136258,272.734104786356,23.4118036500985,99.7690855645736,99.7474255219166,-0.0216600426570324,,,0.969527099446241,97,107
dwelling,4,0,272.734104786356,352.457950201001,79.7238454146449,99.7474255219166,99.6737766150447,-0.0736489068718669,,3.93333333078801,,107,147
planning,0.5,0,352.457950201001,364.276642278366,11.8186920773649,99.6737766150447,99.6628406178178,-0.0109359972268521,,,0.451862521740751,147,152
traveling,2.7,3.16227766016838,364.276642278366,438.783365742169,74.5067234638028,99.6628406178178,99.5937736993265,-0.0690669184913304,2.70412273837951,,,152,179
planning,0.6,0,438.783365742169,452.577156732542,13.7937909903735,99.5937736993265,99.5810131742474,-0.0127605250790879,,,0.59237049958856,179,185
dwelling,4.4,0,452.577156732542,542.366714287529,89.7895575549871,99.5810131742474,99.4980410412676,-0.082972132979819,,4.30588233255472,,185,229
planning,0.5,0,542.366714287529,554.123807996452,11.7570937089223,99.4980410412676,99.4871615421403,-0.0108794991272845,,,0.462163656898783,229,234
traveling,2.8,3.16227766016838,554.123807996452,631.436674811406,77.312866814954,99.4871615421403,99.415484226901,-0.0716773152393415,2.8290264442891,,,234,262
planning,0.3,0,631.436674811406,638.519507855017,7.08283304361191,99.415484226901,99.4089295386113,-0.00655468828972516,,,0.269565780928843,262,265
dwelling,3.2,0,638.519507855017,708.908395103959,70.3888872489418,99.4089295386113,99.3438330747231,-0.0650964638881248,,3.19999998559721,,265,297
planning,0.9,0,708.908395103959,732.229073700088,23.320678596129,99.3438330747231,99.3222284758309,-0.0216045988922247,,,0.866872347898311,297,306
traveling,4.1,7.81024967590665,732.229073700088,856.685624692464,124.456550992376,99.3222284758309,99.2066921988819,-0.115536276949015,4.00770951967605,,,306,347
planning,0.8,0,856.685624692464,877.47351049624,20.7878858037758,99.2066921988819,99.1874319567653,-0.0192602421166299,,,0.711082223837789,347,355
dwelling,4.2,0,877.47351049624,975.187667485845,97.7141569896048,99.1874319567653,99.0970036736675,-0.090428283097765,,4.15555552281519,,355,397
planning,0.9,0,975.187667485845,999.253243307945,24.0655758220998,99.0970036736675,99.074697754058,-0.0223059196095363,,,0.872777381108029,397,406
traveling,4.3,7.81024967590665,999.253243307945,1145.12716745963,145.873924151684,99.074697754058,98.9390249673325,-0.135672786725451,4.26643732288804,,,406,449
planning,0.1,0,1145.12716745963,1148.0168536797,2.88968622007269,98.9390249673325,98.9363438015198,-0.00268116581271727,,,0.0954245759086384,449,450
dwelling,4.6,0,1148.0168536797,1259.82172495463,111.804871274925,98.9363438015198,98.8328118536549,-0.103531947864909,,4.5333333058272,,450,496
planning,0.5,0,1259.82172495463,1273.38967866863,13.5679537140022,98.8328118536549,98.8202319328726,-0.0125799207822723,,,0.47891046217376,496,501
traveling,2.6,3.16227766016838,1273.38967866863,1352.27594449884,78.8862658302153,98.8202319328726,98.7469811843117,-0.0732507485609233,2.57029881044796,,,501,527
planning,0.9,0,1352.27594449884,1375.48124437724,23.2052998783995,98.7469811843117,98.7254773842916,-0.0215038000201417,,,0.893385980389102,527,536
dwelling,4.2,0,1375.48124437724,1474.30755222874,98.8263078514974,98.7254773842916,98.6339850551017,-0.0914923291898759,,4.16470585570666,,536,578
planning,0.3,0,1474.30755222874,1481.96021635369,7.65266412494748,98.6339850551017,98.6268939514226,-0.00709110367907329,,,0.257177751494355,578,581
traveling,5.1,12.6491106406735,1481.96021635369,1654.69414709899,172.733930745304,98.6268939514226,98.4661930331486,-0.160700918274046,5.09417329519201,,,581,632
planning,0.3,0,1654.69414709899,1662.21681774196,7.52267064296211,98.4661930331486,98.4592230323659,-0.0069700007826583,,,0.247828940801121,632,635
dwelling,8.09999999999999,0,1662.21681774196,1852.20608858234,189.989270840385,98.4592230323659,98.2833015095039,-0.175921522861969,,8.0444444407163,,635,716
planning,1,0,1852.20608858234,1875.69398650428,23.4878979219411,98.2833015095039,98.2615519329318,-0.0217495765721196,,,0.991422186890902,716,726
traveling,5.9,15.2970585407784,1875.69398650428,2057.18225108751,181.488264583233,98.2615519329318,98.092910928001,-0.168641004930777,5.86113549049512,,,726,785
planning,0.7,0,2057.18225108751,2075.43784296867,18.2555918811604,98.092910928001,98.0759852422146,-0.016925685786461,,,0.695728628287784,785,792
dwelling,8.69999999999999,0,2075.43784296867,2287.46122560028,212.023382631605,98.0759852422146,97.8795389198374,-0.196446322377156,,8.63333333275916,,792,879
planning,1,0,2287.46122560028,2313.22294210061,25.7617165003326,97.8795389198374,97.8556542227896,-0.0238846970478193,,,0.910888998361683,879,889
traveling,2.8,3.16227766016838,2313.22294210061,2393.16844210517,79.9455000045537,97.8556542227896,97.7814372003298,-0.0742170224597629,2.77711152540751,,,889,917
planning,0.1,0,2393.16844210517,2395.77587870853,2.60743660336766,97.7814372003298,97.7790192857441,-0.00241791458570617,,,0.0366882924681551,917,918
dwelling,5.8,0,2395.77587870853,2524.20340844589,128.42752973736,97.7790192857441,97.6601266877577,-0.118892597986431,,5.75882349995135,,918,976
planning,0.6,0,2524.20340844589,2538.80347624093,14.600067795031,97.6601266877577,97.6465971460299,-0.0135295417278201,,,0.540912385093955,976,982
traveling,4.9,10.6301458127346,2538.80347624093,2685.53154393567,146.728067694741,97.6465971460299,97.5102603598113,-0.136336786218564,4.88533990564845,,,982,1031
planning,0.7,0,2685.53154393567,2702.3221121277,16.7905681920329,97.5102603598113,97.4947018517803,-0.0155585080309919,,,0.655858316800552,1031,1038
dwelling,6.19999999999999,0,2702.3221121277,2832.30944188173,129.987329754035,97.4947018517803,97.3744040206124,-0.120297831167903,,6.1777777757006,,1038,1100
planning,0.3,0,2832.30944188173,2839.13607976403,6.82663788229547,97.3744040206124,97.3680812386975,-0.00632278191493185,,,0.225701760265541,1100,1103
traveling,4.3,7.81024967590665,2839.13607976403,2959.03473660812,119.898656844093,97.3680812386975,97.2567619162351,-0.111319322462421,4.25071421939408,,,1103,1146
planning,0.4,0,2959.03473660812,2968.18760963031,9.1528730221853,97.2567619162351,97.2482835206486,-0.00847839558646513,,,0.303259065468134,1146,1150
dwelling,7.99999999999999,0,2968.18760963031,3143.3771246415,175.189515011195,97.2482835206486,97.0860625274664,-0.162220993182217,,7.96666665658122,,1150,1230
planning,0.6,0,3143.3771246415,3158.60732784153,15.2302032000312,97.0860625274664,97.0719375654904,-0.0141249619760231,,,0.505348326902445,1230,1236
traveling,2.6,3.16227766016838,3158.60732784153,3230.51371346856,71.9063856270272,97.0719375654904,97.0051770838167,-0.06676048167364,2.57029880363185,,,1236,1262
planning,0.9,0,3230.51371346856,3252.65832910308,22.1446156345196,97.0051770838167,96.9846454675463,-0.0205316162704179,,,0.804040298289809,1262,1271
dwelling,4,0,3252.65832910308,3342.12995481442,89.4716257113414,96.9846454675463,96.9017696162108,-0.0828758513355012,,3.93529409623138,,1271,1311
planning,0.4,0,3342.12995481442,3352.50293359604,10.3729787816155,96.9017696162108,96.8921459958436,-0.00962362036717934,,,0.321500723526253,1311,1315
traveling,5.1,12.6491106406735,3352.50293359604,3528.34022947303,175.837295876993,96.8921459958436,96.7283509727226,-0.163795023120983,5.09417244637449,,,1315,1366
planning,0.2,0,3528.34022947303,3533.80958569847,5.46935622543515,96.7283509727226,96.7232730198748,-0.00507795284782731,,,0.141444133407327,1366,1368
dwelling,6.89999999999999,0,3533.80958569847,3699.33864126368,165.529055565214,96.7232730198748,96.5698072912043,-0.153465728670554,,6.84444444466783,,1368,1437
planning,0.5,0,3699.33864126368,3712.56218518409,13.2235439204105,96.5698072912043,96.5575336867818,-0.0122736044224467,,,0.473100273982631,1437,1442
traveling,5.9,15.2970585407784,3712.56218518409,3905.15966259648,192.597477412386,96.5575336867818,96.3782414322302,-0.179292254551655,5.86113579972006,,,1442,1501
planning,0.3,0,3905.15966259648,3913.5247424233,8.36507982682133,96.3782414322302,96.3704713918215,-0.00777004040867268,,,0.205535168651175,1501,1504
dwelling,8.39999999999999,0,3913.5247424233,4136.25043771304,222.725695289747,96.3704713918215,96.1636988546032,-0.206772537218299,,8.39999999583972,,1504,1588
planning,0.9,0,4136.25043771304,4165.11591499091,28.8654772778636,96.1636988546032,96.1368329487151,-0.0268659058881155,,,0.852711489156866,1588,1597
traveling,2.8,3.16227766016838,4165.11591499091,4266.33642567478,101.220510683868,96.1368329487151,96.0424405320589,-0.0943924166561345,2.77711271804195,,,1597,1625
planning,0.9,0,4266.33642567478,4293.57232583273,27.235900157958,96.0424405320589,96.0171097508109,-0.0253307812480301,,,0.872412612957616,1625,1634
dwelling,4.5,0,4293.57232583273,4410.07830875214,116.505982919403,96.0171097508109,95.9089561628343,-0.108153587976616,,4.49999998548959,,1634,1679
planning,0.6,0,4410.07830875214,4426.34681826231,16.2685095101779,95.9089561628343,95.8938454656361,-0.0151106971981676,,,0.590854080751078,1679,1685
traveling,4.9,10.6301458127346,4426.34681826231,4585.74098082821,159.394162565895,95.8938454656361,95.7454151543986,-0.148430311237519,4.88533990588758,,,1685,1734
planning,0.9,0,4585.74098082821,4609.2468876325,23.5059068042929,95.7454151543986,95.7235894373128,-0.0218257170858038,,,0.843065182439971,1734,1743
dwelling,6.1,0,4609.2468876325,4745.43292529993,136.186037667425,95.7235894373128,95.5973422678979,-0.12624716941491,,6.04444442093913,,1743,1804
planning,0.9,0,4745.43292529993,4769.39909095707,23.9661656571443,95.5973422678979,95.575081853562,-0.022260414335932,,,0.848414687465673,1804,1813
traveling,4.3,7.81024967590665,4769.39909095707,4909.74023109754,140.341140140472,95.575081853562,95.4443549373727,-0.130726916189218,4.25071421941237,,,1813,1856
planning,1,0,4909.74023109754,4936.83283602688,27.0926049293312,95.4443549373727,95.4191830099756,-0.0251719273971815,,,0.951631723787808,1856,1866
dwelling,7.49999999999999,0,4936.83283602688,5107.69115465907,170.858318632198,95.4191830099756,95.2607284086285,-0.158454601347046,,7.43333332337959,,1866,1941
planning,0.3,0,5107.69115465907,5115.35885436599,7.66769970691985,95.2607284086285,95.2536083215457,-0.00712008708283918,,,0.252144264253786,1941,1944
traveling,2.6,3.16227766016838,5115.35885436599,5190.79753947176,75.4386851057679,95.2536083215457,95.1834452779272,-0.0701630436184359,2.57029880629615,,,1944,1970
planning,0.5,0,5190.79753947176,5202.76141220436,11.9638727326001,95.1834452779272,95.172343242975,-0.011102034952188,,,0.469619084517197,1970,1975
dwelling,4.5,0,5202.76141220436,5297.45185476531,94.6904425609491,95.172343242975,95.0845822308499,-0.0877610121251138,,4.42352937660696,,1975,2020
planning,0.6,0,5297.45185476531,5311.60810116996,14.1562464046492,95.0845822308499,95.0714468240574,-0.0131354067925002,,,0.513258838255042,2020,2026
traveling,5.1,12.6491106406735,5311.60810116996,5459.71308674997,148.104985580014,95.0714468240574,94.9336682166925,-0.137778607364908,5.09417244624946,,,2026,2077
planning,0.5,0,5459.71308674997,5471.01960193785,11.3065151878745,94.9336682166925,94.9231805215141,-0.0104876951784689,,,0.421393418271528,2077,2082
dwelling,6.49999999999999,0,5471.01960193785,5609.629799585,138.61019764715,94.9231805215141,94.7946745007627,-0.128506020751345,,6.48888888872737,,2082,2147
planning,0.4,0,5609.629799585,5619.17344929865,9.54364971365158,94.7946745007627,94.7858163281004,-0.00885817266228628,,,0.34497580143973,2147,2151
traveling,5.9,15.2970585407784,5619.17344929865,5800.88010521886,181.706655920208,94.7858163281004,94.6166066622923,-0.169209665808083,5.86113579986804,,,2151,2210
planning,0.1,0,5800.88010521886,5803.3887184081,2.50861318923944,94.6166066622923,94.6142766963485,-0.00232996594380097,,,0.0436301139009891,2210,2211
dwelling,8.69999999999999,0,5803.3887184081,5992.87906115458,189.490342746482,94.6142766963485,94.4385240724817,-0.175752623866885,,8.63333333166899,,2211,2298
planning,0.2,0,5992.87906115458,5998.15106612367,5.27200496909427,94.4385240724817,94.4336241455726,-0.00489992690901886,,,0.133731126605655,2298,2300
traveling,2.8,3.16227766016838,5998.15106612367,6085.76611755178,87.6150514281071,94.4336241455726,94.3520000437781,-0.0816241017945316,2.77711270681145,,,2300,2328
planning,0.7,0,6085.76611755178,6104.89504396719,19.1289264154102,94.3520000437781,94.3342123654244,-0.017787678353713,,,0.624435457029138,2328,2335
dwelling,4.6,0,6104.89504396719,6216.7358404186,111.84079645141,94.3342123654244,94.2303475494664,-0.103864815958019,,4.55882350254265,,2335,2381
planning,0.5,0,6216.7358404186,6229.55489460437,12.819054185773,94.2303475494664,94.2184352778659,-0.011912271600437,,,0.406476512497946,2381,2386
traveling,4.9,10.6301458127346,6229.55489460437,6389.75592351445,160.201028910077,94.2184352778659,94.0690586415246,-0.14937663634133,4.88533990551989,,,2386,2435
planning,0.4,0,6389.75592351445,6401.01792559956,11.2620020851118,94.0690586415246,94.0585804230552,-0.0104782184694443,,,0.308054231747404,2435,2439
dwelling,6.49999999999999,0,6401.01792559956,6555.556498925,154.538573325437,94.0585804230552,93.9150679683604,-0.143512454694729,,6.44444442256611,,2439,2504
planning,0.3,0,6555.556498925,6563.71621671264,8.15971778764106,93.9150679683604,93.9074785569091,-0.00758941145134884,,,0.204336112973303,2504,2507
traveling,4.3,7.81024967590665,6563.71621671264,6707.59563279707,143.879416084434,93.9074785569091,93.7732558343027,-0.134222722606381,4.25071421932805,,,2507,2550
planning,0.5,0,6707.59563279707,6721.98385100492,14.3882182078441,93.7732558343027,93.7598625084391,-0.0133933258635892,,,0.463053178886709,2550,2555
dwelling,7.69999999999999,0,6721.98385100492,6928.0455679574,206.061716952485,93.7598625084391,93.5682031781627,-0.191659330276366,,7.63333333321244,,2555,2632
planning,0.9,0,6928.0455679574,6955.5922095517,27.5466415942983,93.5682031781627,93.542536516515,-0.0256666616477617,,,0.889083201787886,2632,2641
traveling,2.6,3.16227766016838,6955.5922095517,7047.13260116535,91.5403916136456,93.542536516515,93.4570561286092,-0.0854803879057613,2.57029880409175,,,2641,2667
planning,0.7,0,7047.13260116535,7066.69334925782,19.5607480924782,93.4570561286092,93.4388506296659,-0.0182054989433595,,,0.622668518980613,2667,2674
dwelling,4.2,0,7066.69334925782,7171.36519866183,104.671849404005,93.4388506296659,93.3415566945414,-0.097293935124469,,4.15294117314201,,2674,2716
planning,1,0,7171.36519866183,7198.27623774457,26.9110390827364,93.3415566945414,93.3165195311178,-0.0250371634236046,,,0.97496176312802,2716,2726
traveling,5.1,12.6491106406735,7198.27623774457,7365.54791358541,167.271675840844,93.3165195311178,93.1604632352973,-0.156056295820449,5.09417244602395,,,2726,2777
planning,0.2,0,7365.54791358541,7371.07701292304,5.5290993376293,93.1604632352973,93.1553168408826,-0.00514639441472298,,,0.177735294440237,2777,2779
dwelling,6.69999999999999,0,7371.07701292304,7542.39970563632,171.322692713276,93.1553168408826,92.9959888243223,-0.159328016560281,,6.68888886028247,,2779,2846
planning,0.5,0,7542.39970563632,7557.91906062591,15.5193549895903,92.9959888243223,92.98152001196,-0.0144688123623524,,,0.456623803485873,2846,2851
traveling,5.9,15.2970585407784,7557.91906062591,7782.17141395033,224.252353324425,92.98152001196,92.7717358508495,-0.209784161110477,5.86113580030452,,,2851,2910
planning,0.7,0,7782.17141395033,7802.03878794148,19.8673739911537,92.7717358508495,92.7532322778966,-0.0185035729529091,,,0.624713125572741,2910,2917
dwelling,8.19999999999999,0,7802.03878794148,7994.3833372308,192.344549289315,92.7532322778966,92.5744683743193,-0.178763903577263,,8.13333329119616,,2917,2999
planning,0.3,0,7994.3833372308,8001.91688893812,7.53355170731902,92.5744683743193,92.5674611893495,-0.00700718496986497,,,0.213094075635668,2999,3002
traveling,2.8,3.16227766016838,8001.91688893812,8085.57612633432,83.6592373962048,92.5674611893495,92.4894711870844,-0.0779900022650537,2.77711270956043,,,3002,3030
planning,0.5,0,8085.57612633432,8099.32764655059,13.7515202162667,92.4894711870844,92.4766660635774,-0.0128051235070075,,,0.45788933106015,3030,3035
dwelling,4.8,0,8099.32764655059,8215.69773429035,116.370087739761,92.4766660635774,92.3684564019899,-0.10820966158748,,4.79411761508599,,3035,3083
planning,0.4,0,8215.69773429035,8226.68688787467,10.9891535843199,92.3684564019899,92.3582227847104,-0.0102336172795532,,,0.350922868814676,3083,3087
traveling,4.9,10.6301458127346,8226.68688787467,8388.26307404321,161.576186168537,92.3582227847104,92.2073580705807,-0.150864714129725,4.88533990580913,,,3087,3136
planning,0.5,0,8388.26307404321,8402.53756775465,14.2744937114439,92.2073580705807,92.1940570058929,-0.0133010646877949,,,0.435564472218515,3136,3141
dwelling,6.49999999999999,0,8402.53756775465,8568.00770096625,165.470133211602,92.1940570058929,92.0400725985795,-0.153984407313359,,6.42222221966106,,3141,3206
planning,0.3,0,8568.00770096625,8576.41056015547,8.40285918921654,92.0400725985795,92.0322437037219,-0.00782889485761018,,,0.219526625730041,3206,3209
traveling,4.3,7.81024967590665,8576.41056015547,8733.13699651384,156.726436358371,92.0322437037219,91.8856174218312,-0.146626281890676,4.25071421932784,,,3209,3252
planning,0.9,0,8733.13699651384,8761.61872905812,28.4817325442782,91.8856174218312,91.8590346931986,-0.0265827286325901,,,0.824150808871558,3252,3261
dwelling,7.29999999999999,0,8761.61872905812,8952.49976028945,190.881031231329,91.8590346931986,91.6813012763532,-0.17773341684547,,7.23333332713831,,3261,3334
planning,0.2,0,8952.49976028945,8957.93928494254,5.43952465308757,91.6813012763532,91.6762337922651,-0.00506748408804469,,,0.141585850524027,3334,3336
traveling,2.6,3.16227766016838,8957.93928494254,9040.32709115541,82.387806212877,91.6762337922651,91.5993190951505,-0.0769146971146455,2.570298801833,,,3336,3362
planning,0.3,0,9040.32709115541,9048.49698695223,8.16989579681285,91.5993190951505,91.5917073898617,-0.00761170528875255,,,0.210845529549884,3362,3365
dwelling,4.5,0,9048.49698695223,9152.81432664448,104.317339692254,91.5917073898617,91.4946879577683,-0.0970194320933615,,4.44705880593676,,3365,3410
planning,0.2,0,9152.81432664448,9158.0622901958,5.24796355132094,91.4946879577683,91.4898003147224,-0.00488764304598988,,,0.14223556302241,3410,3412
traveling,5.1,12.6491106406735,9158.0622901958,9327.31600817459,169.253717978787,91.4898003147224,91.3316471887238,-0.158153125998581,5.09417244566901,,,3412,3463
planning,0.3,0,9327.31600817459,9335.27286297587,7.95685480127941,91.3316471887238,91.3242348226718,-0.00741236605199447,,,0.277016588629914,3463,3466
dwelling,6.49999999999999,0,9335.27286297587,9484.5214352882,149.248572312328,91.3242348226718,91.185410219232,-0.138824603439815,,6.43333332238345,,3466,3531
planning,0.5,0,9484.5214352882,9497.25281544395,12.7313801557502,91.185410219232,91.1735542871791,-0.0118559320528675,,,0.457741332246507,3531,3536
traveling,5.9,15.2970585407784,9497.25281544395,9681.09573493536,183.842919491412,91.1735542871791,91.0018778731645,-0.171676414014641,5.86113579896769,,,3536,3595
planning,0.5,0,9681.09573493536,9693.55576373712,12.4600288017627,91.0018778731645,90.9902758324827,-0.0116020406817512,,,0.424200872665876,3595,3600
dwelling,7.99999999999999,0,9693.55576373712,9871.17906272993,177.623298992807,90.9902758324827,90.8250690725474,-0.165206759935316,,7.99999995773003,,3600,3680
planning,0.6,0,9871.17906272993,9887.31310158684,16.1340388569115,90.8250690725474,90.8100307839303,-0.0150382886170632,,,0.594401925323275,3680,3686
traveling,2.8,3.16227766016838,9887.31310158684,9978.20717466503,90.8940730781887,90.8100307839303,90.7250834159071,-0.0849473680232649,2.77711270690449,,,3686,3714
planning,0.8,0,9978.20717466503,9999.62535057328,21.4181759082549,90.7250834159071,90.7051193274466,-0.0199640884605117,,,0.736052490263196,3714,3722
dwelling,4.5,0,9999.62535057328,10104.9699012008,105.344550627506,90.7051193274466,90.607067912523,-0.0980514149235603,,4.45882350302029,,3722,3767
planning,1,0,10104.9699012008,10130.7731343101,25.8032331093254,90.607067912523,90.5830246024986,-0.0240433100244388,,,0.945856202708213,3767,3777
traveling,4.9,10.6301458127346,10130.7731343101,10287.2032055699,156.430071259763,90.5830246024986,90.4368370973262,-0.14618750517235,4.88533990531164,,,3777,3826
planning,0.5,0,10287.2032055699,10300.4964351967,13.2932296268718,90.4368370973262,90.4244446193162,-0.0123924780099856,,,0.423015251378059,3826,3831
dwelling,6.29999999999999,0,10300.4964351967,10444.4143423832,143.917907186435,90.4244446193162,90.2904914577852,-0.133953161531011,,6.28888887056587,,3831,3894
planning,0.9,0,10444.4143423832,10470.3256775434,25.9113351601991,90.2904914577852,90.2663092692087,-0.0241821885765461,,,0.870536710590933,3894,3903
traveling,4.3,7.81024967590665,10470.3256775434,10617.44075922,147.115081676648,90.2663092692087,90.1286471042536,-0.137662164955103,4.25071421942175,,,3903,3946
planning,0.5,0,10617.44075922,10631.4365370699,13.9957778498992,90.1286471042536,90.1155883895493,-0.0130587147042434,,,0.44603873660914,3946,3951
dwelling,7.99999999999999,0,10631.4365370699,10830.8477384652,199.411201395258,90.1155883895493,89.9297658267378,-0.185822562811495,,7.96666666672741,,3951,4031
planning,0.5,0,10830.8477384652,10844.6084375007,13.7606990355052,89.9297658267378,89.9169271540134,-0.0128386727244418,,,0.491641559411625,4031,4036
traveling,2.6,3.16227766016838,10844.6084375007,10925.9221372345,81.3136997338406,89.9169271540134,89.8409274956888,-0.0759996583246192,2.57029880629615,,,4036,4062
planning,0.4,0,10925.9221372345,10937.1920792826,11.2699420480876,89.8409274956888,89.8304088732248,-0.010518622464005,,,0.365067392186683,4062,4066
dwelling,4.6,0,10937.1920792826,11044.9359212385,107.743841955888,89.8304088732248,89.7300554542797,-0.100353418945005,,4.52352939750123,,4066,4112
planning,0.3,0,11044.9359212385,11052.9144793198,7.97855808133863,89.7300554542797,89.7226134022561,-0.00744205202364867,,,0.245936387430379,4112,4115
traveling,5.1,12.6491106406735,11052.9144793198,11221.7596796274,168.845200307511,89.7226134022561,89.5646274981994,-0.157985904056702,5.09417244612815,,,4115,4166
planning,0.2,0,11221.7596796274,11226.8871440232,5.1274643957986,89.5646274981994,89.5598462483866,-0.00478124981282235,,,0.17215096912802,4166,4168
dwelling,6.79999999999999,0,11226.8871440232,11389.4740809644,162.586936941239,89.5598462483866,89.4083417297803,-0.151504518606245,,6.73333332887377,,4168,4236
planning,0.5,0,11389.4740809644,11402.7108692435,13.2367882790568,89.4083417297803,89.3959925372052,-0.0123491925751438,,,0.484634563689655,4236,4241
traveling,5.9,15.2970585407784,11402.7108692435,11594.9636906337,192.25282139027,89.3959925372052,89.2161010007001,-0.179891536505096,5.86113579958473,,,4241,4300
planning,0.8,0,11594.9636906337,11615.6831733204,20.7194826866416,89.2161010007001,89.1967727695843,-0.019328231115793,,,0.700849925941119,4300,4308
dwelling,7.89999999999999,0,11615.6831733204,11791.4788283377,175.795655017346,89.1967727695843,89.0330326960338,-0.163740073550542,,7.86666665862252,,4308,4387
planning,0.4,0,11791.4788283377,11802.1623223375,10.6834939997698,89.0330326960338,89.0230615417007,-0.00997115433310114,,,0.396274557921413,4387,4391
traveling,2.8,3.16227766016838,11802.1623223375,11885.8207992102,83.658476872688,89.0230615417007,88.9448618123589,-0.078199729341776,2.77711270951948,,,4391,4419
planning,0.8,0,11885.8207992102,11906.9041531443,21.0833539341402,88.9448618123589,88.9251858263713,-0.0196759859875613,,,0.731882571168563,4419,4427
dwelling,4.5,0,11906.9041531443,12017.5824847741,110.678331629802,88.9251858263713,88.8219707714332,-0.103215054938133,,4.49411761486411,,4427,4472
planning,0.6,0,12017.5824847741,12035.7425753495,18.1600905753639,88.8219707714332,88.8049915385382,-0.0169792328949399,,,0.583940581716284,4472,4478
traveling,4.9,10.6301458127346,12035.7425753495,12213.4059808621,177.663405512656,88.8049915385382,88.6383936167429,-0.166597921795372,4.88533990560262,,,4478,4527
planning,0.7,0,12213.4059808621,12233.2628224121,19.8568415499667,88.6383936167429,88.6198409688352,-0.0185526479076259,,,0.630226871716338,4527,4534
dwelling,6.19999999999999,0,12233.2628224121,12382.8828334768,149.620011064679,88.6198409688352,88.4803001530777,-0.139540815757584,,6.16666665269329,,4534,4596
planning,0.9,0,12382.8828334768,12407.1027194494,24.2198859726341,88.4803001530777,88.4576827989285,-0.0226173541492045,,,0.809754794979707,4596,4605
traveling,4.3,7.81024967590665,12407.1027194494,12555.474454557,148.371735107628,88.4576827989285,88.3186151112821,-0.139067687646317,4.25071421939444,,,4605,4648
planning,0.7,0,12555.474454557,12575.8570828079,20.3826282508326,88.3186151112821,88.2995597647663,-0.0190553465158132,,,0.647157062330016,4648,4655
dwelling,7.69999999999999,0,12575.8570828079,12782.2734022628,206.416319454887,88.2995597647663,88.1067664190939,-0.192793345672413,,7.66666666673372,,4655,4732
planning,0.6,0,12782.2734022628,12801.34804392,19.0746416572056,88.1067664190939,88.0889093270556,-0.0178570920382839,,,0.508646257159261,4732,4738
traveling,2.6,3.16227766016838,12801.34804392,12890.0393416172,88.6912976972399,88.0889093270556,88.005783956756,-0.083125370299669,2.5702988073983,,,4738,4764
planning,0.3,0,12890.0393416172,12898.4382627362,8.39892111901281,88.005783956756,87.9979339295845,-0.00785002717144323,,,0.200959322801424,4764,4767
dwelling,4.7,0,12898.4382627362,13019.0746631435,120.636400407298,87.9979339295845,87.8852927223791,-0.112641207205371,,4.64117644963286,,4767,4814
planning,1,0,13019.0746631435,13047.0256194308,27.9509562872918,87.8852927223791,87.859166041522,-0.0261266808571747,,,0.933585685562197,4814,4824
traveling,5.1,12.6491106406735,13047.0256194308,13227.9527183668,180.927098935974,87.859166041522,87.6894299318999,-0.169736109622065,5.09417244621969,,,4824,4875
planning,0.4,0,13227.9527183668,13238.8214036124,10.8686852456685,87.6894299318999,87.6792726068204,-0.0101573250795326,,,0.364556585437402,4875,4879
dwelling,6.59999999999999,0,13238.8214036124,13394.8301556474,156.00875203491,87.6792726068204,87.5336931037471,-0.145579503073293,,6.57777777700745,,4879,4945
planning,0.9,0,13394.8301556474,13417.8022303042,22.97207465682,87.5336931037471,87.5122374987114,-0.0214556050356691,,,0.823566638442069,4945,4954
traveling,5.9,15.2970585407784,13417.8022303042,13594.0568719372,176.254641633064,87.5122374987114,87.347249294651,-0.164988204060464,5.86113580116768,,,4954,5013
planning,0.3,0,13594.0568719372,13600.6654617039,6.60858976665077,87.347249294651,87.3410856536658,-0.00616364098519284,,,0.249732867253053,5013,5016
dwelling,8.79999999999999,0,13600.6654617039,13780.6787779334,180.013316229557,87.3410856536658,87.1732965523387,-0.167789101327088,,8.73333329257899,,5016,5104
planning,0.5,0,13780.6787779334,13792.2916693504,11.6128914169622,87.1732965523387,87.1624581633171,-0.010838389021572,,,0.41401108600602,5104,5109
traveling,2.8,3.16227766016838,13792.2916693504,13860.8056272263,68.5139578758881,87.1624581633171,87.0984748098157,-0.0639833535014134,2.77711271432186,,,5109,5137
planning,0.3,0,13860.8056272263,13867.14194795,6.33632072366527,87.0984748098157,87.0925662550999,-0.00590855471580198,,,0.250579977007197,5137,5140
dwelling,5.2,0,13867.14194795,13970.084158715,102.942210765081,87.0925662550999,86.9966253590742,-0.0959408960256951,,5.15294116806855,,5140,5192
planning,0.2,0,13970.084158715,13974.5300462383,4.44588752325035,86.9966253590742,86.9924772168673,-0.00414814220688697,,,0.159775474960941,5192,5194
traveling,4.9,10.6301458127346,13974.5300462383,14103.8099448199,129.279898581592,86.9924772168673,86.8716170316264,-0.120860185240943,4.88533990617788,,,5194,5243
planning,0.2,0,14103.8099448199,14108.4935327248,4.68358790488855,86.8716170316264,86.8672443269989,-0.00437270462744266,,,0.124105636025663,5243,5245
dwelling,6.89999999999999,0,14108.4935327248,14270.517207228,162.023674503205,86.8672443269989,86.7159585879046,-0.151285739094291,,6.82222218495694,,5245,5314
planning,0.9,0,14270.517207228,14295.8555975938,25.3383903658632,86.7159585879046,86.6922484487654,-0.0237101391392684,,,0.801893930138846,5314,5323
traveling,4.3,7.81024967590665,14295.8555975938,14443.4099109087,147.554313314855,86.6922484487654,86.5537596350733,-0.138488813692078,4.25071421939399,,,5323,5366
planning,0.7,0,14443.4099109087,14463.3948030981,19.9848921893863,86.5537596350733,86.5350531153064,-0.0187065197668943,,,0.660623508861089,5366,5373
dwelling,7.69999999999999,0,14463.3948030981,14639.1293964976,175.734593399518,86.5350531153064,86.3709645885171,-0.164088526789314,,7.66666666662609,,5373,5450
planning,0.4,0,14639.1293964976,14649.0246675645,9.8952710668982,86.3709645885171,86.3617166964788,-0.00924789203823195,,,0.345452123397658,5450,5454
traveling,2.6,3.16227766016838,14649.0246675645,14724.8902728678,75.8656053033465,86.3617166964788,86.2906647233033,-0.0710519731755852,2.57029880741222,,,5454,5480
planning,0.1,0,14724.8902728678,14727.5994799149,2.70920704708624,86.2906647233033,86.2881299189956,-0.00253480430761499,,,0.0787667351703317,5480,5481
dwelling,4.9,0,14727.5994799149,14850.1667766131,122.567296698122,86.2881299189956,86.1735520635547,-0.114577855440984,,4.84117643913887,,5481,5530
planning,0.6,0,14850.1667766131,14867.7096628567,17.5428862436365,86.1735520635547,86.1571208461906,-0.0164312173640724,,,0.583649136342473,5530,5536
traveling,5.1,12.6491106406735,14867.7096628567,15050.253020073,182.543357216262,86.1571208461906,85.9855975795588,-0.17152326663178,5.09417244619923,,,5536,5587
planning,0.7,0,15050.253020073,15070.7925214261,20.5395013531434,85.9855975795588,85.9663555441705,-0.0192420353882738,,,0.652026264663631,5587,5594
dwelling,6.29999999999999,0,15070.7925214261,15237.5749007177,166.782379291571,85.9663555441705,85.8102942021601,-0.156061342010432,,6.26666666649968,,5594,5657
planning,0.1,0,15237.5749007177,15240.3486097356,2.77370901793074,85.8102942021601,85.8076972087816,-0.00259699337848929,,,0.0242419382274065,5657,5658
traveling,5.9,15.2970585407784,15240.3486097356,15444.3337140334,203.985104297841,85.8076972087816,85.6160624616281,-0.191634747153543,5.86113579944261,,,5658,5717
planning,0.3,0,15444.3337140334,15452.3862205408,8.05250650740709,85.6160624616281,85.6085247216967,-0.00753773993133677,,,0.230045229508985,5717,5720
dwelling,8.39999999999999,0,15452.3862205408,15638.4542356346,186.068015093726,85.6085247216967,85.4347021435609,-0.173822578135812,,8.33333333248592,,5720,5804
planning,0.7,0,15638.4542356346,15656.3936919274,17.9394562928464,85.4347021435609,85.4179158411603,-0.0167863024006039,,,0.604597433473047,5804,5811
traveling,2.8,3.16227766016838,15656.3936919274,15733.1967933635,76.8031014360549,85.4179158411603,85.3459853583595,-0.0719304828007665,2.77711270845559,,,5811,5839
planning,1,0,15733.1967933635,15759.0075680087,25.8107746451788,85.3459853583595,85.3218297789347,-0.0241555794248853,,,0.909815365628716,5839,5849
dwelling,4.3,0,15759.0075680087,15859.3538563889,100.346288380197,85.3218297789347,85.2280170900614,-0.0938126888732143,,4.27647057239458,,5849,5892
planning,0.5,0,15859.3538563889,15872.6451395906,13.2912832017682,85.2280170900614,85.2155726095137,-0.012444480547785,,,0.45621229901864,5892,5897
traveling,4.9,10.6301458127346,15872.6451395906,16038.8115059434,166.166366352763,85.2155726095137,85.0594407588815,-0.156131850632207,4.88533990556294,,,5897,5946
planning,0.7,0,16038.8115059434,16058.2294281314,19.417922188024,85.0594407588815,85.0412476979846,-0.0181930608968628,,,0.606186361531185,5946,5953
dwelling,6.19999999999999,0,16058.2294281314,16197.8111664601,139.581738328667,85.0412476979846,84.9107679542365,-0.130479743748069,,6.15555552609355,,5953,6015
planning,0.7,0,16197.8111664601,16215.6591729861,17.8480065260555,84.9107679542365,84.8940604535966,-0.0167075006399102,,,0.642269921777775,6015,6022
traveling,4.3,7.81024967590665,16215.6591729861,16352.2697088256,136.610535839478,84.8940604535966,84.7657930492144,-0.128267404382186,4.25071421936692,,,6022,6065
planning,0.9,0,16352.2697088256,16376.0186060382,23.7488972125811,84.7657930492144,84.7435498482368,-0.0222432009775844,,,0.874341356842877,6065,6074
dwelling,7.39999999999999,0,16376.0186060382,16548.5652491879,172.546643149748,84.7435498482368,84.5821512094672,-0.161398638769626,,7.36666664476435,,6074,6148
planning,0.6,0,16548.5652491879,16563.9107490955,15.3454999075948,84.5821512094672,84.5677815933855,-0.0143696160816802,,,0.587031180995725,6148,6154
traveling,2.6,3.16227766016838,16563.9107490955,16639.0912451534,75.1804960578447,84.5677815933855,84.4972695619083,-0.0705120314772643,2.57029880501706,,,6154,6180
planning,0.6,0,16639.0912451534,16654.0113731771,14.9201280236884,84.4972695619083,84.483301605405,-0.0139679565032935,,,0.514966284520701,6180,6186
dwelling,4.3,0,16654.0113731771,16740.0802656716,86.068892494568,84.483301605405,84.4028963976152,-0.080405207789795,,4.288235264868,,6186,6229
planning,1,0,16740.0802656716,16762.0272158583,21.9469501866479,84.4028963976152,84.3823748949882,-0.0205215026270054,,,0.999263146971708,6229,6239
traveling,5.1,12.6491106406735,16762.0272158583,16915.0294217038,153.002205845514,84.3823748949882,84.2387439840115,-0.143630910976697,5.09417244617001,,,6239,6290
planning,0.1,0,16915.0294217038,16917.5183908634,2.48896915958903,84.2387439840115,84.2364133114323,-0.00233067257921959,,,0.0562618912427925,6290,6291
dwelling,6.89999999999999,0,16917.5183908634,17084.8139839687,167.295593105329,84.2364133114323,84.0797892487293,-0.15662406270296,,6.85555555239309,,6291,6360
planning,0.1,0,17084.8139839687,17087.5895903022,2.77560633348185,84.0797892487293,84.0771864351763,-0.00260281355299696,,,0.018950708204744,6360,6361
traveling,5.9,15.2970585407784,17087.5895903022,17274.3299923727,186.740402070507,84.0771864351763,83.9017257215494,-0.175460713626947,5.86113579985496,,,6361,6420
planning,0.1,0,17274.3299923727,17276.7250333189,2.39504094620861,83.9017257215494,83.8994832639099,-0.00224245763945419,,,0.0546320212987252,6420,6421
dwelling,8.69999999999999,0,17276.7250333189,17471.0008062362,194.275772917295,83.8994832639099,83.7176988760907,-0.181784387819235,,8.6333333269155,,6421,6508
planning,0.8,0,17471.0008062362,17492.8878187399,21.8870125037101,83.7176988760907,83.6971711096608,-0.0205277664298649,,,0.714981288582667,6508,6516
traveling,2.8,3.16227766016838,17492.8878187399,17582.5135911386,89.625772398711,83.6971711096608,83.6129223747989,-0.0842487348619443,2.7771127101961,,,6516,6544
planning,0.9,0,17582.5135911386,17608.679549264,26.1659581254025,83.6129223747989,83.5883599507756,-0.0245624240232445,,,0.864865485957829,6544,6553
dwelling,4.5,0,17608.679549264,17730.6646036048,121.98505434081,83.5883599507756,83.4739446928784,-0.114415257897164,,4.41176469589475,,6553,6598
planning,0.1,0,17730.6646036048,17733.6717951539,3.00719154909166,83.4739446928784,83.4711201863243,-0.00282450655416255,,,0.0958417629180105,6598,6599
traveling,4.9,10.6301458127346,17733.6717951539,17905.51469179,171.842896636084,83.4711201863243,83.3093073771764,-0.161812809147889,4.88533990568456,,,6599,6648
planning,0.8,0,17905.51469179,17926.8316180125,21.3169262224692,83.3093073771764,83.2893132147502,-0.0199941624262294,,,0.762014066530151,6648,6656
dwelling,6.1,0,17926.8316180125,18071.7575840892,144.925966076698,83.2893132147502,83.1535467630768,-0.135766451673334,,6.08888887836321,,6656,6717
planning,0.4,0,18071.7575840892,18082.4279062248,10.6703221355929,83.1535467630768,83.1435370416633,-0.0100097214134962,,,0.359568594365782,6717,6721
traveling,4.3,7.81024967590665,18082.4279062248,18217.9300205367,135.502114311905,83.1435370416633,83.0161160474599,-0.127420994203447,4.25071421931105,,,6721,6764
planning,0.4,0,18217.9300205367,18227.9569449085,10.0269243717994,83.0161160474599,83.0067155077254,-0.00940053973444321,,,0.346903697432282,6764,6768
dwelling,7.69999999999999,0,18227.9569449085,18408.9476969959,180.990752087433,83.0067155077254,82.8371355920911,-0.169579915634358,,7.66666662592939,,6768,6845
planning,0.8,0,18408.9476969959,18430.1501365613,21.2024395653789,82.8371355920911,82.8172413890133,-0.0198942030777829,,,0.780572315285528,6845,6853
traveling,2.6,3.16227766016838,18430.1501365613,18510.5883066104,80.4381700490885,82.8172413890133,82.7416008137167,-0.0756405752966316,2.57029880366677,,,6853,6879
planning,1,0,18510.5883066104,18537.022313914,26.4340073035892,82.7416008137167,82.7167961605118,-0.0248046532048676,,,0.97223732652362,6879,6889
dwelling,3.9,0,18537.022313914,18626.9588768431,89.9365629291278,82.7167961605118,82.6325274826275,-0.0842686778843387,,3.83529411712684,,6889,6928
planning,0.3,0,18626.9588768431,18635.0241393984,8.06526255530844,82.6325274826275,82.6249571562685,-0.00757032635901567,,,0.210541776039894,6928,6931
traveling,5.1,12.6491106406735,18635.0241393984,18806.6396234344,171.61548403596,82.6249571562685,82.4633376744303,-0.161619481838173,5.09417244589567,,,6931,6982
planning,0.4,0,18806.6396234344,18817.6778018524,11.0381784180536,82.4633376744303,82.4529718794098,-0.0103657950204479,,,0.341991388734291,6982,6986
dwelling,6.49999999999999,0,18817.6778018524,18977.2320176659,159.554215813514,82.4529718794098,82.3033308080621,-0.149641071347688,,6.43333332504343,,6986,7051
planning,0.1,0,18977.2320176659,18979.8713453569,2.63932769092571,82.3033308080621,82.3008532385058,-0.00247756955633349,,,0.0626561297203703,7051,7052
traveling,5.9,15.2970585407784,18979.8713453569,19168.1137368025,188.242391445685,82.3008532385058,82.1236668922538,-0.177186346251972,5.86113549030889,,,7052,7111
planning,1,0,19168.1137368025,19191.6930180407,23.5792812381296,82.1236668922538,82.1015567678629,-0.0221101243909771,,,0.945696558364199,7111,7121
dwelling,7.49999999999999,0,19191.6930180407,19359.6132549259,167.920236885209,82.1015567678629,81.9441690572412,-0.15738771062162,,7.46666663186925,,7121,7196
planning,0.9,0,19359.6132549259,19381.5326406424,21.9193857165228,81.9441690572412,81.9236048108025,-0.0205642464387523,,,0.850990313079472,7196,7205
traveling,2.8,3.16227766016838,19381.5326406424,19463.024410221,81.491769578548,81.9236048108025,81.8469720351484,-0.0766327756540619,2.77711270683496,,,7205,7233
planning,0.5,0,19463.024410221,19475.2015922329,12.1771820119538,81.8469720351484,81.835546688947,-0.011425346201392,,,0.497245619419758,7233,7238
dwelling,4.8,0,19475.2015922329,19575.0560755997,99.8544833668311,81.835546688947,81.7420016397642,-0.0935450491828078,,4.75882352632674,,7238,7286
planning,0.8,0,19575.0560755997,19595.3442790429,20.2882034431495,81.7420016397642,81.7229554544858,-0.0190461852783841,,,0.747679259267949,7286,7294
traveling,4.9,10.6301458127346,19595.3442790429,19754.2469339731,158.902654930247,81.7229554544858,81.5732543064165,-0.149701148069369,4.88533990551792,,,7294,7343
planning,0.5,0,19754.2469339731,19767.1534988554,12.9065648822288,81.5732543064165,81.5611334330561,-0.0121208733604163,,,0.428917887611836,7343,7348
dwelling,6.39999999999999,0,19767.1534988554,19918.9214167103,151.767917854941,81.5611334330561,81.4187272106233,-0.142406222432712,,6.34444442691318,,7348,7412
planning,0.6,0,19918.9214167103,19936.7596963622,17.8382796519363,81.4187272106233,81.4019425754461,-0.0167846351772027,,,0.542941092469949,7412,7418
traveling,4.3,7.81024967590665,19936.7596963622,20096.3328029945,159.573106632233,81.4019425754461,81.2512489732909,-0.150693602155243,4.2507142193821,,,7418,7461
planning,0.2,0,20096.3328029945,20102.4169714503,6.08416845584725,81.2512489732909,81.2455214886399,-0.00572748465101824,,,0.140128494668822,7461,7463
dwelling,8.19999999999999,0,20102.4169714503,20307.4336817324,205.016710282092,81.2455214886399,81.0529706976918,-0.192550790948104,,8.13333329096182,,7463,7545
planning,0.7,0,20307.4336817324,20325.9836883577,18.5500066252389,81.0529706976918,81.0355358164172,-0.0174348812745677,,,0.647044906946595,7545,7552
traveling,2.6,3.16227766016838,20325.9836883577,20401.549173912,75.5654855543944,81.0355358164172,80.9644243859798,-0.0711114304373837,2.57029880556608,,,7552,7578
planning,0.2,0,20401.549173912,20406.5844689094,5.03529499734577,80.9644243859798,80.9596942523551,-0.00473013362469032,,,0.128761598021487,7578,7580
dwelling,4.8,0,20406.5844689094,20510.5696372832,103.985168373816,80.9596942523551,80.8621607857894,-0.0975334665657073,,4.70588232309644,,7580,7628
planning,0.5,0,20510.5696372832,20523.0628260418,12.4931887586317,80.8621607857894,80.8504245319579,-0.0117362538315149,,,0.421880836648094,7628,7633
traveling,5.1,12.6491106406735,20523.0628260418,20678.2258115935,155.162985551658,80.8504245319579,80.7042782427014,-0.146146289256464,5.09417244617172,,,7633,7684
planning,0.3,0,20678.2258115935,20685.8933430432,7.66753144971153,80.7042782427014,80.6970723286052,-0.00720591409626081,,,0.286862892373164,7684,7687
dwelling,6.69999999999999,0,20685.8933430432,20841.4695740804,155.576231037237,80.6970723286052,80.551005553961,-0.146066774644169,,6.65555551741162,,7687,7754
planning,0.3,0,20841.4695740804,20849.5516049719,8.082030891459,80.551005553961,80.5434042045474,-0.0076013494135907,,,0.262439449397437,7754,7757
traveling,5.9,15.2970585407784,20849.5516049719,21057.3075289792,207.755924007262,80.5434042045474,80.3471931316219,-0.196211072925479,5.8611357995704,,,7757,7816
planning,1,0,21057.3075289792,21085.6976442395,28.3901152603466,80.3471931316219,80.3204683084039,-0.0267248232180606,,,0.920086316032308,7816,7826
dwelling,7.69999999999999,0,21085.6976442395,21276.733776902,191.03613266251,80.3204683084039,80.1409102179399,-0.179558090463971,,7.66666666244188,,7826,7903
planning,0.4,0,21276.733776902,21287.6143634898,10.8805865877584,80.1409102179399,80.130671435317,-0.0102387826229204,,,0.388648936244782,7903,7907
traveling,2.8,3.16227766016838,21287.6143634898,21373.6068751982,85.9925117083985,80.130671435317,80.0496110857088,-0.0810603496081512,2.7771127068307,,,7907,7935
planning,0.6,0,21373.6068751982,21388.673721312,15.0668461137902,80.0496110857088,80.0354450860164,-0.0141659996924375,,,0.564596819641699,7935,7941
dwelling,4.7,0,21388.673721312,21499.6817632163,111.008041904333,80.0354450860164,79.9311372849854,-0.10430780103097,,4.65882349410705,,7941,7988
planning,0.6,0,21499.6817632163,21515.8156714474,16.1339082310551,79.9311372849854,79.9159540334074,-0.015183251578037,,,0.55775137114793,7988,7994
traveling,4.9,10.6301458127346,21515.8156714474,21681.5605064068,165.744834959445,79.9159540334074,79.7594341754478,-0.156519857959623,4.88533990564873,,,7994,8043
planning,0.1,0,21681.5605064068,21684.269252694,2.70874628717502,79.7594341754478,79.7568843942316,-0.00254978121620297,,,0.0408239214726684,8043,8044
dwelling,6.79999999999999,0,21684.269252694,21846.1415244496,161.872271755601,79.7568843942316,79.6047238497121,-0.152160544519518,,6.77777777679774,,8044,8112
planning,0.2,0,21846.1415244496,21851.9089486488,5.76742419916627,79.6047238497121,79.5992897265244,-0.00543412318766912,,,0.12882924796935,8112,8114
traveling,4.3,7.81024967590665,21851.9089486488,21997.6621360491,145.753187400351,79.5992897265244,79.4616092321482,-0.137680494376198,4.25071421932838,,,8114,8157
planning,0.5,0,21997.6621360491,22011.0439000433,13.3817639941808,79.4616092321482,79.449010867872,-0.012598364276144,,,0.416331122285225,8157,8162
dwelling,7.69999999999999,0,22011.0439000433,22188.1663533196,177.122453276297,79.449010867872,79.2825242112446,-0.166486656627484,,7.63333333241204,,8162,8239
planning,0.8,0,22188.1663533196,22209.0868735088,20.9205201892619,79.2825242112446,79.2628303402563,-0.019693870988263,,,0.718866583591656,8239,8247
traveling,2.6,3.16227766016838,22209.0868735088,22286.656716688,77.5698431791607,79.2628303402563,79.1896787499428,-0.0731515903135431,2.57029880331912,,,8247,8273
planning,1,0,22286.656716688,22311.6351885151,24.9784718271185,79.1896787499428,79.166175154383,-0.0235035955598022,,,0.917711958657871,8273,8283
dwelling,3.9,0,22311.6351885151,22396.8532407011,85.2180521859555,79.166175154383,79.0860978965067,-0.0800772578762974,,3.81764705651441,,8283,8322
planning,1,0,22396.8532407011,22421.7443015832,24.8910608821498,79.0860978965067,79.0626750823109,-0.0234228141957544,,,0.97458074353961,8322,8332
traveling,5.1,12.6491106406735,22421.7443015832,22594.4325090154,172.688207432173,79.0626750823109,78.8994559192835,-0.163219163027449,5.0941724460258,,,8332,8383
planning,0.6,0,22594.4325090154,22610.4790351173,16.0465261018908,78.8994559192835,78.8843404522373,-0.0151154670461437,,,0.545633692574777,8383,8389
dwelling,6.29999999999999,0,22610.4790351173,22758.4817438566,148.002708739328,78.8843404522373,78.745118594665,-0.139221857572338,,6.28888888294435,,8389,8452
planning,0.6,0,22758.4817438566,22774.0680374261,15.5862935695113,78.745118594665,78.7304395171631,-0.0146790775018957,,,0.562070696425117,8452,8458
traveling,5.9,15.2970585407784,22774.0680374261,22969.4752041866,195.407166760517,78.7304395171631,78.5457493337988,-0.184690183364253,5.86113580046624,,,8458,8517
planning,0.5,0,22969.4752041866,22983.3923067693,13.9171025826727,78.5457493337988,78.5326285913381,-0.0131207424607567,,,0.496639066942133,8517,8522
dwelling,8.39999999999999,0,22983.3923067693,23195.02182658,211.629519810725,78.5326285913381,78.3333270045784,-0.199301586759717,,8.3666666662555,,8522,8606
planning,0.4,0,23195.02182658,23205.6124964371,10.5906698570143,78.3333270045784,78.3233463906182,-0.00998061396013838,,,0.351271537203103,8606,8610
traveling,2.8,3.16227766016838,23205.6124964371,23287.3578353915,81.7453389543953,78.3233463906182,78.2462056567159,-0.0771407339023398,2.7771127103997,,,8610,8638
planning,1,0,23287.3578353915,23311.6519591219,24.2941237304367,78.2462056567159,78.2233313465206,-0.0228743101953057,,,0.904450564249738,8638,8648
dwelling,4.4,0,23311.6519591219,23409.2714638484,97.6195047265392,78.2233313465206,78.1314998546641,-0.0918314918565102,,4.32941176248111,,8648,8692
planning,0.9,0,23409.2714638484,23433.6634306251,24.3919667767004,78.1314998546641,78.1085015663458,-0.0229982883182345,,,0.899483263840849,8692,8701
traveling,4.9,10.6301458127346,23433.6634306251,23599.2709386587,165.607508033569,78.1085015663458,77.951830643692,-0.156670922653788,4.8853399060957,,,8701,8750
planning,0.2,0,23599.2709386587,23604.5565750851,5.28563642640074,77.951830643692,77.9468476900917,-0.00498295360031875,,,0.119579067627516,8750,8752
dwelling,6.79999999999999,0,23604.5565750851,23765.8415798578,161.285004772748,77.9468476900917,77.79497196204,-0.151875728051721,,6.79999996163898,,8752,8820
planning,0.5,0,23765.8415798578,23778.9114259648,13.069846106966,77.79497196204,77.7826501746556,-0.0123217873843657,,,0.488403548081149,8820,8825
traveling,4.3,7.81024967590665,23778.9114259648,23910.8797868736,131.968360908795,77.7826501746556,77.6579485628678,-0.12470161178787,4.25071421940412,,,8825,8868
planning,0.6,0,23910.8797868736,23924.8076941065,13.9279072328718,77.6579485628678,77.6448334279554,-0.0131151349123684,,,0.514960920800624,8868,8874
dwelling,7.79999999999999,0,23924.8076941065,24101.9378798204,177.130185713952,77.6448334279554,77.4780525865992,-0.166780841356172,,7.79999998811438,,8874,8952
planning,0.1,0,24101.9378798204,24104.6548312459,2.71695142551471,77.4780525865992,77.4754891233194,-0.00256346327982726,,,0.0615028752421282,8952,8953
traveling,2.6,3.16227766016838,24104.6548312459,24189.5378070447,84.8829757987551,77.4754891233194,77.3951836246977,-0.0803054986216694,2.57029880298184,,,8953,8979
planning,0.2,0,24189.5378070447,24195.4798903653,5.94208332063863,77.3951836246977,77.3895702164364,-0.00561340826128287,,,0.178044573466374,8979,8981
dwelling,4.6,0,24195.4798903653,24316.7939010522,121.314010686823,77.3895702164364,77.275133599039,-0.114436617397473,,4.59999997407607,,8981,9027
planning,0.8,0,24316.7939010522,24340.9288977409,24.1349966887683,77.275133599039,77.2523257610263,-0.0228078380126959,,,0.771437954912611,9027,9035
traveling,5.1,12.6491106406735,24340.9288977409,24522.1649722154,181.236074474487,77.2523257610263,77.0805944009716,-0.171731360054707,5.09417244607507,,,9035,9086
planning,0.4,0,24522.1649722154,24533.729575017,11.5646028015799,77.0805944009716,77.0696698389596,-0.0109245620119509,,,0.333930957716999,9086,9090
dwelling,6.59999999999999,0,24533.729575017,24700.1337781988,166.404203181788,77.0696698389596,76.9127260747563,-0.156943764203277,,6.51111109708916,,9090,9156
planning,0.2,0,24700.1337781988,24706.2372559222,6.10347772343084,76.9127260747563,76.9069551997518,-0.00577087500455775,,,0.120254766779746,9156,9158
traveling,5.9,15.2970585407784,24706.2372559222,24930.7301150476,224.492859125377,76.9069551997518,76.6938899569933,-0.213065242758432,5.86113579958251,,,9158,9217
planning,0.5,0,24930.7301150476,24945.2461353908,14.5160203431697,76.6938899569933,76.6801711665524,-0.0137187904409046,,,0.478328929534023,9217,9222
dwelling,8.19999999999999,0,24945.2461353908,25153.4684690361,208.222333645321,76.6801711665524,76.4836899085734,-0.196481257979087,,8.16666665709737,,9222,9304
planning,0.8,0,25153.4684690361,25175.8799180569,22.4114490208594,76.4836899085734,76.4625145004978,-0.0211754080755497,,,0.765850252304559,9304,9312
traveling,2.8,3.16227766016838,25175.8799180569,25264.3353917075,88.4554736505634,76.4625145004978,76.3787894492475,-0.0837250512503118,2.77711271016572,,,9312,9340
planning,0.8,0,25264.3353917075,25286.159137773,21.8237460654891,76.3787894492475,76.3581740414017,-0.0206154078458383,,,0.754587693636706,9340,9348
dwelling,4.6,0,25286.159137773,25395.1403436468,108.98120587377,76.3581740414017,76.255388730993,-0.10278531040862,,4.51176468201518,,9348,9394
planning,0.9,0,25395.1403436468,25420.5027336716,25.362390024824,76.255388730993,76.2314175866009,-0.0239711443921493,,,0.841672221646842,9394,9403
traveling,4.9,10.6301458127346,25420.5027336716,25582.7622442184,162.259510546806,76.2314175866009,76.0776783032966,-0.153739283304262,4.88533990572664,,,9403,9452
planning,0.1,0,25582.7622442184,25585.6238779487,2.8616337303356,76.0776783032966,76.0749726352407,-0.00270566805595251,,,0.0117777252336102,9452,9453
dwelling,6.79999999999999,0,25585.6238779487,25762.0433785327,176.419500583994,76.0749726352407,75.9083565982254,-0.166616037015288,,6.79999999174228,,9453,9521
planning,0.6,0,25762.0433785327,25778.1937620018,16.1503834690957,75.9083565982254,75.8930955005013,-0.0152610977240926,,,0.539496363842817,9521,9527
traveling,4.3,7.81024967590665,25778.1937620018,25913.1712221925,134.977460190697,75.8930955005013,75.7652611452033,-0.127834355297949,4.25071421940322,,,9527,9570
planning,0.3,0,25913.1712221925,25920.6490842729,7.47786208033358,75.7652611452033,75.758200469487,-0.00706067571636027,,,0.279728872514732,9570,9573
dwelling,8.09999999999999,0,25920.6490842729,26100.9260955891,180.277011316288,75.758200469487,75.5881710674898,-0.170029401997155,,8.0999999955607,,9573,9654
planning,0.5,0,26100.9260955891,26113.9491043292,13.0230087400887,75.5881710674898,75.5758659143149,-0.0123051531749354,,,0.47916213149808,9654,9659
traveling,2.6,3.16227766016838,26113.9491043292,26189.9581060684,76.0090017391449,75.5758659143149,75.5039345908218,-0.0719313234930894,2.5702988045464,,,9659,9685
planning,1,0,26189.9581060684,26213.4993856791,23.5412796107339,75.5039345908218,75.4817144206906,-0.0222201701311917,,,0.968761886656404,9685,9695
dwelling,3.9,0,26213.4993856791,26298.0535599175,84.5541742383539,75.4817144206906,75.4019667814195,-0.0797476392711189,,3.87058822058707,,9695,9734
planning,0.5,0,26298.0535599175,26311.6664030984,13.612843180963,75.4019667814195,75.389094895263,-0.0128718861565318,,,0.465554304423847,9734,9739
traveling,5.1,12.6491106406735,26311.6664030984,26481.6875939503,170.021190851894,75.389094895263,75.2278276645256,-0.161267230737394,5.0941724461758,,,9739,9790
planning,0.2,0,26481.6875939503,26486.8341960269,5.14660207660563,75.2278276645256,75.2229636646629,-0.00486399986263564,,,0.149263760781326,9790,9792
dwelling,6.79999999999999,0,26486.8341960269,26635.1298425281,148.295646501207,75.2229636646629,75.0830479614625,-0.139915703200444,,6.75555553375646,,9792,9860
planning,0.6,0,26635.1298425281,26649.6254344662,14.4955919380809,75.0830479614625,75.0693560398608,-0.0136919216016764,,,0.561218042361125,9860,9866
traveling,5.9,15.2970585407784,26649.6254344662,26830.0749142713,180.449479805062,75.0693560398608,74.8983514232504,-0.171004616610361,5.86113579986428,,,9866,9925
planning,0.2,0,26830.0749142713,26835.3670697872,5.29215551590823,74.8983514232504,74.8933464559399,-0.00500496731054056,,,0.154484307907854,9925,9927
dwelling,8.59999999999999,0,26835.3670697872,27037.1488104117,201.781740624479,74.8933464559399,74.7027554125756,-0.190591043364307,,8.53333330575725,,9927,10013
planning,0.1,0,27037.1488104117,27039.7192479715,2.57043755985433,74.7027554125756,74.7003248087147,-0.00243060386094385,,,0.0146534055841189,10013,10014
traveling,2.8,3.16227766016838,27039.7192479715,27127.9322443478,88.2129963762563,74.7003248087147,74.6166722524155,-0.0836525562991568,2.77711270847508,,,10014,10042
planning,0.9,0,27127.9322443478,27153.3525268578,25.4202825099892,74.6166722524155,74.5926042438143,-0.0240680086012048,,,0.85884728772742,10042,10051
dwelling,4.4,0,27153.3525268578,27259.4948477204,106.14232086264,74.5926042438143,74.4922910694335,-0.100313174380759,,4.37647055962235,,10051,10095
planning,0.6,0,27259.4948477204,27274.889463448,15.3946157275714,74.4922910694335,74.4777308944678,-0.0145601749657231,,,0.54279494248206,10095,10101
traveling,4.9,10.6301458127346,27274.889463448,27423.1311877603,148.241724312353,74.4777308944678,74.3372003441094,-0.140530550358434,4.88533990556337,,,10101,10150
planning,0.7,0,27423.1311877603,27441.6967225695,18.5655348091968,74.3372003441094,74.3196312111174,-0.0175691329919516,,,0.608955570863775,10150,10157
dwelling,6.19999999999999,0,27441.6967225695,27580.9618746966,139.265152127096,74.3196312111174,74.1880728044756,-0.131558406641787,,6.1555555447925,,10157,10219
planning,0.8,0,27580.9618746966,27601.2723878097,20.3105131130687,74.1880728044756,74.1688592419432,-0.0192135625324141,,,0.710810038207229,10219,10227
traveling,4.3,7.81024967590665,27601.2723878097,27734.9477168301,133.675329020411,74.1688592419432,74.0420468243027,-0.126812417640522,4.25071421938482,,,10227,10270
planning,0.8,0,27734.9477168301,27756.6393320557,21.6916152256235,74.0420468243027,74.0215073063022,-0.0205395180005468,,,0.770080436164077,10270,10278
dwelling,7.59999999999999,0,27756.6393320557,27940.528315304,183.888983248245,74.0215073063022,73.8475964486524,-0.17391085764973,,7.5333333333629,,10278,10354
planning,0.6,0,27940.528315304,27958.0633638947,17.5350485906965,73.8475964486524,73.8309731609449,-0.0166232877075743,,,0.505018187891276,10354,10360
traveling,2.6,3.16227766016838,27958.0633638947,28042.9658929125,84.9025290178397,73.8309731609449,73.7503494053721,-0.0806237555727449,2.57029880613573,,,10360,10386
planning,0.3,0,28042.9658929125,28051.2198321444,8.25393923185402,73.7503494053721,73.7425300388918,-0.0078193664802626,,,0.260173560295172,10386,10389
dwelling,4.7,0,28051.2198321444,28162.8692643072,111.649432162852,73.7425300388918,73.6369348224087,-0.105595216483096,,4.62352940615657,,10389,10436
planning,1,0,28162.8692643072,28189.6588364316,26.7895721243767,73.6369348224087,73.6115607229584,-0.0253740994503886,,,0.970427181182679,10436,10446
traveling,5.1,12.6491106406735,28189.6588364316,28364.0018400216,174.343003589973,73.6115607229584,73.4458154577298,-0.16574526522858,5.09417244614473,,,10446,10497
planning,0.6,0,28364.0018400216,28380.6681148138,16.6662747922419,73.4458154577298,73.4300194851293,-0.0157959726004577,,,0.544270019478683,10497,10503
dwelling,6.39999999999999,0,28380.6681148138,28532.8612523103,152.193137496495,73.4300194851293,73.2860249068822,-0.143994578247131,,6.34444443854923,,10503,10567
planning,0.5,0,28532.8612523103,28545.9333489726,13.0720966623448,73.2860249068822,73.2736426503081,-0.0123822565741278,,,0.409311026578161,10567,10572
traveling,5.9,15.2970585407784,28545.9333489726,28740.8554145155,194.922065542884,73.2736426503081,73.08835502843,-0.185287621878075,5.86113580060602,,,10572,10631
planning,0.1,0,28740.8554145155,28743.5198810709,2.66446655539039,73.08835502843,73.085830068584,-0.00252495984595669,,,0.00198004021329456,10631,10632
dwelling,8.79999999999999,0,28743.5198810709,28952.2750697482,208.755188677285,73.085830068584,72.8882459832714,-0.197584085312599,,8.79999999209184,,10632,10720
planning,0.3,0,28952.2750697482,28960.8866503492,8.61158060099115,72.8882459832714,72.8800757269195,-0.00817025635190305,,,0.294233162655744,10720,10723
traveling,2.8,3.16227766016838,28960.8866503492,29051.7839214953,90.8972711461283,72.8800757269195,72.7936728548528,-0.0864028720667136,2.77711271010124,,,10723,10751
planning,0.7,0,29051.7839214953,29071.5469508618,19.7630293664333,72.7936728548528,72.7749246112272,-0.0187482436256232,,,0.64025502651556,10751,10758
dwelling,4.7,0,29071.5469508618,29183.7206041618,112.173653300037,72.7749246112272,72.6687139388923,-0.106210672334925,,4.6117646804784,,10758,10805
planning,0.2,0,29183.7206041618,29188.7438817347,5.02327757291641,72.6687139388923,72.6639548525623,-0.00475908632996891,,,0.139863104481612,10805,10807
traveling,4.9,10.6301458127346,29188.7438817347,29345.4025363238,156.658654589068,72.6639548525623,72.5150239847733,-0.148930867788962,4.88533990581208,,,10807,10856
planning,0.6,0,29345.4025363238,29360.8306156048,15.4280792810387,72.5150239847733,72.5004007471738,-0.0146232375994941,,,0.539722810563171,10856,10862
dwelling,6.39999999999999,0,29360.8306156048,29517.7137450542,156.883129449339,72.5004007471738,72.3517682871116,-0.148632460062274,,6.32222218334561,,10862,10926
planning,0.1,0,29517.7137450542,29520.5441886534,2.8304435992286,72.3517682871116,72.3490818379541,-0.00268644915747984,,,0.00815531508460898,10926,10927
traveling,4.3,7.81024967590665,29520.5441886534,29662.709520455,142.165331801574,72.3490818379541,72.2138237211602,-0.135258116793906,4.25071421929982,,,10927,10970
planning,0.3,0,29662.709520455,29670.8762743891,8.16675393418336,72.2138237211602,72.2060751252209,-0.00774859593927602,,,0.279661304914022,10970,10973
dwelling,7.79999999999999,0,29670.8762743891,29843.3389184509,172.462644061772,72.2060751252209,72.0428076030405,-0.163267522180419,,7.73333332365278,,10973,11051
planning,0.6,0,29843.3389184509,29857.8856301847,14.5467117337685,72.0428076030405,72.0290220061604,-0.0137855968800835,,,0.581071817459098,11051,11057
traveling,2.6,3.16227766016838,29857.8856301847,29929.2452925173,71.3596623326011,72.0290220061604,71.9612899518779,-0.0677320542825015,2.57029880237226,,,11057,11083
planning,1,0,29929.2452925173,29954.4997808974,25.2544883801238,71.9612899518779,71.9373433936572,-0.0239465582206719,,,0.945156185561938,11083,11093
dwelling,3.8,0,29954.4997808974,30040.0154924701,85.515711572647,71.9373433936572,71.8563546356656,-0.0809887579916193,,3.7647058690727,,11093,11131
planning,0.8,0,30040.0154924701,30059.5861712737,19.5706788036805,71.8563546356656,71.8378022421803,-0.0185523934853506,,,0.798056637986424,11131,11139
traveling,5.1,12.6491106406735,30059.5861712737,30218.7240588105,159.137887536792,71.8378022421803,71.6864362522826,-0.151365989897656,5.09417244581922,,,11139,11190
planning,0.4,0,30218.7240588105,30229.1636851966,10.4396263860399,71.6864362522826,71.6765305738342,-0.00990567844837642,,,0.314081778877694,11190,11194
dwelling,6.39999999999999,0,30229.1636851966,30382.8350489431,153.671363746536,71.6765305738342,71.5308459889775,-0.145684584856724,,6.39999999930547,,11194,11258
planning,0.7,0,30382.8350489431,30400.9730128194,18.1379638762955,71.5308459889775,71.5136341921072,-0.0172117968702992,,,0.61395320181984,11258,11265
traveling,5.9,15.2970585407784,30400.9730128194,30600.6183276071,199.645314787656,71.5136341921072,71.3234189460851,-0.190215246022106,5.86113580001661,,,11265,11324
planning,0.2,0,30600.6183276071,30605.7393924273,5.12106482021773,71.3234189460851,71.3185589920707,-0.00485995401439254,,,0.131352944894554,11324,11326
dwelling,8.59999999999999,0,30605.7393924273,30796.7055424473,190.966150020056,71.3185589920707,71.1375933132096,-0.180965678861114,,8.56666666365305,,11326,11412
planning,0.6,0,30796.7055424473,30812.2600139911,15.5544715437391,71.1375933132096,71.1228266205526,-0.0147666926569769,,,0.538868954711462,11412,11418
traveling,2.8,3.16227766016838,30812.2600139911,30895.5242971226,83.2642831315206,71.1228266205526,71.0436292882895,-0.079197332263135,2.7771127111638,,,11418,11446
planning,0.5,0,30895.5242971226,30908.8151741997,13.2908770771101,71.0436292882895,71.0310064359751,-0.0126228523143936,,,0.493177943662209,11446,11451
dwelling,4.9,0,30908.8151741997,31035.4346517798,126.619477580098,71.0310064359751,70.9107831316062,-0.120223304368935,,4.84705880931092,,11451,11500
planning,0.9,0,31035.4346517798,31062.3112762256,26.8766244458129,70.9107831316062,70.8852145333009,-0.0255685983052416,,,0.872751793539439,11500,11509
traveling,4.9,10.6301458127346,31062.3112762256,31231.4266539201,169.115377694478,70.8852145333009,70.7239446008006,-0.161269932500318,4.88533990589126,,,11509,11558
planning,0.6,0,31231.4266539201,31248.1620733211,16.7354194010404,70.7239446008006,70.7080349553053,-0.0159096454953414,,,0.519781927787257,11558,11564
dwelling,6.39999999999999,0,31248.1620733211,31395.0455809396,146.883507618488,70.7080349553053,70.5687008845629,-0.13933407074235,,6.34444443832148,,11564,11628
planning,0.9,0,31395.0455809396,31416.7897794463,21.7441985067198,70.5687008845629,70.5480616749649,-0.0206392095980448,,,0.83596788575438,11628,11637
traveling,4.3,7.81024967590665,31416.7897794463,31552.0813642503,135.291584803977,70.5480616749649,70.4191789871153,-0.128882687849568,4.25071421943972,,,11637,11680
planning,0.7,0,31552.0813642503,31571.577507765,19.4961435147379,70.4191789871153,70.4006389246423,-0.0185400624730079,,,0.68933552851696,11680,11687
dwelling,7.89999999999999,0,31571.577507765,31762.2931017123,190.715593947203,70.4006389246423,70.2195656834514,-0.18107324119083,,7.83333333294585,,11687,11766
planning,0.5,0,31762.2931017123,31775.8642040956,13.5711023833101,70.2195656834514,70.2066615114033,-0.0129041720481382,,,0.475292330087246,11766,11771
traveling,2.6,3.16227766016838,31775.8642040956,31858.71157869,82.847374594432,70.2066615114033,70.1277019745055,-0.0789595368978269,2.57029762097533,,,11771,11797
planning,0.6,0,31858.71157869,31875.5911118561,16.8795331661131,70.1277019745055,70.1116429404172,-0.0160590340882436,,,0.579401805909223,11797,11803
dwelling,4.4,0,31875.5911118561,31989.5163763302,113.925264474143,70.1116429404172,70.0033602571298,-0.108282683287413,,4.37647058716066,,11803,11847
planning,0.5,0,31989.5163763302,32003.6363577469,14.1199814166648,70.0033602571298,69.989924113959,-0.0134361431708214,,,0.415634430409245,11847,11852
traveling,5.1,12.6491106406735,32003.6363577469,32182.5237842331,178.887426486141,69.989924113959,69.8191043293623,-0.170819784596731,5.09417244631533,,,11852,11903
planning,0.2,0,32182.5237842331,32187.9380139842,5.41422975111345,69.8191043293623,69.8139540771701,-0.00515025219219467,,,0.110937984919515,11903,11905
dwelling,6.89999999999999,0,32187.9380139842,32346.673793821,158.735779836854,69.8139540771701,69.6632273999953,-0.15072667717476,,6.82222218401043,,11905,11974
planning,1,0,32346.673793821,32375.1378005169,28.4640066959146,69.6632273999953,69.6361285380772,-0.0270988619181338,,,0.930338595297308,11974,11984
traveling,5.9,15.2970585407784,32375.1378005169,32568.2710773431,193.133276826185,69.6361285380772,69.4518284509426,-0.184300087134545,5.86113580073113,,,11984,12043
planning,0.2,0,32568.2710773431,32573.1633475864,4.89227024330103,69.4518284509426,69.4471784273148,-0.00465002362783196,,,0.158400692135112,12043,12045
dwelling,8.79999999999999,0,32573.1633475864,32761.3813592211,188.218011634708,69.4471784273148,69.2685103418454,-0.178668085469411,,8.73333330099983,,12045,12133
planning,0.5,0,32761.3813592211,32773.4260279871,12.0446687660078,69.2685103418454,69.2570616206181,-0.0114487212273247,,,0.493861839593235,12133,12138
traveling,2.8,3.16227766016838,32773.4260279871,32857.1441331554,83.7181051682492,69.2570616206181,69.1772533806898,-0.0798082399282691,2.77711271476186,,,12138,12166
planning,0.6,0,32857.1441331554,32873.5004403831,16.3563072277466,69.1772533806898,69.161681780117,-0.0155716005728408,,,0.585732595056978,12166,12172
dwelling,4.9,0,32873.5004403831,33005.4867828935,131.986342510318,69.161681780117,69.0360330098206,-0.125648770296394,,4.87058822707423,,12172,12221
planning,1,0,33005.4867828935,33037.7362588184,32.2494759249894,69.0360330098206,69.0052540355037,-0.0307789743169025,,,0.935245273620763,12221,12231
traveling,4.9,10.6301458127346,33037.7362588184,33228.7842070733,191.047948254898,69.0052540355037,68.822271322388,-0.182982713115678,4.88533990640294,,,12231,12280
planning,1,0,33228.7842070733,33259.3772347749,30.5930277015941,68.822271322388,68.793088838364,-0.0291824840239627,,,0.915120900269863,12280,12290
dwelling,6.1,0,33259.3772347749,33418.8820487398,159.504813964835,68.793088838364,68.6412363563112,-0.151852482052803,,6.07777776800284,,12290,12351
planning,0.6,0,33418.8820487398,33435.7493359172,16.8672871774179,68.6412363563112,68.625162210888,-0.0160741454232181,,,0.595216188301233,12351,12357
traveling,4.3,7.81024967590665,33435.7493359172,33590.7716946179,155.022358700706,68.625162210888,68.4768368470608,-0.148325363827169,4.25071421943972,,,12357,12400
planning,1,0,33590.7716946179,33621.409123829,30.6374292111068,68.4768368470608,68.4475999637881,-0.0292368832727448,,,0.911665171927656,12400,12410
dwelling,7.59999999999999,0,33621.409123829,33836.0265661453,214.617442316296,68.4475999637881,68.2429923324679,-0.204607631320201,,7.53333333151622,,12410,12486
planning,0.1,0,33836.0265661453,33839.2239739435,3.19740779817221,68.2429923324679,68.2399384087885,-0.00305392367936008,,,0.0719380463640963,12486,12487
traveling,2.6,3.16227766016838,33839.2239739435,33930.912516605,91.6885426615409,68.2399384087885,68.1522186884556,-0.087719720332899,2.5702988045464,,,12487,12513
planning,0.1,0,33930.912516605,33933.9521909952,3.03967439023836,68.1522186884556,68.1493172655996,-0.00290142285605555,,,0.055291048281803,12513,12514
dwelling,4.8,0,33933.9521909952,34064.0638315904,130.111640595191,68.1493172655996,68.0253036603929,-0.124013605206684,,4.77058822357762,,12514,12562
planning,0.4,0,34064.0638315904,34077.1659468583,13.1021152678804,68.0253036603929,68.0127817199277,-0.0125219404652341,,,0.341318191643657,12562,12566
traveling,5.1,12.6491106406735,34077.1659468583,34274.2993127288,197.133365870439,68.0127817199277,67.8238018618345,-0.188979858093163,5.09417244619683,,,12566,12617
planning,0.9,0,34274.2993127288,34301.7077463219,27.4084335931111,67.8238018618345,67.7976290091965,-0.0261728526379841,,,0.838601513995363,12617,12626
dwelling,6.1,0,34301.7077463219,34468.2409354268,166.533189104906,67.7976290091965,67.6388210496342,-0.158807959562267,,6.06666664384838,,12626,12687
planning,0.7,0,34468.2409354268,34488.8524366113,20.6115011845104,67.6388210496342,67.6191438751044,-0.0196771745298037,,,0.692245552439161,12687,12694
traveling,5.9,15.2970585407784,34488.8524366113,34695.5497049191,206.697268307827,67.6191438751044,67.4212282962868,-0.1979155788176,5.86113579986859,,,12694,12753
planning,1,0,34695.5497049191,34721.0406106229,25.4909057038385,67.4212282962868,67.3969318274023,-0.0242964688845291,,,0.955150722310781,12753,12763
dwelling,7.79999999999999,0,34721.0406106229,34884.6737546341,163.633144011161,67.3969318274023,67.241272580169,-0.155659247233274,,7.73333332107363,,12763,12841
planning,0.5,0,34884.6737546341,34895.8395356492,11.1657810150573,67.241272580169,67.2306435226701,-0.0106290574989885,,,0.406079421339051,12841,12846
traveling,2.8,3.16227766016838,34895.8395356492,34971.0959063682,75.2563707190784,67.2306435226701,67.1588403009511,-0.0718032217189801,2.77711271289897,,,12846,12874
planning,0.8,0,34971.0959063682,34990.3266620377,19.2307556694286,67.1588403009511,67.1405175428589,-0.0183227580921255,,,0.771947310569183,12874,12882
dwelling,4.6,0,34990.3266620377,35086.1328327793,95.8061707416709,67.1405175428589,67.0493652413157,-0.0911523015432891,,4.56470587861792,,12882,12928
planning,0.2,0,35086.1328327793,35091.0087871786,4.8759543993001,67.0493652413157,67.0447182391861,-0.00464700212955904,,,0.102509167583246,12928,12930
traveling,4.9,10.6301458127346,35091.0087871786,35249.3390501855,158.330263006857,67.0447182391861,66.8932066147408,-0.151511624445305,4.88533990551753,,,12930,12979
planning,0.6,0,35249.3390501855,35264.708589181,15.3695389954955,66.8932066147408,66.8785475109915,-0.014659103749338,,,0.583339158867924,12979,12985
dwelling,6.29999999999999,0,35264.708589181,35407.3914763002,142.682887119197,66.8785475109915,66.7426355445798,-0.135911966411697,,6.24444442987943,,12985,13048
planning,0.7,0,35407.3914763002,35425.7158826539,18.324406353684,66.7426355445798,66.7251505678746,-0.0174849767051768,,,0.609674607628602,13048,13055
traveling,4.3,7.81024967590665,35425.7158826539,35560.3680273818,134.652144727908,66.7251505678746,66.596334304123,-0.128816263751588,4.25071453922253,,,13055,13098
planning,0.7,0,35560.3680273818,35578.9584602099,18.5904328281613,66.596334304123,66.5785893436016,-0.0177449605214122,,,0.668985090411481,13098,13105
dwelling,7.49999999999999,0,35578.9584602099,35741.5822426888,162.623782478884,66.5785893436016,66.4236911322085,-0.154898211393103,,7.49999997398203,,13105,13180
planning,0.3,0,35741.5822426888,35748.8639410809,7.28169839203474,66.4236911322085,66.4167466646878,-0.00694446752066824,,,0.213634145557214,13180,13183
traveling,2.6,3.16227766016838,35748.8639410809,35825.5047750248,76.640833943944,66.4167466646878,66.3434680934491,-0.0732785712387027,2.57029880329626,,,13183,13209
planning,0.9,0,35825.5047750248,35849.0880564287,23.5832814038949,66.3434680934491,66.3209544162092,-0.0225136772399281,,,0.855697712068672,13209,13218
dwelling,4,0,35849.0880564287,35943.2602236431,94.1721672144122,66.3209544162092,66.2311585686624,-0.0897958475467391,,3.9176470316931,,13218,13258
planning,0.4,0,35943.2602236431,35953.4992812389,10.2390575957616,66.2311585686624,66.2213854701731,-0.0097730984893758,,,0.347439232218406,13258,13262
traveling,5.1,12.6491106406735,35953.4992812389,36122.6641355372,169.164854298331,66.2213854701731,66.0593002402561,-0.162085229916912,5.09417244584435,,,13262,13313
planning,0.4,0,36122.6641355372,36133.5949830717,10.9308475344733,66.0593002402561,66.0488562918486,-0.0104439484075272,,,0.352902832641705,13313,13317
dwelling,6.49999999999999,0,36133.5949830717,36295.1942091954,161.599226123712,66.0488562918486,65.8946168017897,-0.154239490058956,,6.41111107449906,,13317,13382
planning,1,0,36295.1942091954,36322.4471637146,27.2529545191574,65.8946168017897,65.8685731108212,-0.0260436909685069,,,0.942035011335933,13382,13392
traveling,5.9,15.2970585407784,36322.4471637146,36524.4546487081,202.007484993563,65.8685731108212,65.6748144555754,-0.193758655245773,5.86113580017071,,,13392,13451
planning,0.7,0,36524.4546487081,36542.987401564,18.5327528558628,65.6748144555754,65.6571062576736,-0.0177081979018254,,,0.617957039340108,13451,13458
dwelling,8.19999999999999,0,36542.987401564,36736.2177930238,193.230391459801,65.6571062576736,65.4726965740225,-0.184409683651069,,8.10000000001729,,13458,13540
planning,0.2,0,36736.2177930238,36740.9639642546,4.74617123081407,65.4726965740225,65.46816635233,-0.00453022169250517,,,0.140155340677589,13540,13542
traveling,2.8,3.16227766016838,36740.9639642546,36815.5474160109,74.5834517563053,65.46816635233,65.3968730593828,-0.0712932929471606,2.77711271289067,,,13542,13570
planning,0.5,0,36815.5474160109,36827.4100948163,11.8626788054462,65.3968730593828,65.3855490647539,-0.0113239946289667,,,0.422090232852254,13570,13575
dwelling,4.9,0,36827.4100948163,36937.338454445,109.928359628604,65.3855490647539,65.280666334884,-0.104882729869885,,4.86470586623245,,13575,13624
planning,0.2,0,36937.338454445,36942.6947498606,5.35629541566595,65.280666334884,65.2755452842052,-0.00512105067879531,,,0.199986551819637,13624,13626
traveling,4.9,10.6301458127346,36942.6947498606,37103.1996244102,160.504874549624,65.2755452842052,65.1216112465285,-0.153934037676706,4.88533990543247,,,13626,13675
planning,0.2,0,37103.1996244102,37108.3990152239,5.19939081365737,65.1216112465285,65.116641105588,-0.00497014094048609,,,0.184515489300646,13675,13677
dwelling,6.69999999999999,0,37108.3990152239,37250.5228266641,142.123811440237,65.116641105588,64.9810696102783,-0.135571495309719,,6.62222221958403,,13677,13744
planning,0.2,0,37250.5228266641,37254.7003424434,4.17751577927265,64.9810696102783,64.9770851605545,-0.0039844497238164,,,0.184296084400195,13744,13746
traveling,4.3,7.81024967590665,37254.7003424434,37369.0640193878,114.363676944435,64.9770851605545,64.8676922047239,-0.109392955830572,4.25071421929902,,,13746,13789
planning,0.8,0,37369.0640193878,37386.7554994543,17.6914800664308,64.8676922047239,64.8508062135148,-0.0168859912090795,,,0.715158142782958,13789,13797
dwelling,7.29999999999999,0,37386.7554994543,37536.6656439993,149.910144545007,64.8508062135148,64.7078126945684,-0.142993518946369,,7.23333332328551,,13797,13870
planning,0.2,0,37536.6656439993,37541.4963699957,4.83072599638399,64.7078126945684,64.7031967022465,-0.00461599232194487,,,0.188792607276598,13870,13872
traveling,2.6,3.16227766016838,37541.4963699957,37616.4160163424,74.9196463467088,64.7031967022465,64.6314422251425,-0.0717544771039371,2.57029880027932,,,13872,13898
planning,0.1,0,37616.4160163424,37618.9576416471,2.5416253046933,64.6314422251425,64.6290119276295,-0.00243029751301549,,,0.0615975571740026,13898,13899
dwelling,4.6,0,37618.9576416471,37723.4094476645,104.451806017474,64.6290119276295,64.5292549054114,-0.0997570222181565,,4.59411763215372,,13899,13945
planning,0.2,0,37723.4094476645,37728.150946522,4.741498857431,64.5292549054114,64.5247241646171,-0.00453074079423743,,,0.16726405042883,13945,13947
traveling,5.1,12.6491106406735,37728.150946522,37879.1986890331,151.047742511102,64.5247241646171,64.3799610682893,-0.144763096327836,5.09417244551297,,,13947,13998
planning,0.8,0,37879.1986890331,37899.2874281276,20.08873909455,64.3799610682893,64.3607489228958,-0.0192121453934959,,,0.797444870019252,13998,14006
dwelling,5.9,0,37899.2874281276,38035.2504539512,135.963025823592,64.3607489228958,64.2308330265381,-0.129915896357744,,5.86666666612901,,14006,14065
planning,0.2,0,38035.2504539512,38039.926705036,4.6762510847766,64.2308330265381,64.2263637347224,-0.00446929181570965,,,0.125268939243305,14065,14067
traveling,5.9,15.2970585407784,38039.926705036,38210.1474667402,170.220761704251,64.2263637347224,64.0632118282954,-0.163151906426933,5.86113549027888,,,14067,14126
planning,1,0,38210.1474667402,38234.0213186618,23.8738519215403,64.0632118282954,64.0403843750847,-0.0228274532107662,,,0.932941035474518,14126,14136
dwelling,7.39999999999999,0,38234.0213186618,38382.0804161082,148.059097446421,64.0403843750847,63.8990562252606,-0.141328149824083,,7.33333332256707,,14136,14210
planning,0.8,0,38382.0804161082,38399.8571085424,17.7766924341922,63.8990562252606,63.8820686948607,-0.0169875303998381,,,0.761310831781798,14210,14218
traveling,2.8,3.16227766016838,38399.8571085424,38470.9675199315,71.1104113891415,63.8820686948607,63.8140055946898,-0.0680631001709386,2.77711175221513,,,14218,14246
planning,0.9,0,38470.9675199315,38491.8315035557,20.8639836241564,63.8140055946898,63.7940567634806,-0.0199488312091916,,,0.875236223401343,14246,14255
dwelling,4.4,0,38491.8315035557,38577.8226545396,85.9911509838639,63.7940567634806,63.7119703893407,-0.0820863741398909,,4.30588232780984,,14255,14299
planning,0.1,0,38577.8226545396,38579.9207440833,2.09808954378968,63.7119703893407,63.7099661741983,-0.00200421514238514,,,0.0163692896256529,14299,14300
traveling,4.9,10.6301458127346,38579.9207440833,38710.8467516131,130.926007529757,63.7099661741983,63.5845306316647,-0.12543554253358,4.88533990473831,,,14300,14349
planning,0.6,0,38710.8467516131,38724.4192010769,13.5724494637761,63.5845306316647,63.571553429484,-0.0129772021807355,,,0.523478768924078,14349,14355
dwelling,6.1,0,38724.4192010769,38848.8867209818,124.467519904909,63.571553429484,63.4526573344952,-0.118896094988841,,6.03333333056877,,14355,14416
planning,0.1,0,38848.8867209818,38851.0532382244,2.16651724262192,63.4526573344952,63.4505864500647,-0.00207088443043091,,,0.0672359508524597,14416,14417
traveling,4.3,7.81024967590665,38851.0532382244,38968.4160627222,117.362824497752,63.4505864500647,63.3380878627805,-0.112498587284207,4.25071453748436,,,14417,14460
planning,0.2,0,38968.4160627222,38972.9367468539,4.52068413177767,63.3380878627805,63.3337642205405,-0.00432364224000281,,,0.191990997669291,14460,14462
dwelling,7.69999999999999,0,38972.9367468539,39122.2876473233,149.350900469377,63.3337642205405,63.1911226603266,-0.142641560213946,,7.66666665720785,,14462,14539
planning,0.3,0,39122.2876473233,39129.3639834656,7.07633614225779,63.1911226603266,63.1843504317677,-0.00677222855889426,,,0.269751608246018,14539,14542
traveling,2.6,3.16227766016838,39129.3639834656,39202.1886477752,72.8246643096718,63.1843504317677,63.1145005301699,-0.069849901597749,2.57029879805644,,,14542,14568
planning,0.4,0,39202.1886477752,39211.2577508817,9.06910310648527,63.1145005301699,63.1058240957849,-0.00867643438503762,,,0.311668931842854,14568,14572
dwelling,4.3,0,39211.2577508817,39296.1542954727,84.8965445909562,63.1058240957849,63.0247093819417,-0.0811147138431636,,4.22352939656562,,14572,14615
planning,0.9,0,39296.1542954727,39317.285989711,21.1316942383492,63.0247093819417,63.0044826466493,-0.0202267352924466,,,0.81494328422745,14615,14624
traveling,5.1,12.6491106406735,39317.285989711,39471.0284627623,153.74247305125,63.0044826466493,62.8568218243816,-0.147660822267653,5.09417244555976,,,14624,14675
planning,0.1,0,39471.0284627623,39473.4128719196,2.38440915730462,62.8568218243816,62.8545387013602,-0.00228312302148481,,,0.0340642087143302,14675,14676
dwelling,6.59999999999999,0,39473.4128719196,39600.8200095613,127.407137641734,62.8545387013602,62.7327869290431,-0.121751772317104,,6.58888885860315,,14676,14742
planning,0.7,0,39600.8200095613,39615.5697266663,14.74971710502,62.7327869290431,62.7186798635198,-0.014107065523298,,,0.671245872605991,14742,14749
traveling,5.9,15.2970585407784,39615.5697266663,39772.4762571058,156.906530439403,62.7186798635198,62.5681809453783,-0.150498918141473,5.86113579985938,,,14749,14808
planning,0.7,0,39772.4762571058,39788.395346328,15.9190892222687,62.5681809453783,62.5529405012521,-0.0152404441261638,,,0.658767464748159,14808,14815
dwelling,8.09999999999999,0,39788.395346328,39950.6430000415,162.24765371345,62.5529405012521,62.3977874917749,-0.155153009477203,,8.03333332401447,,14815,14896
planning,0.1,0,39950.6430000415,39953.1075445868,2.46454454532795,62.3977874917749,62.3954254336797,-0.00236205809525813,,,0.0587676212167937,14896,14897
traveling,2.8,3.16227766016838,39953.1075445868,40033.5261351187,80.4185905318882,62.3954254336797,62.3181896081207,-0.0772358255589936,2.77711270513393,,,14897,14925
planning,0.8,0,40033.5261351187,40053.4285415027,19.9024063839825,62.3181896081207,62.2991106798839,-0.0190789282367447,,,0.762378785984558,14925,14933
dwelling,4.5,0,40053.4285415027,40154.1390132426,100.710471739891,62.2991106798839,62.2026733533604,-0.0964373265234926,,4.44117644441623,,14933,14978
planning,0.4,0,40154.1390132426,40164.4978737056,10.358860463064,62.2026733533604,62.1927369787177,-0.00993637464267749,,,0.351257098705637,14978,14982
traveling,4.9,10.6301458127346,40164.4978737056,40303.4986267579,139.000753052278,62.1927369787177,62.0592213241489,-0.133515654568825,4.88533990519319,,,14982,15031
planning,0.1,0,40303.4986267579,40305.7569456362,2.25831887827371,62.0592213241489,62.0570581240238,-0.0021632001250822,,,0.0847832985542289,15031,15032
dwelling,6.69999999999999,0,40305.7569456362,40439.0977428617,133.340797225545,62.0570581240238,61.9294820901592,-0.127576033864607,,6.65555555508422,,15032,15099
planning,0.1,0,40439.0977428617,40441.4479323592,2.3501894975052,61.9294820901592,61.927229558872,-0.00225253128721192,,,0.0636436851116605,15099,15100
traveling,4.3,7.81024967590665,40441.4479323592,40573.2353418147,131.787409455457,61.927229558872,61.8004578134475,-0.126771745424492,4.25071421929267,,,15100,15143
planning,0.7,0,40573.2353418147,40591.9438982689,18.7085564542576,61.8004578134475,61.782496177092,-0.0179616363555795,,,0.676983263506445,15143,15150
dwelling,7.29999999999999,0,40591.9438982689,40776.1027463871,184.158848118146,61.782496177092,61.6057888839024,-0.176707293189587,,7.2999999873386,,15150,15223
planning,1,0,40776.1027463871,40806.4967415161,30.3939951290522,61.6057888839024,61.576550503126,-0.0292383807763912,,,0.945313732284489,15223,15233
traveling,2.6,3.16227766016838,40806.4967415161,40895.8439758462,89.3472343300891,61.576550503126,61.4904266078854,-0.0861238952405543,2.57029880271402,,,15233,15259
planning,0.2,0,40895.8439758462,40901.5882085761,5.74423272989952,61.4904266078854,61.4849044708652,-0.00552213702024318,,,0.190145198277221,15259,15261
dwelling,4.6,0,40901.5882085761,41013.3361938599,111.747985283742,61.4849044708652,61.3776936234469,-0.107210847418237,,4.5823529371688,,15261,15307
planning,0.7,0,41013.3361938599,41032.2304564207,18.8942625607961,61.3776936234469,61.3595421003895,-0.0181515230574192,,,0.661071313456557,15307,15314
traveling,5.1,12.6491106406735,41032.2304564207,41200.7755890289,168.545132608262,61.3595421003895,61.1970991709479,-0.162442929441639,5.09417244576994,,,15314,15365
planning,0.6,0,41200.7755890289,41216.5626545033,15.7870654743456,61.1970991709479,61.1819341682193,-0.0151650027285299,,,0.536483479209984,15365,15371
dwelling,6.19999999999999,0,41216.5626545033,41363.0702654909,146.50761098761,61.1819341682193,61.0413635683825,-0.140570599836899,,6.17777777526365,,15371,15433
planning,0.6,0,41363.0702654909,41379.0225293214,15.9522638305425,61.0413635683825,61.0260349827466,-0.015328585635892,,,0.527695799175673,15433,15439
traveling,5.9,15.2970585407784,41379.0225293214,41560.0857926562,181.063263334763,61.0260349827466,60.8516654118899,-0.174369570856676,5.86113579971333,,,15439,15498
planning,0.5,0,41560.0857926562,41572.2580351963,12.1722425400658,60.8516654118899,60.8399787453322,-0.0116866665577291,,,0.441940303702577,15498,15503
dwelling,8.19999999999999,0,41572.2580351963,41752.7883245223,180.530289326001,60.8399787453322,60.6668172991905,-0.173161446141656,,8.19999997432553,,15503,15585
planning,0.5,0,41752.7883245223,41765.4744211634,12.6860966411841,60.6668172991905,60.6546285423461,-0.0121887568443597,,,0.403821067242733,15585,15590
traveling,2.8,3.16227766016838,41765.4744211634,41850.8487928541,85.3743716906902,60.6546285423461,60.5723883973284,-0.0822401450177708,2.77711270948448,,,15590,15618
planning,0.1,0,41850.8487928541,41853.6022455849,2.75345273081621,60.5723883973284,60.5697398793312,-0.00264851799721555,,,0.0146230452283103,15618,15619
dwelling,5.2,0,41853.6022455849,41980.073515471,126.471269886017,60.5697398793312,60.4482632049479,-0.121476674383253,,5.19411763914501,,15619,15671
planning,0.9,0,41980.073515471,42003.1037675504,23.0302520794212,60.4482632049479,60.4261273677694,-0.0221358371785243,,,0.853416263226292,15671,15680
traveling,4.9,10.6301458127346,42003.1037675504,42166.7409864294,163.637218879005,60.4261273677694,60.2681993173964,-0.157928050372938,4.88533990580542,,,15680,15729
planning,0.6,0,42166.7409864294,42183.808549846,17.0675634166328,60.2681993173964,60.2517686279523,-0.0164306894441211,,,0.573149861296988,15729,15735
dwelling,6.39999999999999,0,42183.808549846,42358.7224013964,174.913851550409,60.2517686279523,60.0834469316223,-0.168321696329997,,6.32222221474856,,15735,15799
planning,1,0,42358.7224013964,42388.6867779962,29.9643765997898,60.0834469316223,60.054572781933,-0.0288741496892797,,,0.964820889089432,15799,15809
traveling,4.3,7.81024967590665,42388.6867779962,42539.3214340528,150.634656056616,60.054572781933,59.9090285039201,-0.145544278012956,4.25071421943971,,,15809,15852
planning,0.3,0,42539.3214340528,42547.5572381827,8.23580412988667,59.9090285039201,59.901100235616,-0.00792826830412707,,,0.245925401353869,15852,15855
dwelling,8.29999999999999,0,42547.5572381827,42752.1222924718,204.56505428908,59.901100235616,59.7044071692434,-0.196693066372553,,8.23333333267155,,15855,15938
planning,0.4,0,42752.1222924718,42762.8886162325,10.7663237606685,59.7044071692434,59.6940428064501,-0.0103643627933181,,,0.321907178233562,15938,15942
traveling,2.6,3.16227766016838,42762.8886162325,42842.2178274349,79.3292112024428,59.6940428064501,59.6175342620782,-0.0765085443718476,2.57029762097508,,,15942,15968
planning,0.6,0,42842.2178274349,42857.0921057011,14.8742782662157,59.6175342620782,59.6032281762431,-0.014306085835166,,,0.523952657034384,15968,15974
dwelling,4.4,0,42857.0921057011,42958.1781791925,101.08607349138,59.6032281762431,59.5060799589431,-0.0971482172999245,,4.37647058448194,,15974,16018
planning,0.2,0,42958.1781791925,42963.3429177888,5.16473859631515,59.5060799589431,59.5011094020071,-0.00497055693608672,,,0.185903974936827,16018,16020
traveling,5.1,12.6491106406735,42963.3429177888,43129.1206305373,165.777712748437,59.5011094020071,59.3410120365119,-0.160097365495119,5.09417244616906,,,16020,16071
planning,0.8,0,43129.1206305373,43150.2607336329,21.1401030956113,59.3410120365119,59.3206564446222,-0.0203555918897891,,,0.771252562435603,16071,16079
dwelling,6.19999999999999,0,43150.2607336329,43299.3486827294,149.087949096509,59.3206564446222,59.1772467571179,-0.143409687504267,,6.15555552352031,,16079,16141
planning,0.4,0,43299.3486827294,43310.5008021075,11.1521193781518,59.1772467571179,59.1664988644505,-0.0107478926673679,,,0.351595529708967,16141,16145
traveling,5.9,15.2970585407784,43310.5008021075,43514.8173085369,204.316506429321,59.1664988644505,58.9688916957004,-0.197607168750125,5.86113579931622,,,16145,16204
planning,0.2,0,43514.8173085369,43520.4977338004,5.68042526358477,58.9688916957004,58.963414360261,-0.00547733543939444,,,0.183089394075548,16204,16206
dwelling,8.49999999999999,0,43520.4977338004,43712.4965106762,191.99877687572,58.963414360261,58.7787623598636,-0.184652000397364,,8.40000000015867,,16206,16291
planning,0.4,0,43712.4965106762,43721.6735635806,9.1770529044079,58.7787623598636,58.7699341987094,-0.00882816115425555,,,0.389815419335699,16291,16295
traveling,2.8,3.16227766016838,43721.6735635806,43795.1340246116,73.4604610310635,58.7699341987094,58.6991461228046,-0.0707880759047299,2.77711270836081,,,16295,16323
planning,0.1,0,43795.1340246116,43797.488098613,2.35407400131953,58.6991461228046,58.6968806816592,-0.00226544114542548,,,0.0236612786835693,16323,16324
dwelling,5.2,0,43797.488098613,43909.1922947541,111.704196141189,58.6968806816592,58.5894767318385,-0.107403949820757,,5.17647055358894,,16324,16376
planning,0.7,0,43909.1922947541,43928.935777491,19.7434827368998,58.5894767318385,58.5704313697286,-0.0190453621098641,,,0.611687914539191,16376,16383
traveling,4.9,10.6301458127346,43928.935777491,44083.2252741801,154.289496689053,58.5704313697286,58.4213353809001,-0.149095988828542,4.88533990556572,,,16383,16432
planning,0.5,0,44083.2252741801,44096.0160426583,12.7907684782549,58.4213353809001,58.4090097475082,-0.0123256333918746,,,0.441575745711394,16432,16437
dwelling,6.39999999999999,0,44096.0160426583,44249.4834831,153.467440441607,58.4090097475082,58.26121822987,-0.147791517638204,,6.35555555387062,,16437,16501
planning,0.3,0,44249.4834831,44257.7273510991,8.24386799913918,58.26121822987,58.2532652864616,-0.00795294340841934,,,0.239619246425707,16501,16504
traveling,4.3,7.81024967590665,44257.7273510991,44403.889469113,146.162118013905,58.2532652864616,58.1117868365598,-0.141478449901768,4.25071453922257,,,16504,16547
planning,0.9,0,44403.889469113,44430.2551270901,26.3656579770541,58.1117868365598,58.0863243454111,-0.0254624911487085,,,0.870918156066673,16547,16556
dwelling,7.29999999999999,0,44430.2551270901,44615.2152501725,184.960123082485,58.0863243454111,57.9080131355098,-0.178311209901331,,7.29999999790226,,16556,16629
planning,0.3,0,44615.2152501725,44623.6034546449,8.38820447232138,57.9080131355098,57.8999153925603,-0.00809774294946664,,,0.225039769531296,16629,16632
traveling,2.6,3.16227766016838,44623.6034546449,44708.888187661,85.2847330161821,57.8999153925603,57.8173804912804,-0.0825349012798497,2.5702988018349,,,16632,16658
planning,0.6,0,44708.888187661,44725.6544114849,16.7662238238845,57.8173804912804,57.8011929528943,-0.0161875383861485,,,0.539613791216618,16658,16664
dwelling,4.2,0,44725.6544114849,44823.4788667428,97.8244552579199,57.8011929528943,57.7069456567296,-0.0942472961647383,,4.14705881185268,,16664,16706
planning,0.5,0,44823.4788667428,44836.484516256,13.0056495131648,57.7069456567296,57.6943987134739,-0.0125469432556216,,,0.459959608028172,16706,16711
traveling,5.1,12.6491106406735,44836.484516256,44993.1808666929,156.69635043689,57.6943987134739,57.5428420027992,-0.151556710674733,5.09417244579923,,,16711,16762
planning,0.8,0,44993.1808666929,45010.3552220617,17.174355368843,57.5428420027992,57.5263055508452,-0.0165364519539679,,,0.792092712859475,16762,16770
dwelling,6,0,45010.3552220617,45144.2267851908,133.871563129069,57.5263055508452,57.3973400139637,-0.128965536881523,,5.98888885324173,,16770,16830
planning,0.1,0,45144.2267851908,45146.7871311687,2.56034597785765,57.3973400139637,57.3948694640873,-0.00247054987645612,,,0.00188235747552434,16830,16831
traveling,5.9,15.2970585407784,45146.7871311687,45358.7110144083,211.923883239673,57.3948694640873,57.1892643201294,-0.205605143957847,5.86113549030882,,,16831,16890
planning,0.1,0,45358.7110144083,45361.6182813663,2.90726695793273,57.1892643201294,57.186453575598,-0.0028107445314447,,,0.0185028945135346,16890,16891
dwelling,8.39999999999999,0,45361.6182813663,45586.255841467,224.637560100688,57.186453575598,56.9694772405951,-0.21697633500289,,8.36666666167942,,16891,16975
planning,0.5,0,45586.255841467,45602.5970878618,16.3412463948844,56.9694772405951,56.9536462411569,-0.0158309994381227,,,0.465992153077187,16975,16980
traveling,2.8,3.16227766016838,45602.5970878618,45705.5081367217,102.911048859816,56.9536462411569,56.853734110013,-0.0999121311439168,2.77711175202717,,,16980,17008
planning,0.2,0,45705.5081367217,45712.0144453246,6.50630860289675,56.853734110013,56.8474304798408,-0.00630363017223345,,,0.179702395024302,17008,17010
dwelling,5,0,45712.0144453246,45847.618826594,135.604381269455,56.8474304798408,56.7163775679437,-0.131052911897122,,4.97058821705728,,17010,17060
planning,0.5,0,45847.618826594,45862.1081577594,14.4893311653868,56.7163775679437,56.7023609370283,-0.014016630915421,,,0.490539586524265,17060,17065
traveling,4.9,10.6301458127346,45862.1081577594,46024.1363154479,162.028157688495,56.7023609370283,56.545274394479,-0.157086542549258,4.88533990501879,,,17065,17114
planning,0.1,0,46024.1363154479,46026.7547481926,2.61843274467537,56.545274394479,56.5427442283707,-0.00253016610827217,,,0.000301781822880653,17114,17115
dwelling,6.69999999999999,0,46026.7547481926,46193.976049159,167.22130096647,56.5427442283707,56.3812319051965,-0.161512323174179,,6.61111108406644,,17115,17182
planning,0.4,0,46193.976049159,46206.0396644959,12.0636153368469,56.3812319051965,56.3695499695537,-0.0116819356428337,,,0.379233572019779,17182,17186
traveling,4.3,7.81024967590665,46206.0396644959,46362.9063115711,156.866647075178,56.3695499695537,56.2171317543057,-0.152418215248034,4.25071421932076,,,17186,17229
planning,0.8,0,46362.9063115711,46386.6162667769,23.7099552058207,56.2171317543057,56.1941724864479,-0.0229592678577859,,,0.779409978948187,17229,17237
dwelling,7.29999999999999,0,46386.6162667769,46585.2295830782,198.613316301336,56.1941724864479,56.0020429693802,-0.192129517067684,,7.29999998243343,,17237,17310
planning,0.7,0,46585.2295830782,46607.4983983404,22.2688152621704,56.0020429693802,55.980450266994,-0.021592702386215,,,0.661457506251201,17310,17317
traveling,2.6,3.16227766016838,46607.4983983404,46702.2709633701,94.7725650297289,55.980450266994,55.8883352986136,-0.0921149683804003,2.57029880294693,,,17317,17343
planning,0.4,0,46702.2709633701,46714.6017176591,12.3307542890252,55.8883352986136,55.8763828442169,-0.0119524543966492,,,0.318751702621064,17343,17347
dwelling,4.4,0,46714.6017176591,46835.1334683153,120.531750656126,55.8763828442169,55.7597309894622,-0.116651854754743,,4.39999998636093,,17347,17391
planning,0.5,0,46835.1334683153,46850.6559783652,15.5225100499229,55.7597309894622,55.7446804249141,-0.0150505645481047,,,0.433458083299767,17391,17396
traveling,5.1,12.6491106406735,46850.6559783652,47044.3264735378,193.67049517265,55.7446804249141,55.5562019945464,-0.188478430367667,5.09417244576527,,,17396,17447
planning,0.3,0,47044.3264735378,47053.2542993421,8.92782580427593,55.5562019945464,55.5475486272512,-0.00865336729525268,,,0.219651025089334,17447,17450
dwelling,6.49999999999999,0,47053.2542993421,47215.0017849856,161.747485643449,55.5475486272512,55.3911217604429,-0.156426866808303,,6.47777777306763,,17450,17515
planning,0.2,0,47215.0017849856,47220.3597549897,5.35797000408638,55.3911217604429,55.3859347707406,-0.00518698970226694,,,0.140233323819618,17515,17517
traveling,5.9,15.2970585407784,47220.3597549897,47417.7310870677,197.371332078081,55.3859347707406,55.1941722932508,-0.19176247748981,5.86113579896533,,,17517,17576
planning,0.5,0,47417.7310870677,47429.5058904575,11.7748033897806,55.1941722932508,55.1827878170679,-0.0113844761828474,,,0.430513302092805,17576,17581
dwelling,7.99999999999999,0,47429.5058904575,47609.3969465477,179.891056090215,55.1827878170679,55.0089215023647,-0.173866314703282,,7.99999999795875,,17581,17661
planning,0.1,0,47609.3969465477,47611.9347005966,2.537754048848,55.0089215023647,55.0064651099643,-0.00245639240038997,,,0.0639549012435837,17661,17662
traveling,2.8,3.16227766016838,47611.9347005966,47698.2936219422,86.3589213456071,55.0064651099643,54.922637581963,-0.083827528001251,2.77711270579654,,,17662,17690
planning,0.4,0,47698.2936219422,47709.047828719,10.7542067767936,54.922637581963,54.9122192947785,-0.0104182871844785,,,0.316042623021809,17690,17694
dwelling,4.8,0,47709.047828719,47822.8816831928,113.833854473771,54.9122192947785,54.802098816425,-0.110120478353529,,4.71764703779704,,17694,17742
planning,0.7,0,47822.8816831928,47839.8016002409,16.9199170481006,54.802098816425,54.7857259452278,-0.0163728711972126,,,0.681872404170727,17742,17749
traveling,4.9,10.6301458127346,47839.8016002409,47984.0826318342,144.28103159336,54.7857259452278,54.6457206575671,-0.140005287660721,4.88533990511094,,,17749,17798
planning,0.6,0,47984.0826318342,48000.268052185,16.1854203507392,54.6457206575671,54.6300340026329,-0.0156866549341572,,,0.556173297116156,17798,17804
dwelling,6.19999999999999,0,48000.268052185,48149.4871347076,149.219082522672,54.6300340026329,54.4855977695366,-0.144436233096343,,6.13333333167671,,17804,17866
planning,0.4,0,48149.4871347076,48160.1942517913,10.7071170837226,54.4855977695366,54.4752193535962,-0.0103784159404086,,,0.339940826369481,17866,17870
traveling,4.3,7.81024967590665,48160.1942517913,48300.1279570239,139.933705232506,54.4752193535962,54.3391664324041,-0.136052921192046,4.25071453912652,,,17870,17913
planning,0.1,0,48300.1279570239,48302.8493870054,2.72142998156778,54.3391664324041,54.3365274537372,-0.00263897866693696,,,0.0817880958567202,17913,17914
dwelling,8.09999999999999,0,48302.8493870054,48500.3332484335,197.483861428067,54.3365274537372,54.145258691487,-0.191268762250211,,8.06666666500525,,17914,17995
planning,0.8,0,48500.3332484335,48522.4291761891,22.0959277555885,54.145258691487,54.1238218175158,-0.0214368739711546,,,0.783444474057185,17995,18003
traveling,2.6,3.16227766016838,48522.4291761891,48605.7466112541,83.3174350650515,54.1238218175158,54.0428027158385,-0.0810191016773558,2.57029880366932,,,18003,18029
planning,0.5,0,48605.7466112541,48619.4749280183,13.7283167642163,54.0428027158385,54.0294830853654,-0.0133196304730347,,,0.432487059996035,18029,18034
dwelling,4.4,0,48619.4749280183,48728.365464005,108.890535986633,54.0294830853654,53.9239623847167,-0.105520700648718,,4.33529409102059,,18034,18078
planning,0.2,0,48728.365464005,48733.6334701635,5.26800615849061,53.9239623847167,53.9188531310329,-0.00510925368377713,,,0.151256020687174,18078,18080
traveling,5.1,12.6491106406735,48733.6334701635,48896.8615095803,163.228039416856,53.9188531310329,53.7600558159995,-0.158797315033397,5.09417244572405,,,18080,18131
planning,0.3,0,48896.8615095803,48903.6792889862,6.81777940584288,53.7600558159995,53.7534534354704,-0.00660238052915219,,,0.280260496665458,18131,18134
dwelling,6.49999999999999,0,48903.6792889862,49040.8109683804,137.131679394239,53.7534534354704,53.6207445610741,-0.132708874396329,,6.45555554995757,,18134,18199
planning,0.7,0,49040.8109683804,49057.6606783993,16.8497100189052,53.6207445610741,53.6044133021799,-0.0163312588941551,,,0.662944036908192,18199,18206
traveling,5.9,15.2970585407784,49057.6606783993,49237.70352994,180.042851540646,53.6044133021799,53.4292980846091,-0.175115217570841,5.86113579930976,,,18206,18265
planning,0.2,0,49237.70352994,49242.3180749563,4.61454501638946,53.4292980846091,53.4248264866652,-0.00447159794384078,,,0.148162565689146,18265,18267
dwelling,8.39999999999999,0,49242.3180749563,49409.0593859551,166.741310998739,53.4248264866652,53.2634790523132,-0.161347434352038,,8.39999999987404,,18267,18351
planning,0.6,0,49409.0593859551,49422.2954021808,13.2360162256882,53.2634790523132,53.2506561717378,-0.0128228805754205,,,0.590646843236693,18351,18357
traveling,2.8,3.16227766016838,49422.2954021808,49494.4397340274,72.1443318466117,53.2506561717378,53.1806262693399,-0.0700299023978488,2.77711271008354,,,18357,18385
planning,0.9,0,49494.4397340274,49514.5717435901,20.1320095627234,53.1806262693399,53.1611173175922,-0.0195089517477669,,,0.850516216901943,18385,18394
dwelling,4.5,0,49514.5717435901,49611.7434733396,97.1717297494688,53.1611173175922,53.0669782609755,-0.0941390566166049,,4.41176470177089,,18394,18439
planning,1,0,49611.7434733396,49636.1057646,24.3622912604042,53.0669782609755,53.0433432866188,-0.0236349743567743,,,0.993121004133527,18439,18449
traveling,4.9,10.6301458127346,49636.1057646,49777.7972906546,141.691526054587,53.0433432866188,52.9055426954784,-0.137800591140326,4.88533990576943,,,18449,18498
planning,0.8,0,49777.7972906546,49796.2266234219,18.4293327672931,52.9055426954784,52.8876707441707,-0.0178719513077112,,,0.729654754630372,18498,18506
dwelling,6.19999999999999,0,49796.2266234219,49920.6573184604,124.43069503858,52.8876707441707,52.7671622858449,-0.120508458325872,,6.11111109730597,,18506,18568
planning,0.4,0,49920.6573184604,49930.3382639102,9.68094544979249,52.7671622858449,52.7577670924848,-0.00939519336006356,,,0.380036843117006,18568,18572
traveling,4.3,7.81024967590665,49930.3382639102,50058.1986243057,127.860360395505,52.7577670924848,52.6333179407837,-0.124449151701128,4.25071421940326,,,18572,18615
planning,0.2,0,50058.1986243057,50063.2861989773,5.08757467157557,52.6333179407837,52.6283766370686,-0.00494130371503587,,,0.145438783660753,18615,18617
dwelling,8.19999999999999,0,50063.2861989773,50252.2795289348,188.993329957491,52.6283766370686,52.445002759164,-0.183373877904629,,8.19999998785283,,18617,18699
planning,0.7,0,50252.2795289348,50270.4674824709,18.1879535361222,52.445002759164,52.4273279682852,-0.017674790878786,,,0.645082397334329,18699,18706
traveling,2.6,3.16227766016838,50270.4674824709,50349.7447153743,79.2772329033905,52.4273279682852,52.3501068014841,-0.077221166801074,2.57029880503265,,,18706,18732
planning,0.6,0,50349.7447153743,50364.7692247948,15.0245094205166,52.3501068014841,52.3355108570876,-0.014595944396504,,,0.590423154952965,18732,18738
dwelling,4.3,0,50364.7692247948,50457.6970768996,92.9278521048036,52.3355108570876,52.2453756499171,-0.0901352071705119,,4.28823528818044,,18738,18781
planning,0.6,0,50457.6970768996,50472.0432836811,14.3462067814544,52.2453756499171,52.2314441358862,-0.0139315140309364,,,0.551833371229711,18781,18787
traveling,5.1,12.6491106406735,50472.0432836811,50627.15378641,155.110502728894,52.2314441358862,52.0802956475242,-0.151148488361997,5.09417244617172,,,18787,18838
planning,0.2,0,50627.15378641,50632.3742859576,5.22049954764225,52.0802956475242,52.0752194559046,-0.0050761916195512,,,0.18109018578314,18838,18840
dwelling,6.79999999999999,0,50632.3742859576,50781.4189187057,149.044632748097,52.0752194559046,51.930569838262,-0.144649617642621,,6.75555554000044,,18840,18908
planning,0.9,0,50781.4189187057,50804.6812874602,23.2623687545056,51.930569838262,51.9079478436942,-0.0226219945677784,,,0.827449554021857,18908,18917
traveling,5.9,15.2970585407784,50804.6812874602,50995.3497485322,190.668461071989,51.9079478436942,51.7218874376591,-0.186060406035146,5.86113580046274,,,18917,18976
planning,0.1,0,50995.3497485322,50998.1225115843,2.77276305204578,51.7218874376591,51.7191877494044,-0.00269968825468681,,,0.0115789553938247,18976,18977
dwelling,8.79999999999999,0,50998.1225115843,51213.1853845537,215.062872969473,51.7191877494044,51.5100932170594,-0.20909453234497,,8.76666666285098,,18977,19065
planning,0.3,0,51213.1853845537,51221.455403631,8.27001907728845,51.5100932170594,51.5020391670932,-0.00805404996629022,,,0.24288026605702,19065,19068
traveling,2.8,3.16227766016838,51221.455403631,51305.7263366719,84.2709330409198,51.5020391670932,51.4198590921195,-0.0821800749736852,2.77711271528297,,,19068,19096
planning,0.5,0,51305.7263366719,51319.3362542272,13.6099175552954,51.4198590921195,51.4066049687961,-0.0132541233233994,,,0.448159353810201,19096,19101
dwelling,4.9,0,51319.3362542272,51440.3977621224,121.061507895181,51.4066049687961,51.288840232653,-0.117764736143101,,4.88235293625585,,19101,19150
planning,0.7,0,51440.3977621224,51461.0556997838,20.6579376613299,51.288840232653,51.2686956761059,-0.0201445565470877,,,0.625894378959795,19150,19157
traveling,4.9,10.6301458127346,51461.0556997838,51631.5140219456,170.45832216186,51.2686956761059,51.1019944645605,-0.166701211545394,4.88533990601091,,,19157,19206
planning,0.6,0,51631.5140219456,51648.6704240982,17.1564021525919,51.1019944645605,51.0852672044173,-0.0167272601431421,,,0.587608960119936,19206,19212
dwelling,6.39999999999999,0,51648.6704240982,51822.6752189452,174.004794847016,51.0852672044173,50.9157061419645,-0.169561062452793,,6.37777777751869,,19212,19276
planning,0.9,0,51822.6752189452,51852.2314408205,29.5562218752966,50.9157061419645,50.8868205442787,-0.02888559768585,,,0.878072457820073,19276,19285
traveling,4.3,7.81024967590665,51852.2314408205,52010.6448480115,158.413407190987,50.8868205442787,50.7316527755156,-0.155167768763093,4.25071421942147,,,19285,19328
planning,1,0,52010.6448480115,52039.0503491666,28.4055011551172,50.7316527755156,50.7039442016137,-0.0277085739019114,,,0.944709372101713,19328,19338
dwelling,7.49999999999999,0,52039.0503491666,52207.6643326679,168.61398350128,50.7039442016137,50.5399082763655,-0.164035925248172,,7.46666663748301,,19338,19413
planning,0.2,0,52207.6643326679,52212.4762241577,4.81189148980047,50.5399082763655,50.5352230924173,-0.00468518394822581,,,0.129474232013734,19413,19415
traveling,2.6,3.16227766016838,52212.4762241577,52286.2189253722,73.7427012145054,50.5352230924173,50.4632606059478,-0.0719624864695163,2.57029880560513,,,19415,19441
planning,0.5,0,52286.2189253722,52298.375255027,12.1563296548193,50.4632606059478,50.4514214346952,-0.0118391712525678,,,0.4149230251855,19441,19446
dwelling,4.5,0,52298.375255027,52396.3205098117,97.9452547846231,50.4514214346952,50.3561407297676,-0.0952807049275677,,4.40588231886325,,19446,19491
planning,0.3,0,52396.3205098117,52403.6004050808,7.27989526910096,50.3561407297676,50.3490497682902,-0.00709096147744503,,,0.259124166466353,19491,19494
traveling,5.1,12.6491106406735,52403.6004050808,52561.9634373076,158.363032226865,50.3490497682902,50.1942329418256,-0.154816826464568,5.09417244607688,,,19494,19545
planning,0.6,0,52561.9634373076,52577.3058846231,15.3424473154882,50.1942329418256,50.1792753051175,-0.0149576367080897,,,0.592147515857183,19545,19551
dwelling,6.39999999999999,0,52577.3058846231,52727.6997517444,150.393867121304,50.1792753051175,50.0327812844264,-0.146494020691094,,6.31111111096078,,19551,19615
planning,0.8,0,52727.6997517444,52750.1222197309,22.422467986471,50.0327812844264,50.0108892085313,-0.0218920758951953,,,0.770922373144216,19615,19623
traveling,5.9,15.2970585407784,52750.1222197309,52967.3796746289,217.257454898012,50.0108892085313,49.7977400724718,-0.213149136059428,5.86113580000934,,,19623,19682
planning,1,0,52967.3796746289,52997.2754186163,29.8957439874139,49.7977400724718,49.7685136637932,-0.0292264086785892,,,0.992266284839364,19682,19692
dwelling,7.79999999999999,0,52997.2754186163,53199.0539941928,201.778575576522,49.7685136637932,49.5716050744544,-0.196908589338832,,7.76666664761304,,19692,19770
planning,0.1,0,53199.0539941928,53201.8846325429,2.83063835002395,49.5716050744544,49.5688390321398,-0.00276604231456901,,,0.0319757843999549,19770,19771
traveling,2.8,3.16227766016838,53201.8846325429,53289.13069456,87.2460620171914,49.5688390321398,49.4834527266476,-0.0853863054922215,2.77711271015765,,,19771,19799
planning,0.1,0,53289.13069456,53291.8723376555,2.74164309544722,49.4834527266476,49.4807744391406,-0.00267828750702392,,,0.0665891848145718,19799,19800
dwelling,5.3,0,53291.8723376555,53421.602869239,129.730531583482,49.4807744391406,49.3542103739002,-0.126564065240409,,5.21176468628068,,19800,19853
planning,0.6,0,53421.602869239,53437.653304829,16.050435590063,49.3542103739002,49.3385325154837,-0.0156778584165025,,,0.564752878685641,19853,19859
traveling,4.9,10.6301458127346,53437.653304829,53600.6968043927,163.04349956369,49.3385325154837,49.1787074947404,-0.159825020743291,4.88533990556584,,,19859,19908
planning,1,0,53600.6968043927,53627.9118686978,27.2150643050336,49.1787074947404,49.1521102090831,-0.0265972856572958,,,0.95548424171321,19908,19918
dwelling,5.9,0,53627.9118686978,53769.9621706541,142.050301956311,49.1521102090831,49.0134774424653,-0.138632766617746,,5.85555554531501,,19918,19977
planning,0.1,0,53769.9621706541,53772.6176386667,2.65546801265009,49.0134774424653,49.010882462257,-0.00259498020837867,,,0.0387575268876388,19977,19978
traveling,4.3,7.81024967590665,53772.6176386667,53908.8384763372,136.22083767048,49.010882462257,48.8773914880819,-0.133490974175018,4.2507142193285,,,19978,20021
planning,0.9,0,53908.8384763372,53931.7818640136,22.9433876764233,48.8773914880819,48.8549769718527,-0.0224145162292331,,,0.817655923355583,20021,20030
dwelling,7.29999999999999,0,53931.7818640136,54090.9885088607,159.206644847087,48.8549769718527,48.6996966581627,-0.155280313690064,,7.23333329871615,,20030,20103
planning,1,0,54090.9885088607,54115.939688286,24.9511794252976,48.6996966581627,48.6753199075018,-0.0243767506608989,,,0.950156168789544,20103,20113
traveling,2.6,3.16227766016838,54115.939688286,54192.440924487,76.5012362009438,48.6753199075018,48.6004057340623,-0.0749141734394385,2.57029880373051,,,20113,20139
planning,0.7,0,54192.440924487,54211.1657903802,18.7248658932294,48.6004057340623,48.5820929099305,-0.01831282413184,,,0.683982769611366,20139,20146
dwelling,4.2,0,54211.1657903802,54309.3465649584,98.1807745781916,48.5820929099305,48.4862215936394,-0.0958713162910456,,4.13529409531022,,20146,20188
planning,1,0,54309.3465649584,54336.0663724622,26.7198075038395,48.4862215936394,48.4600850793551,-0.0261365142843459,,,0.958012533545294,20188,20198
traveling,5.1,12.6491106406735,54336.0663724622,54502.1811101963,166.114737734133,48.4600850793551,48.2970613494325,-0.163023729922621,5.09417244602804,,,20198,20249
planning,0.6,0,54502.1811101963,54516.4124395242,14.2313293278421,48.2970613494325,48.2831569640405,-0.0139043853919461,,,0.510721695573034,20249,20255
dwelling,6.29999999999999,0,54516.4124395242,54666.8979742801,150.485534755913,48.2831569640405,48.1360938700165,-0.147063094024006,,6.28888887980649,,20255,20318
planning,1,0,54666.8979742801,54694.9868637774,28.0888894972668,48.1360938700165,48.108583424831,-0.0275104451854631,,,0.991049955558141,20318,20328
traveling,5.9,15.2970585407784,54694.9868637774,54908.5912418747,213.604378097283,48.108583424831,47.8984400711668,-0.21014335366425,5.86113580104562,,,20328,20387
planning,0.5,0,54908.5912418747,54923.0112634466,14.4200215719975,47.8984400711668,47.8843063361575,-0.014133735009338,,,0.450018731865891,20387,20392
dwelling,8.49999999999999,0,54923.0112634466,55127.7503232181,204.739059771498,47.8843063361575,47.6840639712775,-0.200242364879927,,8.49999998316535,,20392,20477
planning,1,0,55127.7503232181,55154.5246413103,26.774318092117,47.6840639712775,47.6578381256909,-0.0262258455866657,,,0.922077187075371,20477,20487
traveling,2.8,3.16227766016838,55154.5246413103,55236.9945469164,82.4699056061654,47.6578381256909,47.5769406264009,-0.0808974992899891,2.77711271607646,,,20487,20515
planning,0.1,0,55236.9945469164,55239.641309798,2.64676288157352,47.5769406264009,47.5743480613575,-0.00259256504339334,,,0.0201805345427275,20515,20516
dwelling,5.5,0,55239.641309798,55371.3699496451,131.728639847126,47.5743480613575,47.4454576952826,-0.128890366074906,,5.42352938411699,,20516,20571
planning,0.6,0,55371.3699496451,55386.4285794149,15.0586297698173,47.4454576952826,47.4307138833184,-0.0147438119641308,,,0.584659768597294,20571,20577
traveling,4.9,10.6301458127346,55386.4285794149,55546.0717266825,159.64314726751,47.4307138833184,47.2737675368918,-0.156946346426636,4.88533990654797,,,20577,20626
planning,0.4,0,55546.0717266825,55556.8154478083,10.7437211258657,47.2737675368918,47.2632362229028,-0.0105313139889702,,,0.362609301564273,20626,20630
dwelling,6.79999999999999,0,55556.8154478083,55714.2591834405,157.44373563215,47.2632362229028,47.1091640360935,-0.154072186809358,,6.7333333102559,,20630,20698
planning,0.1,0,55714.2591834405,55716.9681198075,2.70893636699475,47.1091640360935,47.1065076188333,-0.00265641726020505,,,0.00369860494260565,20698,20699
traveling,4.3,7.81024967590665,55716.9681198075,55854.403204354,137.435084546501,47.1065076188333,46.9713727629217,-0.135134855911588,4.25071421937592,,,20699,20742
planning,0.6,0,55854.403204354,55870.8726929676,16.4694886136785,46.9713727629217,46.9552155660471,-0.0161571968746159,,,0.554505259854339,20742,20748
dwelling,7.69999999999999,0,55870.8726929676,56038.0632660592,167.190573091517,46.9552155660471,46.7916255657784,-0.16359000026867,,7.69999998866661,,20748,20825
planning,0.8,0,56038.0632660592,56058.6305330067,20.567266947568,46.7916255657784,46.7714591798685,-0.0201663859099455,,,0.770382415912183,20825,20833
traveling,2.6,3.16227766016838,56058.6305330067,56139.2212880496,80.5907550428747,46.7714591798685,46.6922192081996,-0.0792399716688621,2.57029880448949,,,20833,20859
planning,0.7,0,56139.2212880496,56158.9552550488,19.7339669991852,46.6922192081996,46.6728428496904,-0.0193763585091986,,,0.687396294205635,20859,20866
dwelling,4.2,0,56158.9552550488,56264.2705850982,105.315330049365,46.6728428496904,46.5695831480357,-0.103259701654729,,4.17058823160693,,20866,20908
planning,0.2,0,56264.2705850982,56269.7710963141,5.50051121594879,46.5695831480357,46.5641830557399,-0.00540009229580107,,,0.102768938645762,20908,20910
traveling,5.1,12.6491106406735,56269.7710963141,56445.2545536725,175.483457358401,46.5641830557399,46.3912551801041,-0.172927875635793,5.09417244620156,,,20910,20961
planning,0.1,0,56445.2545536725,56447.9271357745,2.67258210194996,46.3912551801041,46.3886315770195,-0.00262360308462206,,,0.026553695306173,20961,20962
dwelling,6.89999999999999,0,56447.9271357745,56615.3878155646,167.4606797901,46.3886315770195,46.2244139742893,-0.164217602730119,,6.8666666397542,,20962,21031
planning,0.6,0,56615.3878155646,56632.0014814341,16.6136658695759,46.2244139742893,46.2080919154908,-0.0163220587985222,,,0.513538856973241,21031,21037
traveling,5.9,15.2970585407784,56632.0014814341,56833.8973956715,201.895914237328,46.2080919154908,46.0090057244198,-0.199086191071054,5.86113579945887,,,21037,21096
planning,0.7,0,56833.8973956715,56852.8788974817,18.9815018102672,46.0090057244198,45.990355429095,-0.0186502953247327,,,0.640882033692641,21096,21103
dwelling,7.99999999999999,0,56852.8788974817,57053.7431963477,200.864298865941,45.990355429095,45.7931487500065,-0.197206679088502,,7.93333333167576,,21103,21183
planning,0.5,0,57053.7431963477,57069.1861594035,15.4429630558661,45.7931487500065,45.777940870535,-0.0152078794714754,,,0.416687762862534,21183,21188
traveling,2.8,3.16227766016838,57069.1861594035,57169.1446731629,99.9585137593749,45.777940870535,45.6792426571482,-0.0986982133868963,2.77711271036297,,,21188,21216
planning,0.7,0,57169.1446731629,57190.6157300529,21.4710568899609,45.6792426571482,45.6580961749681,-0.0211464821800433,,,0.620713029623022,21216,21223
dwelling,4.7,0,57190.6157300529,57314.861479333,124.245749280148,45.6580961749681,45.5359691860784,-0.122126988889669,,4.6294117640293,,21223,21270
planning,0.7,0,57314.861479333,57334.9174857112,20.0560063781304,45.5359691860784,45.5162310950959,-0.019738090982564,,,0.611622648699866,21270,21277
traveling,4.9,10.6301458127346,57334.9174857112,57482.331332901,147.413847189833,45.5162310950959,45.371018780799,-0.145212314296828,4.88533990572316,,,21277,21326
planning,0.8,0,57482.331332901,57501.7660068135,19.4346739124885,45.371018780799,45.3519276876562,-0.0190910931428121,,,0.760041310741096,21326,21334
dwelling,6.1,0,57501.7660068135,57627.6350286157,125.869021802202,45.3519276876562,45.2284905684975,-0.123437119158716,,6.09999996669524,,21334,21395
planning,0.7,0,57627.6350286157,57643.8438244751,16.2087958594129,45.2284905684975,45.2125731842432,-0.0159173842542728,,,0.635721119494698,21395,21402
traveling,4.3,7.81024967590665,57643.8438244751,57769.5547546918,125.710930216686,45.2125731842432,45.0887162768262,-0.123856907417029,4.25071421939408,,,21402,21445
planning,0.5,0,57769.5547546918,57781.9117052966,12.3569506048007,45.0887162768262,45.0765689836727,-0.0121472931535251,,,0.406359638889219,21445,21450
dwelling,7.89999999999999,0,57781.9117052966,57953.9950287174,172.083323420782,45.0765689836727,44.9076194229199,-0.168949560752779,,7.86666666636731,,21450,21529
planning,0.7,0,57953.9950287174,57970.3867162831,16.3916875657014,44.9076194229199,44.8915107439479,-0.0161086789719747,,,0.619903637559455,21529,21536
traveling,2.6,3.16227766016838,57970.3867162831,58040.9880419703,70.6013256872175,44.8915107439479,44.82198832267,-0.0695224212779237,2.5702988061213,,,21536,21562
planning,0.4,0,58040.9880419703,58050.5682154347,9.5801734643901,44.82198832267,44.8125696096718,-0.00941871299826147,,,0.334595179780381,21562,21566
dwelling,4.6,0,58050.5682154347,58150.5856361334,100.017420698765,44.8125696096718,44.7143347528256,-0.0982348568461902,,4.52352940797894,,21566,21612
planning,0.1,0,58150.5856361334,58152.998631205,2.41299507158692,44.7143347528256,44.711961753477,-0.00237299934859436,,,0.00180888963398529,21612,21613
traveling,5.1,12.6491106406735,58152.998631205,58300.9989506991,148.000319494116,44.711961753477,44.5660199642126,-0.145941789264327,5.09417244604285,,,21613,21664
planning,0.6,0,58300.9989506991,58315.4951401012,14.4961894021035,44.5660199642126,44.5517595499649,-0.0142604142477012,,,0.591136142685057,21664,21670
dwelling,6.29999999999999,0,58315.4951401012,58428.6868367914,113.191696690192,44.5517595499649,44.4407324743635,-0.111027075601477,,6.29999996212867,,21670,21733
planning,0.1,0,58428.6868367914,58430.9218287301,2.23499193863972,44.4407324743635,44.4385353296245,-0.00219714473892907,,,0.0890378260474058,21733,21734
traveling,5.9,15.2970585407784,58430.9218287301,58599.2920149609,168.370186230793,44.4385353296245,44.272442525764,-0.166092803860543,5.86113549030157,,,21734,21793
planning,0.3,0,58599.2920149609,58605.9526171331,6.66060217224731,44.272442525764,44.2658930568982,-0.00654946886584185,,,0.204628362845518,21793,21796
dwelling,8.19999999999999,0,58605.9526171331,58770.0988803176,164.146263184528,44.2658930568982,44.1046271524755,-0.161265904422699,,8.13333331983589,,21796,21878
planning,0.5,0,58770.0988803176,58781.6823378301,11.5834575125045,44.1046271524755,44.0932278002937,-0.0113993521817477,,,0.424573764915305,21878,21883
traveling,2.8,3.16227766016838,58781.6823378301,58858.1295611848,76.4472233546185,44.0932278002937,44.0178270550154,-0.0754007452783014,2.77711175214498,,,21883,21911
planning,0.2,0,58858.1295611848,58863.2056797776,5.07611859280587,44.0178270550154,44.0128253046523,-0.00500175036310679,,,0.14315969942146,21911,21913
dwelling,5,0,58863.2056797776,58981.1608373146,117.955157537079,44.0128253046523,43.8966871631131,-0.116138141539203,,4.9882352916844,,21913,21963
planning,0.1,0,58981.1608373146,58983.9368705292,2.77603321453353,43.8966871631131,43.893947910268,-0.00273925284509602,,,0.0966542576678342,21963,21964
traveling,4.9,10.6301458127346,58983.9368705292,59147.9549499264,164.018079397269,43.893947910268,43.7315823520687,-0.162365558199298,4.88533990506531,,,21964,22013
planning,0.7,0,59147.9549499264,59166.8968117648,18.9418618383861,43.7315823520687,43.7128916628185,-0.0186906892501497,,,0.666113766759407,22013,22020
dwelling,6.1,0,59166.8968117648,59315.6642367302,148.767424965416,43.7128916628185,43.5662681415319,-0.146623521286607,,6.02222221029415,,22020,22081
planning,0.6,0,59315.6642367302,59331.5938968268,15.9296600965754,43.5662681415319,43.5505486619723,-0.0157194795596922,,,0.565903973443243,22081,22087
traveling,4.3,7.81024967590665,59331.5938968268,59460.1022729523,128.508376125443,43.5505486619723,43.4234986948177,-0.127049967154527,4.25071421930041,,,22087,22130
planning,0.2,0,59460.1022729523,59465.2600268361,5.15775388386828,43.4234986948177,43.4184095510914,-0.0050891437263445,,,0.103686026022498,22130,22132
dwelling,7.89999999999999,0,59465.2600268361,59636.2523657158,170.992338879674,43.4184095510914,43.2500066204966,-0.168402930594731,,7.83333333344337,,22132,22211
planning,0.6,0,59636.2523657158,59651.0367038764,14.7843381606217,43.2500066204966,43.2354220497739,-0.0145845707227039,,,0.515051362082469,22211,22217
traveling,2.6,3.16227766016838,59651.0367038764,59727.5232001614,76.486496284946,43.2354220497739,43.1597777681365,-0.0756442816374872,2.57029880333,,,22217,22243
planning,0.2,0,59727.5232001614,59732.6851977999,5.1619976385191,43.1597777681365,43.154681705067,-0.00509606306940924,,,0.181084352654448,22243,22245
dwelling,4.7,0,59732.6851977999,59839.4650992063,106.779901406378,43.154681705067,43.0494157763686,-0.105265928698437,,4.61764702922105,,22245,22292
planning,1,0,59839.4650992063,59865.6974650511,26.2323658448076,43.0494157763686,43.0235064976138,-0.0259092787548596,,,0.913912818289579,22292,22302
traveling,5.1,12.6491106406735,59865.6974650511,60027.0409991132,161.343534062114,43.0235064976138,42.8636662732449,-0.159840224368864,5.09417244584915,,,22302,22353
planning,0.5,0,60027.0409991132,60040.2155624168,13.174563303648,42.8636662732449,42.8506486089604,-0.0130176642845043,,,0.439167054470421,22353,22358
dwelling,6.39999999999999,0,60040.2155624168,60198.6063134893,158.390751072409,42.8506486089604,42.6942415920214,-0.15640701693895,,6.31111108617116,,22358,22422
planning,0.3,0,60198.6063134893,60207.0989077477,8.49259425840864,42.6942415920214,42.6858389916703,-0.00840260035116103,,,0.262861572185548,22422,22425
traveling,5.9,15.2970585407784,60207.0989077477,60423.8200231572,216.721115409586,42.6858389916703,42.4704055284348,-0.215433463235499,5.86113580001474,,,22425,22484
planning,0.7,0,60423.8200231572,60444.1589617093,20.3389385520932,42.4704055284348,42.4502650611303,-0.0201404673045076,,,0.624757788057153,22484,22491
dwelling,8.09999999999999,0,60444.1589617093,60661.9229806681,217.764018958711,42.4502650611303,42.2348083962711,-0.215456664859197,,8.06666666608112,,22491,22572
planning,0.6,0,60661.9229806681,60679.1968939208,17.2739132526985,42.2348083962711,42.2176970706066,-0.0171113256645157,,,0.541223418367652,22572,22578
traveling,2.8,3.16227766016838,60679.1968939208,60768.1382072843,88.9413133635026,42.2176970706066,42.1294441275085,-0.0882529430980838,2.7771127095739,,,22578,22606
planning,0.7,0,60768.1382072843,60787.2437732977,19.1055660134298,42.1294441275085,42.1105284660339,-0.0189156614746082,,,0.691451180598452,22606,22613
dwelling,4.6,0,60787.2437732977,60897.671523457,110.427750159288,42.1105284660339,42.0013636616827,-0.109164804351167,,4.59411763557711,,22613,22659
planning,0.6,0,60897.671523457,60914.2208617841,16.5493383271532,42.0013636616827,41.9849721052419,-0.0163915564407517,,,0.532874352530445,22659,22665
traveling,4.9,10.6301458127346,60914.2208617841,61071.3010849431,157.080223158926,41.9849721052419,41.8289846506666,-0.155987454575374,4.88533990572448,,,22665,22714
planning,0.4,0,61071.3010849431,61081.43590753,10.1348225869078,41.8289846506666,41.8189542144174,-0.0100304362492096,,,0.379019965828647,22714,22718
dwelling,6.49999999999999,0,61081.43590753,61230.5193237382,149.083416208239,41.8189542144174,41.6715584950886,-0.147395719328792,,6.49999998408225,,22718,22783
planning,0.2,0,61230.5193237382,61236.0114699499,5.49214621169085,41.6715584950886,41.6661153193332,-0.00544317575534592,,,0.189263045422884,22783,22785
traveling,4.3,7.81024967590665,61236.0114699499,61372.0445772761,136.033107326177,41.6661153193332,41.5309710397812,-0.135144279552037,4.25071421932794,,,22785,22828
planning,0.5,0,61372.0445772761,61385.4474677288,13.4028904527731,41.5309710397812,41.5176879451937,-0.0132830945874503,,,0.410596963402488,22828,22833
dwelling,7.69999999999999,0,61385.4474677288,61562.688577246,177.241109517134,41.5176879451937,41.3423293989486,-0.175358546245157,,7.6333333013434,,22833,22910
planning,0.9,0,61562.688577246,61584.8590950739,22.1705178278789,41.3423293989486,41.320371852563,-0.0219575463856216,,,0.848834098088467,22910,22919
traveling,2.6,3.16227766016838,61584.8590950739,61659.1213520991,74.2622570252643,41.320371852563,41.2466642877895,-0.0737075647734144,2.57029880361666,,,22919,22945
planning,0.3,0,61659.1213520991,61666.9218028808,7.80045078166586,41.2466642877895,41.2389320294757,-0.00773225831387947,,,0.260452106645629,22945,22948
dwelling,4.6,0,61666.9218028808,61771.3429742804,104.421171399576,41.2389320294757,41.135582525455,-0.103349504020699,,4.53529411596124,,22948,22994
planning,0.4,0,61771.3429742804,61782.1475050664,10.8045307860011,41.135582525455,41.1248643732242,-0.0107181522307442,,,0.308043883683812,22994,22998
traveling,5.1,12.6491106406735,61782.1475050664,61958.5262874291,176.378782362706,41.1248643732242,40.9491549510838,-0.1757094221404,5.09417244596578,,,22998,23049
planning,0.1,0,61958.5262874291,61961.4001687121,2.87388128303428,40.9491549510838,40.9463004169766,-0.00285453410717196,,,0.0180205805122896,23049,23050
dwelling,6.79999999999999,0,61961.4001687121,62141.3481475006,179.947978788456,40.9463004169766,40.7677313682579,-0.178569048718735,,6.76666666295751,,23050,23118
planning,0.2,0,62141.3481475006,62147.1992380735,5.85109057297814,40.7677313682579,40.7619158049925,-0.00581556326540067,,,0.122502780568727,23118,23120
traveling,5.9,15.2970585407784,62147.1992380735,62364.9701356854,217.770897611874,40.7619158049925,40.5445091627567,-0.217406642235801,5.8611357990858,,,23120,23179
planning,0.1,0,62364.9701356854,62367.7191248123,2.74898912691424,40.5445091627567,40.5417779730048,-0.00273118975193398,,,0.0388522378394004,23179,23180
dwelling,8.49999999999999,0,62367.7191248123,62571.2221991997,203.503074387358,40.5417779730048,40.3399076910384,-0.201870281966372,,8.43333333227894,,23180,23265
planning,0.1,0,62571.2221991997,62573.8086712978,2.58647209815535,40.3399076910384,40.3373389108909,-0.0025687801474632,,,0.0649536493158074,23265,23266
traveling,2.8,3.16227766016838,62573.8086712978,62658.664091124,84.85541982617,40.3373389108909,40.2528529671178,-0.0844859437731316,2.77711175193703,,,23266,23294
planning,0.2,0,62658.664091124,62664.197802524,5.53371139997034,40.2528529671178,40.2473509819322,-0.00550198518560308,,,0.19462831630598,23294,23296
dwelling,5,0,62664.197802524,62788.6970142448,124.499211720846,40.2473509819322,40.1237202373097,-0.123630744622524,,4.95294115928921,,23296,23346
planning,1,0,62788.6970142448,62816.6438669554,27.9468527106219,40.1237202373097,40.0959205930466,-0.0277996442630908,,,0.938643013226744,23346,23356
traveling,4.9,10.6301458127346,62816.6438669554,62976.1285784432,159.484711487741,40.0959205930466,39.936831632262,-0.159088960784558,4.88533990543486,,,23356,23405
planning,0.3,0,62976.1285784432,62983.669636264,7.54105782079569,39.936831632262,39.9293380662549,-0.00749356600714179,,,0.277845546627436,23405,23408
dwelling,6.59999999999999,0,62983.669636264,63130.627604029,146.957967765011,39.9293380662549,39.783489487188,-0.145848579066886,,6.5222221887888,,23408,23474
planning,0.9,0,63130.627604029,63151.5538837885,20.9262797595293,39.783489487188,39.7627071769674,-0.0207823102206248,,,0.896115609195191,23474,23483
traveling,4.3,7.81024967590665,63151.5538837885,63278.6435201413,127.08963635275,39.7627071769674,39.6360358993605,-0.126671277606889,4.25071421942082,,,23483,23526
planning,1,0,63278.6435201413,63305.3341663147,26.6906461734761,39.6360358993605,39.6094733921424,-0.0265625072181237,,,0.956413158419364,23526,23536
dwelling,7.49999999999999,0,63305.3341663147,63488.1670190784,182.832852763648,39.6094733921424,39.4276878789565,-0.181785513185837,,7.466666662219,,23536,23611
planning,0.8,0,63488.1670190784,63510.6790485692,22.5120294908411,39.4276878789565,39.4052567592949,-0.022431119661654,,,0.711138207992818,23611,23619
traveling,2.6,3.16227766016838,63510.6790485692,63593.9694339941,83.2903854248725,39.4052567592949,39.3220849402084,-0.0831718190864308,2.57029880854018,,,23619,23645
planning,0.5,0,63593.9694339941,63608.7424713825,14.7730373883678,39.3220849402084,39.3073509166648,-0.0147340235436815,,,0.457584529875086,23645,23650
dwelling,4.5,0,63608.7424713825,63723.6865286942,114.944057311739,39.3073509166648,39.1929270117953,-0.114423904869504,,4.49411761579594,,23650,23695
planning,0.3,0,63723.6865286942,63732.149365921,8.46283722676162,39.1929270117953,39.1844898060792,-0.00843720571604223,,,0.279128801348434,23695,23698
traveling,5.1,12.6491106406735,63732.149365921,63910.0803222875,177.930956366574,39.1844898060792,39.0064198219044,-0.178069984174861,5.09417244609807,,,23698,23749
planning,0.8,0,63910.0803222875,63933.4766198941,23.3962976065304,39.0064198219044,38.9830712686575,-0.0233485532468478,,,0.771927676137453,23749,23757
dwelling,6.19999999999999,0,63933.4766198941,64094.6698104118,161.193190517763,38.9830712686575,38.8224381472746,-0.160633121382865,,6.12222221854608,,23757,23819
planning,1,0,64094.6698104118,64123.6209207557,28.9511103438199,38.8224381472746,38.793537673864,-0.0289004734106939,,,0.914093709046596,23819,23829
traveling,5.9,15.2970585407784,64123.6209207557,64343.3771407277,219.756219972056,38.793537673864,38.5730890101937,-0.22044866367029,5.86113580032229,,,23829,23888
planning,0.7,0,64343.3771407277,64363.7024144295,20.3252737017901,38.5730890101937,38.5527864492815,-0.0203025609121354,,,0.627894016621439,23888,23895
dwelling,8.19999999999999,0,64363.7024144295,64576.0290318247,212.326617395185,38.5527864492815,38.3409768415237,-0.211809607757857,,8.13333333198915,,23895,23977
planning,0.6,0,64576.0290318247,64593.7697004859,17.7406686611794,38.3409768415237,38.3232412506585,-0.0177355908651862,,,0.565907021141449,23977,23983
traveling,2.8,3.16227766016838,64593.7697004859,64683.6146139085,89.8449134226685,38.3232412506585,38.2332852165474,-0.0899560341110401,2.77711271432196,,,23983,24011
planning,0.5,0,64683.6146139085,64697.3598819559,13.7452680473361,38.2332852165474,38.2195549751812,-0.013730241366197,,,0.473003654188577,24011,24016
dwelling,5,0,64697.3598819559,64813.5901194663,116.230237510375,38.2195549751812,38.103684417327,-0.115870557854258,,4.95294114611242,,24016,24066
planning,0.8,0,64813.5901194663,64833.6177960262,20.0276765599556,38.103684417327,38.0836972988505,-0.0199871184764504,,,0.701939629851803,24066,24074
traveling,4.9,10.6301458127346,64833.6177960262,64993.5502007935,159.932404767322,38.0836972988505,37.9233907380213,-0.16030656082927,4.88533990630838,,,24074,24123
planning,0.1,0,64993.5502007935,64996.2570527548,2.70685196130216,37.9233907380213,37.9206854107905,-0.00270532723074979,,,0.0205770945128945,24123,24124
dwelling,6.99999999999999,0,64996.2570527548,65162.5059939529,166.248941198079,37.9206854107905,37.7547752213604,-0.165910189430107,,6.94444440585541,,24124,24194
planning,0.8,0,65162.5059939529,65185.6436304864,23.1376365335236,37.7547752213604,37.7316182401744,-0.0231569811860197,,,0.707982045676331,24194,24202
traveling,4.3,7.81024967590665,65185.6436304864,65331.8175949619,146.173964475514,37.7316182401744,37.5848785323727,-0.146739707801693,4.25071421944031,,,24202,24245
planning,0.1,0,65331.8175949619,65334.3657806053,2.54818564336165,37.5848785323727,37.5823317102598,-0.00254682211289037,,,0.0643770913617673,24245,24246
dwelling,8.49999999999999,0,65334.3657806053,65524.8670577817,190.501277176358,37.5823317102598,37.3921815602665,-0.190150149993293,,8.43333331374174,,24246,24331
planning,0.7,0,65524.8670577817,65542.8511577732,17.9840999915323,37.3921815602665,37.3741960614188,-0.0179854988476791,,,0.601238795807396,24331,24338
traveling,2.6,3.16227766016838,65542.8511577732,65620.4743471515,77.6231893782533,37.3741960614188,37.2963855311706,-0.0778105302481933,2.57029880901846,,,24338,24364
planning,0.3,0,65620.4743471515,65628.0863758544,7.61202870291891,37.2963855311706,37.288772414269,-0.0076131169016378,,,0.299547549170479,24364,24367
dwelling,4.8,0,65628.0863758544,65733.715141117,105.628765262605,37.288772414269,37.1832950066232,-0.105477407645829,,4.7117646789542,,24367,24415
planning,0.1,0,65733.715141117,65736.2225689329,2.50742781592999,37.1832950066232,37.1807869029103,-0.00250810371291266,,,0.0703057278169558,24415,24416
traveling,5.1,12.6491106406735,65736.2225689329,65901.4286526316,165.206083698664,37.1807869029103,37.0148487503383,-0.165938152571968,5.0941724463219,,,24416,24467
planning,0.6,0,65901.4286526316,65918.1308442266,16.7021915949881,37.0148487503383,36.9981106726039,-0.0167380777343595,,,0.537833419822904,24467,24473
dwelling,6.49999999999999,0,65918.1308442266,66084.8832153962,166.75237116967,36.9981106726039,36.8311480476904,-0.166962624913516,,6.4222222191932,,24473,24538
planning,0.6,0,66084.8832153962,66102.5169767974,17.6337614011281,36.8311480476904,36.8134538314923,-0.0176942161981017,,,0.5935009287151,24538,24544
traveling,5.9,15.2970585407784,66102.5169767974,66322.5248329346,220.007856137221,36.8134538314923,36.5916463729,-0.221807458592316,5.86113579971768,,,24544,24603
planning,1,0,66322.5248329346,66351.8770489288,29.3522159942222,36.5916463729,36.5621751600186,-0.0294712128814467,,,0.988777065963028,24603,24613
dwelling,7.69999999999999,0,66351.8770489288,66539.6616590846,187.784610155839,36.5621751600186,36.3740522316962,-0.188122928322315,,7.69999997789426,,24613,24690
planning,0.3,0,66539.6616590846,66547.5040630613,7.84240397668327,36.3740522316962,36.3661868696961,-0.00786536200016741,,,0.265757303017405,24690,24693
traveling,2.8,3.16227766016838,66547.5040630613,66630.0685233265,82.5644602651591,36.3661868696961,36.283218086258,-0.0829687834381048,2.7771127100692,,,24693,24721
planning,0.9,0,66630.0685233265,66652.459070203,22.390546876486,36.283218086258,36.2607708120632,-0.0224472741948176,,,0.82306701160362,24721,24730
dwelling,4.5,0,66652.459070203,66754.0300888313,101.571018628354,36.2607708120632,36.1590437711594,-0.101727040903739,,4.41176468049107,,24730,24775
planning,0.4,0,66754.0300888313,66764.8007406368,10.7706518055056,36.1590437711594,36.1482309753027,-0.010812795856701,,,0.314154603972904,24775,24779
traveling,4.9,10.6301458127346,66764.8007406368,66927.373194293,162.572453656161,36.1482309753027,35.9844220804843,-0.163808894818366,4.88533990568877,,,24779,24828
planning,0.7,0,66927.373194293,66945.8257581929,18.4525638998748,35.9844220804843,35.9658939261418,-0.0185281543425617,,,0.617148500392304,24828,24835
dwelling,6.19999999999999,0,66945.8257581929,67090.5922632739,144.766505081076,35.9658939261418,35.8207283711879,-0.145165554953877,,6.18888888369402,,24835,24897
planning,0.5,0,67090.5922632739,67103.5042461708,12.9119828968978,35.8207283711879,35.8077615003366,-0.0129668708512867,,,0.477561965776422,24897,24902
traveling,4.3,7.81024967590665,67103.5042461708,67246.035008026,142.530761855174,35.8077615003366,35.664015761127,-0.143745739209656,4.2507145392334,,,24902,24945
planning,0.2,0,67246.035008026,67251.6332387911,5.59823076508474,35.664015761127,35.6583850743985,-0.00563068672846612,,,0.16823897311978,24945,24947
dwelling,7.99999999999999,0,67251.6332387911,67440.9896587199,189.356419928838,35.6583850743985,35.468290573895,-0.190094500503456,,7.99999999645933,,24947,25027
planning,0.6,0,67440.9896587199,67455.3346654221,14.3450067021913,35.468290573895,35.4538850757977,-0.0144054980973536,,,0.51562070862594,25027,25033
traveling,2.6,3.16227766016838,67455.3346654221,67522.7260007947,67.3913353725948,35.4538850757977,35.3861294976032,-0.0677555781944505,2.57029880362145,,,25033,25059
planning,0.2,0,67522.7260007947,67527.2173781621,4.49137736734701,35.3861294976032,35.3816216070945,-0.00450789050874789,,,0.102854446501487,25059,25061
dwelling,4.7,0,67527.2173781621,67622.389524141,95.1721459789114,35.3816216070945,35.2861937436864,-0.095427863408041,,4.63529409097882,,25061,25108
planning,0.3,0,67622.389524141,67629.9639053427,7.57438120170264,35.2861937436864,35.2785783984402,-0.00761534524620089,,,0.296756278920875,25108,25111
traveling,5.1,12.6491106406735,67629.9639053427,67796.0378411405,166.073935797845,35.2785783984402,35.1108893830598,-0.167689015380432,5.0941724458219,,,25111,25162
planning,0.6,0,67796.0378411405,67810.3458189937,14.3079778531246,35.1108893830598,35.0965073729606,-0.0143820100991903,,,0.555755055252343,25162,25168
dwelling,6.19999999999999,0,67810.3458189937,67949.2481619696,138.902342975969,35.0965073729606,34.9569575081698,-0.139549864790865,,6.19999996646252,,25168,25230
planning,0.7,0,67949.2481619696,67965.7802718954,16.5321099257708,34.9569575081698,34.9403345544663,-0.0166229537034397,,,0.693802350665724,25230,25237
traveling,5.9,15.2970585407784,67965.7802718954,68156.7562847746,190.97601287924,34.9403345544663,34.7473169962498,-0.193017558216532,5.86113579944467,,,25237,25296
planning,1,0,68156.7562847746,68184.1254449812,27.3691602065956,34.7473169962498,34.7197271650713,-0.0275898311784815,,,0.966714733000647,25296,25306
dwelling,7.69999999999999,0,68184.1254449812,68370.9752259726,186.849780991339,34.7197271650713,34.5316162777184,-0.188110887352913,,7.63333333305512,,25306,25383
planning,0.1,0,68370.9752259726,68373.6053320233,2.63010605071031,34.5316162777184,34.5289649185681,-0.0026513591502777,,,0.0591615875454623,25383,25384
traveling,2.8,3.16227766016838,68373.6053320233,68457.6714393918,84.0661073684896,34.5289649185681,34.4440352278853,-0.0849296906828556,2.77711270504153,,,25384,25412
planning,0.1,0,68457.6714393918,68460.2631640421,2.59172465032316,34.4440352278853,34.4414224312713,-0.00261279661396685,,,0.0227566358321548,25412,25413
dwelling,5.2,0,68460.2631640421,68581.5557422172,121.292578175096,34.4414224312713,34.31928544676,-0.122136984511286,,5.14117644631075,,25413,25465
planning,0.9,0,68581.5557422172,68605.6461731323,24.090430915152,34.31928544676,34.2949788380622,-0.0243066086978061,,,0.870411438923527,25465,25474
traveling,4.9,10.6301458127346,68605.6461731323,68763.992864469,158.346691336643,34.2949788380622,34.1346844302248,-0.160294407837405,4.88533990547395,,,25474,25523
planning,0.8,0,68763.992864469,68784.2267372393,20.2338727702881,34.1346844302248,34.1142739692644,-0.0204104609603775,,,0.705657313274814,25523,25531
dwelling,6.1,0,68784.2267372393,68916.9977295452,132.770992305945,34.1142739692644,33.9805599608476,-0.133714008416803,,6.03333329533899,,25531,25592
planning,0.9,0,68916.9977295452,68940.0639150211,23.0661854759092,33.9805599608476,33.957277865192,-0.0232820956555884,,,0.887361546802524,25592,25601
traveling,4.3,7.81024967590665,68940.0639150211,69079.6237612723,139.559846251184,33.957277865192,33.8158472117055,-0.141430653486516,4.25071421942222,,,25601,25644
planning,0.8,0,69079.6237612723,69099.9691913417,20.3454300693993,33.8158472117055,33.7953036999476,-0.0205435117579498,,,0.709371014201956,25644,25652
dwelling,7.69999999999999,0,69099.9691913417,69268.2896444895,168.320453147782,33.7953036999476,33.625611155751,-0.169692544196579,,7.66666666365535,,25652,25729
planning,0.5,0,69268.2896444895,69280.9677205526,12.6780760630936,33.625611155751,33.6128031298038,-0.012808025947173,,,0.448837766033435,25729,25734
traveling,2.6,3.16227766016838,69280.9677205526,69356.8617396088,75.8940190562425,33.6128031298038,33.5359586268743,-0.0768445029295535,2.5702988073983,,,25734,25760
planning,0.7,0,69356.8617396088,69375.2278104588,18.366070849981,33.5359586268743,33.5173906345995,-0.0185679922747326,,,0.693090306399748,25760,25767
dwelling,4.3,0,69375.2278104588,69477.7276429871,102.499832528323,33.5173906345995,33.4138748164976,-0.103515818101933,,4.24117646172974,,25767,25810
planning,0.4,0,69477.7276429871,69488.1184106748,10.3907676876261,33.4138748164976,33.4033675493287,-0.0105072671688831,,,0.356712270193535,25810,25814
traveling,5.1,12.6491106406735,69488.1184106748,69650.8925748186,162.774164143862,33.4033675493287,33.2381875133318,-0.165180035996883,5.09417244607835,,,25814,25865
planning,0.9,0,69650.8925748186,69674.1186770586,23.2261022399616,33.2381875133318,33.2146901500079,-0.0234973633239193,,,0.852257240969954,25865,25874
dwelling,6.1,0,69674.1186770586,69815.8161372933,141.697460234733,33.2146901500079,33.0714958523995,-0.143194297608368,,6.01111106943852,,25874,25935
planning,0.3,0,69815.8161372933,69823.5122516802,7.69611438692664,33.0714958523995,33.0637068001666,-0.00778905223288717,,,0.291641295964723,25935,25938
traveling,5.9,15.2970585407784,69823.5122516802,70013.2115965468,189.699344866589,33.0637068001666,32.8709447678128,-0.192762032353805,5.86113579945316,,,25938,25997
planning,0.4,0,70013.2115965468,70023.5059198317,10.2943232849211,32.8709447678128,32.8605192427024,-0.0104255251104632,,,0.358534741983505,25997,26001
dwelling,8.29999999999999,0,70023.5059198317,70213.2802733112,189.774353479472,32.8605192427024,32.6685552245812,-0.191964018121169,,8.23333333019493,,26001,26084
planning,0.8,0,70213.2802733112,70234.3164743246,21.036201013354,32.6685552245812,32.6472310300818,-0.0213241944994209,,,0.799743391300934,26084,26092
traveling,2.8,3.16227766016838,70234.3164743246,70320.3974465492,86.0809722246049,32.6472310300818,32.5597418063813,-0.0874892237005014,2.77711271039849,,,26092,26120
planning,0.8,0,70320.3974465492,70342.2770139047,21.8795673555142,32.5597418063813,32.5375428465807,-0.0221989598005976,,,0.712110369596978,26120,26128
dwelling,4.6,0,70342.2770139047,70449.1971120632,106.920098158531,32.5375428465807,32.4292745597773,-0.10826828680338,,4.52941173816215,,26128,26174
planning,0.2,0,70449.1971120632,70454.6070000561,5.4098879929079,32.4292745597773,32.4237845163623,-0.00549004341496584,,,0.138457489100335,26174,26176
traveling,4.9,10.6301458127346,70454.6070000561,70615.0556571699,160.448657113768,32.4237845163623,32.2603922672652,-0.163392249097122,4.88533990561071,,,26176,26225
planning,0.4,0,70615.0556571699,70625.765570527,10.7099133570591,32.2603922672652,32.2495194165818,-0.0108728506834694,,,0.303894854510688,26225,26229
dwelling,6.49999999999999,0,70625.765570527,70790.8355102016,165.069939674679,32.2495194165818,32.0820122990135,-0.167507117568221,,6.46666665817119,,26229,26294
planning,0.1,0,70790.8355102016,70793.7665983263,2.93108812470746,32.0820122990135,32.0790309732617,-0.00298132575181143,,,0.0444020128108086,26294,26295
traveling,4.3,7.81024967590665,70793.7665983263,70934.2018985566,140.435300230267,32.0790309732617,31.9358886236112,-0.143142349650482,4.25071421929284,,,26295,26338
planning,0.1,0,70934.2018985566,70936.7378227891,2.53592423247756,31.9358886236112,31.9333134522506,-0.00257517136059704,,,0.0150191271671423,26338,26339
dwelling,7.89999999999999,0,70936.7378227891,71113.457482386,176.719659596871,31.9333134522506,31.7540887795759,-0.179224672674756,,7.89999999928782,,26339,26418
planning,0.6,0,71113.457482386,71128.0082957667,14.5508133807016,31.7540887795759,31.7393125703516,-0.0147762092242836,,,0.500525549511533,26418,26424
traveling,2.6,3.16227766016838,71128.0082957667,71207.6715689358,79.6632731691498,31.7393125703516,31.658117094155,-0.0811954761966263,2.57029880136771,,,26424,26450
planning,0.4,0,71207.6715689358,71218.9253117221,11.2537427862408,31.658117094155,31.6466619671505,-0.0114551270045204,,,0.383743747268584,26450,26454
dwelling,4.4,0,71218.9253117221,71321.5982845672,102.672972845176,31.6466619671505,31.5423960446718,-0.104265922478703,,4.32941176248683,,26454,26498
planning,0.2,0,71321.5982845672,71326.6930897947,5.09480522744707,31.5423960446718,31.5372155363755,-0.00518050829622396,,,0.198345300521158,26498,26500
traveling,5.1,12.6491106406735,71326.6930897947,71505.326090225,178.633000430287,31.5372155363755,31.3545265333016,-0.182689003073957,5.09417244569201,,,26500,26551
planning,0.3,0,71505.326090225,71513.7934144632,8.46732423827052,31.3545265333016,31.3458988490258,-0.00862768427576555,,,0.255310214732627,26551,26554
dwelling,6.49999999999999,0,71513.7934144632,71671.2734771571,157.480062693823,31.3458988490258,31.1857311361742,-0.160167712851599,,6.4444444331487,,26554,26619
planning,0.6,0,71671.2734771571,71687.4901998088,16.2167226517049,31.1857311361742,31.1692085211292,-0.0165226150450373,,,0.504063755384168,26619,26625
traveling,5.9,15.2970585407784,71687.4901998088,71899.6174171447,212.127217335918,31.1692085211292,30.9518969856354,-0.217311535493728,5.86113579907815,,,26625,26684
planning,0.2,0,71899.6174171447,71905.4675065156,5.85008937088423,30.9518969856354,30.9459249518979,-0.00597203373757793,,,0.134033688947646,26684,26686
dwelling,8.39999999999999,0,71905.4675065156,72086.6088908855,181.141384369941,30.9459249518979,30.7616894474768,-0.184235504421071,,8.33333333325672,,26686,26770
planning,0.4,0,72086.6088908855,72094.591965062,7.98307417654723,30.7616894474768,30.7535750556385,-0.00811439183832263,,,0.325652979273269,26770,26774
traveling,2.8,3.16227766016838,72094.591965062,72159.1689351004,64.5769700383826,30.7535750556385,30.6878114091277,-0.0657636465108098,2.77711270684642,,,26774,26802
planning,0.7,0,72159.1689351004,72174.0403810608,14.8714459603652,30.6878114091277,30.6726811669098,-0.0151302422178219,,,0.677961054692755,26802,26809
dwelling,4.6,0,72174.0403810608,72253.5322700738,79.4918890130211,30.6726811669098,30.5919616661499,-0.0807195007599439,,4.55882350273231,,26809,26855
planning,0.4,0,72253.5322700738,72261.2477351203,7.7154650464945,30.5919616661499,30.5841176591338,-0.00784400701607879,,,0.396973863782434,26855,26859
traveling,4.9,10.6301458127346,72261.2477351203,72374.6249745449,113.377239424619,30.5841176591338,30.4685684113743,-0.115549247759528,4.88533990514413,,,26859,26908
planning,0.4,0,72374.6249745449,72382.3910918799,7.76611733491882,30.4685684113743,30.4606691105485,-0.0078993008258017,,,0.385099037519705,26908,26912
dwelling,6.39999999999999,0,72382.3910918799,72502.7126054263,120.321513546485,30.4606691105485,30.3382954557782,-0.122373654770254,,6.34444442204329,,26912,26976
planning,0.3,0,72502.7126054263,72509.4833347277,6.77072930139548,30.3382954557782,30.3313940565335,-0.00690139924476441,,,0.237819242997081,26976,26979
traveling,4.3,7.81024967590665,72509.4833347277,72628.25891744,118.775582712318,30.3313940565335,30.2099548468983,-0.121439209635209,4.25071421931114,,,26979,27022
planning,0.2,0,72628.25891744,72632.8143540861,4.55543664602737,30.2099548468983,30.2053089797512,-0.00464586714704751,,,0.182007282177954,27022,27024
dwelling,7.89999999999999,0,72632.8143540861,72806.9672553867,174.152901300651,30.2053089797512,30.0277104164678,-0.177598563283379,,7.86666665352078,,27024,27103
planning,0.5,0,72806.9672553867,72819.4775243348,12.5102689480555,30.0277104164678,30.0149282990259,-0.0127821174419331,,,0.402969427677732,27103,27108
traveling,2.6,3.16227766016838,72819.4775243348,72894.6228069891,75.1452826543537,30.0149282990259,29.9379730668003,-0.0769552322255684,2.570298801833,,,27108,27134
planning,0.5,0,72894.6228069891,72907.2580919429,12.6352849537943,29.9379730668003,29.9250575241644,-0.0129155426358949,,,0.425650226505859,27134,27139
dwelling,4.3,0,72907.2580919429,73003.4654565687,96.2073646257195,29.9250575241644,29.8268483644381,-0.0982091597263128,,4.247058811098,,27139,27182
planning,0.3,0,73003.4654565687,73010.4775378866,7.01208131798194,29.8268483644381,29.8196853683385,-0.00716299609962334,,,0.291803778305895,27182,27185
traveling,5.1,12.6491106406735,73010.4775378866,73151.8806070785,141.403069191874,29.8196853683385,29.6748426258616,-0.144842742476861,5.09417244564107,,,27185,27236
planning,0.5,0,73151.8806070785,73162.3937843674,10.5131772888708,29.6748426258616,29.6641109678833,-0.0107316579783223,,,0.488451214762693,27236,27241
dwelling,6.29999999999999,0,73162.3937843674,73271.1239395798,108.730155212441,29.6641109678833,29.5533120319802,-0.110798935903151,,6.2222222149629,,27241,27304
planning,0.5,0,73271.1239395798,73282.7655667366,11.6416271567577,29.5533120319802,29.5414090510165,-0.0119029809636793,,,0.493943707048616,27304,27309
traveling,5.9,15.2970585407784,73282.7655667366,73458.4785786006,175.713011864034,29.5414090510165,29.3610141858807,-0.180394865135824,5.86113579907954,,,27309,27368
planning,0.2,0,73458.4785786006,73463.6293766185,5.1507980179158,29.3610141858807,29.3557372443692,-0.00527694151147529,,,0.148258526565501,27368,27370
dwelling,8.39999999999999,0,73463.6293766185,73652.2691595319,188.639782913335,29.3557372443692,29.1627472891001,-0.192989955269063,,8.33333332358351,,27370,27454
planning,0.6,0,73652.2691595319,73665.6954344892,13.4262749573682,29.1627472891001,29.1490073426033,-0.0137399464968269,,,0.534501052107467,27454,27460
traveling,2.8,3.16227766016838,73665.6954344892,73736.4771365193,70.7817020300427,29.1490073426033,29.0764450461154,-0.0725622964879342,2.77711270839404,,,27460,27488
planning,0.1,0,73736.4771365193,73738.614732498,2.13759597876924,29.0764450461154,29.0742580640307,-0.00218698208463053,,,0.0626258566167454,27488,27489
dwelling,5.2,0,73738.614732498,73830.0127480402,91.398015542145,29.0742580640307,28.9809207421995,-0.0933373218312141,,5.17647058426405,,27489,27541
planning,0.4,0,73830.0127480402,73838.4673954047,8.45464736451686,28.9809207421995,28.972268826668,-0.00865191553153366,,,0.339999249534718,27541,27545
traveling,4.9,10.6301458127346,73838.4673954047,73966.1532602894,127.685864884741,28.972268826668,28.8411912491434,-0.131077577524565,4.88533990523726,,,27545,27594
planning,0.2,0,73966.1532602894,73970.567843978,4.4145836885873,28.8411912491434,28.8366691555295,-0.00452209361392875,,,0.10650827013117,27594,27596
dwelling,6.59999999999999,0,73970.567843978,74105.7267507651,135.158906787095,28.8366691555295,28.6983006983605,-0.13836845716898,,6.56666664832362,,27596,27662
planning,0.9,0,74105.7267507651,74127.3551463153,21.6283955501858,28.6983006983605,28.6761100345208,-0.0221906638396838,,,0.829656516223155,27662,27671
traveling,4.3,7.81024967590665,74127.3551463153,74264.3931899706,137.038043655295,28.6761100345208,28.534820598176,-0.141289436344842,4.25071421936698,,,27671,27714
planning,0.5,0,74264.3931899706,74278.2539878466,13.8607978759828,28.534820598176,28.5205627001139,-0.0142578980620556,,,0.428498573194929,27714,27719
dwelling,7.79999999999999,0,74278.2539878466,74458.8762966216,180.622308774997,28.5205627001139,28.3351509844329,-0.185411715681028,,7.76666663815063,,27719,27797
planning,0.7,0,74458.8762966216,74476.3779409605,17.5016443388886,28.3351509844329,28.3171611863316,-0.0179897981013397,,,0.677620688202515,27797,27804
traveling,2.6,3.16227766016838,74476.3779409605,74549.2953023894,72.9173614289612,28.3171611863316,28.2420687961089,-0.0750923902227072,2.57029880612958,,,27804,27830
planning,0.9,0,74549.2953023894,74572.9076012,23.6122988105199,28.2420687961089,28.2177729876603,-0.0242958084485743,,,0.868649562576144,27830,27839
dwelling,4.1,0,74572.9076012,74673.4527578114,100.545156611464,28.2177729876603,28.1143889902282,-0.103383997432061,,4.02352938981202,,27839,27880
planning,0.1,0,74673.4527578114,74676.2168368398,2.76407902834762,28.1143889902282,28.1115414933756,-0.00284749685259555,,,0.0319233104426534,27880,27881
traveling,5.1,12.6491106406735,74676.2168368398,74863.3150107173,187.098173877559,28.1115414933756,27.9177072100912,-0.193834283284467,5.09417244594086,,,27881,27932
planning,0.8,0,74863.3150107173,74886.1387545818,22.823743864501,27.9177072100912,27.8941649821868,-0.0235422279043114,,,0.743360143041458,27932,27940
dwelling,6.1,0,74886.1387545818,75023.0241969338,136.88544235201,27.8941649821868,27.753389805182,-0.140775177004809,,6.0555555365604,,27940,28001
planning,0.8,0,75023.0241969338,75043.3367791724,20.3125822385482,27.753389805182,27.7324608324638,-0.0209289727182096,,,0.727125631864754,28001,28009
traveling,5.9,15.2970585407784,75043.3367791724,75244.8407907103,201.504011537923,27.7324608324638,27.5236968725437,-0.208763959920176,5.86113579957525,,,28009,28068
planning,0.4,0,75244.8407907103,75255.8553350693,11.0145443589427,27.5236968725437,27.512325048806,-0.0113718237376474,,,0.3481467522561,28068,28072
dwelling,8.29999999999999,0,75255.8553350693,75445.4946629315,189.639327862213,27.512325048806,27.3169573266605,-0.195367722145487,,8.26666665819825,,28072,28155
planning,0.5,0,75445.4946629315,75459.0550077948,13.5603448632901,27.3169573266605,27.3029492142139,-0.0140081124466391,,,0.408201787023067,28155,28160
traveling,2.8,3.16227766016838,75459.0550077948,75548.7377822428,89.6827744480252,27.3029492142139,27.2100221236345,-0.0929270905794191,2.77711271113901,,,28160,28188
planning,0.7,0,75548.7377822428,75569.3313019718,20.59351972898,27.2100221236345,27.1887125652746,-0.0213095583598317,,,0.673074579327059,28188,28195
dwelling,4.7,0,75569.3313019718,75683.3794010592,114.048099087449,27.1887125652746,27.0709984908573,-0.117714074417282,,4.64705881811011,,28195,28242
planning,0.4,0,75683.3794010592,75694.2547937787,10.8753927194484,27.0709984908573,27.0597529397384,-0.0112455511189822,,,0.345714356741991,28242,28246
traveling,4.9,10.6301458127346,75694.2547937787,75851.9505691886,157.695775409986,27.0597529397384,26.8961587473256,-0.163594192412742,4.88533990560267,,,28246,28295
planning,0.6,0,75851.9505691886,75867.8270912032,15.8765220145287,26.8961587473256,26.8797370486496,-0.0164216986760479,,,0.562385954076334,28295,28301
dwelling,6.29999999999999,0,75867.8270912032,76023.1471513887,155.320060185564,26.8797370486496,26.7191853599924,-0.160551688657144,,6.26666666654571,,28301,28364
planning,0.2,0,76023.1471513887,76028.71549749,5.5683461012959,26.7191853599924,26.7134175462246,-0.00576781376784652,,,0.110317061273825,28364,28366
traveling,4.3,7.81024967590665,76028.71549749,76167.1737256682,138.458228178206,26.7134175462246,26.5695877147432,-0.143829831481373,4.25071421932013,,,28366,28409
planning,0.9,0,76167.1737256682,76191.9573944653,24.7836687970266,26.5695877147432,26.5439043264109,-0.0256833883323004,,,0.802209583521996,28409,28418
dwelling,7.19999999999999,0,76191.9573944653,76362.863394219,170.905999753726,26.5439043264109,26.3670911295188,-0.176813196892113,,7.19999996161921,,28418,28490
planning,0.5,0,76362.863394219,76377.047253729,14.1838595100126,26.3670911295188,26.3523740670837,-0.0147170624351176,,,0.492629239084002,28490,28495
traveling,2.6,3.16227766016838,76377.047253729,76462.3814683798,85.3342146508076,26.3523740670837,26.2635853240536,-0.0887887430300971,2.57029880176136,,,28495,28521
planning,1,0,76462.3814683798,76491.5224724882,29.1410041084309,26.2635853240536,26.2333222080579,-0.0302631159956448,,,0.914952623347343,28521,28531
dwelling,3.8,0,76491.5224724882,76587.8912929506,96.3688204623177,26.2333222080579,26.1334254363506,-0.0998967717073604,,3.74705882274331,,28531,28569
planning,1,0,76587.8912929506,76616.6115599986,28.7202670480328,26.1334254363506,26.1035907215245,-0.0298347148261158,,,0.954203595242061,28569,28579
traveling,5.1,12.6491106406735,76616.6115599986,76786.3160760073,169.7045160087,26.1035907215245,25.9267465870059,-0.176844134518578,5.0941724458981,,,28579,28630
planning,0.9,0,76786.3160760073,76809.3827127846,23.0666367773083,25.9267465870059,25.9028059044963,-0.023940682509604,,,0.837794398936445,28630,28639
dwelling,6,0,76809.3827127846,76960.2360042068,150.853291422187,25.9028059044963,25.7462194102825,-0.156586494213798,,5.93333330364091,,28639,28699
planning,1,0,76960.2360042068,76989.4170629549,29.1810587481159,25.7462194102825,25.7158502991606,-0.0303691111218534,,,0.966673095793066,28699,28709
traveling,5.9,15.2970585407784,76989.4170629549,77196.7386679174,207.321604962461,25.7158502991606,25.4992193268319,-0.216630972328698,5.86113580089333,,,28709,28768
planning,0.7,0,77196.7386679174,77216.4421318529,19.703463935497,25.4992193268319,25.4787050078958,-0.020514318936133,,,0.683254570832704,28768,28775
dwelling,8.29999999999999,0,77216.4421318529,77412.8447952535,196.4026634006,25.4787050078958,25.2746221240412,-0.204082883854596,,8.26666666346005,,28775,28858
planning,0.6,0,77412.8447952535,77427.4190553785,14.5742601250386,25.2746221240412,25.2594666744216,-0.0151554496196447,,,0.571542428846249,28858,28864
traveling,2.8,3.16227766016838,77427.4190553785,77511.3503850589,83.9313296804321,25.2594666744216,25.1718773393658,-0.0875893350557675,2.777112714322,,,28864,28892
planning,1,0,77511.3503850589,77538.226522337,26.8761372780864,25.1718773393658,25.1438763198432,-0.0280010195225557,,,0.941709607260972,28892,28902
dwelling,4.5,0,77538.226522337,77638.4570530087,100.230530671688,25.1438763198432,25.0396876253361,-0.104188694507133,,4.45294116863232,,28902,28947
planning,1,0,77638.4570530087,77663.4178597181,24.9608067093504,25.0396876253361,25.0136955763538,-0.0259920489822889,,,0.913766850410913,28947,28957
traveling,4.9,10.6301458127346,77663.4178597181,77820.6713720238,157.253512305746,25.0136955763538,24.8491931143004,-0.164502462053402,4.88533990630455,,,28957,29006
planning,0.3,0,77820.6713720238,77828.6708567149,7.99948469105584,24.8491931143004,24.8408488109486,-0.00834430335176606,,,0.239206283186024,29006,29009
dwelling,6.79999999999999,0,77828.6708567149,77991.3488041412,162.677947426302,24.8408488109486,24.6713503638305,-0.169498447118123,,6.74444444382859,,29009,29077
planning,0.4,0,77991.3488041412,78002.899789314,11.5509851728857,24.6713503638305,24.6592772415217,-0.0120731223088626,,,0.308629143792949,29077,29081
traveling,4.3,7.81024967590665,78002.899789314,78145.9774470642,143.077657750138,24.6592772415217,24.5092875764468,-0.149989665074894,4.25071421942175,,,29081,29124
planning,0.9,0,78145.9774470642,78170.9271535171,24.9497064528696,24.5092875764468,24.4832079156562,-0.0260796607906109,,,0.855991717382538,29124,29133
dwelling,7.59999999999999,0,78170.9271535171,78357.4561292331,186.528975716021,24.4832079156562,24.2884855073354,-0.194722408320722,,7.56666666105043,,29133,29209
planning,1,0,78357.4561292331,78384.5851659746,27.1290367415058,24.2884855073354,24.2601099093789,-0.0283755979565612,,,0.918053267073743,29209,29219
traveling,2.6,3.16227766016838,78384.5851659746,78463.5141909495,78.929024974932,24.2601099093789,24.1773805856929,-0.082729323685939,2.57029762097476,,,29219,29245
planning,0.6,0,78463.5141909495,78479.0816679246,15.5674769750476,24.1773805856929,24.1611013082902,-0.0162792774027523,,,0.546150262991146,29245,29251
dwelling,4.4,0,78479.0816679246,78582.2116988682,103.130030943605,24.1611013082902,24.0533773800212,-0.107723928268967,,4.3764705608876,,29251,29295
planning,0.2,0,78582.2116988682,78587.5109046794,5.29920581118495,24.0533773800212,24.0478312822976,-0.0055460977235704,,,0.159454101682472,29295,29297
traveling,5.1,12.6491106406735,78587.5109046794,78749.3520933264,161.841188647042,24.0478312822976,23.8778560622455,-0.169975220052116,5.09417244635293,,,29297,29348
planning,0.6,0,78749.3520933264,78764.7964169724,15.4443236459774,23.8778560622455,23.8616861768735,-0.0161698853720154,,,0.506330718840772,29348,29354
dwelling,6.49999999999999,0,78764.7964169724,78924.9986038985,160.202186926093,23.8616861768735,23.6939868114887,-0.167699365384806,,6.43333333291194,,29354,29419
planning,0.8,0,78924.9986038985,78948.1057374329,23.1071335343877,23.6939868114887,23.6697308159647,-0.024255995523994,,,0.749674150440431,29419,29427
traveling,5.9,15.2970585407784,78948.1057374329,79165.645146884,217.539409451114,23.6697308159647,23.4401315444636,-0.229599271501115,5.86113580001308,,,29427,29486
planning,0.4,0,79165.645146884,79176.9174282153,11.2722813313303,23.4401315444636,23.4282903795824,-0.0118411648811438,,,0.370158467881203,29486,29490
dwelling,8.39999999999999,0,79176.9174282153,79375.1574793463,198.240051130982,23.4282903795824,23.2204719450646,-0.207818434517844,,8.3666666556682,,29490,29574
planning,0.9,0,79375.1574793463,79397.7857585818,22.6282792354759,23.2204719450646,23.1967184025554,-0.0237535425092297,,,0.84306264360811,29574,29583
traveling,2.8,3.16227766016838,79397.7857585818,79470.5719130404,72.7861544586049,23.1967184025554,23.1202554015703,-0.0764630009850293,2.77711271476151,,,29583,29611
planning,0.6,0,79470.5719130404,79483.147761335,12.5758482946258,23.1202554015703,23.1070796256531,-0.0131757759172828,,,0.558868670555127,29611,29617
dwelling,4.9,0,79483.147761335,79586.1512884049,103.003527069945,23.1070796256531,22.9991274971023,-0.107952128550806,,4.87058823160966,,29617,29666
planning,0.9,0,79586.1512884049,79606.9163752646,20.7650868596538,22.9991274971023,22.9773334025094,-0.0217940945928952,,,0.814304185509891,29666,29675
traveling,4.9,10.6301458127346,79606.9163752646,79747.4081386149,140.491763350292,22.9773334025094,22.829339012668,-0.147994389841344,4.88533990639694,,,29675,29724
planning,0.2,0,79747.4081386149,79752.1693391595,4.76120054459898,22.829339012668,22.8243361263836,-0.0050028862844016,,,0.186799116515463,29724,29726
dwelling,6.89999999999999,0,79752.1693391595,79906.124425924,153.95508676453,22.8243361263836,22.6626389156694,-0.161697210714213,,6.87777774253319,,29726,29795
planning,0.7,0,79906.124425924,79923.583684089,17.4592581650068,22.6626389156694,22.6442668291258,-0.0183720865435788,,,0.692894558326886,29795,29802
traveling,4.3,7.81024967590665,79923.583684089,80062.2282762249,138.644592135839,22.6442668291258,22.4976701156709,-0.146596713454919,4.25071421943971,,,29802,29845
planning,0.4,0,80062.2282762249,80072.7765456051,10.5482693802041,22.4976701156709,22.4865529387026,-0.0111171769683232,,,0.35175078842663,29845,29849
dwelling,8.19999999999999,0,80072.7765456051,80257.663062579,184.886516973958,22.4865529387026,22.2920205842178,-0.194532354484775,,8.13333330693261,,29849,29931
planning,0.8,0,80257.663062579,80278.3362957845,20.6732332054526,22.2920205842178,22.2702174050326,-0.0218031791852198,,,0.773197219848609,29931,29939
traveling,2.6,3.16227766016838,80278.3362957845,80357.6495803203,79.313284535805,22.2702174050326,22.1863144618758,-0.0839029431568257,2.57029880901852,,,29939,29965
planning,0.5,0,80357.6495803203,80370.1915683946,12.5419880743284,22.1863144618758,22.1730863464573,-0.0132281154184462,,,0.497743666712293,29965,29970
dwelling,4.6,0,80370.1915683946,80477.6657900195,107.474221624929,22.1730863464573,22.0598089766335,-0.113277369823866,,4.51176469967903,,29970,30016
planning,0.6,0,80477.6657900195,80492.8117072858,15.1459172663017,22.0598089766335,22.0438232664276,-0.0159857102058254,,,0.560700315158729,30016,30022
traveling,5.1,12.6491106406735,80492.8117072858,80644.825273363,152.013566077163,22.0438232664276,21.8828690024099,-0.160954264017679,5.09417327859827,,,30022,30073
planning,0.2,0,80644.825273363,80649.5875670877,4.76229372467787,21.8828690024099,21.8778426900188,-0.00502631239117335,,,0.154185485755298,30073,30075
dwelling,6.99999999999999,0,80649.5875670877,80805.8171162771,156.229549189462,21.8778426900188,21.713023158165,-0.164819531853738,,6.9111111085939,,30075,30145
planning,1,0,80805.8171162771,80832.1146548404,26.2975385632308,21.713023158165,21.68520372634,-0.027819431824998,,,0.925192047657604,30145,30155
traveling,5.9,15.2970585407784,80832.1146548404,81027.4631742544,195.348519414023,21.68520372634,21.4775541109829,-0.207649615357123,5.86113580115194,,,30155,30214
planning,0.6,0,81027.4631742544,81043.1429732519,15.6797989974875,21.4775541109829,21.4609499716131,-0.0166041393698535,,,0.539237871410343,30214,30220
dwelling,8.49999999999999,0,81043.1429732519,81250.9660546928,207.823081440903,21.4609499716131,21.2409560035411,-0.219993968071957,,8.4333333204503,,30220,30305
planning,0.6,0,81250.9660546928,81268.4524590842,17.486404391384,21.2409560035411,21.2223847665598,-0.018571236981284,,,0.55925664946293,30305,30311
traveling,2.8,3.16227766016838,81268.4524590842,81363.8805999217,95.4281408375682,21.2223847665598,21.1206956896376,-0.101689076922238,2.77711271607613,,,30311,30339
planning,1,0,81363.8805999217,81394.9906946941,31.1100947723753,21.1206956896376,21.0875962881873,-0.0330994014502757,,,0.932022696673353,30339,30349
dwelling,4.6,0,81394.9906946941,81516.345885316,121.355190621878,21.0875962881873,20.9587837028484,-0.128812585338942,,4.52352938566748,,30349,30395
planning,0.5,0,81516.345885316,81531.1914067122,14.8455213962152,20.9587837028484,20.9429901384092,-0.0157935644391465,,,0.459686838859075,30395,30400
traveling,4.9,10.6301458127346,81531.1914067122,81697.9204382549,166.729031542724,20.9429901384092,20.7650486656661,-0.1779414727431,4.88533990653395,,,30400,30449
planning,0.4,0,81697.9204382549,81708.6814040955,10.7609658405709,20.7650486656661,20.7536080932206,-0.011440572445494,,,0.375208299821273,30449,30453
dwelling,6.79999999999999,0,81708.6814040955,81874.5226199634,165.841215867869,20.7536080932206,20.5774668876525,-0.176141205568143,,6.72222217652057,,30453,30521
planning,0.9,0,81874.5226199634,81900.561293115,26.03867315159,20.5774668876525,20.5497234976518,-0.027743390000726,,,0.869542178796355,30521,30530
traveling,4.3,7.81024967590665,81900.561293115,82053.87997424,153.318681125005,20.5497234976518,20.3856054918843,-0.164118005767421,4.2507142194401,,,30530,30573
planning,0.2,0,82053.87997424,82059.8601235099,5.98014926990436,20.3856054918843,20.3792243277427,-0.00638116414165779,,,0.132153505038871,30573,30575
dwelling,8.39999999999999,0,82059.8601235099,82269.4007071481,209.540583638271,20.3792243277427,20.1561459824967,-0.223078345245952,,8.3333333083062,,30575,30659
planning,1,0,82269.4007071481,82296.0740066017,26.6732994535851,20.1561459824967,20.127702564565,-0.0284434179317614,,,0.995714652805382,30659,30669
traveling,2.6,3.16227766016838,82296.0740066017,82379.9275629896,83.8535563878686,20.127702564565,20.037951932423,-0.0897506321419215,2.57029881139625,,,30669,30695
planning,0.7,0,82379.9275629896,82399.2436717267,19.3161087371409,20.037951932423,20.0173306889403,-0.0206212434827826,,,0.69800348908994,30695,30702
dwelling,4.4,0,82399.2436717267,82500.7432118368,101.499540110075,20.0173306889403,19.9092230841279,-0.108107604812339,,4.39999998021007,,30702,30746
planning,0.6,0,82500.7432118368,82516.5790703739,15.8358585370734,19.9092230841279,19.8923179917083,-0.0169050924195702,,,0.56771026063739,30746,30752
traveling,5.1,12.6491106406735,82516.5790703739,82690.311020088,173.731949714114,19.8923179917083,19.7058604206625,-0.186457571045892,5.09417327890802,,,30752,30803
planning,0.1,0,82690.311020088,82692.9708759058,2.65985581782297,19.7058604206625,19.7030177119282,-0.00284270873422443,,,0.0150288803766525,30803,30804
dwelling,7.09999999999999,0,82692.9708759058,82847.4927330803,154.521857174477,19.7030177119282,19.5382650709663,-0.164752640961893,,7.03333331670702,,30804,30875
planning,0.4,0,82847.4927330803,82856.8777752863,9.38504220604955,19.5382650709663,19.5282442539597,-0.0100208170066622,,,0.358414176806479,30875,30879
traveling,5.9,15.2970585407784,82856.8777752863,83037.028034731,180.150259444665,19.5282442539597,19.3349436023758,-0.193300651583872,5.86113580032153,,,30879,30938
planning,0.8,0,83037.028034731,83057.3631270348,20.3350923037506,19.3349436023758,19.3131818158677,-0.0217617865080797,,,0.747391500824341,30938,30946
dwelling,8.09999999999999,0,83057.3631270348,83242.4355573074,185.072430272645,19.3131818158677,19.1153063343587,-0.19787548150903,,8.03333333285405,,30946,31027
planning,0.4,0,83242.4355573074,83253.0264028156,10.5908455082099,19.1153063343587,19.1039522996325,-0.0113540347262209,,,0.377182758568637,31027,31031
traveling,2.8,3.16227766016838,83253.0264028156,83336.9758575408,83.9494547252398,19.1039522996325,19.0137326825568,-0.0902196170756504,2.77711271121029,,,31031,31059
planning,0.4,0,83336.9758575408,83347.356935875,10.3810783341469,19.0137326825568,19.0026008756629,-0.011131806893907,,,0.32389274123167,31059,31063
dwelling,5,0,83347.356935875,83461.3498950284,113.992959153402,19.0026008756629,18.8805468508289,-0.122054024834032,,4.94705881714275,,31063,31113
planning,0.6,0,83461.3498950284,83476.8215067106,15.4716116822383,18.8805468508289,18.8639457034699,-0.0166011473589727,,,0.587485289633125,31113,31119
traveling,4.9,10.6301458127346,83476.8215067106,83644.189602445,167.368095734317,18.8639457034699,18.6833054874587,-0.180640216011263,4.8853399061775,,,31119,31168
planning,0.4,0,83644.189602445,83655.6979513812,11.508348936215,18.6833054874587,18.6709218328973,-0.0123836545613401,,,0.399149806261231,31168,31172
dwelling,6.69999999999999,0,83655.6979513812,83815.3702174771,159.672266095906,18.6709218328973,18.4995158290587,-0.171406003838602,,6.62222222206028,,31172,31239
planning,0.7,0,83815.3702174771,83833.288414146,17.9181966689212,18.4995158290587,18.4802512926823,-0.0192645363764541,,,0.639082658580767,31239,31246
traveling,4.3,7.81024967590665,83833.288414146,83974.223544963,140.935130817044,18.4802512926823,18.3279684879797,-0.15228280470253,4.25071421940323,,,31246,31289
planning,1,0,83974.223544963,84002.3047726534,28.0812276904035,18.3279684879797,18.2977025653698,-0.0302659226098996,,,0.986456022736193,31289,31299
dwelling,7.39999999999999,0,84002.3047726534,84185.6717510051,183.366978351623,18.2977025653698,18.1003304200434,-0.197372145326405,,7.39999998605145,,31299,31373
planning,0.8,0,84185.6717510051,84206.0562934973,20.3845424922765,18.1003304200434,18.0783666302839,-0.0219637897595035,,,0.753048050776968,31373,31381
traveling,2.6,3.16227766016838,84206.0562934973,84282.0604623448,76.004168847503,18.0783666302839,17.9962583354945,-0.0821082947894602,2.57029762097465,,,31381,31407
planning,0.1,0,84282.0604623448,84284.6434979632,2.58303561832872,17.9962583354945,17.9934731235007,-0.00278521199380322,,,0.0991921249064417,31407,31408
dwelling,4.9,0,84284.6434979632,84398.334025911,113.690527947794,17.9934731235007,17.8710304735786,-0.122442649922085,,4.87647057552618,,31408,31457
planning,1,0,84398.334025911,84423.4569285361,25.1229026251676,17.8710304735786,17.8439314824244,-0.027098991154169,,,0.967544452902576,31457,31467
traveling,5.1,12.6491106406735,84423.4569285361,84600.758709388,177.301780851834,17.8439314824244,17.651376919704,-0.192554562720392,5.09417244634739,,,31467,31518
planning,0.5,0,84600.758709388,84615.1407439144,14.3820345263957,17.651376919704,17.6358105718342,-0.0155663478698287,,,0.414440499951216,31518,31523
dwelling,6.59999999999999,0,84615.1407439144,84777.830279874,162.689535959638,17.6358105718342,17.4600583449485,-0.175752226885635,,6.53333330381621,,31523,31589
planning,0.8,0,84777.830279874,84798.6901784691,20.8598985951394,17.4600583449485,17.43749173929,-0.0225666056585609,,,0.763810249491422,31589,31597
traveling,5.9,15.2970585407784,84798.6901784691,84989.1976638635,190.507485394322,17.43749173929,17.2303754698204,-0.207116269469598,5.861135801142,,,31597,31656
planning,0.5,0,84989.1976638635,85000.842947117,11.6452832534851,17.2303754698204,17.2177820649365,-0.0125934048838801,,,0.429859458147443,31656,31661
dwelling,8.59999999999999,0,85000.842947117,85192.6060948662,191.76314774924,17.2177820649365,17.0103815475523,-0.207400517384187,,8.53333333232404,,31661,31747
planning,0.3,0,85192.6060948662,85200.9803570644,8.37426219819463,17.0103815475523,17.0012884515408,-0.00909309601150099,,,0.253547841195241,31747,31750
traveling,2.8,3.16227766016838,85200.9803570644,85284.0415822783,83.0612252139108,17.0012884515408,16.9109699630061,-0.0903184885346917,2.77711152529952,,,31750,31778
planning,0.5,0,85284.0415822783,85296.7577149029,12.7161326245841,16.9109699630061,16.8971746853621,-0.0137952776439896,,,0.413634712067409,31778,31783
dwelling,5,0,85296.7577149029,85409.8787006725,113.120985769667,16.8971746853621,16.7746104710004,-0.122564214361756,,4.91764703447113,,31783,31833
planning,0.6,0,85409.8787006725,85426.0536479054,16.1749472328665,16.7746104710004,16.7570321085013,-0.017578362499119,,,0.57874728365563,31833,31839
traveling,4.9,10.6301458127346,85426.0536479054,85588.9764509448,162.92280303943,16.7570321085013,16.5791448096293,-0.177887298871976,4.88533990636586,,,31839,31888
planning,0.2,0,85588.9764509448,85594.2513184704,5.2748675255134,16.5791448096293,16.573407765045,-0.00573704458424018,,,0.192939238442562,31888,31890
dwelling,6.89999999999999,0,85594.2513184704,85740.1379522882,145.886633817834,16.573407765045,16.4151608033706,-0.158246961674461,,6.86666662516985,,31890,31959
planning,0.2,0,85740.1379522882,85745.1649195296,5.02696724139969,16.4151608033706,16.4096920565996,-0.00546874677096909,,,0.109301014175568,31959,31961
traveling,4.3,7.81024967590665,85745.1649195296,85889.2741839333,144.109264403683,16.4096920565996,16.2519761583573,-0.157715898242309,4.25071421936681,,,31961,32004
planning,0.4,0,85889.2741839333,85901.5229570739,12.2487731406436,16.2519761583573,16.2385923792169,-0.013383779140387,,,0.345835753893552,32004,32008
dwelling,7.89999999999999,0,85901.5229570739,86102.5080987211,200.985141647223,16.2385923792169,16.0195145971403,-0.219077782076614,,7.86666664134704,,32008,32087
planning,0.6,0,86102.5080987211,86118.3981618351,15.890063113955,16.0195145971403,16.0021710053225,-0.0173435918178235,,,0.527925697037015,32087,32093
traveling,2.6,3.16227766016838,86118.3981618351,86195.7450441833,77.3468823481817,16.0021710053225,15.9175454605271,-0.0846255447953688,2.5702988036297,,,32093,32119
planning,0.3,0,86195.7450441833,86203.3653610443,7.62031686100818,15.9175454605271,15.9092285805238,-0.00831688000333131,,,0.201762380625188,32119,32122
dwelling,4.6,0,86203.3653610443,86302.7867573337,99.4213962893846,15.9092285805238,15.8009283554034,-0.1083002251204,,4.53529411074475,,32122,32168
planning,0.4,0,86302.7867573337,86312.650968294,9.86421096035338,15.8009283554034,15.7901594156654,-0.010768939738,,,0.385271249563448,32168,32172
traveling,5.1,12.6491106406735,86312.650968294,86472.295056139,159.64408784495,15.7901594156654,15.6150166709565,-0.17514274470887,5.094172446025,,,32172,32223
planning,0.8,0,86472.295056139,86491.9426753009,19.6476191619295,15.6150166709565,15.5935424320751,-0.0214742388814031,,,0.738080683995618,32223,32231
dwelling,6.1,0,86491.9426753009,86627.4916927669,135.549017465964,15.5935424320751,15.4455237595643,-0.148018672510759,,6.08888885935274,,32231,32292
planning,0.1,0,86627.4916927669,86630.1078896143,2.61619684744801,15.4455237595643,15.4426586047703,-0.00286515479399974,,,0.000899775959373739,32292,32293
traveling,5.9,15.2970585407784,86630.1078896143,86839.9469950165,209.839105402149,15.4426586047703,15.2112310962442,-0.231427508526179,5.86113579896678,,,32293,32352
planning,0.2,0,86839.9469950165,86845.331136677,5.38414166049915,15.2112310962442,15.2053228711529,-0.005908225091245,,,0.146790664004512,32352,32354
dwelling,8.29999999999999,0,86845.331136677,87047.7321251237,202.400988446723,15.2053228711529,14.9834024602471,-0.221920410905799,,8.29999997678593,,32354,32437
planning,0.9,0,87047.7321251237,87072.0810594025,24.348934278838,14.9834024602471,14.956639628276,-0.026762831971137,,,0.893582135026918,32437,32446
traveling,2.8,3.16227766016838,87072.0810594025,87164.5202583673,92.4391989647411,14.956639628276,14.854595993057,-0.10204363521899,2.77711270679222,,,32446,32474
planning,0.9,0,87164.5202583673,87190.9254219058,26.405163538584,14.854595993057,14.8255067668491,-0.0290892262078639,,,0.879548761864162,32474,32483
dwelling,4.4,0,87190.9254219058,87302.4019057335,111.476483827646,14.8255067668491,14.702942692302,-0.122564074547133,,4.35882352617404,,32483,32527
planning,0.8,0,87302.4019057335,87326.0910115248,23.6891057912871,14.702942692302,14.6768150549553,-0.0261276373466917,,,0.798818882966378,32527,32535
traveling,4.9,10.6301458127346,87326.0910115248,87504.0206275815,177.929616056688,14.6768150549553,14.4795440698882,-0.197270985067087,4.88533990556692,,,32535,32584
planning,0.3,0,87504.0206275815,87512.693262083,8.67263450150494,14.4795440698882,14.4699691515398,-0.00957491834840773,,,0.278274497928178,32584,32587
dwelling,6.59999999999999,0,87512.693262083,87670.474890602,157.781628518991,14.4699691515398,14.2962079934429,-0.173761158096909,,6.55555554650035,,32587,32653
planning,0.1,0,87670.474890602,87673.2377229007,2.76283229868568,14.2962079934429,14.2931564636573,-0.00305152978564749,,,0.0560195167879844,32653,32654
traveling,4.3,7.81024967590665,87673.2377229007,87811.8164538755,138.57873097487,14.2931564636573,14.1395337901917,-0.153622673465584,4.25071453910987,,,32654,32697
planning,0.5,0,87811.8164538755,87823.8125619575,11.996108081963,14.1395337901917,14.1262997941702,-0.0132339960214853,,,0.417840409261157,32697,32702
dwelling,7.69999999999999,0,87823.8125619575,87993.5141508112,169.701588853757,14.1262997941702,13.9391829288394,-0.187116865330772,,7.6666666658717,,32702,32779
planning,0.6,0,87993.5141508112,88007.8661894461,14.3520386348828,13.9391829288394,13.9233286330038,-0.0158542958356485,,,0.582901693224847,32779,32785
traveling,2.6,3.16227766016838,88007.8661894461,88080.845918505,72.9797290588322,13.9233286330038,13.8424623810901,-0.0808662519136742,2.57029880232073,,,32785,32811
planning,0.4,0,88080.845918505,88090.5612475401,9.71532903511252,13.8424623810901,13.8317206378627,-0.0107417432273742,,,0.33136487431688,32811,32815
dwelling,4.4,0,88090.5612475401,88190.6774377471,100.116190207045,13.8317206378627,13.7210869842998,-0.110633653562932,,4.36470587800038,,32815,32859
planning,0.8,0,88190.6774377471,88211.4897639861,20.8123262389854,13.7210869842998,13.6980304523426,-0.0230565319572165,,,0.713550788460823,32859,32867
traveling,5.1,12.6491106406735,88211.4897639861,88379.9432826427,168.453518656563,13.6980304523426,13.5104058018593,-0.18762465048323,5.09417244599893,,,32867,32918
planning,0.1,0,88379.9432826427,88382.6412456468,2.6979630040878,13.5104058018593,13.5074108672231,-0.00299493463626099,,,0.0178863842105595,32918,32919
dwelling,6.79999999999999,0,88382.6412456468,88541.0855143544,158.444268707623,13.5074108672231,13.3318204865,-0.175590380723074,,6.77777777660172,,32919,32987
planning,0.7,0,88541.0855143544,88561.1169019523,20.0313875979627,13.3318204865,13.309531107808,-0.0222893786920277,,,0.667057624925615,32987,32994
traveling,5.9,15.2970585407784,88561.1169019523,88763.4922291575,202.375327205184,13.309531107808,13.0832677606196,-0.226263347188421,5.8611358001722,,,32994,33053
planning,0.4,0,88763.4922291575,88774.0943404815,10.6021113240276,13.0832677606196,13.0714657599203,-0.0118020006992374,,,0.394235121695628,33053,33057
dwelling,8.39999999999999,0,88774.0943404815,88967.2558209348,193.161480453302,13.0714657599203,12.856737315054,-0.214728444866351,,8.39999999015894,,33057,33141
planning,0.7,0,88967.2558209348,88987.6973023219,20.4414813870098,12.856737315054,12.8339040251485,-0.0228332899054404,,,0.623410699452478,33141,33148
traveling,2.8,3.16227766016838,88987.6973023219,89091.6758542428,103.978551920969,12.8339040251485,12.7170746773655,-0.116829347783025,2.77711271532045,,,33148,33176
planning,0.8,0,89091.6758542428,89117.2096638531,25.5338096102496,12.7170746773655,12.6884732278109,-0.0286014495546532,,,0.707054553648536,33176,33184
dwelling,4.6,0,89117.2096638531,89233.6172043822,116.407540529093,12.6884732278109,12.5585487609633,-0.129924466847582,,4.58235291720396,,33184,33230
planning,0.7,0,89233.6172043822,89252.2201494256,18.6029450434144,12.5585487609633,12.5377586932057,-0.0207900677575683,,,0.685680542875043,33230,33237
traveling,4.9,10.6301458127346,89252.2201494256,89419.9628369936,167.742687567967,12.5377586932057,12.3491401256854,-0.188618567520278,4.88533990593092,,,33237,33286
planning,0.3,0,89419.9628369936,89428.2163588996,8.25352190606645,12.3491401256854,12.3398965299079,-0.00924359577747502,,,0.281839253513354,33286,33289
dwelling,6.69999999999999,0,89428.2163588996,89597.4477478525,169.23138895286,12.3398965299079,12.1504962531431,-0.189400276764815,,6.65555553239899,,33289,33356
planning,0.1,0,89597.4477478525,89600.2416897918,2.79394193930784,12.1504962531431,12.1473616267451,-0.00313462639806517,,,0.0452056939401703,33356,33357
traveling,4.3,7.81024967590665,89600.2416897918,89746.5024313777,146.260741585866,12.1473616267451,11.9824738299927,-0.164887796752383,4.25071453923587,,,33357,33400
planning,0.8,0,89746.5024313777,89769.0499103227,22.5474789450382,11.9824738299927,11.9571378790713,-0.0253359509214039,,,0.757429291642895,33400,33408
dwelling,7.39999999999999,0,89769.0499103227,89941.4647217769,172.414811454219,11.9571378790713,11.7638397399289,-0.193298139142337,,7.39999995981231,,33408,33482
planning,0.2,0,89941.4647217769,89946.4373782172,4.9726564403245,11.7638397399289,11.7582551194073,-0.00558462052168807,,,0.140399438011804,33482,33484
traveling,2.6,3.16227766016838,89946.4373782172,90018.7287946108,72.2914163935347,11.7582551194073,11.6768749486235,-0.0813801707837314,2.57029880084779,,,33484,33510
planning,0.6,0,90018.7287946108,90032.7900472892,14.0612526783952,11.6768749486235,11.6610864898766,-0.0157884587468882,,,0.590065785848178,33510,33516
dwelling,4.2,0,90032.7900472892,90110.9167922743,78.1267449851439,11.6610864898766,11.5735996017645,-0.0874868881121369,,4.11176470328894,,33516,33558
planning,0.7,0,90110.9167922743,90124.8437665345,13.9269742601464,11.5735996017645,11.5579850134475,-0.0156145883169714,,,0.647815740946292,33558,33565
traveling,5.1,12.6491106406735,90124.8437665345,90263.5308959504,138.687129415935,11.5579850134475,11.4016092724379,-0.156375741009583,5.09417244591987,,,33565,33616
planning,0.1,0,90263.5308959504,90265.9704780982,2.4395821478538,11.4016092724379,11.398862484012,-0.00274678842595044,,,0.0918205500349395,33616,33617
dwelling,6.79999999999999,0,90265.9704780982,90409.0008215384,143.030343440114,11.398862484012,11.2380661651304,-0.160796318881575,,6.74444443913572,,33617,33685
planning,0.6,0,90409.0008215384,90423.3035345803,14.3027130419796,11.2380661651304,11.2219461772644,-0.0161199878660163,,,0.55218142634717,33685,33691
traveling,5.9,15.2970585407784,90423.3035345803,90592.2037786692,168.900244088843,11.2219461772644,11.0307804936292,-0.191165683635163,5.86113579987258,,,33691,33750
planning,0.3,0,90592.2037786692,90598.9042885217,6.70050985252601,11.0307804936292,11.0232236428225,-0.0075568508067736,,,0.266657325062999,33750,33753
dwelling,8.49999999999999,0,90598.9042885217,90773.6658671055,174.761578583755,11.0232236428225,10.8261895689073,-0.197034073915203,,8.43333332584279,,33753,33838
planning,1,0,90773.6658671055,90798.0675104879,24.4016433824436,10.8261895689073,10.7985828880266,-0.0276066808807123,,,0.957259430594544,33838,33848
traveling,2.8,3.16227766016838,90798.0675104879,90876.8753417066,78.8078312187281,10.7985828880266,10.709154073801,-0.0894288142255562,2.77711271343897,,,33848,33876
planning,0.4,0,90876.8753417066,90886.6496233388,9.77428163212608,10.709154073801,10.6980859047137,-0.0110681690873218,,,0.337838939264318,33876,33880
dwelling,5.1,0,90886.6496233388,91000.0556776386,113.406054299805,10.6980859047137,10.5697764251311,-0.128309479582592,,5.01764702683101,,33880,33931
planning,0.6,0,91000.0556776386,91015.0284043053,14.9727266667323,10.5697764251311,10.5527955690418,-0.016980856089285,,,0.540589949286714,33931,33937
traveling,4.9,10.6301458127346,91015.0284043053,91168.9161916055,153.887787300177,10.5527955690418,10.3773277488691,-0.175467820172665,4.88533990580191,,,33937,33986
planning,0.1,0,91168.9161916055,91171.6099899293,2.69379832384584,10.3773277488691,10.3742638095928,-0.00306393927637139,,,0.0317930864340186,33986,33987
dwelling,6.89999999999999,0,91171.6099899293,91329.4229427395,157.812952810185,10.3742638095928,10.1951087266591,-0.179155082933667,,6.82222219793475,,33987,34056
planning,0.1,0,91329.4229427395,91331.9009365524,2.47799381287768,10.1951087266591,10.1922898876702,-0.00281883898889745,,,0.0925870739196472,34056,34057
traveling,4.3,7.81024967590665,91331.9009365524,91450.5007884327,118.599851880354,10.1922898876702,10.0570311957065,-0.135258691963704,4.25071453919955,,,34057,34100
planning,0.9,0,91450.5007884327,91471.6799375973,21.1791491645272,10.0570311957065,10.0329276313703,-0.0241035643362189,,,0.851771115929444,34100,34109
dwelling,0,0,91471.6799375973,,,10.0329276313703,,,,7.2999999831149,,34109,
