phase_type,duration,distance,energy_start,energy_end,energy_consumed,battery_start,battery_end,battery_delta,rho,tau,planning_time,start_time,end_time
traveling,9.79999999999998,14.142135623731,0,256.976235510279,256.976235510279,100,99.7619728292019,-0.238027170798148,10,,,1,99
planning,0.1,0,256.976235510279,259.457035493203,2.48079998292434,99.7619728292019,99.7596762526773,-0.0022965765245857,,,0.0576448065194428,99,100
dwelling,4.9,0,259.457035493203,365.766528316703,106.3094928235,99.7596762526773,99.6613920044652,-0.0982842482120816,,4.89999998733598,,100,149
planning,0.3,0,365.766528316703,372.960009910401,7.19348159369758,99.6613920044652,99.6547347515433,-0.00665725292185471,,,0.214305629245168,149,152
traveling,4.8,10.816653826392,372.960009910401,506.892908775599,133.932898865198,99.6547347515433,99.5305470519063,-0.124187699636991,4.78850317516864,,,152,200
planning,1,0,506.892908775599,529.554219294044,22.6613105184445,99.5305470519063,99.5095854826523,-0.0209615692539984,,,0.946061193074974,200,210
dwelling,4.3,0,529.554219294044,617.724327786978,88.1701084929347,99.5095854826523,99.4281026726931,-0.081482809959283,,4.27647056859508,,210,253
planning,0.7,0,617.724327786978,634.8272580171,17.1029302301218,99.4281026726931,99.4122693934551,-0.0158332792379241,,,0.63358373388208,253,260
traveling,5,10.816653826392,634.8272580171,790.744026469372,155.916768452272,99.4122693934551,99.2674660913529,-0.144803302102261,4.96532154732036,,,260,310
planning,0.2,0,790.744026469372,795.82361498004,5.07958851066803,99.2674660913529,99.2627611838579,-0.00470490749499675,,,0.19106772086687,310,312
dwelling,5,0,795.82361498004,918.570084415718,122.746469435678,99.2627611838579,99.1491045050876,-0.113656678770298,,4.93333332228827,,312,362
planning,0.6,0,918.570084415718,936.380299626537,17.8102152108187,99.1491045050876,99.1325756183267,-0.016528886760895,,,0.562070104161545,362,368
traveling,5.3,13.4536240470737,936.380299626537,1139.09676001516,202.716460388619,99.1325756183267,98.9436656081827,-0.188910010143985,5.20520626285246,,,368,421
planning,0.1,0,1139.09676001516,1141.94586203094,2.84910201578032,98.9436656081827,98.9410225791258,-0.00264302905691238,,,0.0138496741414239,421,422
dwelling,5.7,0,1141.94586203094,1282.19061216991,140.244750138978,98.9410225791258,98.8111387667152,-0.129883812410611,,5.67777775320001,,422,479
planning,0.1,0,1282.19061216991,1284.98882459486,2.79821242494927,98.8111387667152,98.808543331914,-0.00259543480115099,,,0.0444039940962199,479,480
traveling,5.6,13.4536240470737,1284.98882459486,1480.27228923304,195.283464638172,98.808543331914,98.6268096354739,-0.181733696440148,5.50488438790591,,,480,536
planning,0.3,0,1480.27228923304,1488.38778106101,8.11549182797808,98.6268096354739,98.6192845240959,-0.00752511137795864,,,0.253500832238633,536,539
dwelling,5.2,0,1488.38778106101,1617.43028047707,129.042499416057,98.6192845240959,98.499741884076,-0.119542640019873,,5.1999999781209,,539,591
planning,0.1,0,1617.43028047707,1620.30463198292,2.8743515058477,98.499741884076,98.4970744481392,-0.00266743593682861,,,0.077528405954421,591,592
traveling,4.7,10.816653826392,1620.30463198292,1785.37962611321,165.074994130286,98.4970744481392,98.3434172864355,-0.153657161703691,4.66564344953615,,,592,639
planning,0.3,0,1785.37962611321,1793.74056392025,8.36093780704277,98.3434172864355,98.335660491281,-0.00775679515450634,,,0.207862763974031,639,642
dwelling,6.29999999999999,0,1793.74056392025,1944.29140763576,150.550843715516,98.335660491281,98.1962259355693,-0.139434555711759,,6.2823528928674,,642,705
planning,0.7,0,1944.29140763576,1962.94926805719,18.6578604214269,98.1962259355693,98.1789239899341,-0.0173019456351824,,,0.620249262370359,705,712
traveling,8.29999999999999,27.8567765543682,1962.94926805719,2229.03543084809,266.086162790902,98.1789239899341,97.9315379139,-0.247386076034061,8.28999713763907,,,712,795
planning,0.5,0,2229.03543084809,2241.70377009648,12.6683392483887,97.9315379139,97.9197952120328,-0.0117427018672629,,,0.439270817929456,795,800
dwelling,9.69999999999998,0,2241.70377009648,2456.6495571211,214.945787024617,97.9197952120328,97.7208185200012,-0.198976692031536,,9.65555554918894,,800,897
planning,0.1,0,2456.6495571211,2459.19053103857,2.54097391747428,97.7208185200012,97.7184628415923,-0.00235567840890383,,,0.0846373529777629,897,898
traveling,7.49999999999999,23.3452350598575,2459.19053103857,2721.90449184838,262.713960809808,97.7184628415923,97.4737845346966,-0.244678306895722,7.44441355131939,,,898,973
planning,0.9,0,2721.90449184838,2746.68556109567,24.7810692472931,97.4737845346966,97.4507852627847,-0.022999271911857,,,0.876970556101861,973,982
dwelling,11.7,0,2746.68556109567,3022.56932853632,275.883767440649,97.4507852627847,97.1951592150948,-0.255626047689958,,11.6999999979324,,982,1099
planning,0.4,0,3022.56932853632,3032.9220046545,10.3526761181824,97.1951592150948,97.1855563934774,-0.00960282161739201,,,0.350794389476138,1099,1103
traveling,4.8,10.816653826392,3032.9220046545,3194.22253726267,161.300532608162,97.1855563934774,97.0353828162574,-0.150173577219974,4.78547384321481,,,1103,1151
planning,0.9,0,3194.22253726267,3218.6421322269,24.4195949642353,97.0353828162574,97.0127170656323,-0.0226657506250945,,,0.849037825398067,1151,1160
dwelling,6.79999999999999,0,3218.6421322269,3374.36925404656,155.72712181966,97.0127170656323,96.868436234437,-0.14428083119536,,6.7588235049381,,1160,1228
planning,0.5,0,3374.36925404656,3387.34294780183,12.9736937552657,96.868436234437,96.8563994352566,-0.0120367991803363,,,0.424588028062784,1228,1233
traveling,7.59999999999999,24.2074368738204,3387.34294780183,3649.93513128012,262.592183478288,96.8563994352566,96.611789375545,-0.244610059711619,7.64761816326161,,,1233,1309
planning,0.7,0,3649.93513128012,3669.81929129193,19.8841600118126,96.611789375545,96.5933180204975,-0.0184713550475237,,,0.680914681462514,1309,1316
dwelling,8.49999999999999,0,3669.81929129193,3878.16782662244,208.348535330508,96.5933180204975,96.4000886320065,-0.193229388491019,,8.44444438712821,,1316,1401
planning,0.3,0,3878.16782662244,3885.23844821514,7.07062159270527,96.4000886320065,96.3935335814992,-0.00655505050727356,,,0.291982436869894,1401,1404
traveling,5.5,13.4536240470737,3885.23844821514,4058.07419992127,172.835751706127,96.3935335814992,96.2327024601721,-0.160831121327078,5.49843184784285,,,1404,1459
planning,0.6,0,4058.07419992127,4073.70189088826,15.6276909669905,96.2327024601721,96.2181968024261,-0.0145056577459712,,,0.595968016294936,1459,1465
dwelling,11.2,0,4073.70189088826,4365.03040756533,291.328516677067,96.2181968024261,95.9477599735754,-0.270436828850691,,11.1333333227499,,1465,1577
planning,0.9,0,4365.03040756533,4389.24184084509,24.2114332797655,95.9477599735754,95.9252742509789,-0.022485722596528,,,0.856443160480491,1577,1586
traveling,4.7,10.816653826392,4389.24184084509,4545.32406394298,156.082223097886,95.9252742509789,95.7798803373865,-0.145393913592457,4.66564345079221,,,1586,1633
planning,0.3,0,4545.32406394298,4553.12969586326,7.80563192028785,95.7798803373865,95.7726331603798,-0.00724717700666133,,,0.253569872780113,1633,1636
dwelling,6.69999999999999,0,4553.12969586326,4707.51614466412,154.386448800855,95.7726331603798,95.6294721960417,-0.143160964338122,,6.65294113741197,,1636,1703
planning,0.9,0,4707.51614466412,4729.45196440057,21.9358197364518,95.6294721960417,95.6091184807247,-0.0203537153169435,,,0.838585689878906,1703,1712
traveling,8.29999999999999,27.8567765543682,4729.45196440057,5002.6571638321,273.205199431533,95.6091184807247,95.3545914748197,-0.254527005905047,8.28999795733462,,,1712,1795
planning,1,0,5002.6571638321,5025.92648801862,23.2693241865109,95.3545914748197,95.3330069653869,-0.0215845094327705,,,0.968468689652356,1795,1805
dwelling,8.89999999999999,0,5025.92648801862,5213.33496847149,187.408480452875,95.3330069653869,95.1593249550849,-0.173682010302031,,8.89999999966061,,1805,1894
planning,0.5,0,5213.33496847149,5225.50822816182,12.1732596903294,95.1593249550849,95.1480263198679,-0.0112986352169457,,,0.477628725637264,1894,1899
traveling,7.39999999999999,23.3452350598575,5225.50822816182,5461.57465136874,236.066423206923,95.1480263198679,94.9281437177639,-0.219882602104036,7.4444132369653,,,1899,1973
planning,0.3,0,5461.57465136874,5469.78758513895,8.21293377020265,94.9281437177639,94.9205094959064,-0.00763422185747231,,,0.273394304347925,1973,1976
dwelling,12.5,0,5469.78758513895,5758.35253881885,288.564953679902,94.9205094959064,94.6527534364065,-0.267756059499902,,12.4999999885872,,1976,2101
planning,0.6,0,5758.35253881885,5772.24998414874,13.897445329897,94.6527534364065,94.6398568858312,-0.0128965505753484,,,0.572446989146877,2101,2107
traveling,4.8,10.816653826392,5772.24998414874,5914.46015569163,142.210171542885,94.6398568858312,94.5074795266621,-0.132377359169112,4.78547384435109,,,2107,2155
planning,0.8,0,5914.46015569163,5936.03804652506,21.5778908334314,94.5074795266621,94.4874198901451,-0.0200596365170043,,,0.727077039950389,2155,2163
dwelling,6.99999999999999,0,5936.03804652506,6116.63696263601,180.598916110951,94.4874198901451,94.3196021249379,-0.167817765207147,,6.92941175352452,,2163,2233
planning,0.1,0,6116.63696263601,6119.64410921634,3.00714658033303,94.3196021249379,94.316802374853,-0.00279975008488975,,,0.0314702072025692,2233,2234
traveling,7.59999999999999,24.2074368738204,6119.64410921634,6393.1316749608,273.487565744456,94.316802374853,94.0614412270934,-0.255361147759587,7.64761816505422,,,2234,2310
planning,0.8,0,6393.1316749608,6415.00565742544,21.8739824646382,94.0614412270934,94.0410967535348,-0.0203444735586231,,,0.738749405354204,2310,2318
dwelling,9.19999999999999,0,6415.00565742544,6649.82287432307,234.817216897628,94.0410967535348,93.8228558525667,-0.218240900968141,,9.19999997822739,,2318,2410
planning,0.7,0,6649.82287432307,6670.26090887937,20.4380345563059,93.8228558525667,93.8038280835581,-0.019027769008531,,,0.623373057522134,2410,2417
traveling,5.5,13.4536240470737,6670.26090887937,6860.17429602007,189.913387140698,93.8038280835581,93.626565047072,-0.17726303648611,5.49843184905429,,,2417,2472
planning,0.7,0,6860.17429602007,6879.43386786722,19.259571847153,93.626565047072,93.6086454215944,-0.0179196254776599,,,0.616610214553929,2472,2479
dwelling,11.4,0,6879.43386786722,7156.82622854929,277.392360682064,93.6086454215944,93.3508880765055,-0.257757345088919,,11.3333333323051,,2479,2593
planning,1,0,7156.82622854929,7184.13757835755,27.3113498082676,93.3508880765055,93.3254739363125,-0.0254141401929928,,,0.914470948770066,2593,2603
traveling,4.7,10.816653826392,7184.13757835755,7339.59328005202,155.455701694465,93.3254739363125,93.1804190630428,-0.145054873269672,4.66564438841342,,,2603,2650
planning,0.2,0,7339.59328005202,7344.92292803932,5.32964798730154,93.1804190630428,93.1754605764729,-0.00495848656993303,,,0.175668665982983,2650,2652
dwelling,7.09999999999999,0,7344.92292803932,7504.76687070117,159.843942661848,93.1754605764729,93.0270107005145,-0.148449875958377,,7.03529406448159,,2652,2723
planning,0.8,0,7504.76687070117,7523.15716013011,18.3902894289386,93.0270107005145,93.0099268851606,-0.0170838153538995,,,0.799361493217128,2723,2731
traveling,8.29999999999999,27.8567765543682,7523.15716013011,7782.28278414923,259.125624019126,93.0099268851606,92.7682548552011,-0.241672029959503,8.28999713762906,,,2731,2814
planning,0.2,0,7782.28278414923,7786.77157253507,4.48878838583914,92.7682548552011,92.7640852146313,-0.00416964056974223,,,0.194432775328197,2814,2816
dwelling,9.89999999999998,0,7786.77157253507,8012.92961437165,226.158041836577,92.7640852146313,92.5539473377347,-0.210137876896638,,9.89999998592494,,2816,2915
planning,0.9,0,8012.92961437165,8037.7310717434,24.8014573717537,92.5539473377347,92.5308531788986,-0.0230941588360878,,,0.872347363365321,2915,2924
traveling,7.39999999999999,23.3452350598575,8037.7310717434,8298.51638373689,260.785311993487,92.5308531788986,92.2870992951387,-0.243753883759922,7.44441323700844,,,2924,2998
planning,0.9,0,8298.51638373689,8322.36944384979,23.8530601128987,92.2870992951387,92.2648943449823,-0.0222049501564072,,,0.883516145318132,2998,3007
dwelling,12.2,0,8322.36944384979,8643.54903556227,321.179591712482,92.2648943449823,91.9658824717188,-0.299011873263467,,12.1666666428984,,3007,3129
planning,0.5,0,8643.54903556227,8658.24105145026,14.692015887993,91.9658824717188,91.9521848354682,-0.0136976362505834,,,0.427567355671281,3129,3134
traveling,4.8,10.816653826392,8658.24105145026,8836.11389942197,177.872847971708,91.9521848354682,91.7857355219958,-0.166449313472384,4.7854738466106,,,3134,3182
planning,0.1,0,8836.11389942197,8839.03511084139,2.92121141941425,91.7857355219958,91.7830118789284,-0.00272364306745487,,,0.0840505436373767,3182,3183
dwelling,7.79999999999999,0,8839.03511084139,9025.46397828526,186.428867443876,91.7830118789284,91.6095872326454,-0.173424646283024,,7.77058821372871,,3183,3261
planning,0.9,0,9025.46397828526,9048.62450242915,23.1605241438901,91.6095872326454,91.5880235263835,-0.0215637062618583,,,0.866546487561808,3261,3270
traveling,7.59999999999999,24.2074368738204,9048.62450242915,9299.96164120601,251.33713877686,91.5880235263835,91.3531679249074,-0.234855601476127,7.64761816550961,,,3270,3346
planning,1,0,9299.96164120601,9322.81916539481,22.8575241887975,91.3531679249074,91.3319093846218,-0.0212585402855865,,,0.953770745799682,3346,3356
dwelling,9.29999999999998,0,9322.81916539481,9518.92777232513,196.108606930324,91.3319093846218,91.1496425938033,-0.182266790818446,,9.25555554774321,,3356,3449
planning,1,0,9518.92777232513,9544.63848561615,25.7107132910151,91.1496425938033,91.1256964198621,-0.0239461739412832,,,0.983248936279617,3449,3459
traveling,5.5,13.4536240470737,9544.63848561615,9731.38064761845,186.742162002296,91.1256964198621,90.9510802891741,-0.174616130687937,5.49843185104765,,,3459,3514
planning,0.4,0,9731.38064761845,9742.22725800361,10.8466103851642,90.9510802891741,90.9409703022058,-0.0101099869683452,,,0.302557694478834,3514,3518
dwelling,12.2,0,9742.22725800361,10025.1282457429,282.900987739316,90.9409703022058,90.6777104852066,-0.263259816999195,,12.1333333215196,,3518,3640
planning,0.9,0,10025.1282457429,10048.7702418869,23.6419961439678,90.6777104852066,90.655677564226,-0.0220329209806351,,,0.816392115721975,3640,3649
traveling,4.7,10.816653826392,10048.7702418869,10193.9742875076,145.204045620663,90.655677564226,90.5200526857667,-0.135624878459282,4.66564439136037,,,3649,3696
planning,0.8,0,10193.9742875076,10214.4124921617,20.4382046541105,90.5200526857667,90.5010093375284,-0.0190433482382417,,,0.707085462594457,3696,3704
dwelling,6.69999999999999,0,10214.4124921617,10366.4668040624,152.054311900736,90.5010093375284,90.3595025554774,-0.141506782050982,,6.61176470484543,,3704,3771
planning,0.7,0,10366.4668040624,10383.235915388,16.7691113255678,90.3595025554774,90.3438870456462,-0.015615509831278,,,0.686543316908089,3771,3778
traveling,8.29999999999999,27.8567765543682,10383.235915388,10670.453604506,287.217689117993,90.3438870456462,90.0750552157642,-0.268831829881947,8.28999713782554,,,3778,3861
planning,0.1,0,10670.453604506,10673.0925725994,2.63896809339531,90.0750552157642,90.0725946047889,-0.00246061097533357,,,0.0529950360180275,3861,3862
dwelling,10.3,0,10673.0925725994,10908.7976655525,235.705092953098,90.0725946047889,89.8531408509349,-0.219453753853983,,10.2444444238457,,3862,3965
planning,0.5,0,10908.7976655525,10922.777339741,13.9796741885093,89.8531408509349,89.8400944503986,-0.0130464005363393,,,0.437030923120607,3965,3970
traveling,7.39999999999999,23.3452350598575,10922.777339741,11194.7978821254,272.020542384475,89.8400944503986,89.5851549774329,-0.254939472965688,7.44441323700857,,,3970,4044
planning,0.5,0,11194.7978821254,11208.8402161089,14.0423339834215,89.5851549774329,89.5720466389741,-0.0131083384588209,,,0.435993271231241,4044,4049
dwelling,12.6,0,11208.8402161089,11502.1850432752,293.344827166382,89.5720466389741,89.2987551547625,-0.273291484211597,,12.5666666342273,,4049,4175
planning,0.5,0,11502.1850432752,11514.112194446,11.9271511707084,89.2987551547625,89.2876397734137,-0.0111153813487448,,,0.420867045053551,4175,4180
traveling,5.4,13.4536240470737,11514.112194446,11685.7678668704,171.65567242444,89.2876397734137,89.1270458107861,-0.160593962627573,5.35609213477907,,,4180,4234
planning,0.9,0,11685.7678668704,11708.3115186718,22.543651801423,89.1270458107861,89.1060223323819,-0.0210234784042598,,,0.873789522874373,4234,4243
dwelling,7.69999999999999,0,11708.3115186718,11889.3669756465,181.055456974647,89.1060223323819,88.9372772925488,-0.168745039833084,,7.64444439116572,,4243,4320
planning,0.9,0,11889.3669756465,11913.7707448794,24.4037692329566,88.9372772925488,88.914494627516,-0.0227826650327501,,,0.863586741174305,4320,4329
traveling,7.59999999999999,24.2074368738204,11913.7707448794,12190.9191108093,277.148365929879,88.914494627516,88.6545894375026,-0.259905190013484,7.64919430365695,,,4329,4405
planning,0.5,0,12190.9191108093,12205.7168518319,14.7977410225867,88.6545894375026,88.6407561345634,-0.0138333029392044,,,0.439435808877486,4405,4410
dwelling,10.5,0,12205.7168518319,12453.9568317638,248.239979931919,88.6407561345634,88.4092855193138,-0.231470615249606,,10.476470526458,,4410,4515
planning,0.5,0,12453.9568317638,12467.0926314873,13.1357997234627,88.4092855193138,88.3970217272724,-0.0122637920413808,,,0.421896051249451,4515,4520
traveling,5,10.816653826392,12467.0926314873,12619.7592396159,152.666608128671,88.3970217272724,88.2541925204881,-0.142829206784285,4.9572929025853,,,4520,4570
planning,0.4,0,12619.7592396159,12630.2484777313,10.4892381153986,88.2541925204881,88.2443985645526,-0.00979395593553534,,,0.31597516315187,4570,4574
dwelling,12.5,0,12630.2484777313,12915.5727444071,285.324266675749,88.2443985645526,87.9783570146618,-0.266041549890772,,12.4333332833461,,4574,4699
planning,0.5,0,12915.5727444071,12928.45606277,12.8833183629304,87.9783570146618,87.9663273795976,-0.0120296350641382,,,0.45661313445128,4699,4704
traveling,7.29999999999999,23.3452350598575,12928.45606277,13171.5472461177,243.091183347691,87.9663273795976,87.7385174194015,-0.227809960196169,7.30335791785658,,,4704,4777
planning,0.3,0,13171.5472461177,13179.7997920152,8.25254589748874,87.7385174194015,87.7308041701705,-0.00771324923093175,,,0.242460911684227,4777,4780
dwelling,8.59999999999999,0,13179.7997920152,13379.5538300324,199.754038017207,87.7308041701705,87.5444395321119,-0.186364638058649,,8.59999998258529,,4780,4866
planning,0.8,0,13379.5538300324,13397.7475463334,18.1937163009497,87.5444395321119,87.5274680981454,-0.0169714339664466,,,0.74295859589432,4866,4874
traveling,7.39999999999999,23.3452350598575,13397.7475463334,13630.3771828024,232.629636469017,87.5274680981454,87.3095611971546,-0.217906900990869,7.48320629309927,,,4874,4948
planning,0.3,0,13630.3771828024,13638.0897685773,7.71258577489243,87.3095611971546,87.3023558352838,-0.00720536187080256,,,0.235603335036456,4948,4951
dwelling,7.69999999999999,0,13638.0897685773,13805.9301628594,167.840394282179,87.3023558352838,87.1458149969998,-0.156540838283931,,7.69999997932994,,4951,5028
planning,1,0,13805.9301628594,13830.2238692532,24.2937063937661,87.1458149969998,87.1231299690085,-0.022685027991372,,,0.958504367683407,5028,5038
traveling,4.8,10.816653826392,13830.2238692532,13968.7520836584,138.528214405234,87.1231299690085,86.9934901437205,-0.129639825287924,4.78547291032755,,,5038,5086
planning,0.6,0,13968.7520836584,13984.3855113367,15.6334276782818,86.9934901437205,86.9788785748892,-0.0146115688313841,,,0.567023483997819,5086,5092
dwelling,9.29999999999998,0,13984.3855113367,14195.5877370852,211.2022257485,86.9788785748892,86.7817564326758,-0.197122142213317,,9.28235291656635,,5092,5185
planning,0.7,0,14195.5877370852,14214.3510137254,18.7632766401948,86.7817564326758,86.7642105822748,-0.0175458504010635,,,0.660768137140717,5185,5192
traveling,7.59999999999999,24.2074368738204,14214.3510137254,14460.0583735905,245.707359865055,86.7642105822748,86.5338040290793,-0.230406553195508,7.64761899534984,,,5192,5268
planning,0.8,0,14460.0583735905,14477.8101919179,17.7518183274569,86.5338040290793,86.5172346586412,-0.0165693704381198,,,0.782890813936042,5268,5276
dwelling,9.59999999999998,0,14477.8101919179,14664.2143229717,186.404131053752,86.5172346586412,86.3434464438041,-0.173788214837032,,9.56666660011193,,5276,5372
planning,0.4,0,14664.2143229717,14673.1308147173,8.91649174564554,86.3434464438041,86.3351222024248,-0.0083242413793414,,,0.349783984109306,5372,5376
traveling,5.5,13.4536240470737,14673.1308147173,14831.0452661388,157.914451421502,86.3351222024248,86.1872399887735,-0.147882213651314,5.4984318528058,,,5376,5431
planning,0.8,0,14831.0452661388,14849.975860574,18.93059443518,86.1872399887735,86.1695534768395,-0.0176865119340022,,,0.754349478154365,5431,5439
dwelling,12.2,0,14849.975860574,15126.5531651462,276.577304572183,86.1695534768395,85.9112339851876,-0.258319491651861,,12.1666666598042,,5439,5561
planning,1,0,15126.5531651462,15151.6783929861,25.1252278398988,85.9112339851876,85.8877389024795,-0.0234950827081235,,,0.963341816574897,5561,5571
traveling,4.7,10.816653826392,15151.6783929861,15290.7944616041,139.116068617976,85.8877389024795,85.757358968743,-0.13037993373645,4.66564439136038,,,5571,5618
planning,0.1,0,15290.7944616041,15292.9790404587,2.18457885459065,85.757358968743,85.7553188711104,-0.00204009763261581,,,0.0723116263780877,5618,5619
dwelling,7.39999999999999,0,15292.9790404587,15443.2370543587,150.258013900024,85.7553188711104,85.6150794842331,-0.140239386877283,,7.31176466408028,,5619,5693
planning,0.3,0,15443.2370543587,15450.5584064872,7.32135212848516,85.6150794842331,85.6082336251042,-0.0068458591289442,,,0.260372623431172,5693,5696
traveling,8.29999999999999,27.8567765543682,15450.5584064872,15707.7810288915,257.222622404321,85.6082336251042,85.3669393344513,-0.241294290652903,8.28999713757105,,,5696,5779
planning,0.4,0,15707.7810288915,15718.2745346264,10.4935057349467,85.3669393344513,85.3571171541636,-0.00982218028765658,,,0.37312640177819,5779,5783
dwelling,9.59999999999998,0,15718.2745346264,15934.7986388562,216.524104229726,85.3571171541636,85.154755636488,-0.202361517675627,,9.58888885375452,,5783,5879
planning,0.8,0,15934.7986388562,15954.0221836552,19.2235447990643,85.154755636488,85.1367762453694,-0.0179793911185868,,,0.74710500454146,5879,5887
traveling,7.49999999999999,23.3452350598575,15954.0221836552,16203.2003850237,249.178201368512,85.1367762453694,84.9026563462502,-0.234119899119264,7.44441323697963,,,5887,5962
planning,0.9,0,16203.2003850237,16226.1873983701,22.9870133463501,84.9026563462502,84.881137621128,-0.0215187251221352,,,0.825953458962946,5962,5971
dwelling,12.1,0,16226.1873983701,16506.4800106328,280.29261226276,84.881137621128,84.6189915945494,-0.262146026578634,,12.0333333073773,,5971,6092
planning,0.1,0,16506.4800106328,16509.0819565658,2.60194593296546,84.6189915945494,84.6165547279396,-0.00243686660978426,,,0.0474609479735076,6092,6093
traveling,5.4,13.4536240470737,16509.0819565658,16693.9788046076,184.896848041764,84.6165547279396,84.4426996544037,-0.173855073535947,5.35609317697689,,,6093,6147
planning,0.6,0,16693.9788046076,16710.8926909487,16.9138863411135,84.4426996544037,84.4268407195303,-0.01585893487335,,,0.599225890394545,6147,6153
dwelling,7.89999999999999,0,16710.8926909487,16893.0067689502,182.114078001472,84.4268407195303,84.2564601550755,-0.17038056445476,,7.89999993852039,,6153,6232
planning,0.7,0,16893.0067689502,16910.1432019875,17.1364330373654,84.2564601550755,84.240416638222,-0.0160435168535287,,,0.62818509237953,6232,6239
traveling,7.59999999999999,24.2074368738204,16910.1432019875,17153.0701571478,242.926955160237,84.240416638222,84.0121489638955,-0.228267674326489,7.64919430332834,,,6239,6315
planning,0.9,0,17153.0701571478,17176.1254895252,23.0553323774366,84.0121489638955,83.9905481676246,-0.0216007962709455,,,0.886051561404801,6315,6324
dwelling,9.99999999999998,0,17176.1254895252,17402.1740108115,226.048521286255,83.9905481676246,83.7790223529715,-0.211525814653044,,9.93529408134738,,6324,6424
planning,0.5,0,17402.1740108115,17416.081240333,13.9072295215774,83.7790223529715,83.7659768818721,-0.0130454710994314,,,0.400638229445317,6424,6429
traveling,5,10.816653826392,17416.081240333,17595.9831220063,179.901881673275,83.7659768818721,83.5965433672984,-0.169433514573683,4.95729290203697,,,6429,6479
planning,0.4,0,17595.9831220063,17607.4921744747,11.5090524684165,83.5965433672984,83.5857409980868,-0.0108023692116177,,,0.361857242006194,6479,6483
dwelling,12.3,0,17607.4921744747,17890.9901212847,283.497946809995,83.5857409980868,83.3202876168564,-0.265453381230444,,12.2999999906918,,6483,6606
planning,0.6,0,17890.9901212847,17905.84143135,14.8513100652635,83.3202876168564,83.3063699398135,-0.0139176770428975,,,0.508090649416374,6606,6612
traveling,7.19999999999999,23.3452350598575,17905.84143135,18105.0142820873,199.17285073729,83.3063699398135,83.1194477025806,-0.186922237232864,7.30335791772222,,,6612,6684
planning,0.5,0,18105.0142820873,18116.6779124239,11.6636303366431,83.1194477025806,83.1085223112123,-0.0109253913682608,,,0.483908471610345,6684,6689
dwelling,8.29999999999999,0,18116.6779124239,18296.1445678743,179.466655450353,83.1085223112123,82.9405280367711,-0.167994274441256,,8.28888888065067,,6689,6772
planning,0.6,0,18296.1445678743,18311.0705981464,14.9260302721013,82.9405280367711,82.9265346348778,-0.0139934018933303,,,0.547240566054337,6772,6778
traveling,7.39999999999999,23.3452350598575,18311.0705981464,18543.1627499974,232.092151851011,82.9265346348778,82.7082511024486,-0.21828353242914,7.48320629307686,,,6778,6852
planning,0.3,0,18543.1627499974,18550.8721874778,7.70943748044738,82.7082511024486,82.7010191568793,-0.00723194556934459,,,0.265357966277154,6852,6855
dwelling,7.59999999999999,0,18550.8721874778,18722.2951939368,171.423006458997,82.7010191568793,82.5404248946424,-0.160594262236884,,7.56666666474047,,6855,6931
planning,1,0,18722.2951939368,18746.2648084947,23.9696145578309,82.5404248946424,82.5179536774512,-0.0224712171911392,,,0.974250826013699,6931,6941
traveling,4.8,10.816653826392,18746.2648084947,18889.9590978328,143.694289338098,82.5179536774512,82.382853360338,-0.135100317113228,4.7854729099982,,,6941,6989
planning,0.6,0,18889.9590978328,18904.8663857803,14.9072879475425,82.382853360338,82.3688704285445,-0.0139829317935067,,,0.539398132125691,6989,6995
dwelling,9.19999999999999,0,18904.8663857803,19104.4961964964,199.629810716066,82.3688704285445,82.1818649507484,-0.18700547779612,,9.176470584916,,6995,7087
planning,0.3,0,19104.4961964964,19111.4770215658,6.98082506941137,82.1818649507484,82.1753204308588,-0.00654451988955884,,,0.256322189632236,7087,7090
traveling,7.59999999999999,24.2074368738204,19111.4770215658,19351.1851578841,239.708136318284,82.1753204308588,81.949661931135,-0.225658499723878,7.64761816524591,,,7090,7166
planning,1,0,19351.1851578841,19374.4803211623,23.2951632782715,81.949661931135,81.9278175054641,-0.0218444256708068,,,0.994252488900969,7166,7176
dwelling,9.29999999999998,0,19374.4803211623,19574.9800194122,200.499698249871,81.9278175054641,81.7399295371864,-0.187887968277721,,9.23333327099228,,7176,7269
planning,0.2,0,19574.9800194122,19579.9217301475,4.94171073527104,81.7399295371864,81.7352917441491,-0.00463779303730405,,,0.146837365020588,7269,7271
traveling,5.5,13.4536240470737,19579.9217301475,19762.4169545473,182.495224399809,81.7352917441491,81.5633058977377,-0.171985846411431,5.49843185167871,,,7271,7326
planning,0.4,0,19762.4169545473,19773.4716865037,11.0547319564284,81.5633058977377,81.552915504549,-0.0103903931887146,,,0.385417692400341,7326,7330
dwelling,12.3,0,19773.4716865037,20094.1576494443,320.685962940595,81.552915504549,81.2516599856546,-0.301255518894422,,12.2999999983501,,7330,7453
planning,1,0,20094.1576494443,20123.346453191,29.1888037466524,81.2516599856546,81.2241974967378,-0.0274624889167256,,,0.939937916992794,7453,7463
traveling,4.7,10.816653826392,20123.346453191,20287.9220551706,164.575601979657,81.2241974967378,81.0688960470491,-0.155301449688778,4.66564438959585,,,7463,7510
planning,0.2,0,20287.9220551706,20293.22152292,5.29946774942437,81.0688960470491,81.0639152732825,-0.00498077376651906,,,0.154728809377102,7510,7512
dwelling,7.19999999999999,0,20293.22152292,20471.8519733219,178.630450401812,81.0639152732825,80.8961388379639,-0.167776435318601,,7.10588234405942,,7512,7584
planning,0.1,0,20471.8519733219,20474.5235570025,2.67158368065066,80.8961388379639,80.8936272517823,-0.00251158618159764,,,0.042829129337294,7584,7585
traveling,8.29999999999999,27.8567765543682,20474.5235570025,20778.9556086681,304.432051665641,80.8936272517823,80.6060259835347,-0.287601268247585,8.28999795662985,,,7585,7668
planning,0.6,0,20778.9556086681,20797.0432247754,18.0876161072883,80.6060259835347,80.5889901396282,-0.0170358439065126,,,0.592031640495844,7668,7674
dwelling,9.29999999999998,0,20797.0432247754,21028.3671505585,231.323925783032,80.5889901396282,80.3716019283363,-0.217388211291919,,9.22222221707053,,7674,7767
planning,0.8,0,21028.3671505585,21048.9078060959,20.5406555373957,80.3716019283363,80.3522905064095,-0.0193114219268153,,,0.720509307233012,7767,7775
traveling,7.39999999999999,23.3452350598575,21048.9078060959,21277.5343832759,228.626577180072,80.3522905064095,80.1367898483877,-0.215500658021782,7.44441323695916,,,7775,7849
planning,0.1,0,21277.5343832759,21280.0334055283,2.49902225234837,80.1367898483877,80.1344405923908,-0.0023492559969327,,,0.0699669008601097,7849,7850
dwelling,12.7,0,21280.0334055283,21559.3813565678,279.347951039486,80.1344405923908,79.8721528381019,-0.262287754288877,,12.6666666540113,,7850,7977
planning,0.3,0,21559.3813565678,21566.4035764168,7.0222198490701,79.8721528381019,79.8655544386209,-0.00659839948096419,,,0.236827690717387,7977,7980
traveling,5.4,13.4536240470737,21566.4035764168,21731.3450382252,164.941461808357,79.8655544386209,79.7100176850076,-0.15553675361339,5.35609317586058,,,7980,8034
planning,0.1,0,21731.3450382252,21733.9019292607,2.55689103549958,79.7100176850076,79.7076123900805,-0.0024052949270299,,,0.0831523634744321,8034,8035
dwelling,8.39999999999999,0,21733.9019292607,21940.3857567432,206.483827482523,79.7076123900805,79.5134358561134,-0.194176533967166,,8.31111108335444,,8035,8119
planning,0.5,0,21940.3857567432,21954.642333086,14.2565763427665,79.5134358561134,79.500003884052,-0.0134319720613689,,,0.497236851065709,8119,8124
traveling,7.59999999999999,24.2074368738204,21954.642333086,22229.6282918089,274.985958722904,79.500003884052,79.2399246819043,-0.260079202147708,7.64919430315902,,,8124,8200
planning,0.9,0,22229.6282918089,22252.7665652769,23.1382734680592,79.2399246819043,79.2181465265331,-0.0217781553711944,,,0.860081518891109,8200,8209
dwelling,9.89999999999998,0,22252.7665652769,22500.2024530319,247.435887754978,79.2181465265331,78.9852812480497,-0.232865278483345,,9.86470587857068,,8209,8308
planning,0.5,0,22500.2024530319,22516.0467177336,15.8442647016964,78.9852812480497,78.9703238352729,-0.0149574127768091,,,0.495732034100906,8308,8313
traveling,5,10.816653826392,22516.0467177336,22723.5093497133,207.462631979695,78.9703238352729,78.7734914080433,-0.196832427229594,4.9572929016158,,,8313,8363
planning,0.9,0,22723.5093497133,22751.6299397101,28.1205899967972,78.7734914080433,78.7469442831199,-0.0265471249234537,,,0.820858375789447,8363,8372
dwelling,11.7,0,22751.6299397101,23026.8191772591,275.189237548981,78.7469442831199,78.4880135906814,-0.258930692438469,,11.6999999747461,,8372,8489
planning,0.3,0,23026.8191772591,23034.0149733319,7.1957960727741,78.4880135906814,78.4812410516847,-0.00677253899671371,,,0.250964650391639,8489,8492
traveling,7.29999999999999,23.3452350598575,23034.0149733319,23284.6899045787,250.674931246846,78.4812410516847,78.2441149171106,-0.237126134574126,7.30335873741731,,,8492,8565
planning,0.2,0,23284.6899045787,23290.4775038805,5.78759930174783,78.2441149171106,78.2386541035461,-0.00546081356445427,,,0.132272010962382,8565,8567
dwelling,8.59999999999999,0,23290.4775038805,23512.3897767413,221.912272860856,78.2386541035461,78.0295316411515,-0.209122462394603,,8.51111108554824,,8567,8653
planning,0.1,0,23512.3897767413,23514.7406715898,2.35089484850687,78.0295316411515,78.0273184897641,-0.00221315138739442,,,0.034199248307475,8653,8654
traveling,7.49999999999999,23.3452350598575,23514.7406715898,23746.3103396608,231.569668071003,78.0273184897641,77.8085153488809,-0.218803140883267,7.48320659143932,,,8654,8729
planning,0.9,0,23746.3103396608,23766.3837298693,20.0733902084758,77.8085153488809,77.7896240016526,-0.0188913472282763,,,0.871615311236925,8729,8738
dwelling,6.89999999999999,0,23766.3837298693,23904.6284361455,138.244706276193,77.7896240016526,77.6596436997229,-0.129980301929677,,6.86666662547494,,8738,8807
planning,0.2,0,23904.6284361455,23909.2446677053,4.61623155984125,77.6596436997229,77.6552971541588,-0.00434654556410408,,,0.187837335816687,8807,8809
traveling,4.8,10.816653826392,23909.2446677053,24051.4996378346,142.25497012927,77.6552971541588,77.5209254305006,-0.134371723658177,4.78547387122063,,,8809,8857
planning,0.9,0,24051.4996378346,24074.6458152138,23.1461773791707,77.5209254305006,77.499101966306,-0.0218234641945969,,,0.897132524022847,8857,8866
dwelling,8.59999999999999,0,24074.6458152138,24272.5620838744,197.916268660629,77.499101966306,77.3127042260841,-0.186397740221963,,8.59411759004576,,8866,8952
planning,0.8,0,24272.5620838744,24293.0246997451,20.4626158707069,77.3127042260841,77.2934081748272,-0.0192960512568874,,,0.79324797743091,8952,8960
traveling,7.59999999999999,24.2074368738204,24293.0246997451,24554.2848602304,261.260160485257,77.2934081748272,77.0459683988028,-0.247439776024407,7.64761816507764,,,8960,9036
planning,0.3,0,24554.2848602304,24562.4474163569,8.16255612650275,77.0459683988028,77.038263397958,-0.00770500084479409,,,0.231155856458004,9036,9039
dwelling,9.79999999999998,0,24562.4474163569,24796.1078548311,233.66043847418,77.038263397958,76.8180092149197,-0.220254183038236,,9.76666661387142,,9039,9137
planning,0.5,0,24796.1078548311,24808.1957622113,12.0879073802353,76.8180092149197,76.8066119881261,-0.0113972267936759,,,0.493234182442274,9137,9142
traveling,5.5,13.4536240470737,24808.1957622113,24972.7503283159,164.554566104656,76.8066119881261,76.6510042228186,-0.155607765307451,5.49843185207808,,,9142,9197
planning,0.9,0,24972.7503283159,24993.3183676553,20.568039339305,76.6510042228186,76.6316196793624,-0.0193845434562263,,,0.840809659207097,9197,9206
dwelling,11.9,0,24993.3183676553,25253.4506439532,260.132276297962,76.6316196793624,76.3865296299647,-0.245090049397717,,11.8999999885914,,9206,9325
planning,0.8,0,25253.4506439532,25272.4019821257,18.9513381724537,76.3865296299647,76.3686570826188,-0.0178725473458314,,,0.773911930441225,9325,9333
traveling,4.7,10.816653826392,25272.4019821257,25409.9165308104,137.514548684758,76.3686570826188,76.2386141347962,-0.130042947822687,4.66564438959618,,,9333,9380
planning,0.2,0,25409.9165308104,25415.2421202631,5.325589452641,76.2386141347962,76.2335842091889,-0.00502992560724635,,,0.139209640287264,9380,9382
dwelling,7.19999999999999,0,25415.2421202631,25577.900508089,162.658387825977,76.2335842091889,76.080226450467,-0.15335775872191,,7.10588231382285,,9382,9454
planning,0.3,0,25577.900508089,25585.8787675197,7.97825943066346,76.080226450467,76.0726900110203,-0.00753643944671012,,,0.20632298872505,9454,9457
traveling,8.29999999999999,27.8567765543682,25585.8787675197,25878.9859637569,293.107196237219,76.0726900110203,75.7946152471265,-0.278074763893812,8.28999795622616,,,9457,9540
planning,0.5,0,25878.9859637569,25892.0450634299,13.0590996729625,75.7946152471265,75.7822783237614,-0.0123369233651118,,,0.45477138639889,9540,9545
dwelling,9.29999999999998,0,25892.0450634299,26088.6971810762,196.65211764631,75.7822783237614,75.596900578996,-0.185377744765333,,9.27777772226739,,9545,9638
planning,0.9,0,26088.6971810762,26109.1937628367,20.4965817604825,75.596900578996,75.5775629300767,-0.0193376489193753,,,0.88314195503146,9638,9647
traveling,7.39999999999999,23.3452350598575,26109.1937628367,26334.0068088354,224.813045998704,75.5775629300767,75.3646562630656,-0.212906667011069,7.44441323697002,,,9647,9721
planning,0.6,0,26334.0068088354,26347.4144672035,13.4076583681308,75.3646562630656,75.3520061789829,-0.0126500840827219,,,0.519617851713988,9721,9727
dwelling,12.3,0,26347.4144672035,26608.9224638506,261.50799664712,75.3520061789829,75.1053598145626,-0.246646364420215,,12.2333332889313,,9727,9850
planning,0.8,0,26608.9224638506,26627.9581815822,19.0357177315636,75.1053598145626,75.0873828094774,-0.0179770050852568,,,0.762537290779134,9850,9858
traveling,4.8,10.816653826392,26627.9581815822,26801.7455877652,173.787406182961,75.0873828094774,74.9222414148755,-0.165141394601918,4.78547384604787,,,9858,9906
planning,0.7,0,26801.7455877652,26821.5919466476,19.8463588824379,74.9222414148755,74.9034558750638,-0.0187855398117165,,,0.659946753798444,9906,9913
dwelling,7.19999999999999,0,26821.5919466476,27008.7003580037,187.108411356057,74.9034558750638,74.7265208597878,-0.176935015276001,,7.13529408168324,,9913,9985
planning,1,0,27008.7003580037,27038.1657301534,29.4653721497598,74.7265208597878,74.6986104948124,-0.0279103649753409,,,0.901061944132112,9985,9995
traveling,7.59999999999999,24.2074368738204,27038.1657301534,27328.6526817048,290.486951551386,74.6986104948124,74.4222242559526,-0.276386238859786,7.64761816550274,,,9995,10071
planning,0.4,0,27328.6526817048,27339.4696884715,10.817006766727,74.4222242559526,74.4119863230399,-0.0102379329127729,,,0.349272780090563,10071,10075
dwelling,9.89999999999998,0,27339.4696884715,27569.7848008388,230.315112367251,74.4119863230399,74.194348833837,-0.217637489202858,,9.85555555253777,,10075,10174
planning,0.9,0,27569.7848008388,27595.0721514076,25.2873505688476,74.194348833837,74.170397549441,-0.0239512843960341,,,0.808911454445509,10174,10183
traveling,5.5,13.4536240470737,27595.0721514076,27796.228227881,201.156076473344,74.170397549441,73.9790538798954,-0.191343669545589,5.49843185102487,,,10183,10238
planning,0.1,0,27796.228227881,27799.1235585903,2.89533070935431,73.9790538798954,73.9763098493386,-0.002744030556741,,,0.0328501440920703,10238,10239
dwelling,12.5,0,27799.1235585903,28121.2634863606,322.139927770302,73.9763098493386,73.6713978397649,-0.304912009573783,,12.4333333335139,,10239,10364
planning,0.5,0,28121.2634863606,28135.1906451435,13.9271587828807,73.6713978397649,73.6582007069678,-0.0131971327970746,,,0.470068125744038,10364,10369
traveling,4.7,10.816653826392,28135.1906451435,28294.3915755479,159.200930404375,73.6582007069678,73.5068985204257,-0.151302186542125,4.66564438989069,,,10369,10416
planning,0.4,0,28294.3915755479,28305.6333964899,11.2418209419811,73.5068985204257,73.496242886809,-0.0106556336166932,,,0.342109022960849,10416,10420
dwelling,6.99999999999999,0,28305.6333964899,28476.4750052704,170.841608780534,73.496242886809,73.334567202011,-0.161675684797942,,6.92352939386898,,10420,10490
planning,0.7,0,28476.4750052704,28495.3435983496,18.868593079198,73.334567202011,73.3166885401777,-0.0178786618333504,,,0.605821400899577,10490,10497
traveling,8.29999999999999,27.8567765543682,28495.3435983496,28788.7850396943,293.441441344668,73.3166885401777,73.0374465353536,-0.279242004824098,8.28999713775592,,,10497,10580
planning,1,0,28788.7850396943,28817.046188627,28.261148932761,73.0374465353536,73.0106432533258,-0.0268032820277995,,,0.900333863561097,10580,10590
dwelling,9.29999999999998,0,28817.046188627,29052.0231355674,234.976946940347,73.0106432533258,72.7880645810091,-0.222578672316672,,9.29999999973725,,10590,10683
planning,0.5,0,29052.0231355674,29066.3891678485,14.3660322811775,72.7880645810091,72.7744330876079,-0.0136314934012347,,,0.454492597003017,10683,10688
traveling,7.49999999999999,23.3452350598575,29066.3891678485,29351.9041898778,285.515022029234,72.7744330876079,72.5022131906012,-0.27221989700665,7.44441323699514,,,10688,10763
planning,0.3,0,29351.9041898778,29359.9774109508,8.07322107303116,72.5022131906012,72.4945568469163,-0.00765634368487156,,,0.277072832982897,10763,10766
dwelling,12.8,0,29359.9774109508,29673.1384783665,313.161067415724,72.4945568469163,72.1978459748191,-0.29671087209725,,12.7333333238046,,10766,10894
planning,1,0,29673.1384783665,29702.5563276045,29.4178492380015,72.1978459748191,72.1699051421205,-0.0279408326985759,,,0.948145291386127,10894,10904
traveling,4.8,10.816653826392,29702.5563276045,29868.3375821155,165.781254510988,72.1699051421205,72.0120351637171,-0.157869978403411,4.78547384773312,,,10904,10952
planning,0.7,0,29868.3375821155,29887.0213088098,18.6837266942421,72.0120351637171,71.9943084375147,-0.017726726202369,,,0.671469504743064,10952,10959
dwelling,7.29999999999999,0,29887.0213088098,30050.6495734085,163.628264598741,71.9943084375147,71.8393490879439,-0.154959349570873,,7.24117644452618,,10959,11032
planning,1,0,30050.6495734085,30077.0524506417,26.4028772332313,71.8393490879439,71.81429706018,-0.025052027763877,,,0.98785279548966,11032,11042
traveling,7.59999999999999,24.2074368738204,30077.0524506417,30346.2981310327,269.245680390955,71.81429706018,71.5576470583868,-0.256650001793147,7.64761816554776,,,11042,11118
planning,0.8,0,30346.2981310327,30367.5444146232,21.2462835904953,71.5576470583868,71.5374801688081,-0.0201668895787321,,,0.741770168096917,11118,11126
dwelling,9.59999999999998,0,30367.5444146232,30587.0444701183,219.500055495071,71.5374801688081,71.3294580705537,-0.208022098254375,,9.5222222107803,,11126,11222
planning,0.2,0,30587.0444701183,30592.0937896774,5.04931955914435,71.3294580705537,71.3246670299553,-0.00479104059847657,,,0.117334406582034,11222,11224
traveling,5.5,13.4536240470737,30592.0937896774,30782.89499204,190.801202362552,71.3246670299553,71.1427450617944,-0.181921968160836,5.498431850403,,,11224,11279
planning,0.7,0,30782.89499204,30803.0125021514,20.1175101114131,71.1427450617944,71.1236215898792,-0.0191234719151794,,,0.633018499368617,11279,11286
dwelling,11.7,0,30803.0125021514,31104.3393522599,301.3268501085,71.1236215898792,70.8375290325626,-0.286092557316593,,11.6666666442373,,11286,11403
planning,0.7,0,31104.3393522599,31124.7328136062,20.3934613463316,70.8375290325626,70.8181331456318,-0.0193958869308659,,,0.607611013861239,11403,11410
traveling,4.7,10.816653826392,31124.7328136062,31296.0119882855,171.279174679323,70.8181331456318,70.6546336840436,-0.163499461588216,4.66564345172001,,,11410,11457
planning,0.3,0,31296.0119882855,31304.8555688832,8.84358059764782,70.6546336840436,70.6462196819399,-0.00841400210363474,,,0.288437716825442,11457,11460
dwelling,6.99999999999999,0,31304.8555688832,31473.0683756307,168.212806747517,70.6462196819399,70.4865643963488,-0.159655285591114,,6.91764701612092,,11460,11530
planning,0.7,0,31473.0683756307,31492.797020468,19.7286448373161,70.4865643963488,70.4678017131308,-0.0187626832180285,,,0.683522742085861,11530,11537
traveling,8.29999999999999,27.8567765543682,31492.797020468,31811.641785652,318.844765183989,70.4678017131308,70.1629992843589,-0.304802428771893,8.28999713774542,,,11537,11620
planning,0.6,0,31811.641785652,31829.7337415024,18.0919558504393,70.1629992843589,70.145771187958,-0.0172280964008849,,,0.545111515541333,11620,11626
dwelling,9.69999999999998,0,31829.7337415024,32064.9103774102,235.176635907785,70.145771187958,69.9224007051915,-0.223370482766498,,9.68888887438964,,11626,11723
planning,0.3,0,32064.9103774102,32072.7591513705,7.84877396030424,69.9224007051915,69.9149386032238,-0.00746210196774655,,,0.279633148496651,11723,11726
traveling,7.39999999999999,23.3452350598575,32072.7591513705,32322.0988196914,249.339668320878,69.9149386032238,69.6769841798526,-0.237954423371193,7.44441323697929,,,11726,11800
planning,0.6,0,32322.0988196914,32338.2534051829,16.1545854914693,69.6769841798526,69.6616156896335,-0.0153684902190889,,,0.519553278724125,11800,11806
dwelling,12.3,0,32338.2534051829,32638.5025620607,300.249156877839,69.6616156896335,69.3762519691567,-0.285363720476767,,12.2999999465499,,11806,11929
planning,0.4,0,32638.5025620607,32650.210985527,11.7084234662689,69.3762519691567,69.3650974057548,-0.0111545634019308,,,0.363330969779048,11929,11933
traveling,5.4,13.4536240470737,32650.210985527,32849.4663124845,199.255326957566,69.3650974057548,69.1745245766586,-0.190572829096169,5.35609317586038,,,11933,11987
planning,0.5,0,32849.4663124845,32863.7676654973,14.3013530127064,69.1745245766586,69.1609008593373,-0.0136237173213374,,,0.439852819700177,11987,11992
dwelling,7.99999999999999,0,32863.7676654973,33063.7970258375,200.029360340261,69.1609008593373,68.9706429150342,-0.190257944303056,,7.91111106514824,,11992,12072
planning,1,0,33063.7970258375,33090.9232973298,27.1262714922923,68.9706429150342,68.9448135947253,-0.0258293203089579,,,0.920507326476973,12072,12082
traveling,7.59999999999999,24.2074368738204,33090.9232973298,33344.5403516872,253.61705435739,68.9448135947253,68.7025243631167,-0.242289231608595,7.64919430340116,,,12082,12158
planning,0.7,0,33344.5403516872,33361.8370503509,17.2966986636675,68.7025243631167,68.6860681918587,-0.0164561712580138,,,0.640467245903783,12158,12165
dwelling,10.2,0,33361.8370503509,33580.405461969,218.56841161818,68.6860681918587,68.4784099510482,-0.207658240810474,,10.1705881750219,,12165,12267
planning,0.8,0,33580.405461969,33598.7576293898,18.3521674207514,68.4784099510482,68.4609595111919,-0.0174504398562902,,,0.759707265880738,12267,12275
traveling,5,10.816653826392,33598.7576293898,33748.7671214893,150.009492099525,68.4609595111919,68.317808885425,-0.143150625766893,4.95729290282576,,,12275,12325
planning,0.8,0,33748.7671214893,33769.5702910298,20.8031695404425,68.317808885425,68.2979960869308,-0.0198127984941721,,,0.706328477336809,12325,12333
dwelling,12.1,0,33769.5702910298,34032.4734028608,262.903111830994,68.2979960869308,68.0480662168208,-0.249929870110023,,12.0999999936819,,12333,12454
planning,1,0,34032.4734028608,34057.0877425006,24.6143396398256,68.0480662168208,68.024631625871,-0.0234345909498046,,,0.988491648161084,12454,12464
traveling,7.29999999999999,23.3452350598575,34057.0877425006,34291.1164048571,234.028662356504,68.024631625871,67.8009766010688,-0.223655024802241,7.30335791789933,,,12464,12537
planning,0.2,0,34291.1164048571,34296.2430737959,5.12666893879214,67.8009766010688,67.796092008926,-0.0048845921427727,,,0.141321952209962,12537,12539
dwelling,8.79999999999999,0,34296.2430737959,34492.034013231,195.790939435072,67.796092008926,67.6098051857268,-0.186286823199168,,8.74444444403413,,12539,12627
planning,0.5,0,34492.034013231,34503.1635322652,11.1295190342789,67.6098051857268,67.5992154504175,-0.0105897353092672,,,0.425371839077159,12627,12632
traveling,7.39999999999999,23.3452350598575,34503.1635322652,34735.0870787369,231.923546471626,67.5992154504175,67.3775159801881,-0.221699470229481,7.48320629308843,,,12632,12706
planning,0.8,0,34735.0870787369,34754.5895373724,19.5024586355939,67.3775159801881,67.3589360978469,-0.0185798823411716,,,0.707904891397544,12706,12714
dwelling,7.19999999999999,0,34754.5895373724,34928.8175545004,174.22801712792,67.3589360978469,67.1929427263059,-0.165993371541035,,7.13333331223765,,12714,12786
planning,0.5,0,34928.8175545004,34943.4059847432,14.5884302427876,67.1929427263059,67.1790103299049,-0.0139323964009748,,,0.405332255032302,12786,12791
traveling,4.8,10.816653826392,34943.4059847432,35113.9154915193,170.509506776121,67.1790103299049,67.0156426059709,-0.163367723933987,4.78547291020323,,,12791,12839
planning,0.2,0,35113.9154915193,35120.0211249009,6.10563338160136,67.0156426059709,67.0098066763649,-0.00583592960596491,,,0.17349885353986,12839,12841
dwelling,9.69999999999998,0,35120.0211249009,35359.1301052802,239.108980379286,67.0098066763649,66.781854188665,-0.227952487699909,,9.64705876226046,,12841,12938
planning,0.8,0,35359.1301052802,35383.4633188097,24.3332135295423,66.781854188665,66.7585904446523,-0.0232637440127093,,,0.799710689366998,12938,12946
traveling,7.59999999999999,24.2074368738204,35383.4633188097,35686.0840776731,302.620758863435,66.7585904446523,66.4678471111315,-0.290743333520851,7.64761899545414,,,12946,13022
planning,0.2,0,35686.0840776731,35691.9696068818,5.88552920861548,66.4678471111315,66.4622208958469,-0.00562621528460738,,,0.173749068074896,13022,13024
dwelling,10.2,0,35691.9696068818,35948.900870739,256.931263857208,66.4622208958469,66.2170582382347,-0.245162657612127,,10.1777777692354,,13024,13126
planning,0.4,0,35948.900870739,35960.0533733589,11.1525026199743,66.2170582382347,66.2064016409089,-0.0106565973258625,,,0.358491507759021,13126,13130
traveling,5.5,13.4536240470737,35960.0533733589,36150.6211434303,190.567770071379,66.2064016409089,66.0236550336976,-0.182746607211271,5.49843185292805,,,13130,13185
planning,0.7,0,36150.6211434303,36170.4216934308,19.8005500005092,66.0236550336976,66.0047270571212,-0.0189279765764212,,,0.627546159404174,13185,13192
dwelling,12.3,0,36170.4216934308,36483.3201042133,312.898410782516,66.0047270571212,65.705958449489,-0.298768607632127,,12.2999999752165,,13192,13315
planning,0.2,0,36483.3201042133,36488.676292749,5.35618853567576,65.705958449489,65.7008400590454,-0.00511839044359874,,,0.113483878941677,13315,13317
traveling,4.7,10.816653826392,36488.676292749,36654.3895791143,165.71328636531,65.7008400590454,65.5418070618302,-0.159032997215277,4.665644389005,,,13317,13364
planning,0.3,0,36654.3895791143,36662.644616867,8.25503775267862,65.5418070618302,65.5339142693109,-0.00789279251922892,,,0.294543418013614,13364,13367
dwelling,6.99999999999999,0,36662.644616867,36821.8848173021,159.240200435052,65.5339142693109,65.381984806973,-0.151929462337961,,6.97058819951242,,13367,13437
planning,0.2,0,36821.8848173021,36826.899722941,5.01490563890547,65.381984806973,65.377194558549,-0.00479024842400122,,,0.128145759491618,13437,13439
traveling,8.29999999999999,27.8567765543682,36826.899722941,37099.1101149526,272.210392011606,65.377194558549,65.1161202419916,-0.261074316557384,8.28999795662991,,,13439,13522
planning,0.7,0,37099.1101149526,37116.5288391801,17.4187242275657,65.1161202419916,65.0994778911369,-0.0166423508546956,,,0.695929981826206,13522,13529
dwelling,9.19999999999999,0,37116.5288391801,37344.4705235413,227.941684361176,65.0994778911369,64.8816705851778,-0.217807305959084,,9.12222221537579,,13529,13621
planning,0.6,0,37344.4705235413,37362.187055563,17.7165320216955,64.8816705851778,64.8647021459087,-0.0169684392690783,,,0.560091028734198,13621,13627
traveling,7.49999999999999,23.3452350598575,37362.187055563,37654.7132235029,292.526167939919,64.8647021459087,64.5831328285722,-0.281569317336533,7.4444132369485,,,13627,13702
planning,0.5,0,37654.7132235029,37669.3512420768,14.6380185738744,64.5831328285722,64.5691095930494,-0.0140232355227852,,,0.430017919944749,13702,13707
dwelling,12.3,0,37669.3512420768,37952.1488861964,282.797644119593,64.5691095930494,64.2989164656124,-0.270193127437025,,12.2333332888325,,13707,13830
planning,0.7,0,37952.1488861964,37968.9223968081,16.7735106117179,64.2989164656124,64.2828820407015,-0.0160344249108846,,,0.659527575285115,13830,13837
traveling,4.8,10.816653826392,37968.9223968081,38107.7907121787,138.868315370615,64.2828820407015,64.1498036823059,-0.133078358395579,4.78547384520074,,,13837,13885
planning,0.5,0,38107.7907121787,38120.5168568863,12.7261447075434,64.1498036823059,64.1376277259617,-0.0121759563441799,,,0.480911909141913,13885,13890
dwelling,7.29999999999999,0,38120.5168568863,38278.1148919211,157.598035034825,64.1376277259617,63.9870978438515,-0.150529882110241,,7.28235293909304,,13890,13963
planning,0.7,0,38278.1148919211,38294.4590544911,16.3441625699779,63.9870978438515,63.9714724240914,-0.0156254197600916,,,0.605819499219818,13963,13970
traveling,7.59999999999999,24.2074368738204,38294.4590544911,38530.7221197676,236.263065276507,63.9714724240914,63.7446800684155,-0.226792355675897,7.64761816510712,,,13970,14046
planning,0.3,0,38530.7221197676,38537.6350415096,6.91292174203409,63.7446800684155,63.7380703131104,-0.00660975530513497,,,0.264103771881781,14046,14049
dwelling,9.89999999999998,0,38537.6350415096,38733.356844368,195.721802858425,63.7380703131104,63.5511931962804,-0.186877116830004,,9.81111107605306,,14049,14148
planning,0.1,0,38733.356844368,38735.4516984583,2.09485409024637,63.5511931962804,63.5491917183178,-0.00200147796262939,,,0.0497795738743142,14148,14149
traveling,5.5,13.4536240470737,38735.4516984583,38891.9791988166,156.527500358272,63.5491917183178,63.3990635836506,-0.150128134667156,5.49843184934354,,,14149,14204
planning,0.2,0,38891.9791988166,38896.6463728536,4.66717403702933,63.3990635836506,63.3945986382956,-0.00446494535503206,,,0.162453367021508,14204,14206
dwelling,11.9,0,38896.6463728536,39159.6009343779,262.954561524341,63.3945986382956,63.1431420729659,-0.25145656532964,,11.8999999982033,,14206,14325
planning,0.4,0,39159.6009343779,39169.6070508477,10.0061164697327,63.1431420729659,63.1335589556328,-0.00958311733317174,,,0.382547715657928,14325,14329
traveling,4.7,10.816653826392,39169.6070508477,39316.616300909,147.009250061325,63.1335589556328,62.9923158314241,-0.141243124208629,4.66564345116509,,,14329,14376
planning,0.6,0,39316.616300909,39331.7019750854,15.0856741764073,62.9923158314241,62.9778643945554,-0.0144514368687467,,,0.562182487693053,14376,14382
dwelling,6.49999999999999,0,39331.7019750854,39487.283493145,155.581518059589,62.9778643945554,62.8288926352035,-0.148971759351902,,6.45882352642606,,14382,14447
planning,1,0,39487.283493145,39514.4515164014,27.1680232564177,62.8288926352035,62.8028366129587,-0.0260560222447808,,,0.935863085994636,14447,14457
traveling,8.29999999999999,27.8567765543682,39514.4515164014,39807.5692810971,293.117764695649,62.8028366129587,62.5205136099227,-0.282323003036041,8.28999713761049,,,14457,14540
planning,0.6,0,39807.5692810971,39822.3873372615,14.8180561644331,62.5205136099227,62.5063133560006,-0.0142002539220272,,,0.504415431735709,14540,14546
dwelling,9.49999999999998,0,39822.3873372615,40035.2013673152,212.814030053669,62.5063133560006,62.3025608457027,-0.203752510297925,,9.47777772518046,,14546,14641
planning,0.1,0,40035.2013673152,40037.7743517689,2.57298445378547,62.3025608457027,62.3000933097825,-0.00246753592021065,,,0.077246106911493,14641,14642
traveling,7.49999999999999,23.3452350598575,40037.7743517689,40271.814717477,234.040365708039,62.3000933097825,62.0749990492972,-0.225094260485257,7.44441323696453,,,14642,14717
planning,0.7,0,40271.814717477,40289.1964457746,17.3817282976379,62.0749990492972,62.0583319568742,-0.0166670924230772,,,0.648799851260318,14717,14724
dwelling,12.2,0,40289.1964457746,40560.5413868203,271.344941045681,62.0583319568742,61.7984117393396,-0.259920217534521,,12.1333332854816,,14724,14846
planning,0.6,0,40560.5413868203,40576.1819733091,15.6405864888075,61.7984117393396,61.7834003788598,-0.0150113604797895,,,0.559200272014974,14846,14852
traveling,4.8,10.816653826392,40576.1819733091,40716.5362500553,140.354276746162,61.7834003788598,61.6484612556994,-0.134939123160443,4.78547384435097,,,14852,14900
planning,0.8,0,40716.5362500553,40734.9083815615,18.3721315062721,61.6484612556994,61.6308507501301,-0.0176105055693512,,,0.785815233451658,14900,14908
dwelling,6.99999999999999,0,40734.9083815615,40879.380085535,144.471703973424,61.6308507501301,61.492505640328,-0.138345109802067,,6.92941175425705,,14908,14978
planning,0.1,0,40879.380085535,40881.822913912,2.44282837701758,61.492505640328,61.4901620408772,-0.00234359945078921,,,0.00926318527339842,14978,14979
traveling,7.59999999999999,24.2074368738204,40881.822913912,41109.2241193563,227.401205444366,61.4901620408772,61.2713625504832,-0.218799490393948,7.64761816504745,,,14979,15055
planning,0.7,0,41109.2241193563,41125.343119082,16.1189997256661,61.2713625504832,61.2559039851708,-0.0154585653124926,,,0.695580827092563,15055,15062
dwelling,9.29999999999998,0,41125.343119082,41342.2851943876,216.942075305618,61.2559039851708,61.0477904427501,-0.208113542420655,,9.29999999873357,,15062,15155
planning,0.2,0,41342.2851943876,41347.7767686057,5.49157421808195,61.0477904427501,61.0425114676167,-0.00527897513337905,,,0.101444539775609,15155,15157
traveling,5.5,13.4536240470737,41347.7767686057,41528.0077905674,180.231021961677,61.0425114676167,60.8687754417934,-0.173736025823352,5.49843184840933,,,15157,15212
planning,0.8,0,41528.0077905674,41548.7216588393,20.7138682718723,60.8687754417934,60.8488736093745,-0.0199018324188245,,,0.775881975294848,15212,15220
dwelling,11.1,0,41548.7216588393,41821.6824656054,272.960806766161,60.8488736093745,60.5867277152696,-0.262145894104947,,11.0666666186551,,15220,15331
planning,0.2,0,41821.6824656054,41827.4704719459,5.78800634052459,60.5867277152696,60.5811566578546,-0.0055710574150325,,,0.186186675571244,15331,15333
traveling,4.7,10.816653826392,41827.4704719459,41991.6448422388,164.174370292851,60.5811566578546,60.422640669608,-0.158515988246556,4.66564345085687,,,15333,15380
planning,0.5,0,41991.6448422388,42005.4963818093,13.8515395704962,60.422640669608,60.4093133526665,-0.013327316941556,,,0.418424707911109,15380,15385
dwelling,6.49999999999999,0,42005.4963818093,42154.3662774845,148.869895675234,60.4093133526665,60.2663875498816,-0.14292580278488,,6.47058820043183,,15385,15450
planning,1,0,42154.3662774845,42179.7519553537,25.3856778691479,60.2663875498816,60.2419844804028,-0.024403069478808,,,0.94081716955336,15450,15460
traveling,8.29999999999999,27.8567765543682,42179.7519553537,42446.9460355482,267.194080194509,60.2419844804028,59.9842215615136,-0.257762918889114,8.28999795773623,,,15460,15543
planning,0.1,0,42446.9460355482,42449.3432069697,2.3971714215586,59.9842215615136,59.9819179409767,-0.00230362053694932,,,0.0826879010297346,15543,15544
dwelling,9.89999999999998,0,42449.3432069697,42674.1356326479,224.792425678192,59.9819179409767,59.7659914361294,-0.21592650484731,,9.84444443168932,,15544,15643
planning,0.1,0,42674.1356326479,42676.6640649083,2.52843226031837,59.7659914361294,59.7635594953946,-0.00243194073475195,,,0.0658163095371925,15643,15644
traveling,7.49999999999999,23.3452350598575,42676.6640649083,42921.2313041187,244.567239210417,59.7635594953946,59.527424017047,-0.236135478347684,7.44441323695253,,,15644,15719
planning,0.5,0,42921.2313041187,42933.5847265424,12.3534224237592,59.527424017047,59.5155416196764,-0.0118823973705418,,,0.437892840878581,15719,15724
dwelling,12.3,0,42933.5847265424,43217.3588014332,283.774074890804,59.5155416196764,59.2427432029913,-0.272798416685099,,12.2666666617526,,15724,15847
planning,0.7,0,43217.3588014332,43235.6195537344,18.2607523011757,59.2427432029913,59.2251605772481,-0.017582625743259,,,0.635114965130988,15847,15854
traveling,4.8,10.816653826392,43235.6195537344,43383.43104829,147.811494555543,59.2251605772481,59.0824881110035,-0.142672466244598,4.78547384406767,,,15854,15902
planning,0.1,0,43383.43104829,43385.8318759209,2.40082763099053,59.0824881110035,59.080178298167,-0.00230981283644383,,,0.00244140621758615,15902,15903
dwelling,7.69999999999999,0,43385.8318759209,43556.4884112763,170.656535355352,59.080178298167,58.9161153694639,-0.164062928703096,,7.61176470036017,,15903,15980
planning,0.5,0,43556.4884112763,43568.9968525232,12.508441246915,58.9161153694639,58.9040726841354,-0.0120426853285096,,,0.494993459128195,15980,15985
traveling,7.59999999999999,24.2074368738204,43568.9968525232,43834.3895841466,265.392731623353,58.9040726841354,58.6472344391337,-0.256838245001688,7.64761816504324,,,15985,16061
planning,0.1,0,43834.3895841466,43836.9864929961,2.59690884951851,58.6472344391337,58.6447322506422,-0.00250218849154749,,,0.0409828224735934,16061,16062
dwelling,9.89999999999998,0,43836.9864929961,44051.2704431738,214.283950177691,58.6447322506422,58.4386564144856,-0.206075836156607,,9.87777774672965,,16062,16161
planning,0.7,0,44051.2704431738,44067.3856507062,16.1152075324499,58.4386564144856,58.4231464325244,-0.015509981961209,,,0.679091344431623,16161,16168
traveling,5.5,13.4536240470737,44067.3856507062,44230.8088198363,163.423169130081,58.4231464325244,58.2653073418986,-0.157839090625728,5.49843184959029,,,16168,16223
planning,0.4,0,44230.8088198363,44241.0206326822,10.2118128458897,58.2653073418986,58.2554651389042,-0.0098422029944345,,,0.305395756091429,16223,16227
dwelling,11.8,0,44241.0206326822,44520.3512720158,279.330639333624,58.2554651389042,57.9864306618635,-0.269034477040741,,11.7666666554367,,16227,16345
planning,0.4,0,44520.3512720158,44530.1637837831,9.81251176730439,57.9864306618635,57.9769743855649,-0.00945627629851487,,,0.342187414027983,16345,16349
traveling,4.7,10.816653826392,44530.1637837831,44672.6890705714,142.525286788281,57.9769743855649,57.8392071463396,-0.137767239225369,4.6656434514552,,,16349,16396
planning,0.1,0,44672.6890705714,44675.2026198173,2.51354924589396,57.8392071463396,57.8367836993947,-0.00242344694490981,,,0.0713444204078173,16396,16397
dwelling,7.09999999999999,0,44675.2026198173,44835.7079963126,160.505376495283,57.8367836993947,57.6821998294116,-0.15458386998305,,7.04705881123311,,16397,16468
planning,0.1,0,44835.7079963126,44838.4442179216,2.73622160900413,57.6821998294116,57.6795583405412,-0.00264148887043092,,,0.0149578927184674,16468,16469
traveling,8.29999999999999,27.8567765543682,44838.4442179216,45128.1786106771,289.734392755563,57.6795583405412,57.3987230719525,-0.280835268588675,8.28999713758647,,,16469,16552
planning,0.2,0,45128.1786106771,45133.2022193235,5.02360864630464,57.3987230719525,57.3938767752022,-0.00484629675034398,,,0.16836326385379,16552,16554
dwelling,9.89999999999998,0,45133.2022193235,45359.5018416303,226.299622306877,57.3938767752022,57.1757624878128,-0.218114287389326,,9.82222219923799,,16554,16653
planning,0.7,0,45359.5018416303,45376.017108008,16.5152663776462,57.1757624878128,57.1598368860191,-0.0159256017937039,,,0.637817284864036,16653,16660
traveling,7.39999999999999,23.3452350598575,45376.017108008,45599.8523943142,223.835286306268,57.1598368860191,56.943211851235,-0.216625034784158,7.44441323695316,,,16660,16734
planning,0.7,0,45599.8523943142,45616.0500437487,16.1976494344854,56.943211851235,56.9275910870018,-0.0156207642331836,,,0.627867624510682,16734,16741
dwelling,12.1,0,45616.0500437487,45878.8022832524,262.752239503709,56.9275910870018,56.6743159108499,-0.253275176151902,,12.0333333330878,,16741,16862
planning,0.2,0,45878.8022832524,45884.0659294164,5.26364616399951,56.6743159108499,56.6692302432099,-0.00508566763997464,,,0.100700413838166,16862,16864
traveling,4.8,10.816653826392,45884.0659294164,46041.888075789,157.822146372608,56.6692302432099,56.5162154765819,-0.153014766628012,4.78547384435143,,,16864,16912
planning,0.9,0,46041.888075789,46065.7610647939,23.8729890048417,56.5162154765819,56.4931421894281,-0.0230732871537782,,,0.813608221507826,16912,16921
dwelling,6.89999999999999,0,46065.7610647939,46234.3786407779,168.617575984012,56.4931421894281,56.3303130671226,-0.16282912230556,,6.8294117454081,,16921,16990
planning,0.4,0,46234.3786407779,46246.2571743406,11.8785335626599,56.3303130671226,56.3188121489035,-0.0115009182190633,,,0.396029164354372,16990,16994
traveling,7.59999999999999,24.2074368738204,46246.2571743406,46537.3966083234,291.139433982797,56.3188121489035,56.0356282263191,-0.283183922584364,7.64761816503063,,,16994,17070
planning,0.5,0,46537.3966083234,46551.7227457,14.3261373766436,56.0356282263191,56.021758929315,-0.013869297004085,,,0.430478854363211,17070,17075
dwelling,9.49999999999998,0,46551.7227457,46788.7242388086,237.001493108583,56.021758929315,55.7926812309713,-0.229077698343772,,9.45555550359704,,17075,17170
planning,0.5,0,46788.7242388086,46801.9565147911,13.2322759824892,55.7926812309713,55.7798801714095,-0.0128010595618022,,,0.41740040517487,17170,17175
traveling,5.5,13.4536240470737,46801.9565147911,46994.4057927023,192.449277911219,55.7798801714095,55.5928548307017,-0.187025340707727,5.49843184920301,,,17175,17230
planning,0.7,0,46994.4057927023,47013.2119933129,18.8062006105756,55.5928548307017,55.5746529196573,-0.0182019110444642,,,0.687380669278565,17230,17237
dwelling,11.4,0,47013.2119933129,47292.0633835022,278.851390189302,55.5746529196573,55.305014055813,-0.269638863844321,,11.3666666387061,,17237,17351
planning,0.9,0,47292.0633835022,47315.7045042919,23.641120789689,55.305014055813,55.2821301029471,-0.0228839528659037,,,0.821984321537287,17351,17360
traveling,4.7,10.816653826392,47315.7045042919,47471.9394786261,156.234974334271,55.2821301029471,55.1303501192868,-0.151779983660226,4.66564345158392,,,17360,17407
planning,0.1,0,47471.9394786261,47474.964631734,3.02515310790477,55.1303501192868,55.1274155545124,-0.00293456477447052,,,0.0399023929749859,17407,17408
dwelling,7.09999999999999,0,47474.964631734,47645.4247370687,170.4601053347,55.1274155545124,54.9625315683458,-0.164883986166586,,7.08235289184034,,17408,17479
planning,0.5,0,47645.4247370687,47657.6037727309,12.1790356621423,54.9625315683458,54.9507479077559,-0.0117836605898702,,,0.477174937245595,17479,17484
traveling,8.29999999999999,27.8567765543682,47657.6037727309,47926.4269728669,268.823200136008,54.9507479077559,54.6895347225986,-0.261213185157338,8.2899971375799,,,17484,17567
planning,0.6,0,47926.4269728669,47940.1908135467,13.763840679836,54.6895347225986,54.6762216883078,-0.0133130342907535,,,0.564678500897562,17567,17573
dwelling,9.49999999999998,0,47940.1908135467,48138.7799311415,198.589117594784,54.6762216883078,54.484293976912,-0.191927711395806,,9.41111111004259,,17573,17668
planning,0.7,0,48138.7799311415,48155.4850119181,16.7050807766063,54.484293976912,54.4681242136066,-0.0161697633053848,,,0.690114252845027,17668,17675
traveling,7.49999999999999,23.3452350598575,48155.4850119181,48410.7801208259,255.295108907769,54.4681242136066,54.2196795993838,-0.248444614222805,7.44441323697516,,,17675,17750
planning,0.6,0,48410.7801208259,48426.8144160023,16.0342951764324,54.2196795993838,54.2041319747697,-0.0155476246141291,,,0.567892995633785,17750,17756
dwelling,12.3,0,48426.8144160023,48727.0958239092,300.281407906892,54.2041319747697,53.9132194038869,-0.290912570882753,,12.2999999756613,,17756,17879
planning,0.2,0,48727.0958239092,48732.6612880551,5.56546414588956,53.9132194038869,53.9078176899465,-0.00540171394046496,,,0.146483330533372,17879,17881
traveling,4.8,10.816653826392,48732.6612880551,48897.517673908,164.856385852887,53.9078176899465,53.7472610304344,-0.160556659512061,4.78547384491775,,,17881,17929
planning,0.5,0,48897.517673908,48911.9098529033,14.3921789953238,53.7472610304344,53.7332824216705,-0.0139786087638782,,,0.415898003898722,17929,17934
dwelling,7.29999999999999,0,48911.9098529033,49093.8527885676,181.942935664258,53.7332824216705,53.556871103043,-0.176411318627501,,7.26470585568867,,17934,18007
planning,0.8,0,49093.8527885676,49115.6967318761,21.8439433085368,53.556871103043,53.5356641237983,-0.0212069792446954,,,0.706164884150221,18007,18015
traveling,7.59999999999999,24.2074368738204,49115.6967318761,49390.0458805609,274.349148684829,53.5356641237983,53.2680571041052,-0.26760701969318,7.64761816511001,,,18015,18091
planning,0.8,0,49390.0458805609,49412.4730237304,22.4271431694506,53.2680571041052,53.2462671922987,-0.0217899118064082,,,0.78089445339886,18091,18099
dwelling,9.39999999999998,0,49412.4730237304,49642.8861752407,230.413151510314,53.2462671922987,53.0227399929752,-0.223527199323563,,9.31111110704183,,18099,18193
planning,0.7,0,49642.8861752407,49661.2547095042,18.3685342634781,53.0227399929752,53.0049025688164,-0.0178374241587491,,,0.621179152665344,18193,18200
traveling,5.5,13.4536240470737,49661.2547095042,49836.6913724207,175.436662916494,53.0049025688164,52.8340232953708,-0.170879273445657,5.49843185024652,,,18200,18255
planning,0.1,0,49836.6913724207,49839.3960730348,2.70470061415836,52.8340232953708,52.8313950851569,-0.00262821021384951,,,0.0579878067539165,18255,18256
dwelling,12.3,0,49839.3960730348,50126.180689441,286.78461640617,52.8313950851569,52.5531593361988,-0.27823574895811,,12.2333333336565,,18256,18379
planning,1,0,50126.180689441,50152.9491776404,26.768488199421,52.5531593361988,52.5271400723869,-0.0260192638118824,,,0.981882801045509,18379,18389
traveling,4.7,10.816653826392,50152.9491776404,50311.2731723262,158.323994685808,52.5271400723869,52.3726766760061,-0.15446339638082,4.66564438989038,,,18389,18436
planning,0.5,0,50311.2731723262,50324.6575446459,13.3843723196551,52.3726766760061,52.3596636355435,-0.0130130404626314,,,0.424769010385065,18436,18441
dwelling,6.89999999999999,0,50324.6575446459,50477.7001152732,153.042570627309,52.3596636355435,52.2111752447185,-0.148488390824987,,6.82352938643968,,18441,18510
planning,0.4,0,50477.7001152732,50487.8227659103,10.1226506371459,52.2111752447185,52.2013380935378,-0.0098371511807116,,,0.35755249516022,18510,18514
traveling,8.29999999999999,27.8567765543682,50487.8227659103,50789.3609648319,301.538198921546,52.2013380935378,51.9065982957066,-0.294739797831156,8.28999713765354,,,18514,18597
planning,0.4,0,50789.3609648319,50801.4870052369,12.1260404050699,51.9065982957066,51.8947801167255,-0.0118181789811587,,,0.331065573147467,18597,18601
dwelling,9.79999999999998,0,50801.4870052369,51055.8381582564,254.351153019408,51.8947801167255,51.6473605647696,-0.247419551955829,,9.77777775486314,,18601,18699
planning,0.5,0,51055.8381582564,51069.5949983041,13.7568400477176,51.6473605647696,51.6339660509167,-0.0133945138529654,,,0.47479660402083,18699,18704
traveling,7.49999999999999,23.3452350598575,51069.5949983041,51322.105138004,252.51013969996,51.6339660509167,51.3872810748206,-0.246684976096113,7.44441323697509,,,18704,18779
planning,0.3,0,51322.105138004,51329.8763386272,7.77120062318863,51.3872810748206,51.3797175395255,-0.00756353529502718,,,0.212356302639117,18779,18782
dwelling,12.6,0,51329.8763386272,51638.8330896748,308.956751047546,51.3797175395255,51.0791441723236,-0.300573367201942,,12.5999999480352,,18782,18908
planning,0.7,0,51638.8330896748,51658.2930761924,19.4599865176278,51.0791441723236,51.0601775894758,-0.018966582847753,,,0.612996983640865,18908,18915
traveling,4.8,10.816653826392,51658.2930761924,51816.384175961,158.09109976863,51.0601775894758,50.9056605051126,-0.154517084363214,4.78547384604744,,,18915,18963
planning,0.5,0,51816.384175961,51828.8890509308,12.5048749698253,50.9056605051126,50.8934860779048,-0.0121744272078459,,,0.490408386264079,18963,18968
dwelling,7.39999999999999,0,51828.8890509308,51983.3774647145,154.488413783656,50.8934860779048,50.7433581472021,-0.150127930702638,,7.33529406395164,,18968,19042
planning,0.6,0,51983.3774647145,51996.8138483473,13.4363836327902,50.7433581472021,50.7302900959041,-0.0130680512980064,,,0.569446111663553,19042,19048
traveling,7.59999999999999,24.2074368738204,51996.8138483473,52220.9784335325,224.164585185201,50.7302900959041,50.5114329616994,-0.218857134204782,7.64761816520175,,,19048,19124
planning,0.4,0,52220.9784335325,52229.8644714477,8.88603791518835,50.5114329616994,50.5027882342592,-0.0086447274401209,,,0.389559371102415,19124,19128
dwelling,9.79999999999998,0,52229.8644714477,52420.3622741838,190.497802736078,50.5027882342592,50.3176811944454,-0.18510703981385,,9.79999999246489,,19128,19226
planning,0.1,0,52420.3622741838,52422.6190692054,2.25679502166167,50.3176811944454,50.3154846626296,-0.00219653181581236,,,0.0528150060510804,19226,19227
traveling,5.5,13.4536240470737,52422.6190692054,52597.7808961389,175.161826933494,50.3154846626296,50.1441477582193,-0.171336904410268,5.49843184936017,,,19227,19282
planning,0.9,0,52597.7808961389,52621.2222803194,23.4413841804999,50.1441477582193,50.1212870296411,-0.0228607285782303,,,0.864933691778999,19282,19291
dwelling,11.2,0,52621.2222803194,52898.42739124,277.205110920586,50.1212870296411,49.8510384841009,-0.270248545540198,,11.1999999993016,,19291,19403
planning,1,0,52898.42739124,52925.5414613882,27.1140701482072,49.8510384841009,49.8245698738879,-0.0264686102129801,,,0.908319268266823,19403,19413
traveling,4.7,10.816653826392,52925.5414613882,53086.1041583372,160.562696949004,49.8245698738879,49.6672361561633,-0.157333717724569,4.66564345152997,,,19413,19460
planning,0.4,0,53086.1041583372,53095.8755938497,9.77143551250629,49.6672361561633,49.6577071769201,-0.00952897924317853,,,0.344476162052595,19460,19464
dwelling,6.79999999999999,0,53095.8755938497,53241.1907925874,145.31519873764,49.6577071769201,49.5161913919601,-0.141515784960085,,6.76470587148075,,19464,19532
planning,0.4,0,53241.1907925874,53250.5654574057,9.37466481835872,49.5161913919601,49.5070515888934,-0.00913980306663831,,,0.307804362562924,19532,19536
traveling,8.29999999999999,27.8567765543682,53250.5654574057,53499.7284092522,249.162951846527,49.5070515888934,49.2632633986707,-0.243788190222716,8.28999713761656,,,19536,19619
planning,0.6,0,53499.7284092522,53512.9152898631,13.1868806108105,49.2632633986707,49.2504107436755,-0.0128526549952284,,,0.577416312439472,19619,19625
dwelling,9.49999999999998,0,53512.9152898631,53705.3414694167,192.426179553666,49.2504107436755,49.0629861375555,-0.187424606119983,,9.49999998587325,,19625,19720
planning,0.8,0,53705.3414694167,53724.8254957984,19.4840263816732,49.0629861375555,49.0439676805526,-0.0190184570028507,,,0.751455089839333,19720,19728
traveling,7.49999999999999,23.3452350598575,53724.8254957984,53952.6402584376,227.814762639187,49.0439676805526,48.8208517699674,-0.223115910585243,7.44441323697509,,,19728,19803
planning,0.5,0,53952.6402584376,53964.549573227,11.9093147894309,48.8208517699674,48.8092255667877,-0.0116262031797518,,,0.410996408196722,19803,19808
dwelling,12.4,0,53964.549573227,54243.6355733561,279.086000129129,48.8092255667877,48.5368687606944,-0.272356806093221,,12.3999999997262,,19808,19932
planning,0.8,0,54243.6355733561,54265.2380692248,21.6024958686248,48.5368687606944,48.5157367925579,-0.0211319681365154,,,0.709009557662098,19932,19940
traveling,4.8,10.816653826392,54265.2380692248,54430.9651412009,165.727071976115,48.5157367925579,48.3529527508282,-0.162784041729729,4.78547384689174,,,19940,19988
planning,0.3,0,54430.9651412009,54438.6194514296,7.6543102287178,48.3529527508282,48.345468432015,-0.00748431881319789,,,0.283651142438689,19988,19991
dwelling,7.59999999999999,0,54438.6194514296,54627.559465305,188.940013875443,48.345468432015,48.1607529643415,-0.184715467673492,,7.58823527509024,,19991,20067
planning,0.3,0,54627.559465305,54635.7776886215,8.21822331642034,48.1607529643415,48.1527072537809,-0.00804571056063708,,,0.239759131210214,20067,20070
traveling,7.59999999999999,24.2074368738204,54635.7776886215,54916.599431088,280.821742466513,48.1527072537809,47.8763452521508,-0.276362001630055,7.64761816513673,,,20070,20146
planning,0.1,0,54916.599431088,54919.4672648047,2.86783371677302,47.8763452521508,47.8735345089737,-0.00281074317713603,,,0.0608177698459854,20146,20147
dwelling,10.1,0,54919.4672648047,55172.5376658477,253.070401042998,47.8735345089737,47.6258854412766,-0.247649067697104,,10.0444443892167,,20147,20248
planning,0.6,0,55172.5376658477,55188.2464308843,15.7087650366011,47.6258854412766,47.6105016218712,-0.0153838194053648,,,0.529241647076925,20248,20254
traveling,5.5,13.4536240470737,55188.2464308843,55356.8227874028,168.576356518424,47.6105016218712,47.4449900949605,-0.165511526910734,5.49843184963192,,,20254,20309
planning,1,0,55356.8227874028,55382.5623590229,25.7395716201063,47.4449900949605,47.4197804343141,-0.0252096606463539,,,0.932764318128438,20309,20319
dwelling,11.2,0,55382.5623590229,55638.0504390347,255.488080011804,47.4197804343141,47.1698455752545,-0.249934859059593,,11.1666666643999,,20319,20431
planning,0.4,0,55638.0504390347,55647.759401687,9.70896265232295,47.1698455752545,47.1603389496844,-0.00950662557007576,,,0.301311844148375,20431,20435
traveling,4.7,10.816653826392,55647.759401687,55792.8025965086,145.043194821636,47.1603389496844,47.0178205483819,-0.142518401302503,4.66564345151448,,,20435,20482
planning,0.3,0,55792.8025965086,55800.4185797621,7.61598325348314,47.0178205483819,47.0103572683655,-0.00746328001641672,,,0.208821538759899,20482,20485
dwelling,6.89999999999999,0,55800.4185797621,55962.503444692,162.084864929915,47.0103572683655,46.8516463056105,-0.158710962754988,,6.86470586611206,,20485,20554
planning,0.2,0,55962.503444692,55967.7277720482,5.22432735617622,46.8516463056105,46.8465234025289,-0.00512290308164154,,,0.114436217973817,20554,20556
traveling,8.29999999999999,27.8567765543682,55967.7277720482,56244.2486497346,276.520877686366,46.8465234025289,46.5742622974548,-0.272261105074136,8.2899971376073,,,20556,20639
planning,0.4,0,56244.2486497346,56253.3247491835,9.07609944889555,46.5742622974548,46.5653730288833,-0.00888926857142991,,,0.37179048189257,20639,20643
dwelling,9.69999999999998,0,56253.3247491835,56464.1149765673,210.790227383804,46.5653730288833,46.3589758182712,-0.20639721061211,,9.65555553001132,,20643,20740
planning,0.3,0,56464.1149765673,56471.718902887,7.60392631967261,46.3589758182712,46.3515158722506,-0.00745994602061728,,,0.245971460802628,20740,20743
traveling,7.49999999999999,23.3452350598575,56471.718902887,56744.9870240865,273.268121199559,46.3515158722506,46.0817804047123,-0.269735467538254,7.44441355152052,,,20743,20818
planning,0.1,0,56744.9870240865,56747.933220675,2.94619658844022,46.0817804047123,46.0788826658588,-0.00289773885354805,,,0.0125019702220642,20818,20819
dwelling,12.6,0,56747.933220675,57057.8422079923,309.908987317394,46.0788826658588,45.7747091531089,-0.304173512749927,,12.5666666665223,,20819,20945
planning,0.1,0,57057.8422079923,57060.4845650132,2.64235702086444,45.7747091531089,45.7721127338474,-0.00259641926146514,,,0.0702798342493922,20945,20946
traveling,4.8,10.816653826392,57060.4845650132,57204.5081007452,144.023535732013,45.7721127338474,45.6303046138027,-0.141808120044665,4.78547384292967,,,20946,20994
planning,0.8,0,57204.5081007452,57224.4578062243,19.9497054790554,45.6303046138027,45.6107106712343,-0.0195939425684202,,,0.784883195092878,20994,21002
dwelling,6.89999999999999,0,57224.4578062243,57377.5708078642,153.113001639933,45.6107106712343,45.4605082079918,-0.150202463242501,,6.84117643592836,,21002,21071
planning,1,0,57377.5708078642,57402.1488108051,24.578002940907,45.4605082079918,45.4363651814253,-0.0241430265664846,,,0.901413328105371,21071,21081
traveling,7.59999999999999,24.2074368738204,57402.1488108051,57664.0312402976,261.882429492456,45.4363651814253,45.1776932979773,-0.258671883448038,7.64761816503956,,,21081,21157
planning,0.5,0,57664.0312402976,57678.1572358064,14.1259955088317,45.1776932979773,45.1637848448462,-0.0139084531311298,,,0.47050715922067,21157,21162
dwelling,9.49999999999998,0,57678.1572358064,57900.5497494588,222.392513652419,45.1637848448462,44.9452870157665,-0.218497829079638,,9.46666664572027,,21162,21257
planning,0.2,0,57900.5497494588,57906.4817070295,5.9319575706395,44.9452870157665,44.9394398169221,-0.0058471988444353,,,0.141658710714431,21257,21259
traveling,5.5,13.4536240470737,57906.4817070295,58112.3319827672,205.850275737765,44.9394398169221,44.7356406639088,-0.203799153013264,5.49843184946448,,,21259,21314
planning,1,0,58112.3319827672,58140.9341281802,28.6021454129732,44.7356406639088,44.707450238438,-0.0281904254708536,,,0.977155342663133,21314,21324
dwelling,11.2,0,58140.9341281802,58425.1335166389,284.199388458706,44.707450238438,44.4277059509812,-0.279744287456737,,11.1333333259287,,21324,21436
planning,0.8,0,58425.1335166389,58448.548340883,23.4148242440569,44.4277059509812,44.4046070382104,-0.0230989127708909,,,0.755979738411287,21436,21444
traveling,4.7,10.816653826392,58448.548340883,58603.373051988,154.82471110508,44.4046070382104,44.2515362869995,-0.153070751210898,4.66564345139176,,,21444,21491
planning,0.4,0,58603.373051988,58612.9224451746,9.54939318659308,44.2515362869995,44.2421380131032,-0.009398273896295,,,0.306591637646076,21491,21495
dwelling,6.79999999999999,0,58612.9224451746,58754.6289956874,141.706550512725,44.2421380131032,44.1028633930424,-0.139274620060796,,6.72941172464468,,21495,21563
planning,1,0,58754.6289956874,58779.5148859939,24.8858903064975,44.1028633930424,44.0783516583217,-0.0245117347206758,,,0.929325374369414,21563,21573
traveling,8.29999999999999,27.8567765543682,58779.5148859939,59068.5778775345,289.062991540632,44.0783516583217,43.7920518479983,-0.286299810323435,8.28999713761679,,,21573,21656
planning,0.3,0,59068.5778775345,59076.4401925707,7.86231503620365,43.7920518479983,43.7842980909169,-0.00775375708138881,,,0.278401139418913,21656,21659
dwelling,9.79999999999998,0,59076.4401925707,59312.8948669252,236.454674354543,43.7842980909169,43.5512904131815,-0.233007677735365,,9.77777774195227,,21659,21757
planning,0.2,0,59312.8948669252,59318.7581064357,5.86323951043596,43.5512904131815,43.5454963882003,-0.00579402498116366,,,0.190857253767519,21757,21759
traveling,7.39999999999999,23.3452350598575,59318.7581064357,59598.9977911894,280.239684753768,43.5454963882003,43.2672253763275,-0.278271011872818,7.44441323697581,,,21759,21833
planning,0.3,0,59598.9977911894,59608.0933086716,9.09551748211379,43.2672253763275,43.2582275804349,-0.00899779589263972,,,0.274774999635519,21833,21836
dwelling,12.6,0,59608.0933086716,59921.6684300622,313.57512139067,43.2582275804349,42.948763088636,-0.309464491798828,,12.5666666589092,,21836,21962
planning,0.1,0,59921.6684300622,59924.5096289932,2.84119893094612,42.948763088636,42.9459533323689,-0.002809756267105,,,0.0914426505025583,21962,21963
traveling,5.4,13.4536240470737,59924.5096289932,60103.9843508305,179.47472183736,42.9459533323689,42.7679799072999,-0.177973425069005,5.35609317516024,,,21963,22017
planning,0.8,0,60103.9843508305,60124.2825607361,20.2982099055589,42.7679799072999,42.7479291546962,-0.0200507526037157,,,0.769077511878346,22017,22025
dwelling,7.59999999999999,0,60124.2825607361,60291.0822945598,166.79973382374,42.7479291546962,42.5834120550251,-0.164517099671123,,7.55555554238356,,22025,22101
planning,0.4,0,60291.0822945598,60300.8996035968,9.81730903700372,42.5834120550251,42.5737149248179,-0.00969713020715801,,,0.363850350587475,22101,22105
traveling,7.59999999999999,24.2074368738204,60300.8996035968,60594.8731978399,293.97359424302,42.5737149248179,42.2810420088429,-0.292672915975025,7.64919430292399,,,22105,22181
planning,0.7,0,60594.8731978399,60615.4465166293,20.5733187894002,42.2810420088429,42.2606580153227,-0.0203839935202126,,,0.676574453233612,22181,22188
dwelling,9.99999999999998,0,60615.4465166293,60846.266181683,230.819665053728,42.2606580153227,42.0326134023727,-0.228044612949972,,9.94117646185601,,22188,22288
planning,0.8,0,60846.266181683,60863.4256946137,17.1595129307316,42.0326134023727,42.01567078801,-0.0169426143627405,,,0.77951011898853,22288,22296
traveling,5,10.816653826392,60863.4256946137,60995.9811667018,132.555472088068,42.01567078801,41.8844188758941,-0.1312519121159,4.9572929016567,,,22296,22346
planning,1,0,60995.9811667018,61017.1754636148,21.1942969130614,41.8844188758941,41.8634885695295,-0.0209303063646402,,,0.962998675292332,22346,22356
dwelling,11.6,0,61017.1754636148,61240.9143876352,223.738924020312,41.8634885695295,41.6426856071751,-0.220802962354377,,11.5999999936452,,22356,22472
planning,0.9,0,61240.9143876352,61263.3898039809,22.4754163457692,41.6426856071751,41.6204367237789,-0.0222488833961805,,,0.879331811327228,22472,22481
traveling,7.19999999999999,23.3452350598575,61263.3898039809,61513.367689944,249.977885963119,41.6204367237789,41.3716241355989,-0.248812588180002,7.30335791766894,,,22481,22553
planning,0.2,0,61513.367689944,61518.4956594425,5.12796949846961,41.3716241355989,41.3665433034997,-0.00508083209915355,,,0.185256578096522,22553,22555
dwelling,8.59999999999999,0,61518.4956594425,61709.4299318972,190.934272454673,41.3665433034997,41.1776495608897,-0.188893742610006,,8.55555551873643,,22555,22641
planning,0.5,0,61709.4299318972,61721.1364930273,11.7065611300932,41.1776495608897,41.166058689181,-0.011590871708691,,,0.420655314176665,22641,22646
traveling,7.49999999999999,23.3452350598575,61721.1364930273,61978.2038022304,257.067309203157,41.166058689181,40.9099796605677,-0.2560790286133,7.48320629307111,,,22646,22721
planning,0.2,0,61978.2038022304,61984.0108648899,5.80706265941262,40.9099796605677,40.9042103096182,-0.0057693509494996,,,0.146185281958816,22721,22723
dwelling,7.69999999999999,0,61984.0108648899,62195.2853590025,211.274494112695,40.9042103096182,40.6944235574908,-0.2097867521274,,7.66666664545739,,22723,22800
planning,0.1,0,62195.2853590025,62198.6072391512,3.32188014864369,40.6944235574908,40.6911146411232,-0.00330891636767205,,,0.0925416700657258,22800,22801
traveling,4.8,10.816653826392,62198.6072391512,62380.2825041221,181.675264970931,40.6911146411232,40.5096538871751,-0.181460753948109,4.78547387349425,,,22801,22849
planning,0.9,0,62380.2825041221,62407.1462351261,26.8637310040212,40.5096538871751,40.4829292521361,-0.0267246350389243,,,0.886930671776895,22849,22858
dwelling,8.79999999999999,0,62407.1462351261,62642.2286807232,235.082445597021,40.4829292521361,40.2493667547749,-0.233562497361234,,8.75294117023758,,22858,22946
planning,0.4,0,62642.2286807232,62654.0492373771,11.8205566539327,40.2493667547749,40.2376025168838,-0.0117642378911498,,,0.301732048926578,22946,22950
traveling,7.59999999999999,24.2074368738204,62654.0492373771,62933.5786534768,279.529416099715,40.2376025168838,39.95823466964,-0.279367847243783,7.64761816515773,,,22950,23026
planning,0.4,0,62933.5786534768,62944.8030420447,11.2243885678981,39.95823466964,39.947064867858,-0.0111698017819819,,,0.382763160389166,23026,23030
dwelling,9.79999999999998,0,62944.8030420447,63200.2959255794,255.492883534738,39.947064867858,39.6929921139336,-0.254072753924355,,9.76666665665095,,23030,23128
planning,0.2,0,63200.2959255794,63205.8757906464,5.57986506691668,39.6929921139336,39.6874365090216,-0.00555560491199714,,,0.189358601899007,23128,23130
traveling,5.5,13.4536240470737,63205.8757906464,63386.5169494173,180.64115877093,39.6874365090216,39.5070550244721,-0.180381484549521,5.49843185157929,,,23130,23185
planning,0.3,0,63386.5169494173,63394.273936849,7.75698743166868,39.5070550244721,39.4993364485923,-0.00771857587984925,,,0.233529927049767,23185,23188
dwelling,12.4,0,63394.273936849,63635.6243416754,241.350404826444,39.4993364485923,39.2598784842143,-0.239457964377941,,12.3666666364441,,23188,23312
planning,0.1,0,63635.6243416754,63637.9074978952,2.28315621977526,39.2598784842143,39.2576088366007,-0.00226964761361614,,,0.0928148227661328,23312,23313
traveling,4.7,10.816653826392,63637.9074978952,63774.4149003181,136.507402422903,39.2576088366007,39.1214431892643,-0.136165647336384,4.66564345140138,,,23313,23360
planning,1,0,63774.4149003181,63798.933923949,24.5190236308699,39.1214431892643,39.0970397987902,-0.0244033904741698,,,0.936970801209405,23360,23370
dwelling,6.19999999999999,0,63798.933923949,63933.3821528212,134.448228872257,39.0970397987902,38.963390944848,-0.133648853942184,,6.1294117607944,,23370,23432
planning,0.8,0,63933.3821528212,63953.4039592498,20.0218064285873,38.963390944848,38.9434510270341,-0.0199399178138577,,,0.741598557494171,23432,23440
traveling,8.29999999999999,27.8567765543682,63953.4039592498,64207.7873493718,254.383390121955,38.9434510270341,38.689262350454,-0.254188676580092,8.28999795531687,,,23440,23523
planning,0.3,0,64207.7873493718,64214.9675054286,7.18015605687833,38.689262350454,38.6821110126281,-0.0071513378258814,,,0.226455636165266,23523,23526
dwelling,9.39999999999998,0,64214.9675054286,64427.6200705398,212.65256511121,38.6821110126281,38.470393941432,-0.211717071196176,,9.37777775764939,,23526,23620
planning,0.7,0,64427.6200705398,64446.0814636187,18.4613930789055,38.470393941432,38.451973795252,-0.0184201461799631,,,0.607610546160383,23620,23627
traveling,7.49999999999999,23.3452350598575,64446.0814636187,64704.3453912686,258.263927649801,38.451973795252,38.1930750378683,-0.258898757383704,7.44441323697015,,,23627,23702
planning,0.7,0,64704.3453912686,64722.7462939131,18.4009026445856,38.1930750378683,38.1747036779864,-0.0183713598818898,,,0.650576558292694,23702,23709
dwelling,12.2,0,64722.7462939131,65016.3514023175,293.605108404401,38.1747036779864,37.8817879295791,-0.29291574840726,,12.1666666652465,,23709,23831
planning,0.7,0,65016.3514023175,65035.9993713098,19.6479689922853,37.8817879295791,37.8621384781015,-0.0196494514776333,,,0.646177786963631,23831,23838
traveling,4.8,10.816653826392,65035.9993713098,65197.5445189184,161.545147608536,37.8621384781015,37.7000556241513,-0.162082853950174,4.78547384520086,,,23838,23886
planning,0.5,0,65197.5445189184,65210.2594273069,12.7149083885452,37.7000556241513,37.6873512725809,-0.0127043515704273,,,0.404658039141756,23886,23891
dwelling,7.29999999999999,0,65210.2594273069,65374.4318649579,164.172437650966,37.6873512725809,37.5235256528687,-0.163825619712242,,7.28235291946582,,23891,23964
planning,0.3,0,65374.4318649579,65382.263437749,7.83157279108855,37.5235256528687,37.5156945004374,-0.00783115243127241,,,0.210846134039903,23964,23967
traveling,7.59999999999999,24.2074368738204,65382.263437749,65629.4567826391,247.193344890169,37.5156945004374,37.2675707986497,-0.248123701787733,7.64761816508406,,,23967,24043
planning,0.3,0,65629.4567826391,65636.6027503144,7.1459676753002,37.2675707986497,37.2604289771356,-0.0071418215141108,,,0.221105298716283,24043,24046
dwelling,9.79999999999998,0,65636.6027503144,65839.377368595,202.774618280586,37.2604289771356,37.0580408322948,-0.202388144840732,,9.77777774603577,,24046,24144
planning,1,0,65839.377368595,65863.3635799079,23.9862113128911,37.0580408322948,37.0340531896398,-0.0239876426550225,,,0.901972567111107,24144,24154
traveling,5.5,13.4536240470737,65863.3635799079,66048.2242824036,184.860702495702,37.0340531896398,36.8481437970528,-0.185909392587043,5.49843184985287,,,24154,24209
planning,0.7,0,66048.2242824036,66067.9177623485,19.6934799449373,36.8481437970528,36.8283964571837,-0.0197473398690562,,,0.686986377302547,24209,24216
dwelling,11.6,0,66067.9177623485,66348.6365536908,280.718791342239,36.8283964571837,36.5473688167261,-0.28102764045763,,11.5333333332023,,24216,24332
planning,0.5,0,66348.6365536908,66362.318128861,13.6815751702379,36.5473688167261,36.5336446612168,-0.0137241555092302,,,0.448006046704485,24332,24337
traveling,4.7,10.816653826392,66362.318128861,66521.2715393758,158.953410514776,36.5336446612168,36.3736047991814,-0.16003986203544,4.66564438870962,,,24337,24384
planning,0.8,0,66521.2715393758,66543.5832509163,22.3117115404602,36.3736047991814,36.3512070360163,-0.0223977631651238,,,0.711504880735301,24384,24392
dwelling,6.49999999999999,0,66543.5832509163,66706.1959243653,162.612673449024,36.3512070360163,36.1881681026879,-0.163038933328359,,6.45294113770751,,24392,24457
planning,0.3,0,66706.1959243653,66714.1598286151,7.96390424978745,36.1881681026879,36.1801752794787,-0.00799282320924277,,,0.265671387400393,24457,24460
traveling,8.29999999999999,27.8567765543682,66714.1598286151,66997.8639276602,283.704099045179,36.1801752794787,35.8941474862153,-0.286027793263358,8.28999713762618,,,24460,24543
planning,0.2,0,66997.8639276602,67002.9910071768,5.12707951657649,35.8941474862153,35.889000189068,-0.00514729714734585,,,0.109105290247931,24543,24545
dwelling,9.99999999999998,0,67002.9910071768,67227.5817024561,224.590695279272,35.889000189068,35.663816065863,-0.225184123204997,,9.91111105737697,,24545,24645
planning,0.8,0,67227.5817024561,67248.9743195485,21.3926170924096,35.663816065863,35.6423129180539,-0.0215031478091134,,,0.750189035360335,24645,24653
traveling,7.39999999999999,23.3452350598575,67248.9743195485,67491.3252921367,242.350972588145,35.6423129180539,35.3978169396101,-0.244495978443766,7.44441323698071,,,24653,24727
planning,0.4,0,67491.3252921367,67501.7159557932,10.3906636565516,35.3978169396101,35.3873692997455,-0.010447639864573,,,0.311669184886515,24727,24731
dwelling,12.5,0,67501.7159557932,67773.4762728589,271.760317065709,35.3873692997455,35.1145901842714,-0.272779115474101,,12.4999999540283,,24731,24856
planning,0.4,0,67773.4762728589,67782.4429771315,8.96670427257777,35.1145901842714,35.1055839241921,-0.00900626007934591,,,0.340274716864236,24856,24860
traveling,4.8,10.816653826392,67782.4429771315,67920.873758783,138.430781651463,35.1055839241921,34.9660357689964,-0.139548155195705,4.78547384576551,,,24860,24908
planning,0.4,0,67920.873758783,67931.2872550147,10.4134962317912,34.9660357689964,34.9555523214817,-0.010483447514666,,,0.348736781761469,24908,24912
dwelling,7.49999999999999,0,67931.2872550147,68099.9926367409,168.705381726162,34.9555523214817,34.7859825189376,-0.169569802544089,,7.41764700922826,,24912,24987
planning,0.5,0,68099.9926367409,68112.8280723332,12.835435592322,34.7859825189376,34.7730567142246,-0.0129258047130136,,,0.481017410997765,24987,24992
traveling,7.59999999999999,24.2074368738204,68112.8280723332,68370.4165414742,257.588469140959,34.7730567142246,34.5123734382566,-0.260683275967992,7.64761816508997,,,24992,25068
planning,0.7,0,68370.4165414742,68389.6145768964,19.1980354221887,34.5123734382566,34.4930073005253,-0.0193661377313177,,,0.631354374675429,25068,25075
dwelling,9.39999999999998,0,68389.6145768964,68618.6065415188,228.991964622415,34.4930073005253,34.2622944221342,-0.230712878391124,,9.38888883340673,,25075,25169
planning,0.8,0,68618.6065415188,68641.5035577066,22.8970161877951,34.2622944221342,34.2391657447346,-0.0231286773995905,,,0.787309549647934,25169,25177
traveling,5.5,13.4536240470737,68641.5035577066,68826.5069643481,185.003406641525,34.2391657447346,34.0516876811403,-0.187478063594284,5.49843184997824,,,25177,25232
planning,0.9,0,68826.5069643481,68848.8163382244,22.3093738762691,34.0516876811403,34.0291841036021,-0.0225035775381812,,,0.861740100964892,25232,25241
dwelling,11.4,0,68848.8163382244,69095.358595576,246.542257351583,34.0291841036021,33.7808022426058,-0.248381860996318,,11.3666666493767,,25241,25355
planning,0.5,0,69095.358595576,69108.8449568037,13.486361227755,33.7808022426058,33.7671722950426,-0.0136299475631674,,,0.440392823164921,25355,25360
traveling,4.7,10.816653826392,69108.8449568037,69266.3007474574,157.455790653708,33.7671722950426,33.6074242198646,-0.159748075177987,4.6656434516993,,,25360,25407
planning,0.8,0,69266.3007474574,69287.0250020395,20.7242545820773,33.6074242198646,33.5864800914104,-0.0209441284542891,,,0.755409722826602,25407,25415
dwelling,6.49999999999999,0,69287.0250020395,69424.5971898275,137.572187788042,33.5864800914104,33.4477583326318,-0.138721758778587,,6.4176470221647,,25415,25480
planning,0.5,0,69424.5971898275,69437.24850598,12.6513161524781,33.4477583326318,33.4349709300624,-0.0127874025693941,,,0.422618828918869,25480,25485
traveling,8.29999999999999,27.8567765543682,69437.24850598,69722.4561372456,285.20763126557,33.4349709300624,33.1451000172398,-0.289870912822572,8.2899971376167,,,25485,25568
planning,0.6,0,69722.4561372456,69738.0105071258,15.5543698802067,33.1451000172398,33.1293588386869,-0.0157411785529362,,,0.527192597922889,25568,25574
dwelling,9.49999999999998,0,69738.0105071258,69949.350806149,211.340299023243,33.1293588386869,32.9158168988046,-0.213541939882226,,9.49999994915643,,25574,25669
planning,0.9,0,69949.350806149,69972.1565356741,22.8057295250619,32.9158168988046,32.8927281050366,-0.023088793768018,,,0.864925708306754,25669,25678
traveling,7.49999999999999,23.3452350598575,69972.1565356741,70220.4175088467,248.260973172568,32.8927281050366,32.640184394535,-0.252543710501627,7.44441323699026,,,25678,25753
planning,0.6,0,70220.4175088467,70235.1353330964,14.7178242497321,32.640184394535,32.6252778468205,-0.0149065477144674,,,0.596832404797314,25753,25759
dwelling,12.4,0,70235.1353330964,70504.3823048055,269.246971709057,32.6252778468205,32.3528603641024,-0.272417482718133,,12.3999999844622,,25759,25883
planning,0.7,0,70504.3823048055,70521.6441181325,17.2618133270589,32.3528603641024,32.3353604105801,-0.0174999535222753,,,0.612988956695016,25883,25890
traveling,4.8,10.816653826392,70521.6441181325,70669.328026097,147.683907964471,32.3353604105801,32.185083145852,-0.150277264728089,4.7854738471727,,,25890,25938
planning,0.5,0,70669.328026097,70681.8984124289,12.5703863319359,32.185083145852,32.1723294872318,-0.0127536586202339,,,0.400696835701149,25938,25943
dwelling,7.49999999999999,0,70681.8984124289,70854.1946297008,172.296217271854,32.1723294872318,31.9976678825658,-0.174661604666014,,7.40588229851889,,25943,26018
planning,0.7,0,70854.1946297008,70873.1976021042,19.0029724034102,31.9976678825658,31.9783557193735,-0.0193121631922288,,,0.683416771652466,26018,26025
traveling,7.59999999999999,24.2074368738204,70873.1976021042,71128.6479687263,255.450366622157,31.9783557193735,31.7176944699054,-0.2606612494681,7.64761816520402,,,26025,26101
planning,0.2,0,71128.6479687263,71133.9412316291,5.29326290273457,31.7176944699054,31.7123123595879,-0.00538211031751956,,,0.184512892888064,26101,26103
dwelling,9.99999999999998,0,71133.9412316291,71366.5986558565,232.657424227422,31.7123123595879,31.4760551942115,-0.236257165376443,,9.99999998370142,,26103,26203
planning,0.4,0,71366.5986558565,71376.989451069,10.3907952125301,31.4760551942115,31.4654843871589,-0.0105708070526269,,,0.359783960090943,26203,26207
traveling,5.5,13.4536240470737,71376.989451069,71547.8629344322,170.873483363175,31.4654843871589,31.2910980206631,-0.174386366495767,5.49843184999696,,,26207,26262
planning,0.2,0,71547.8629344322,71552.631929489,4.76899505674373,31.2910980206631,31.2862490558006,-0.00484896486245745,,,0.145425034383554,26262,26264
dwelling,12.1,0,71552.631929489,71816.8943369362,264.262407447211,31.2862490558006,31.0177175738698,-0.268531481930861,,12.0666666261624,,26264,26385
planning,0.4,0,71816.8943369362,71826.4925499227,9.59821298654424,31.0177175738698,31.0079488091454,-0.00976876472440225,,,0.375388771950721,26385,26389
traveling,4.7,10.816653826392,71826.4925499227,71967.6303519547,141.137802031968,31.0079488091454,30.8637749800442,-0.144173829101209,4.66564345147163,,,26389,26436
planning,0.2,0,71967.6303519547,71972.6439243443,5.01357238966739,30.8637749800442,30.8586668544277,-0.00510812561650908,,,0.114925494060926,26436,26438
dwelling,6.99999999999999,0,71972.6439243443,72124.3622651922,151.718340847874,30.8586668544277,30.7043201577625,-0.154346696665108,,6.94705879129671,,26438,26508
planning,0.2,0,72124.3622651922,72128.9373715141,4.57510632189224,30.7043201577625,30.6996617433755,-0.00465841438700565,,,0.126533569249925,26508,26510
traveling,8.29999999999999,27.8567765543682,72128.9373715141,72391.3761780687,262.438806554579,30.6996617433755,30.430993322046,-0.268668421329497,8.2899971376121,,,26510,26593
planning,0.3,0,72391.3761780687,72398.7187950776,7.34261700887873,30.430993322046,30.4235037287232,-0.00748959332279853,,,0.227859030318233,26593,26596
dwelling,9.79999999999998,0,72398.7187950776,72619.8116797859,221.092884708371,30.4235037287232,30.198117677426,-0.225386051297203,,9.79999995283645,,26596,26694
planning,0.3,0,72619.8116797859,72627.7443714138,7.9326916278369,30.198117677426,30.1900112541526,-0.00810642327346756,,,0.202556015313865,26694,26697
traveling,7.39999999999999,23.3452350598575,72627.7443714138,72885.5630134906,257.818642076847,30.1900112541526,29.925160169525,-0.264851084627612,7.44441355155405,,,26697,26771
planning,0.3,0,72885.5630134906,72893.9708015803,8.40778808972391,29.925160169525,29.9165528554164,-0.0086073141085663,,,0.2939933446739,26771,26774
dwelling,12.4,0,72893.9708015803,73184.1955813195,290.224779739161,29.9165528554164,29.6200183824106,-0.296534473005824,,12.3333333157398,,26774,26898
planning,0.5,0,73184.1955813195,73197.3428432894,13.1472619699052,29.6200183824106,29.606557257711,-0.0134611246995959,,,0.492298456715695,26898,26903
traveling,4.8,10.816653826392,73197.3428432894,73344.6846894397,147.341846150302,29.606557257711,29.4552806343875,-0.151276623323515,4.78547384378336,,,26903,26951
planning,0.3,0,73344.6846894397,73352.5273531287,7.84266368894896,29.4552806343875,29.447246860735,-0.00803377365246405,,,0.282426275595188,26951,26954
dwelling,7.39999999999999,0,73352.5273531287,73527.551320783,175.023967654357,29.447246860735,29.2681381130372,-0.179108747697814,,7.39411760557922,,26954,27028
planning,0.8,0,73527.551320783,73548.2376847621,20.6863639790536,29.2681381130372,29.246936406985,-0.021201706052139,,,0.783158320184453,27028,27036
traveling,7.59999999999999,24.2074368738204,73548.2376847621,73812.7250772192,264.487392457129,29.246936406985,28.974277045584,-0.272659361401089,7.64761816505013,,,27036,27112
planning,0.5,0,73812.7250772192,73825.8524962377,13.1274190184777,28.974277045584,28.9608057650681,-0.013471280515823,,,0.409317172087063,27112,27117
dwelling,9.49999999999998,0,73825.8524962377,74057.2992273764,231.446731138727,28.9608057650681,28.7234224922379,-0.237383272830215,,9.4888888681741,,27117,27212
planning,0.4,0,74057.2992273764,74068.7686207495,11.4693933731178,28.7234224922379,28.7116265693837,-0.01179592285418,,,0.390363466304549,27212,27216
traveling,5.5,13.4536240470737,74068.7686207495,74253.1613313636,184.39271061412,28.7116265693837,28.5213726973136,-0.190253872070141,5.4984318494628,,,27216,27271
planning,0.2,0,74253.1613313636,74258.5479553696,5.38662400598696,28.5213726973136,28.5158339424421,-0.00553875487151601,,,0.170831257712462,27271,27273
dwelling,12,0,74258.5479553696,74539.698775089,281.150819719333,28.5158339424421,28.227133831626,-0.288700110816073,,11.9333333334902,,27273,27393
planning,0.8,0,74539.698775089,74559.6433967751,19.9446216861397,28.227133831626,28.206625491674,-0.0205083399520518,,,0.766731713725168,27393,27401
traveling,4.7,10.816653826392,74559.6433967751,74714.5790974609,154.935700685819,28.206625491674,28.0465277742794,-0.16009771739451,4.66564345152856,,,27401,27448
planning,0.8,0,74714.5790974609,74736.9124426753,22.3333452143852,28.0465277742794,28.0235101187703,-0.0230176555091255,,,0.726776631217145,27448,27456
dwelling,6.39999999999999,0,74736.9124426753,74887.8652344694,150.95279179413,28.0235101187703,27.8682432591284,-0.155266859641948,,6.36470584769852,,27456,27520
planning,0.6,0,74887.8652344694,74903.898616378,16.0333819085499,27.8682432591284,27.8517186456186,-0.0165246135097981,,,0.56432013666459,27520,27526
traveling,8.29999999999999,27.8567765543682,74903.898616378,75206.0639753527,302.165358974671,27.8517186456186,27.5383045354475,-0.313414110171063,8.28999713760987,,,27526,27609
planning,0.8,0,75206.0639753527,75225.2671302376,19.2031548849773,27.5383045354475,27.5185176016,-0.019786933847481,,,0.703212252874362,27609,27617
dwelling,9.29999999999998,0,75225.2671302376,75426.1434953816,200.876365143995,27.5185176016,27.3117113738138,-0.206806227786231,,9.26666665253689,,27617,27710
planning,0.3,0,75426.1434953816,75434.1361339769,7.99263859522762,27.3117113738138,27.3034569097758,-0.00825446403797869,,,0.254148108701979,27710,27713
traveling,7.39999999999999,23.3452350598575,75434.1361339769,75681.5757707981,247.439636821247,27.3034569097758,27.0467812586787,-0.256675651097151,7.44441323695912,,,27713,27787
planning,0.2,0,75681.5757707981,75686.8592021602,5.28343136205513,27.0467812586787,27.0413198646352,-0.00546139404351109,,,0.156358912440494,27787,27789
dwelling,12.6,0,75686.8592021602,75994.0900266984,307.230824538259,27.0413198646352,26.7238913395332,-0.317428525101942,,12.5666666129187,,27789,27915
planning,0.5,0,75994.0900266984,76007.4801515728,13.3901248744223,26.7238913395332,26.7100296989992,-0.0138616405340208,,,0.485553113485933,27915,27920
traveling,4.8,10.816653826392,76007.4801515728,76162.917438126,155.437286553104,26.7100296989992,26.5485287179746,-0.161500981024549,4.78547384406747,,,27920,27968
planning,0.6,0,76162.917438126,76178.6281484987,15.7107103727467,26.5485287179746,26.5322587755011,-0.0162699424735848,,,0.582599675313632,27968,27974
dwelling,7.19999999999999,0,76178.6281484987,76344.5322500942,165.90410159553,26.5322587755011,26.3606805340303,-0.171578241470737,,7.11176468476857,,27974,28046
planning,0.8,0,76344.5322500942,76364.8282701006,20.2960200063535,26.3606805340303,26.3396555996903,-0.021024934340037,,,0.781763446702341,28046,28054
traveling,7.59999999999999,24.2074368738204,76364.8282701006,76597.3042689468,232.475998846261,26.3396555996903,26.0979615853492,-0.241694014341082,7.64761816509106,,,28054,28130
planning,0.2,0,76597.3042689468,76601.6698312662,4.36556231936265,26.0979615853492,26.093443449048,-0.00451813630123254,,,0.185751583993387,28130,28132
dwelling,9.89999999999998,0,76601.6698312662,76792.6546785793,190.984847313142,26.093443449048,25.8959752556537,-0.197468193394251,,9.88888887822901,,28132,28231
planning,0.9,0,76792.6546785793,76812.6741246712,20.0194460918574,25.8959752556537,25.8752338104115,-0.0207414452422512,,,0.849477070375094,28231,28240
traveling,5.5,13.4536240470737,76812.6741246712,76974.0140779482,161.339953276998,25.8752338104115,25.7073069266638,-0.167926883747683,5.49843185042423,,,28240,28295
planning,0.9,0,76974.0140779482,76995.5402324466,21.5261544984096,25.7073069266638,25.6849665324821,-0.0223403941816436,,,0.809313837718937,28295,28304
dwelling,11.5,0,76995.5402324466,77248.6673403233,253.127107876673,25.6849665324821,25.4223853935288,-0.262581138953344,,11.4666666574178,,28304,28419
planning,0.8,0,77248.6673403233,77266.8201673795,18.152827056183,25.4223853935288,25.4035367862404,-0.0188486072884011,,,0.710171999328634,28419,28427
traveling,4.7,10.816653826392,77266.8201673795,77402.313838676,135.493671296557,25.4035367862404,25.2622953654474,-0.141241420792991,4.66564438959613,,,28427,28474
planning,0.2,0,77402.313838676,77406.832774792,4.51893611598643,25.2622953654474,25.2576005061314,-0.00469485931602165,,,0.123168242549753,28474,28476
dwelling,7.19999999999999,0,77406.832774792,77560.226400067,153.39362527497,25.2576005061314,25.0982809819705,-0.159319524160846,,7.10588233858733,,28476,28548
planning,0.2,0,77560.226400067,77565.4984736762,5.27207360924513,25.0982809819705,25.0927884040952,-0.00549257787532298,,,0.133401413196617,28548,28550
traveling,8.29999999999999,27.8567765543682,77565.4984736762,77854.7952363009,289.296762624639,25.0927884040952,24.7896907703483,-0.303097633746933,8.28999713763899,,,28550,28633
planning,1,0,77854.7952363009,77881.8466986157,27.0514623148774,24.7896907703483,24.761458620228,-0.0282321501202887,,,0.990897015152679,28633,28643
dwelling,9.19999999999999,0,77881.8466986157,78107.0840187278,225.237320112021,24.761458620228,24.5265935463555,-0.234865073872495,,9.15555550712055,,28643,28735
planning,0.6,0,78107.0840187278,78124.4041235402,17.3201048124756,24.5265935463555,24.5084791049308,-0.0181144414247107,,,0.53339981230746,28735,28741
traveling,7.49999999999999,23.3452350598575,78124.4041235402,78398.7709709233,274.366847383077,24.5084791049308,24.2200073944232,-0.288471710507554,7.44441323696778,,,28741,28816
planning,0.3,0,78398.7709709233,78406.9723991777,8.20142825435323,24.2200073944232,24.2114259816135,-0.00858141280971836,,,0.24286713909902,28816,28819
dwelling,12.6,0,78406.9723991777,78703.1421349848,296.169735807125,24.2114259816135,23.9019814311988,-0.3094445504147,,12.5666666672595,,28819,28945
planning,0.3,0,78703.1421349848,78711.3986988315,8.25656384669128,23.9019814311988,23.8933293529352,-0.00865207826360148,,,0.232975088958141,28945,28948
traveling,4.8,10.816653826392,78711.3986988315,78888.0536963343,176.654997502861,23.8933293529352,23.7070866436478,-0.186242709287448,4.78547384520081,,,28948,28996
planning,0.9,0,78888.0536963343,78914.1128205958,26.0591242614901,23.7070866436478,23.6797322391565,-0.0273544044913052,,,0.815749723723764,28996,29005
dwelling,6.89999999999999,0,78914.1128205958,79089.835432905,175.722612309197,23.6797322391565,23.4955504301111,-0.184181809045405,,6.88235293704955,,29005,29074
planning,1,0,79089.835432905,79118.3166129837,28.481180078641,23.4955504301111,23.4656329681896,-0.0299174619214959,,,0.94509088684366,29074,29084
traveling,7.59999999999999,24.2074368738204,79118.3166129837,79381.3674267102,263.050813726572,23.4656329681896,23.1880919547074,-0.277541013482175,7.6476181651524,,,29084,29160
planning,1,0,79381.3674267102,79407.9857071595,26.6182804492128,23.1880919547074,23.1601221371206,-0.0279698175868148,,,0.991219251154982,29160,29170
dwelling,9.19999999999999,0,79407.9857071595,79614.1179716848,206.132264525309,23.1601221371206,22.9438998961279,-0.21622224099271,,9.15555549960193,,29170,29262
planning,0.3,0,79614.1179716848,79621.4065877291,7.28861604437407,22.9438998961279,22.9362431463821,-0.00765674974577024,,,0.258558185212031,29262,29265
traveling,5.5,13.4536240470737,79621.4065877291,79775.6847382812,154.278150552098,22.9362431463821,22.7737304470848,-0.162512699297249,5.49843184996488,,,29265,29320
planning,0.2,0,79775.6847382812,79780.0076119982,4.32287371697021,22.7737304470848,22.7691926147695,-0.00453783231538551,,,0.169882625338175,29320,29322
dwelling,12.1,0,79780.0076119982,80049.8546271063,269.847015108098,22.7691926147695,22.485596192118,-0.283596422651428,,12.0666666646358,,29322,29443
planning,0.1,0,80049.8546271063,80052.7414934332,2.8868663268513,22.485596192118,22.4825491627085,-0.00304702940949042,,,0.0368706893747166,29443,29444
traveling,4.7,10.816653826392,80052.7414934332,80221.7730085679,169.03151513476,22.4825491627085,22.3032915074044,-0.179257655304159,4.665643451223,,,29444,29491
planning,0.8,0,80221.7730085679,80244.569033808,22.7960252400808,22.3032915074044,22.2792140393547,-0.024077468049704,,,0.799248317986956,29491,29499
dwelling,6.29999999999999,0,80244.569033808,80403.6822156955,159.113181887515,22.2792140393547,22.1113898381427,-0.167824201211971,,6.27647056760468,,29499,29562
planning,0.5,0,80403.6822156955,80417.6024707012,13.9202550056652,22.1113898381427,22.0966795534481,-0.0147102846946403,,,0.49928838652803,29562,29567
traveling,8.29999999999999,27.8567765543682,80417.6024707012,80702.5779235535,284.97545285229,22.0966795534481,21.7941241602797,-0.302555393168397,8.28999713758895,,,29567,29650
planning,0.2,0,80702.5779235535,80707.7249119818,5.14698842835787,21.7941241602797,21.7886835042449,-0.00544065603471822,,,0.191110983162491,29650,29652
dwelling,9.89999999999998,0,80707.7249119818,80928.9730117302,221.248099748394,21.7886835042449,21.5551281937047,-0.233555310540229,,9.83333332974372,,29652,29751
planning,0.1,0,80928.9730117302,80931.4981395894,2.52512785916042,21.5551281937047,21.5524566709485,-0.00267152275619154,,,0.0825264189238842,29751,29752
traveling,7.49999999999999,23.3452350598575,80931.4981395894,81208.1692019293,276.671062339898,21.5524566709485,21.2574144049379,-0.295042266010633,7.44441355154237,,,29752,29827
planning,0.8,0,81208.1692019293,81230.8401677613,22.6709658319742,21.2574144049379,21.233349925839,-0.0240644790989357,,,0.727342507374805,29827,29835
dwelling,11.9,0,81230.8401677613,81503.313436962,272.473269200695,21.233349925839,20.9447992409485,-0.288550684890488,,11.8666666544324,,29835,29954
planning,0.6,0,81503.313436962,81517.3489405447,14.0355035827233,20.9447992409485,20.929920868727,-0.0148783722214425,,,0.508577254513808,29954,29960
traveling,4.8,10.816653826392,81517.3489405447,81662.6505872002,145.301646655527,20.929920868727,20.7751819947756,-0.154738873951441,4.78547384378349,,,29960,30008
planning,0.9,0,81662.6505872002,81685.4528199594,22.8022327592189,20.7751819947756,20.7509621932137,-0.0242198015619053,,,0.805940520491308,30008,30017
dwelling,6.79999999999999,0,81685.4528199594,81848.9664557058,163.513635746349,20.7509621932137,20.5773237178831,-0.173638475330563,,6.79411763338451,,30017,30085
planning,0.7,0,81848.9664557058,81868.7365186951,19.7700629893661,20.5773237178831,20.5562681584563,-0.0210555594268484,,,0.644959302761896,30085,30092
traveling,7.59999999999999,24.2074368738204,81868.7365186951,82134.8758410673,266.139322372212,20.5562681584563,20.2714110610481,-0.284857097408146,7.64761816503963,,,30092,30168
planning,0.9,0,82134.8758410673,82161.2813101147,26.4054690473567,20.2714110610481,20.2432260293439,-0.0281850317042327,,,0.817200742506472,30168,30177
dwelling,9.09999999999999,0,82161.2813101147,82368.0572264855,206.775916370825,20.2432260293439,20.0232192691686,-0.22000676017532,,9.06666666648028,,30177,30268
planning,0.2,0,82368.0572264855,82373.0940802186,5.03685373306507,20.0232192691686,20.0178494796827,-0.00536978948591482,,,0.121403511253422,30268,30270
traveling,5.5,13.4536240470737,82373.0940802186,82557.3562445418,184.262164323212,20.0178494796827,19.8202768928528,-0.197572586829889,5.49843184907832,,,30270,30325
planning,0.6,0,82557.3562445418,82573.6190973704,16.262852828615,19.8202768928528,19.8029005825595,-0.017376310293244,,,0.588808877124935,30325,30331
dwelling,11.5,0,82573.6190973704,82850.3060937943,276.686996423843,19.8029005825595,19.5075524540316,-0.295348128527884,,11.433333333382,,30331,30446
planning,0.9,0,82850.3060937943,82874.8370971933,24.5310033990681,19.5075524540316,19.4812957459728,-0.0262567080588063,,,0.848357057922697,30446,30455
traveling,4.7,10.816653826392,82874.8370971933,83020.5400863909,145.702989197554,19.4812957459728,19.3249021565657,-0.156393589407088,4.66564345139196,,,30455,30502
planning,0.5,0,83020.5400863909,83032.6064088763,12.066322485407,19.3249021565657,19.3119986580083,-0.0129034985573995,,,0.429187678956198,30502,30507
dwelling,6.69999999999999,0,83032.6064088763,83189.1540804166,156.547671540335,19.3119986580083,19.144581643383,-0.167417014625372,,6.62941176469803,,30507,30574
planning,0.1,0,83189.1540804166,83191.8799871173,2.72590670062345,19.144581643383,19.1416584837215,-0.00292315966143164,,,0.0270443171383491,30574,30575
traveling,8.29999999999999,27.8567765543682,83191.8799871173,83495.9066221085,304.026634991198,19.1416584837215,18.8134460806156,-0.328212403105933,8.2899971375704,,,30575,30658
planning,0.3,0,83495.9066221085,83504.2095848228,8.30296271435509,18.8134460806156,18.8045238976725,-0.00892218294310254,,,0.218709720732125,30658,30661
dwelling,9.69999999999998,0,83504.2095848228,83736.8114196264,232.60183480363,18.8045238976725,18.55494247703,-0.249581420642517,,9.69999998067212,,30661,30758
planning,0.8,0,83736.8114196264,83759.0655603756,22.2541407491372,18.55494247703,18.5309915460236,-0.0239509310064356,,,0.75291517269357,30758,30766
traveling,7.49999999999999,23.3452350598575,83759.0655603756,84034.3544374054,275.28887702986,18.5309915460236,18.2327257118462,-0.298265834177403,7.44441323695262,,,30766,30841
planning,0.4,0,84034.3544374054,84044.9474785047,10.5930410992441,18.2327257118462,18.2213140267451,-0.0114116851010095,,,0.311722207339989,30841,30845
dwelling,12.4,0,84044.9474785047,84335.3689288585,290.42145035381,18.2213140267451,17.9087313801658,-0.312582646579308,,12.3666666588077,,30845,30969
planning,0.7,0,84335.3689288585,84354.1852209884,18.8162921298936,17.9087313801658,17.8884184345083,-0.0203129456575013,,,0.659995630006225,30969,30976
traveling,4.8,10.816653826392,84354.1852209884,84519.2548841689,165.069663180489,17.8884184345083,17.7092641943863,-0.179154240122031,4.78547384604754,,,30976,31024
planning,0.2,0,84519.2548841689,84524.9457698461,5.69088567724975,17.7092641943863,17.7031080562934,-0.0061561380928552,,,0.107689770444952,31024,31026
dwelling,7.69999999999999,0,84524.9457698461,84701.231465894,176.285696047868,17.7031080562934,17.5129257624825,-0.190182293810974,,7.6352940730766,,31026,31103
planning,0.7,0,84701.231465894,84718.0711008556,16.8396349615941,17.5129257624825,17.4947363287782,-0.0181894337043076,,,0.614671103648629,31103,31110
traveling,7.59999999999999,24.2074368738204,84718.0711008556,84944.939810014,226.8687091584,17.4947363287782,17.2485899275649,-0.246146401213259,7.64761816510647,,,31110,31186
planning,0.3,0,84944.939810014,84951.5377321613,6.59792214729532,17.2485899275649,17.2414612493215,-0.00712867824339725,,,0.213305857230878,31186,31189
dwelling,9.89999999999998,0,84951.5377321613,85170.3117184859,218.773986324624,17.2414612493215,17.004898977608,-0.236562271713527,,9.81111106366497,,31189,31288
planning,0.6,0,85170.3117184859,85185.205228668,14.893510182068,17.004898977608,16.988756425605,-0.0161425520029574,,,0.592386838930866,31288,31294
traveling,5.5,13.4536240470737,85185.205228668,85362.0573805046,176.852151836589,16.988756425605,16.796054714184,-0.192701711421037,5.49843185012023,,,31294,31349
planning,0.2,0,85362.0573805046,85367.5741608738,5.51678036927478,16.796054714184,16.790057976691,-0.00599673749299967,,,0.104616785819333,31349,31351
dwelling,12.1,0,85367.5741608738,85654.1297675016,286.555606627779,16.790057976691,16.4790066577598,-0.311051318931227,,12.099999976895,,31351,31472
planning,0.2,0,85654.1297675016,85659.4271858433,5.29741834172455,16.4790066577598,16.4732411845311,-0.00576547322870269,,,0.173604215995723,31472,31474
traveling,4.7,10.816653826392,85659.4271858433,85811.9034779491,152.476292105785,16.4732411845311,16.3065699189532,-0.166671265577808,4.66564345145987,,,31474,31521
planning,1,0,85811.9034779491,85837.0163524192,25.1128744700836,16.3065699189532,16.2792305152679,-0.0273394036853389,,,0.956577149589857,31521,31531
dwelling,6.19999999999999,0,85837.0163524192,85976.4813247189,139.464972299698,16.2792305152679,16.1275583256974,-0.151672189570544,,6.14705881401758,,31531,31593
planning,0.7,0,85976.4813247189,85994.8806987087,18.3993739897996,16.1275583256974,16.1074915774627,-0.0200667482346439,,,0.609100662022816,31593,31600
traveling,8.29999999999999,27.8567765543682,85994.8806987087,86292.1489515739,297.268252865193,16.1074915774627,15.7809288080289,-0.326562769433862,8.28999713762936,,,31600,31683
planning,0.1,0,86292.1489515739,86294.792701871,2.64375029708026,15.7809288080289,15.7780391369583,-0.00288967107052329,,,0.0343586637948828,31683,31684
dwelling,10.1,0,86294.792701871,86534.6925552581,239.899853387164,15.7780391369583,15.5160313409399,-0.262007796018464,,10.0222222036468,,31684,31785
planning,0.1,0,86534.6925552581,86537.2625554988,2.57000024066656,15.5160313409399,15.5132188466088,-0.0028124943310246,,,0.0133163159704609,31785,31786
traveling,7.49999999999999,23.3452350598575,86537.2625554988,86793.9203830157,256.657827516872,15.5132188466088,15.2305334334275,-0.282685413181346,7.44441323695797,,,31786,31861
planning,0.1,0,86793.9203830157,86796.8708445519,2.95046153623844,15.2305334334275,15.2272910078792,-0.00324242554827769,,,0.00401723196960213,31861,31862
dwelling,12.7,0,86796.8708445519,87105.4101916686,308.539347116661,15.2272910078792,14.8889279233614,-0.338363084517828,,12.6999999987371,,31862,31989
planning,0.1,0,87105.4101916686,87108.1658067345,2.75561506595113,14.8889279233614,14.8858965427946,-0.00303138056683672,,,0.00771961086515449,31989,31990
traveling,4.8,10.816653826392,87108.1658067345,87272.0188855794,163.853078844884,14.8858965427946,14.7047430400424,-0.181153502752169,4.78547384292976,,,31990,32038
planning,0.6,0,87272.0188855794,87288.0557708204,16.0368852410174,14.7047430400424,14.6870879873847,-0.0176550526576911,,,0.534933062053567,32038,32044
dwelling,7.09999999999999,0,87288.0557708204,87459.4019286257,171.346157805252,14.6870879873847,14.4986230477791,-0.188464939605627,,7.041176447734,,32044,32115
planning,0.1,0,87459.4019286257,87462.145688101,2.74375947528461,14.4986230477791,14.4955970873774,-0.00302596040171288,,,0.0585085535646002,32115,32116
traveling,7.59999999999999,24.2074368738204,87462.145688101,87736.7443265423,274.598638441312,14.4955970873774,14.1906669203752,-0.304930167002134,7.6476181650003,,,32116,32192
planning,0.9,0,87736.7443265423,87761.4001295749,24.6558030325978,14.1906669203752,14.1634167786789,-0.0272501416963635,,,0.86923226958873,32192,32201
dwelling,9.09999999999999,0,87761.4001295749,87966.8360861617,205.435956586851,14.1634167786789,13.9368508849317,-0.22656589374715,,9.01111109515561,,32201,32292
planning,1,0,87966.8360861617,87993.4269923496,26.5909061878338,13.9368508849317,13.9074254608454,-0.0294254240862912,,,0.946500740761539,32292,32302
traveling,5.5,13.4536240470737,87993.4269923496,88175.1938693652,181.766877015645,13.9074254608454,13.7052337833133,-0.20219167753211,5.4984318493437,,,32302,32357
planning,0.5,0,88175.1938693652,88188.6826734944,13.4888041291561,13.7052337833133,13.6902801497558,-0.014953633557532,,,0.499534734389436,32357,32362
dwelling,11.6,0,88188.6826734944,88459.8756374845,271.192963990121,13.6902801497558,13.389980465607,-0.300299684148738,,11.5999999966205,,32362,32478
planning,0.2,0,88459.8756374845,88465.0901722831,5.21453479860793,13.389980465607,13.3841902793056,-0.00579018630148198,,,0.128324070497991,32478,32480
traveling,4.7,10.816653826392,88465.0901722831,88616.0088679961,150.918695712971,13.3841902793056,13.2158289976154,-0.168361281690187,4.66564345146135,,,32480,32527
planning,0.2,0,88616.0088679961,88621.4837793926,5.47491139649355,13.2158289976154,13.2097370530899,-0.00609194452550632,,,0.100362836038738,32527,32529
dwelling,6.99999999999999,0,88621.4837793926,88790.6687476202,169.184968227622,13.2097370530899,13.0217338345214,-0.188003218568456,,6.94705877472958,,32529,32599
planning,1,0,88790.6687476202,88817.1234327658,26.4546851455962,13.0217338345214,12.9922710004451,-0.0294628340763552,,,0.970607843039194,32599,32609
traveling,8.29999999999999,27.8567765543682,88817.1234327658,89103.095506754,285.972073988232,12.9922710004451,12.6716665164863,-0.320604483958752,8.28999713757248,,,32609,32692
planning,0.7,0,89103.095506754,89121.2155695304,18.1200627763465,12.6716665164863,12.6514421687407,-0.0202243477456001,,,0.65355243184193,32692,32699
dwelling,9.29999999999998,0,89121.2155695304,89355.0340964444,233.818526914038,12.6514421687407,12.3902992252527,-0.261142943488014,,9.29999993538315,,32699,32792
planning,0.7,0,89355.0340964444,89376.5362526247,21.5021561802714,12.3902992252527,12.3661737576589,-0.0241254675937732,,,0.601898689904989,32792,32799
traveling,7.39999999999999,23.3452350598575,89376.5362526247,89640.9762138398,264.439961215176,12.3661737576589,12.0680832520855,-0.298090505573422,7.44441323699441,,,32799,32873
planning,0.1,0,89640.9762138398,89643.7674854165,2.791271576687,12.0680832520855,12.0649496927865,-0.00313355929899828,,,0.030626468077052,32873,32874
dwelling,12.9,0,89643.7674854165,89956.8483545506,313.080869134123,12.0649496927865,11.713811267425,-0.351138425361501,,12.8999999594611,,32874,33003
planning,0.4,0,89956.8483545506,89968.7715138872,11.9231593365985,11.713811267425,11.7003717718185,-0.0134394956064554,,,0.311939285522894,33003,33007
traveling,4.8,10.816653826392,89968.7715138872,90138.739558673,169.968044785768,11.7003717718185,11.5078826135461,-0.192489158272389,4.78547384520073,,,33007,33055
planning,0.2,0,90138.739558673,90144.5514048905,5.8118462174607,11.5078826135461,11.5013243389917,-0.00655827455443081,,,0.151742805334422,33055,33057
dwelling,7.59999999999999,0,90144.5514048905,90326.9352169953,182.383812104817,11.5013243389917,11.2960151432791,-0.205309195712614,,7.58235290489914,,33057,33133
planning,0.5,0,90326.9352169953,90340.3070034295,13.3717864341743,11.2960151432791,11.2809227397773,-0.015092403501761,,,0.445681977435313,33133,33138
traveling,7.59999999999999,24.2074368738204,90340.3070034295,90608.123351658,267.816348228502,11.2809227397773,10.9764213288975,-0.304501410879867,7.64761816507996,,,33138,33214
planning,0.4,0,90608.123351658,90617.0854532753,8.9621016173769,10.9764213288975,10.9663087287213,-0.0101126001761536,,,0.385456685006628,33214,33218
dwelling,9.69999999999998,0,90617.0854532753,90832.2823042217,215.196850946406,10.9663087287213,10.7232526442745,-0.243056084446806,,9.66666661954611,,33218,33315
planning,0.1,0,90832.2823042217,90834.8184575006,2.53615327882289,10.7232526442745,10.720379444784,-0.00287319949047493,,,0.0154213336101452,33315,33316
traveling,5.5,13.4536240470737,90834.8184575006,91019.1116264026,184.293168902004,10.720379444784,10.5101729326218,-0.210206512162248,5.4984318489602,,,33316,33371
planning,0.5,0,91019.1116264026,91033.0619001498,13.9502737472503,10.5101729326218,10.4943127065321,-0.0158602260897069,,,0.412677768374046,33371,33376
dwelling,11.5,0,91033.0619001498,91317.4847387861,284.422838636267,10.4943127065321,10.1711555243752,-0.323157182156903,,11.4999999903255,,33376,33491
planning,0.8,0,91317.4847387861,91339.0939518846,21.6092130984616,10.1711555243752,10.1465298752214,-0.0246256491537906,,,0.711754572363474,33491,33499
traveling,0,10.816653826392,91339.0939518846,,,10.1465298752214,,,4.66564345128517,,,33499,
