phase_type,duration,energy_start,energy_end,energy_consumed,battery_start,battery_end,battery_delta,rho,tau,planning_time,start_time,end_time
traveling,2,0,298.734773302759,298.734773302759,100+0i,99.6743902147078,-0.325609785292201,2,,,1,21
planning,0.4,298.734773302759,310.0459079587,11.3111346559412,99.6743902147078+0i,99.6639024971869,-0.010487717520931,,,0.335917881047363,21,25
dwelling,2,310.0459079587,359.656086048066,49.6101780893663,99.6639024971869+0i,99.6179732646489,-0.0459292325379863,,1.93333332018936,,25,45
planning,1,359.656086048066,386.667576530646,27.0114904825796,99.6179732646489+0i,99.5929411648852,-0.0250320997636493,,,0.952333650142135,45,55
traveling,2.2,386.667576530646,656.014136101695,269.346559571049,99.5929411648852+0i,99.3076442442773,-0.285296920607891,2.11943690995463,,,55,77
planning,0.4,656.014136101695,666.955739449096,10.9416033474013,99.3076442442773+0i,99.2975012034255,-0.0101430408518723,,,0.33496622084748,77,81
dwelling,4.5,666.955739449096,775.851186343563,108.895446894466,99.2975012034255+0i,99.1966899421366,-0.100811261288868,,4.43076916617919,,81,126
planning,0.9,775.851186343563,801.287112804047,25.4359264604847,99.1966899421366+0i,99.1730993296838,-0.0235906124527787,,,0.825096747861697,126,135
traveling,2.3,801.287112804047,861.943324551628,60.6562117475812,99.1730993296838+0i,99.1168891848618,-0.0562101448219749,2.23703322361798,,,135,158
planning,0.8,861.943324551628,882.715738723336,20.7724141717077,99.1168891848618+0i,99.0976423411742,-0.019246843687668,,,0.763024585736893,158,166
dwelling,7.59999999999999,882.715738723336,1057.08575352124,174.370014797906,99.0976423411742+0i,98.9362825525529,-0.161359788621297,,7.56004227694845,,166,242
planning,0.2,1057.08575352124,1061.93888929772,4.8531357764773,98.9362825525529+0i,98.9317887869462,-0.00449376560669634,,,0.146975423428815,242,244
traveling,4.2,1061.93888929772,1575.5922951716,513.653405873881,98.9317887869462+0i,98.3360954891274+0.167130164945377i,-0.595693297818741+0.167130164945377i,4.20006972983063,,,244,286
planning,0.4,1575.5922951716,1584.97264191664,9.38034674503888,98.3360954891274+0.167130164945377i,98.3274098221116+0.167131015861809i,-0.00868566701588236+8.50916432065807e-07i,,,0.342534018608693,286,290
dwelling,6.89999999999999,1584.97264191664,1730.0307746916,145.058132774963,98.3274098221116+0.167131015861809i,98.1932276557426+0.167144173150805i,-0.134182166368916+1.31572889965903e-05i,,6.83333327699937,,290,359
planning,1,1730.0307746916,1752.52409539381,22.4933207022077,98.1932276557426+0.167144173150805i,98.1724070104856+0.167146223869111i,-0.0208206452570607+2.05071830516879e-06i,,,0.94077330623889,359,369
traveling,3.9,1752.52409539381,1854.75802981706,102.233934423246,98.1724070104856+0.167146223869111i,98.0776075799447+0.167155616462965i,-0.094799430540931+9.39259385399072e-06i,3.93891388583867,,,369,408
planning,0.7,1854.75802981706,1870.0019781676,15.243948350548,98.0776075799447+0.167155616462965i,98.0635007546789+0.167157011497928i,-0.0141068252657988+1.39503496324189e-06i,,,0.629277038055592,408,415
dwelling,5.1,1870.0019781676,1971.03793988267,101.035961715067,98.0635007546789+0.167157011497928i,97.9700783566188+0.167166254769044i,-0.0934223980600422+9.24327111651024e-06i,,5.06923075912183,,415,466
planning,0.7,1971.03793988267,1986.97287943346,15.9349395507886,97.9700783566188+0.167166254769044i,97.955324754965+0.167167721554476i,-0.0147536016538083+1.46678543155865e-06i,,,0.60347078292861,466,473
traveling,4.6,1986.97287943346,2259.67837372533,272.705494291875,97.955324754965+0.167167721554476i,97.6923243892609+0.167196440274804i,-0.263000365704087+2.87187203285577e-05i,4.53323755135177,,,473,519
planning,0.4,2259.67837372533,2268.55698309957,8.87860937423829,97.6923243892609+0.167196440274804i,97.6841046914077+0.167197266312484i,-0.00821969785323517+8.26037679590996e-07i,,,0.345141113272896,519,523
dwelling,7.79999999999999,2268.55698309957,2432.04120591333,163.484222813755,97.6841046914077+0.167197266312484i,97.5328269520727+0.167212501964214i,-0.151277739334986+1.52356517300334e-05i,,7.73333331773331,,523,601
planning,0.7,2432.04120591333,2449.37126801108,17.330062097752,97.5328269520727+0.167212501964214i,97.5167633676215+0.167214130725139i,-0.0160635844512171+1.62876092510422e-06i,,,0.649949936863303,601,608
traveling,4.8,2449.37126801108,2721.73100221203,272.359734200954,97.5167633676215+0.167214130725139i,97.2541702946961+0.167243325611533i,-0.262593072925412+2.91948863938019e-05i,4.74122679595023,,,608,656
planning,0.5,2721.73100221203,2734.94776075935,13.2167585473117,97.2541702946961+0.167243325611533i,97.2419082131272+0.167244584785245i,-0.012262081568835+1.25917371177064e-06i,,,0.414841815616532,656,661
dwelling,8.59999999999999,2734.94776075935,2932.50662789371,197.558867134362,97.2419082131272+0.167244584785245i,97.0588847469013+0.167263395441969i,-0.183023466225976+1.88106567244606e-05i,,8.59999989165839,,661,747
planning,0.4,2932.50662789371,2942.19992637127,9.69329847756217,97.0588847469013+0.167263395441969i,97.049899321078+0.167264323479325i,-0.00898542582322648+9.28037356157096e-07i,,,0.320336716740788,747,751
traveling,4.2,2942.19992637127,3060.92258362839,118.722657257118,97.049899321078+0.167264323479325i,96.9396313697313+0.167275783649959i,-0.110267951346728+1.14601706332762e-05i,4.27570165369245,,,751,793
planning,1,3060.92258362839,3086.21396220277,25.2913785743817,96.9396313697313+0.167275783649959i,96.9161740706298+0.167278220896286i,-0.0234572991015227+2.43724632773001e-06i,,,0.918752171902624,793,803
dwelling,5.8,3086.21396220277,3201.93443510968,115.720472906913,96.9161740706298+0.167278220896286i,96.8090902719354+0.167289323675603i,-0.107083798694362+1.11027793163188e-05i,,5.76153835687556,,803,861
planning,0.5,3201.93443510968,3211.57339097025,9.63895586057151,96.8090902719354+0.167289323675603i,96.8001732202736+0.167290249750315i,-0.00891705166183954+9.26074712664926e-07i,,,0.490178557441008,861,866
traveling,4.9,3211.57339097025,3424.51737746184,212.943986491586,96.8001732202736+0.167290249750315i,96.599059547432+0.167312146527673i,-0.201113672841601+2.18967773580325e-05i,4.8263139155942,,,866,915
planning,0.7,3424.51737746184,3440.57678642654,16.0594089646956,96.599059547432+0.167312146527673i,96.5841770548118+0.167313710177954i,-0.0148824926201883+1.56365028083916e-06i,,,0.666955766104041,915,922
dwelling,8.49999999999999,3440.57678642654,3627.96408822487,187.387301798331,96.5841770548118+0.167313710177954i,96.4105793032806+0.167332002450366i,-0.173597751531148+1.82922724115131e-05i,,8.49999992010858,,922,1007
planning,0.1,3627.96408822487,3630.57315966996,2.60907144509611,96.4105793032806+0.167332002450366i,96.4081578070561+0.167332259399037i,-0.00242149622458498+2.56948671090163e-07i,,,0.0313679304602156,1007,1008
traveling,4.9,3630.57315966996,3893.80590328005,263.232743610084,96.4081578070561+0.167332259399037i,96.1560949658664+0.167361015373787i,-0.252062841189655+2.87559747503552e-05i,4.89945912818854,,,1008,1057
planning,0.5,3893.80590328005,3906.39444120981,12.5885379297592,96.1560949658664+0.167361015373787i,96.1444142173996+0.167362266308678i,-0.0116807484667589+1.25093489056205e-06i,,,0.426506532686559,1057,1062
dwelling,9.29999999999998,3906.39444120981,4111.40944370072,205.015002490911,96.1444142173996+0.167362266308678i,95.9544301026978+0.167382635253157i,-0.189984114701801+2.03689444792376e-05i,,9.23333326274043,,1062,1155
planning,0.9,4111.40944370072,4134.11876284964,22.7093191489239,95.9544301026978+0.167382635253157i,95.9333550557177+0.167384910280834i,-0.0210750469801866+2.2750276774397e-06i,,,0.804522702639135,1155,1164
traveling,4.4,4134.11876284964,4253.63327298259,119.514510132946,95.9333550557177+0.167384910280834i,95.8223279623156+0.167396949598545i,-0.111027093402043+1.20393177109879e-05i,4.5006997703533,,,1164,1208
planning,1,4253.63327298259,4278.79924298756,25.1659700049713,95.8223279623156+0.167396949598545i,95.798971811906+0.167399483507842i,-0.0233561504095974+2.53390929705333e-06i,,,0.902077382847998,1208,1218
dwelling,8.69999999999999,4278.79924298756,4467.00641388748,188.207170899921,95.798971811906+0.167399483507842i,95.6245576108863+0.167418417694584i,-0.174414201019744+1.89341867411486e-05i,,8.62044879062649,,1218,1305
planning,0.7,4467.00641388748,4485.62246625161,18.6160523641256,95.6245576108863+0.167418417694584i,95.6072672418261+0.167420309786407i,-0.0172903690602197+1.89209182371863e-06i,,,0.679662419579085,1305,1312
traveling,5.6,4485.62246625161,4697.64946158403,212.02699533243,95.6072672418261+0.167420309786407i,95.4089803287542+0.167442402133115i,-0.198286913071883+2.20923467073864e-05i,5.56008883791402,,,1312,1368
planning,0.4,4697.64946158403,4707.7119522203,10.0624906362636,95.4089803287542+0.167442402133115i,95.3996390477198+0.16744343117134i,-0.00934128103435228+1.02903822515876e-06i,,,0.330135079971678,1368,1372
dwelling,10.6,4707.7119522203,4958.1218770244,250.409924804105,95.3996390477198+0.16744343117134i,95.1673103508937+0.167469106060666i,-0.232328696826158+2.56748893265324e-05i,,10.5666665326644,,1372,1478
planning,0.3,4958.1218770244,4966.23045447261,8.10857744820987,95.1673103508937+0.167469106060666i,95.1597755001273+0.167469944957773i,-0.00753485076640459+8.38897107058312e-07i,,,0.247062043489109,1478,1481
traveling,5.5,4966.23045447261,5196.99363804696,230.76318357435,95.1597755001273+0.167469944957773i,94.9429602455636+0.167494741264742i,-0.216815254563656+2.479630696825e-05i,5.4592053409986,,,1481,1536
planning,0.6,5196.99363804696,5214.90886064822,17.9152226012584,94.9429602455636+0.167494741264742i,94.9262891530615+0.167496617808241i,-0.0166710925020936+1.87654349897981e-06i,,,0.560559788896296,1536,1542
dwelling,11.4,5214.90886064822,5498.74650164228,283.837640994056,94.9262891530615+0.167496617808241i,94.662705438489+0.167526310241121i,-0.263583714572476+2.96924328806458e-05i,,11.3333325124792,,1542,1656
planning,0.4,5498.74650164228,5508.70682247572,9.96032083344562,94.662705438489+0.167526310241121i,94.6534554513474+0.167527357315174i,-0.0092499871416436+1.04707405254589e-06i,,,0.386489744632431,1656,1660
traveling,4.8,5508.70682247572,5642.36618139984,133.659358924122,94.6534554513474+0.167527357315174i,94.5291476234791+0.167541502919114i,-0.124307827868321+1.41456039404464e-05i,4.89507056859333,,,1660,1708
planning,0.1,5642.36618139984,5645.1492596564,2.78307825655702,94.5291476234791+0.167541502919114i,94.5265594401655+0.167541798047219i,-0.0025881833135486+2.95128105176623e-07i,,,0.059019307041501,1708,1709
dwelling,11.9,5645.1492596564,5903.4984341139,258.349174457498,94.5265594401655+0.167541798047219i,94.2869226554948+0.167569095225018i,-0.239636784670736+2.72971777986186e-05i,,11.8216444060694,,1709,1828
planning,0.4,5903.4984341139,5913.61427389588,10.1158397819827,94.2869226554948+0.167569095225018i,94.2775241676587+0.167570173950624i,-0.00939848783605157+1.07872560606292e-06i,,,0.386652651369415,1828,1832
traveling,6.09999999999999,5913.61427389588,6103.68425049581,190.069976599929,94.2775241676587+0.167570173950624i,94.1003500720339+0.167590711480373i,-0.177174095624778+2.05375297493704e-05i,6.06176158511164,,,1832,1893
planning,0.9,6103.68425049581,6125.77618189696,22.0919314011544,94.1003500720339+0.167590711480373i,94.0798288628392+0.167593081358502i,-0.0205212091947971+2.3698781282111e-06i,,,0.895978971212024,1893,1902
dwelling,11.8,6125.77618189696,6368.85212468468,243.075942787717,94.0798288628392+0.167593081358502i,93.8544053554845+0.167619136535041i,-0.225423507354634+2.60551765392525e-05i,,11.7999999666832,,1902,2020
planning,0.4,6368.85212468468,6377.31858796782,8.46646328314182,93.8544053554845+0.167619136535041i,93.8465512892553+0.167620048478221i,-0.00785406622918572+9.11943179887631e-07i,,,0.341464166642456,2020,2024
traveling,5.8,6377.31858796782,6559.59769352536,182.279105557534,93.8465512892553+0.167620048478221i,93.6763998498604+0.167640117075675i,-0.170151439394886+2.00685974542647e-05i,5.87552979179042,,,2024,2082
planning,0.6,6559.59769352536,6574.32325218894,14.7255586635802,93.6763998498604+0.167640117075675i,93.6627173276586+0.167641720626768i,-0.0136825222018757+1.60355109263266e-06i,,,0.511655733625272,2082,2088
dwelling,13,6574.32325218894,6866.60029865242,292.27704646348,93.6627173276586+0.167641720626768i,93.3913609372474+0.167673621811344i,-0.271356390411214+3.19011845764106e-05i,,12.9999998358973,,2088,2218
planning,1,6866.60029865242,6892.69982024022,26.0995215878029,93.3913609372474+0.167673621811344i,93.3670884155938+0.167676499115424i,-0.0242725216535717+2.87730407957931e-06i,,,0.950991507072528,2218,2228
traveling,5.1,6892.69982024022,7032.09713387744,139.397313637216,93.3670884155938+0.167676499115424i,93.2373684233768+0.167691934631977i,-0.129719992217034+1.54355165532527e-05i,5.26961567465877,,,2228,2279
planning,0.5,7032.09713387744,7044.75145626131,12.6543223838698,93.2373684233768+0.167691934631977i,93.2256028179168+0.167693335413295i,-0.0117656054599422+1.40078131841137e-06i,,,0.413824652771609,2279,2284
dwelling,12.1,7044.75145626131,7317.7576878446,273.006231583288,93.2256028179168+0.167693335413295i,92.9720519892108+0.167723585102225i,-0.253550828706011+3.02496889299786e-05i,,12.0056647223113,,2284,2405
planning,0.8,7317.7576878446,7339.05547935284,21.2977915082411,92.9720519892108+0.167723585102225i,92.952234546991+0.167725968952205i,-0.0198174422197752+2.38384997994223e-06i,,,0.794732152038871,2405,2413
traveling,6.29999999999999,7339.05547935284,7542.7411617894,203.685682436561,92.952234546991+0.167725968952205i,92.7620687019565+0.167749079062732i,-0.190165845034556+2.31101105262754e-05i,6.2996644950927,,,2413,2476
planning,0.1,7542.7411617894,7545.22070395185,2.47954216244761,92.7620687019565+0.167749079062732i,92.7597630475821+0.167749357830633i,-0.00230565437432517+2.78767901068511e-07i,,,0.00818485746676789,2476,2477
dwelling,14,7545.22070395185,7826.88297838366,281.662274431815,92.7597630475821+0.167749357830633i,92.4983482013479+0.167780976586975i,-0.261414846234203+3.16187563420001e-05i,,13.9333331324248,,2477,2617
planning,1,7826.88297838366,7849.03151993644,22.1485415527777,92.4983482013479+0.167780976586975i,92.4777729248823+0.167783480970977i,-0.0205752764655927+2.50438400231645e-06i,,,0.98320497505013,2617,2627
traveling,6.19999999999999,7849.03151993644,8040.0163004069,190.984780470458,92.4777729248823+0.167783480970977i,92.299528433287+0.167805450729835i,-0.178244491595365+2.19697588581536e-05i,6.24840041425856,,,2627,2689
planning,1,8040.0163004069,8066.37246731274,26.3561669058463,92.299528433287+0.167805450729835i,92.274995153135+0.167808467955173i,-0.0245332801519567+3.01722533832538e-06i,,,0.924846671461045,2689,2699
dwelling,13.9,8066.37246731274,8410.68969883439,344.317231521643,92.274995153135+0.167808467955173i,91.9546727166761+0.167848029366283i,-0.320322436458881+3.95614111090847e-05i,,13.8999998622308,,2699,2838
planning,0.9,8410.68969883439,8432.99271814382,22.3030193094364,91.9546727166761+0.167848029366283i,91.9339215280123+0.167850606364128i,-0.0207511886638372+2.57699784542154e-06i,,,0.811082933050095,2838,2847
traveling,5.3,8432.99271814382,8568.25344382672,135.260725682896,91.9339215280123+0.167850606364128i,91.8080189247865+0.16786629025704i,-0.125902603225853+1.56838929119274e-05i,5.47353353348175,,,2847,2900
planning,0.2,8568.25344382672,8573.18309783408,4.92965400736648,91.8080189247865+0.16786629025704i,91.8034320662698+0.167866862351093i,-0.00458685851666019+5.72094053297167e-07i,,,0.124918183514864,2900,2902
dwelling,13.9,8573.18309783408,8888.6550797521,315.471981918021,91.8034320662698+0.167866862351093i,91.510106841138+0.167903560348951i,-0.293325225131767+3.66979978577986e-05i,,13.8841460300946,,2902,3041
planning,1,8888.6550797521,8915.96950155872,27.3144218066136,91.510106841138+0.167903560348951i,91.4846557578125+0.167906773670857i,-0.0254510833255495+3.21332190594825e-06i,,,0.966821736275912,3041,3051
traveling,6.69999999999999,8915.96950155872,9146.81469720205,230.845195643331,91.4846557578125+0.167906773670857i,91.2687602607677+0.167934336993796i,-0.215895497044784+2.75633229394057e-05i,6.68113576835554,,,3051,3118
planning,0.1,9146.81469720205,9149.57518183565,2.76048463360166,91.2687602607677+0.167934336993796i,91.2661873200049+0.167934664277118i,-0.00257294076278924+3.27283321638339e-07i,,,0.0823987276295376,3118,3119
dwelling,15.3,9149.57518183565,9501.411683653,351.836501817348,91.2661873200049+0.167934664277118i,90.9388759790698+0.167976342370667i,-0.327311340935083+4.16780935489636e-05i,,15.2333332362741,,3119,3272
planning,0.6,9501.411683653,9515.52637846233,14.1146948093319,90.9388759790698+0.167976342370667i,90.925740720439+0.16797802447218i,-0.0131352586307969+1.6821015132451e-06i,,,0.583928568164489,3272,3278
traveling,6.39999999999999,9515.52637846233,9692.20448814127,176.678109678944,90.925740720439+0.16797802447218i,90.7609529892333+0.167999278607528i,-0.164787731205763+2.12541353475926e-05i,6.47947220292745,,,3278,3342
planning,0.8,9692.20448814127,9709.56041819103,17.3559300497545,90.7609529892333+0.167999278607528i,90.7448121675081+0.168001353625977i,-0.0161408217251306+2.07501844898261e-06i,,,0.730863693913012,3342,3350
dwelling,15.3,9709.56041819103,10029.4760121283,319.915593937245,90.7448121675081+0.168001353625977i,90.4473464340773+0.168039754777489i,-0.297465733430812+3.84011515126848e-05i,,15.2333331231951,,3350,3503
planning,0.5,10029.4760121283,10043.787715307,14.3117031787242,90.4473464340773+0.168039754777489i,90.4339925090129+0.168041498619566i,-0.0133539250643793+1.74384207626832e-06i,,,0.451907088530049,3503,3508
traveling,5.4,10043.787715307,10206.2517512504,162.464035943443,90.4339925090129+0.168041498619566i,90.2822877105818+0.168061385844414i,-0.151704798431098+1.98872248483584e-05i,5.58253233962686,,,3508,3562
planning,0.5,10206.2517512504,10220.0055105499,13.7537592994504,90.2822877105818+0.168061385844414i,90.2694591332743+0.168063067679172i,-0.0128285773075305+1.68183475815487e-06i,,,0.497034941678382,3562,3567
dwelling,14.8,10220.0055105499,10601.0510047435,381.045494193577,90.2694591332743+0.168063067679172i,89.9142672955249+0.168109816235882i,-0.355191837749445+4.67485567093306e-05i,,14.7412718012734,,3567,3715
planning,0.7,10601.0510047435,10621.8216581947,20.7706534511981,89.9142672955249+0.168109816235882i,89.8948694104792+0.168112392437701i,-0.0193978850456631+2.57620181928764e-06i,,,0.643903177125511,3715,3722
traveling,6.89999999999999,10621.8216581947,10863.6913651004,241.869706905703,89.8948694104792+0.168112392437701i,89.6683315487411+0.16814275916063i,-0.226537861738123+3.03667229288318e-05i,6.86170272321603,,,3722,3791
planning,1,10863.6913651004,10891.4606764098,27.769311309452,89.6683315487411+0.16814275916063i,89.6424145235781+0.168146220292217i,-0.0259170251629968+3.46113158727901e-06i,,,0.944637878620335,3791,3801
dwelling,15.1,10891.4606764098,11278.0436001404,386.582923730622,89.6424145235781+0.168146220292217i,89.2819029904732+0.168194541911341i,-0.360511533104898+4.83216191236313e-05i,,15.0666664543051,,3801,3952
planning,0.9,11278.0436001404,11303.2244931397,25.1808929992967,89.2819029904732+0.168194541911341i,89.2583923035804+0.168197717208597i,-0.0235106868928199+3.17529725674115e-06i,,,0.862034852239761,3952,3961
traveling,6.59999999999999,11303.2244931397,11517.6334371905,214.408944050776,89.2583923035804+0.168197717208597i,89.0577045657029+0.168225041443012i,-0.200687737877416+2.73242344148439e-05i,6.68465652273102,,,3961,4027
planning,0.6,11517.6334371905,11532.4719957813,14.8385585907872,89.0577045657029+0.168225041443012i,89.0438678636998+0.16822691633141i,-0.0138367020031893+1.87488839756278e-06i,,,0.532701027677772,4027,4033
dwelling,16.3,11532.4719957813,11898.554074798,366.082079016734,89.0438678636998+0.16822691633141i,88.7027802214633+0.168273274958834i,-0.341087642236502+4.63586274240257e-05i,,16.2333331209072,,4033,4196
planning,0.9,11898.554074798,11920.877080102,22.3230053039642,88.7027802214633+0.168273274958834i,88.6819576752277+0.168276124988488i,-0.02082254623555+2.85002965411119e-06i,,,0.83408015919678,4196,4205
traveling,5.6,11920.877080102,12074.4903937838,153.613313681755,88.6819576752277+0.168276124988488i,88.5384836931774+0.168295856232831i,-0.143473982050338+1.97312443430409e-05i,5.7849718002259,,,4205,4261
planning,0.7,12074.4903937838,12092.6423705131,18.1519767293485,88.5384836931774+0.168295856232831i,88.5215409889559+0.168298188005861i,-0.0169427042214636+2.33177303055054e-06i,,,0.612641419656584,4261,4268
dwelling,16,12092.6423705131,12488.0468595695,395.404489056369,88.5215409889559+0.168298188005861i,88.1526163124559+0.168349175259253i,-0.368924676499972+5.09872533910882e-05i,,15.9297159127759,,4268,4428
planning,1,12488.0468595695,12513.5638590349,25.5169994653988,88.1526163124559+0.168349175259253i,88.1287961095911+0.168352487185972i,-0.023820202864826+3.31192671992886e-06i,,,0.927490899733908,4428,4438
traveling,7.19999999999999,12513.5638590349,12734.9217331845,221.357874149648,88.1287961095911+0.168352487185972i,87.9215964457311+0.168381539341981i,-0.207199663859981+2.9052156008097e-05i,7.2349412193217,,,4438,4510
planning,1,12734.9217331845,12759.6452692012,24.7235360166687,87.9215964457311+0.168381539341981i,87.8985206615425+0.168384765352987i,-0.0230757841886629+3.22601100627429e-06i,,,0.980684063326218,4510,4520
dwelling,16.3,12759.6452692012,13128.3360347365,368.690765535348,87.8985206615425+0.168384765352987i,87.5546690579996+0.168432979771408i,-0.343851603542845+4.82144184208999e-05i,,16.2666666510286,,4520,4683
planning,0.7,13128.3360347365,13145.4569325135,17.1208977769293,87.5546690579996+0.168432979771408i,87.5386862727342+0.168435235162641i,-0.0159827852654075+2.2553912334411e-06i,,,0.607844665219801,4683,4690
traveling,6.79999999999999,13145.4569325135,13334.0273561946,188.570423681153,87.5386862727342+0.168435235162641i,87.362334676023+0.168460270329386i,-0.176351596711172+2.50351667451243e-05i,6.89394013183928,,,4690,4758
planning,1,13334.0273561946,13357.8520907051,23.8247345105265,87.362334676023+0.168460270329386i,87.3400963396029+0.168463422666386i,-0.022238336420159+3.1523369998232e-06i,,,0.906677323336642,4758,4768
dwelling,17,13357.8520907051,13741.7347596034,383.882668898223,87.3400963396029+0.168463422666386i,86.9819098140421+0.16851439064111i,-0.358186525560811+5.09679747239256e-05i,,16.9666664785715,,4768,4938
planning,0.6,13741.7347596034,13757.9867648446,16.252005241191,86.9819098140421+0.16851439064111i,86.966712998108+0.168516572168084i,-0.0151968159340896+2.1815269743708e-06i,,,0.582026294945046,4938,4944
traveling,5.7,13757.9867648446,13920.112769243,162.126004398398,86.966712998108+0.168516572168084i,86.8150050981063+0.168538424639647i,-0.151707900001682+2.18524715624169e-05i,5.90276832063149,,,4944,5001
planning,0.6,13920.112769243,13936.3821875276,16.2694182846735,86.8150050981063+0.168538424639647i,86.799789625367+0.168540618152577i,-0.0152154727392997+2.1935129299322e-06i,,,0.544474758359375,5001,5007
dwelling,17,13936.3821875276,14290.257177336,353.874989808399,86.799789625367+0.168540618152577i,86.4697139566106+0.168588140355971i,-0.330075668756407+4.75222033941569e-05i,,16.9919162977537,,5007,5177
planning,0.4,14290.257177336,14299.536884476,9.27970713998366,86.4697139566106+0.168588140355971i,86.4610480597915+0.168589395923729i,-0.00866589681913865+1.25556775851243e-06i,,,0.327823877494502,5177,5181
traveling,7.29999999999999,14299.536884476,14503.5299903652,203.993105889211,86.4610480597915+0.168589395923729i,86.2700730715011+0.168617269407091i,-0.190974988290392+2.78734833616678e-05i,7.2937499644032,,,5181,5254
planning,0.4,14503.5299903652,14512.378148727,8.84815836179223,86.2700730715011+0.168617269407091i,86.2618127343972+0.168618470943293i,-0.00826033710390561+1.20153620208896e-06i,,,0.378426231334607,5254,5258
dwelling,17.4,14512.378148727,14886.556886789,374.178738062021,86.2618127343972+0.168618470943293i,85.9125242249234+0.168669474638912i,-0.349288509473752+5.10036956187232e-05i,,17.3666664485773,,5258,5432
planning,0.6,14886.556886789,14901.6791183699,15.1222315808864,85.9125242249234+0.168669474638912i,85.8983826381359+0.16867155555056i,-0.0141415867875168+2.0809116478282e-06i,,,0.530639071380719,5432,5438
traveling,6.89999999999999,14901.6791183699,15113.379185205,211.700066835101,85.8983826381359+0.16867155555056i,85.6998368941661+0.168701013080345i,-0.198545743969817+2.9457529785587e-05i,6.9757569541116,,,5438,5507
planning,0.2,15113.379185205,15118.8816119569,5.50242675188383,85.6998368941661+0.168701013080345i,85.6946850441938+0.168701776543485i,-0.00515184997230733+7.63463139791254e-07i,,,0.17962466714274,5507,5509
dwelling,18.1,15118.8816119569,15503.5428651659,384.661253208984,85.6946850441938+0.168701776543485i,85.3354751735289+0.168754939001195i,-0.359209870664898+5.31624577097545e-05i,,18.0999996746429,,5509,5690
planning,0.6,15503.5428651659,15518.6653026169,15.1224374509929,85.3354751735289+0.168754939001195i,85.3213262854488+0.168757049649575i,-0.0141488880800722+2.1106483799882e-06i,,,0.522758580059234,5690,5696
traveling,5.8,15518.6653026169,15671.8109064695,153.145603852638,85.3213262854488+0.168757049649575i,85.1779510077218+0.168778500670607i,-0.143375277726989+2.1451021032487e-05i,5.95061985927664,,,5696,5754
planning,1,15671.8109064695,15695.305986714,23.4950802445219,85.1779510077218+0.168778500670607i,85.1559822211114+0.168781785076451i,-0.0219687866103584+3.28440584407286e-06i,,,0.972924417663781,5754,5764
dwelling,17.3,15695.305986714,16079.7620501532,384.456063439136,85.1559822211114+0.168781785076451i,84.796628543714+0.168835689186508i,-0.359353677397465+5.39041100562077e-05i,,17.2141167288099,,5764,5937
planning,0.1,16079.7620501532,16082.4610969701,2.69904681686785,84.796628543714+0.168835689186508i,84.7941000353937+0.168836071652167i,-0.00252850832029594+3.82465659226616e-07i,,,0.00442293042111008,5937,5938
traveling,7.39999999999999,16082.4610969701,16332.1851624725,249.72406550242,84.7941000353937+0.168836071652167i,84.5593284654365+0.168871927473288i,-0.234771569957147+3.58558211211724e-05i,7.38798254642234,,,5938,6012
planning,0.5,16332.1851624725,16347.2569232986,15.0717608261712,84.5593284654365+0.168871927473288i,84.5451857884129+0.168874084700765i,-0.0141426770236279+2.15722747723412e-06i,,,0.4358074118642,6012,6017
dwelling,17.6,16347.2569232986,16754.1174988619,406.860575563285,84.5451857884129+0.168874084700765i,84.1645366773889+0.168932032632872i,-0.380649111023999+5.79479321066168e-05i,,17.59999960762,,6017,6193
planning,0.9,16754.1174988619,16777.5860207331,23.4685218711566,84.1645366773889+0.168932032632872i,84.1425472491728+0.16893540403411i,-0.0219894282161022+3.37140123765622e-06i,,,0.806865125535583,6193,6202
traveling,6.99999999999999,16777.5860207331,16999.9313816722,222.34536093914,84.1425472491728+0.16893540403411i,83.9335854409213+0.168967713663735i,-0.208961808251502+3.23096296257208e-05i,7.08794188209124,,,6202,6272
planning,0.3,16999.9313816722,17008.1628550209,8.23147334867099,83.9335854409213+0.168967713663735i,83.9258664610445+0.168968904400893i,-0.0077189798767705+1.19073715762474e-06i,,,0.218011503629971,6272,6275
dwelling,18.5,17008.1628550209,17466.7368963792,458.574041358341,83.9258664610445+0.168968904400893i,83.4962663404403+0.169035328830802i,-0.429600120604263+6.64244299087569e-05i,,18.433331686346,,6275,6460
planning,0.1,17466.7368963792,17469.6319135317,2.89501715244114,83.4962663404403+0.169035328830802i,83.4935486319349+0.169035752580024i,-0.00271770850538644+4.23749222433489e-07i,,,0.0602816165560911,6460,6461
traveling,5.8,17469.6319135317,17646.8330166588,177.201103127078,83.4935486319349+0.169035752580024i,83.3270584000795+0.169061799430462i,-0.166490231855349+2.60468504381661e-05i,5.93999406342299,,,6461,6519
planning,0.6,17646.8330166588,17663.2658667905,16.4328501317104,83.3270584000795+0.169061799430462i,83.3116403835962+0.169064208912666i,-0.0154180164833519+2.40948220411874e-06i,,,0.581055195701339,6519,6525
dwelling,17.7,17663.2658667905,18035.3357650411,372.0698982506,83.3116403835962+0.169064208912666i,82.9634702831427+0.169118517426232i,-0.348170100453501+5.43085135654986e-05i,,17.6914160688854,,6525,6702
planning,0.4,18035.3357650411,18045.0192101783,9.68344513724151,82.9634702831427+0.169118517426232i,82.9543948292436+0.16911994224983i,-0.00907545389912912+1.42482359763441e-06i,,,0.383397631744438,6702,6706
traveling,7.39999999999999,18045.0192101783,18257.2294967124,212.210286534118,82.9543948292436+0.16911994224983i,82.7550431036887+0.169151449851996i,-0.199351725554862+3.15076021665528e-05i,7.44765039441812,,,6706,6780
planning,0.6,18257.2294967124,18271.5180848642,14.2885881517759,82.7550431036887+0.169151449851996i,82.741651418761+0.169153560638375i,-0.0133916849277398+2.11078637857298e-06i,,,0.549777294487924,6780,6786
dwelling,17.7,18271.5180848642,18637.1619116151,365.643826750918,82.741651418761+0.169153560638375i,82.3993823503628+0.169207550473296i,-0.342269068398195+5.39898349218582e-05i,,17.6333332995361,,6786,6963
planning,0.9,18637.1619116151,18657.6910214023,20.5291097871741,82.3993823503628+0.169207550473296i,82.3801440571035+0.169210602030172i,-0.019238293259292+3.05155687524428e-06i,,,0.841904517010974,6963,6972
traveling,7.09999999999999,18657.6910214023,18837.4218810799,179.730859677613,82.3801440571035+0.169210602030172i,82.2114697990259+0.169237481229231i,-0.168674258077559+2.68791990590822e-05i,7.12396438747655,,,6972,7043
planning,0.5,18837.4218810799,18848.5505046646,11.1286235846928,82.2114697990259+0.169237481229231i,82.2010417372305+0.169239140517233i,-0.0104280617953947+1.65928800208159e-06i,,,0.409666189971862,7043,7048
dwelling,18.5,18848.5505046646,19279.1914441631,430.640939498546,82.2010417372305+0.169239140517233i,81.797211698199+0.16930373023246i,-0.40383003903149+6.45897152269093e-05i,,18.4333329399267,,7048,7233
planning,0.2,19279.1914441631,19284.8273532682,5.635909105069,81.797211698199+0.16930373023246i,81.7919143743614+0.169304584546508i,-0.00529732383763815+8.5431404819869e-07i,,,0.127477508137663,7233,7235
traveling,5.8,19284.8273532682,19457.6344973319,172.807144063645,81.7919143743614+0.169304584546508i,81.6293528556281+0.169330884096156i,-0.162561518733256+2.62995496479179e-05i,5.9968401975049,,,7235,7293
planning,0.6,19457.6344973319,19473.321457897,15.6869605651882,81.6293528556281+0.169330884096156i,81.614619450115+0.169333263668405i,-0.0147334055131694+2.37957224943908e-06i,,,0.543643698667926,7293,7299
dwelling,18,19473.321457897,19942.3314091142,469.009951217115,81.614619450115+0.169333263668405i,81.174034117405+0.169404727246336i,-0.440585332709972+7.14635779310302e-05i,,17.953334489977,,7299,7479
planning,0.2,19942.3314091142,19948.3603966581,6.02898754390844,81.174034117405+0.169404727246336i,81.1683588741503+0.169405655102782i,-0.00567524325472846+9.278564451487e-07i,,,0.101630427286268,7479,7481
traveling,7.49999999999999,19948.3603966581,20223.498939354,275.138542695946,81.1683588741503+0.169405655102782i,80.9084584004128+0.169448544694419i,-0.259900473737503+4.28895916378402e-05i,7.4579028621241,,,7481,7556
planning,0.4,20223.498939354,20235.4590137739,11.9600744198506,80.9084584004128+0.169448544694419i,80.8971983735885+0.169450394410536i,-0.011260026824246+1.849716117025e-06i,,,0.362719947578836,7556,7560
dwelling,18.1,20235.4590137739,20646.6446755545,411.185661780662,80.8971983735885+0.169450394410536i,80.5112496951133+0.169513613445505i,-0.385948678475202+6.32190349681427e-05i,,18.0333330823844,,7560,7741
planning,1,20646.6446755545,20673.9884326492,27.343757094648,80.5112496951133+0.169513613445505i,80.4855261630088+0.169517860398527i,-0.0257235321045215+4.24695302281286e-06i,,,0.987965500574203,7741,7751
traveling,7.09999999999999,20673.9884326492,20889.6083887542,215.619956104983,80.4855261630088+0.169517860398527i,80.2823363013325+0.169551585211087i,-0.203189861676265+3.37248125599487e-05i,7.181717508281,,,7751,7822
planning,0.5,20889.6083887542,20903.1642941583,13.5559054041478,80.2823363013325+0.169551585211087i,80.2695822657196+0.169553698842219i,-0.0127540356129572+2.11363113131191e-06i,,,0.486477074523082,7822,7827
dwelling,18.6,20903.1642941583,21340.5959165682,437.431622409844,80.2695822657196+0.169553698842219i,79.858608975114+0.169621837770624i,-0.410973290605583+6.81389284058198e-05i,,18.5999998488458,,7827,8013
planning,0.1,21340.5959165682,21343.1355624743,2.5396459061958,79.858608975114+0.169621837770624i,79.8562204396371+0.16962223590348i,-0.00238853547683959+3.98132855405908e-07i,,,0.0379939831077657,8013,8014
traveling,5.8,21343.1355624743,21490.9162083077,147.780645833322,79.8562204396371+0.16962223590348i,79.7172087776165+0.169645440462951i,-0.139011662020593+2.3204559471468e-05i,5.98091411732265,,,8014,8072
planning,0.6,21490.9162083077,21506.3736446254,15.4574363177599,79.7172087776165+0.169645440462951i,79.702666538685+0.169647871457418i,-0.0145422389315257+2.43099446670114e-06i,,,0.559062099582626,8072,8078
dwelling,18.1,21506.3736446254,21939.2818038947,432.908159269278,79.702666538685+0.169647871457418i,79.2956389477617+0.169716046736809i,-0.407027590923292+6.81752793914026e-05i,,18.0740554824638,,8078,8259
planning,0.1,21939.2818038947,21941.7612961721,2.47949227741265,79.2956389477617+0.169716046736809i,79.2933063274106+0.169716439102816i,-0.0023326203510976+3.92366006823908e-07i,,,0.0646882458350392,8259,8260
traveling,7.49999999999999,21941.7612961721,22160.8887218207,219.127425648549,79.2933063274106+0.169716439102816i,79.0866837781746+0.169751411463282i,-0.206622549236045+3.49723604656238e-05i,7.4579028621241,,,8260,8335
planning,0.6,22160.8887218207,22176.4202050775,15.5314832568729,79.0866837781746+0.169751411463282i,79.0720619187313+0.169753882357414i,-0.0146218594432952+2.47089413238366e-06i,,,0.535079022633712,8335,8341
dwelling,17.9,22176.4202050775,22575.4984061661,399.078201088509,79.0720619187313+0.169753882357414i,78.6968831403322+0.169817282738851i,-0.375178778399103+6.3400381436346e-05i,,17.833333084778,,8341,8520
planning,0.7,22575.4984061661,22594.0958622362,18.5974560701034,78.6968831403322+0.169817282738851i,78.6793625778318+0.169820264541843i,-0.0175205625003514+2.98180299218576e-06i,,,0.653687397438151,8520,8527
traveling,7.09999999999999,22594.0958622362,22807.7907422586,213.694880022442,78.6793625778318+0.169820264541843i,78.4776228384294+0.169854797925568i,-0.201739739402441+3.45333837255546e-05i,7.14046703292807,,,8527,8598
planning,0.7,22807.7907422586,22826.1110446083,18.3203023496681,78.4776228384294+0.169854797925568i,78.4603626890893+0.169857744819564i,-0.0172601493401032+2.94689399590875e-06i,,,0.605301384135523,8598,8605
dwelling,18.3,22826.1110446083,23236.5896094141,410.478564805882,78.4603626890893+0.169857744819564i,78.0742019472774+0.169923667361009i,-0.386160741811864+6.59225414447739e-05i,,18.2999993104342,,8605,8788
planning,0.4,23236.5896094141,23245.6675948711,9.07798545698097,78.0742019472774+0.169923667361009i,78.0656593704888+0.169925130516327i,-0.00854257678865622+1.46315531809882e-06i,,,0.305583696356293,8788,8792
traveling,5.9,23245.6675948711,23394.4923212682,148.824726397044,78.0656593704888+0.169925130516327i,77.9254306033132+0.169949236288286i,-0.140228767175529+2.41057719585214e-05i,6.02554142753316,,,8792,8851
planning,0.3,23394.4923212682,23402.7940174536,8.30169618546279,77.9254306033132+0.169949236288286i,77.917599640274+0.169950586870385i,-0.00783096303921127+1.35058209968508e-06i,,,0.201601978537791,8851,8854
dwelling,18.4,23402.7940174536,23823.3231339322,420.529116478534,77.917599640274+0.169950586870385i,77.5216989493971+0.170018780651977i,-0.395900690876886+6.81937815915079e-05i,,18.3527731674195,,8854,9038
planning,0.1,23823.3231339322,23826.1012262167,2.77809228448677,77.5216989493971+0.170018780651977i,77.5190771840278+0.170019235692199i,-0.00262176536934078+4.55040222502312e-07i,,,0.043112797245717,9038,9039
traveling,7.49999999999999,23826.1012262167,24094.8336094836,268.732383266957,77.5190771840278+0.170019235692199i,77.2643785910015+0.170063904863058i,-0.254698593026262+4.4669170858852e-05i,7.47348998236373,,,9039,9114
planning,0.2,24094.8336094836,24101.0337494267,6.20013994304827,77.2643785910015+0.170063904863058i,77.258517143832+0.17006492928502i,-0.00586144716956483+1.02442196181496e-06i,,,0.11829697320037,9114,9116
dwelling,18.4,24101.0337494267,24632.0561402031,531.022390776398,77.258517143832+0.17006492928502i,76.7568602005514+0.170152767824954i,-0.501656943280537+8.78385399344372e-05i,,18.3333332791091,,9116,9300
planning,0.4,24632.0561402031,24645.429676452,13.3735362488951,76.7568602005514+0.170152767824954i,76.7441963527356+0.170155003221991i,-0.0126638478158867+2.23539703675391e-06i,,,0.318257531981343,9300,9304
traveling,6.99999999999999,24645.429676452,24903.4930270942,258.063350642264,76.7441963527356+0.170155003221991i,76.4993305656945+0.170198476985519i,-0.244865787041078+4.34737635273685e-05i,7.1150990510517,,,9304,9374
planning,0.3,24903.4930270942,24912.2510343078,8.75800721354608,76.4993305656945+0.170198476985519i,76.491051302939+0.170199938130299i,-0.00827926275550794+1.46114478016823e-06i,,,0.205912832934365,9374,9377
dwelling,18.7,24912.2510343078,25349.2738693005,437.022834992687,76.491051302939+0.170199938130299i,76.078918839851+0.170272505344504i,-0.412132463087929+7.25672142048717e-05i,,18.6333333087008,,9377,9564
planning,0.2,25349.2738693005,25354.3565759704,5.08270666993485,76.078918839851+0.170272505344504i,76.0741202006515+0.170273354381053i,-0.00479863919949253+8.49036549455118e-07i,,,0.168004405744126,9564,9566
traveling,5.8,25354.3565759704,25516.9898866303,162.633310659883,76.0741202006515+0.170273354381053i,75.9203635441863+0.17030066180663i,-0.15375665646522+2.73074255767447e-05i,5.98440204465577,,,9566,9624
planning,0.8,25516.9898866303,25538.6610197219,21.6711330915969,75.9203635441863+0.17030066180663i,75.8998843412209+0.170304299495527i,-0.0204792029654044+3.63768889680149e-06i,,,0.727238784481156,9624,9632
dwelling,17.8,25538.6610197219,25944.4222806101,405.761260888237,75.8998843412209+0.170304299495527i,75.517099204378+0.170372221398118i,-0.382785136842884+6.79219025914446e-05i,,17.7653279814472,,9632,9810
planning,0.8,25944.4222806101,25966.8930967848,22.4708161747112,75.517099204378+0.170372221398118i,75.4958454360689+0.170376021750843i,-0.0212537683091085+3.800352724459e-06i,,,0.717123518250108,9810,9818
traveling,7.59999999999999,25966.8930967848,26203.757991377,236.864894592149,75.4958454360689+0.170376021750843i,75.2714152946286+0.17041635378027i,-0.224430141440337+4.03320294275478e-05i,7.58423788185461,,,9818,9894
planning,0.1,26203.757991377,26206.2258381819,2.46784680497512,75.2714152946286+0.17041635378027i,75.2690841945081+0.170416770641658i,-0.00233110012051441+4.16861387603218e-07i,,,0.0597368357434196,9894,9895
dwelling,18.6,26206.2258381819,26555.9129171175,349.687078935563,75.2690841945081+0.170416770641658i,74.9395878820665+0.170475513267861i,-0.329496312441563+5.87426262037005e-05i,,18.5333330880392,,9895,10081
planning,0.8,26555.9129171175,26571.0884946782,15.1755775606907,74.9395878820665+0.170475513267861i,74.925285223829+0.170478069392007i,-0.0143026582375114+2.55612414520878e-06i,,,0.725905638244151,10081,10089
traveling,7.09999999999999,26571.0884946782,26781.3591424587,210.270647780533,74.925285223829+0.170478069392007i,74.7260082558718+0.170514129900584i,-0.199276967957161+3.60605085772403e-05i,7.21118092703832,,,10089,10160
planning,0.2,26781.3591424587,26787.0766215641,5.71747910536214,74.7260082558718+0.170514129900584i,74.7205947659179+0.170515108760836i,-0.00541348995396618+9.78860252159874e-07i,,,0.120633542942629,10160,10162
dwelling,19.2,26787.0766215641,27190.563812682,403.487191117947,74.7205947659179+0.170515108760836i,74.339791637685+0.170583665954854i,-0.380803128232856+6.85571940185203e-05i,,19.1333324290343,,10162,10354
planning,0.1,27190.563812682,27192.6245717747,2.06075909262654,74.339791637685+0.170583665954854i,74.337846775298+0.170584016828747i,-0.00194486238706304+3.5087389260724e-07i,,,0.0936542422847899,10354,10355
traveling,5.9,27192.6245717747,27330.9155319192,138.290960144539,74.337846775298+0.170584016828747i,74.207147140793+0.170607681837952i,-0.13069963450495+2.36650092050039e-05i,6.02926657085196,,,10355,10414
planning,0.9,27330.9155319192,27352.255941079,21.3404091598204,74.207147140793+0.170607681837952i,74.1869752822427+0.170611338333943i,-0.0201718585503272+3.65649599126661e-06i,,,0.8506099526902,10414,10423
dwelling,18.3,27352.255941079,27773.4907122077,421.234771128711,74.1869752822427+0.170611338333943i,73.7888106280038+0.17068367688291i,-0.398164654238869+7.23385489667105e-05i,,18.2012221606335,,10423,10606
planning,0.2,27773.4907122077,27778.7874928919,5.29678068413341,73.7888106280038+0.17068367688291i,73.7837953095768+0.170684593243616i,-0.00501531842702718+9.16360705927044e-07i,,,0.160703627211628,10606,10608
traveling,7.59999999999999,27778.7874928919,27984.506158691,205.718665799093,73.7837953095768+0.170684593243616i,73.588907352686+0.17072027770147i,-0.194887956890796+3.56844578541515e-05i,7.59444125623224,,,10608,10684
planning,0.4,27984.506158691,27994.5321598072,10.0260011162536,73.588907352686+0.17072027770147i,73.5794182690281+0.170722013709517i,-0.00948908365786849+1.73600804664886e-06i,,,0.387323100494084,10684,10688
dwelling,18.4,27994.5321598072,28399.0677860502,404.535626242941,73.5794182690281+0.170722013709517i,73.1970004520419+0.170791954457352i,-0.382417816986219+6.99407478353398e-05i,,18.3999982532124,,10688,10872
planning,0.2,28399.0677860502,28404.0577392427,4.98995319250025,73.1970004520419+0.170791954457352i,73.1922759994651+0.170792823003472i,-0.00472445257678089+8.68546119969782e-07i,,,0.158243999924962,10872,10874
traveling,7.09999999999999,28404.0577392427,28618.976037143,214.918297900298,73.1922759994651+0.170792823003472i,72.988183735189+0.170830613527565i,-0.20409226427617+3.77905240929732e-05i,7.14403485912256,,,10874,10945
planning,0.3,28618.976037143,28627.5853002556,8.60926311261574,72.988183735189+0.170830613527565i,72.9800165925616+0.170832124258738i,-0.00816714262739993+1.5107311732987e-06i,,,0.283421173039636,10945,10948
dwelling,18.9,28627.5853002556,29038.4418043636,410.856504108044,72.9800165925616+0.170832124258738i,72.5914075544105+0.170903727376412i,-0.388609038151031+7.16031176732079e-05i,,18.8999994106616,,10948,11137
planning,0.2,29038.4418043636,29042.7999605144,4.35815615083629,72.5914075544105+0.170903727376412i,72.5872845680798+0.170904488900216i,-0.00412298633068531+7.6152380446004e-07i,,,0.110736954351335,11137,11139
traveling,5.9,29042.7999605144,29200.6017378704,157.80177735593,72.5872845680798+0.170904488900216i,72.4376259166806+0.170932292630266i,-0.149658651399207+2.7803730049708e-05i,6.02958634537022,,,11139,11198
planning,0.1,29200.6017378704,29203.3993496285,2.79761175816384,72.4376259166806+0.170932292630266i,72.4349712811805+0.170932786714922i,-0.00265463550009315+4.94084656549321e-07i,,,0.098085997000222,11198,11199
dwelling,18.5,29203.3993496285,29620.5824911734,417.183141544832,72.4349712811805+0.170932786714922i,72.03999027345+0.171006118369838i,-0.394981007730522+7.33316549157148e-05i,,18.4477268125154,,11199,11384
planning,0.2,29620.5824911734,29625.7060666261,5.12357545268605,72.03999027345+0.171006118369838i,72.0351317260054+0.171007025102841i,-0.00485854744459857+9.06733002487004e-07i,,,0.169738667218912,11384,11386
traveling,7.49999999999999,29625.7060666261,29853.2868542581,227.580787632032,72.0351317260054+0.171007025102841i,71.8187747584042+0.171047656628876i,-0.216356967601172+4.06315260353118e-05i,7.47348998236373,,,11386,11461
planning,0.6,29853.2868542581,29867.5974192591,14.3105650010039,71.8187747584042+0.171047656628876i,71.8052121309078+0.171050190590636i,-0.0135626274964267+2.53396176042031e-06i,,,0.598433937749216,11461,11467
dwelling,18,29867.5974192591,30304.3347418582,436.737322599089,71.8052121309078+0.171050190590636i,71.3911096838352+0.171127796165471i,-0.414102447072622+7.76055748343274e-05i,,17.9333332631965,,11467,11647
planning,0.5,30304.3347418582,30317.6718942125,13.3371523543537,71.3911096838352+0.171127796165471i,71.3784471771013+0.1711301805152i,-0.0126625067339035+2.38434972935075e-06i,,,0.441463255315133,11647,11652
traveling,7.09999999999999,30317.6718942125,30544.1724258609,226.500531648362,71.3784471771013+0.1711301805152i,71.162783759646+0.171171074321797i,-0.215663417455275+4.08938065973863e-05i,7.12910054249161,,,11652,11723
planning,0.9,30544.1724258609,30566.2679355468,22.0955096858816,71.162783759646+0.171171074321797i,71.1418210926298+0.171175024830204i,-0.0209626670162635+3.95050840684696e-06i,,,0.800566276117517,11723,11732
dwelling,18.1,30566.2679355468,30949.1127761952,382.844840648395,71.1418210926298+0.171175024830204i,70.7790916158643+0.171243325627673i,-0.362729476765466+6.83007974690286e-05i,,18.0999996208387,,11732,11913
planning,0.5,30949.1127761952,30961.3923448327,12.279568637503,70.7790916158643+0.171243325627673i,70.7674367372056+0.171245532029885i,-0.0116548786587032+2.20640221149093e-06i,,,0.430980180307123,11913,11918
traveling,5.9,30961.3923448327,31107.6124140617,146.22006922901,70.7674367372056+0.171245532029885i,70.6286263025721+0.171271840697646i,-0.138810434633513+2.63086677609603e-05i,6.04595113703626,,,11918,11977
planning,0.4,31107.6124140617,31116.0277566902,8.41534262849382,70.6286263025721+0.171271840697646i,70.6206507034642+0.171273348297844i,-0.00797559910783718+1.50760019815288e-06i,,,0.310097919384805,11977,11981
dwelling,18.4,31116.0277566902,31501.9407716543,385.913014964088,70.6206507034642+0.171273348297844i,70.2548253833235+0.17134265386868i,-0.365825320140743+6.93055708365087e-05i,,18.318814465782,,11981,12165
planning,0.2,31501.9407716543,31507.1537477389,5.21297608458553,70.2548253833235+0.17134265386868i,70.2498712960115+0.171343598887738i,-0.00495408731202929+9.45019058035124e-07i,,,0.119145837309811,12165,12167
traveling,7.49999999999999,31507.1537477389,31721.3775265306,214.223778791697,70.2498712960115+0.171343598887738i,70.0459936579207+0.171382642404522i,-0.203877638090717+3.9043516783771e-05i,7.51212154883198,,,12167,12242
planning,0.1,31721.3775265306,31723.7781395853,2.40061305472409,70.0459936579207+0.171382642404522i,70.0437139123742+0.171383077508307i,-0.00227974554654509+4.35103784668378e-07i,,,0.0422473039837122,12242,12243
dwelling,18.6,31723.7781395853,32166.1072576483,442.329118063069,70.0437139123742+0.171383077508307i,69.6235962122806+0.171463444563731i,-0.420117700093641+8.03670554243574e-05i,,18.5333332461511,,12243,12429
planning,0.4,32166.1072576483,32176.7645526152,10.6572949668516,69.6235962122806+0.171463444563731i,69.6134582328947+0.171465394058007i,-0.0101379793859024+1.94949427553825e-06i,,,0.381049036221786,12429,12433
traveling,7.09999999999999,32176.7645526152,32418.581872455,241.817319839764,69.6134582328947+0.171465394058007i,69.3824951794473+0.171510224630471i,-0.230963053447383+4.48305724644882e-05i,7.13362699054685,,,12433,12504
planning,0.6,32418.581872455,32435.4006581451,16.8187856901568,69.3824951794473+0.171510224630471i,69.3664812506849+0.171513316954943i,-0.0160139287623622+3.09232447179286e-06i,,,0.552218142723081,12504,12510
dwelling,18.5,32435.4006581451,32868.9414910107,433.540832865605,69.3664812506849+0.171513316954943i,68.954459198837+0.171592739995431i,-0.412022051847941+7.94230404883856e-05i,,18.4666666547361,,12510,12695
planning,0.2,32868.9414910107,32874.1800579824,5.23856697170413,68.954459198837+0.171592739995431i,68.9494732346047+0.171593705915562i,-0.00498596423230424+9.65920130768794e-07i,,,0.17648646671082,12695,12697
traveling,5.9,32874.1800579824,33034.8404582795,160.660400297056,68.9494732346047+0.171593705915562i,68.7964695894247+0.171623404713669i,-0.153003645179965+2.96987981068808e-05i,6.0132172262616,,,12697,12756
planning,0.2,33034.8404582795,33040.3397932378,5.49933495828736,68.7964695894247+0.171623404713669i,68.7912313187703+0.171624422654022i,-0.00523827065444493+1.01794035281544e-06i,,,0.135854665527203,12756,12758
dwelling,18.4,33040.3397932378,33485.7367300819,445.396936844139,68.7912313187703+0.171624422654022i,68.3675018916134+0.171706727228897i,-0.423729427156857+8.23045748751805e-05i,,18.3267387068475,,12758,12942
planning,0.4,33485.7367300819,33497.952136437,12.2154063551352,68.3675018916134+0.171706727228897i,68.3558440863816+0.171709010815349i,-0.0116578052317635+2.28358645248949e-06i,,,0.349338545804714,12942,12946
traveling,7.49999999999999,33497.952136437,33742.6601923939,244.70805595682,68.3558440863816+0.171709010815349i,68.1220225371016+0.171754979854299i,-0.233821549280037+4.59690389498502e-05i,7.51725001863169,,,12946,13021
planning,0.6,33742.6601923939,33758.0236332396,15.3634408456928,68.1220225371016+0.171754979854299i,68.1073899820179+0.171757841170914i,-0.0146325550837361+2.86131661506039e-06i,,,0.572132724181089,13021,13027
dwelling,18,33758.0236332396,34189.190719277,431.167086037472,68.1073899820179+0.171757841170914i,67.6969453272478+0.171838181117165i,-0.41044465477006+8.03399462501742e-05i,,17.9666664721788,,13027,13207
planning,0.6,34189.190719277,34204.8360848176,15.6453655406076,67.6969453272478+0.171838181117165i,67.6820337797173+0.171841113023714i,-0.0149115475304598+2.93190654973574e-06i,,,0.53669132160604,13207,13213
traveling,7.09999999999999,34204.8360848176,34424.1212314813,219.285146663671,67.6820337797173+0.171841113023714i,67.4724776322912+0.171882583734413i,-0.209556147426156+4.14707106990708e-05i,7.14760748868684,,,13213,13284
planning,0.4,34424.1212314813,34433.9850552613,9.86382377999689,67.4724776322912+0.171882583734413i,67.4630802806494+0.171884433854905i,-0.0093973516418373+1.85012049172539e-06i,,,0.304095941331425,13284,13288
dwelling,18.7,34433.9850552613,34872.9229313998,438.937876138531,67.4630802806494+0.171884433854905i,67.0450103477251+0.171966868263361i,-0.418069932924297+8.24344084559836e-05i,,18.6999999125194,,13288,13475
planning,0.8,34872.9229313998,34894.8364224245,21.9134910246503,67.0450103477251+0.171966868263361i,67.0240961189706+0.171971017910922i,-0.0209142287544921+4.14964756087488e-06i,,,0.770902107245858,13475,13483
traveling,5.99999999999999,34894.8364224245,35058.0425530268,163.206130602266,67.0240961189706+0.171971017910922i,66.8683250685804+0.17200195434108i,-0.155771050390143+3.09364301578074e-05i,6.1071988747657,,,13483,13543
planning,0.4,35058.0425530268,35067.848214278,9.80566125123005,66.8683250685804+0.17200195434108i,66.8589772660859+0.172003807846389i,-0.00934780249455969+1.85350530890194e-06i,,,0.335317892974494,13543,13547
dwelling,18.7,35067.848214278,35462.96885341,395.120639131972,66.8589772660859+0.172003807846389i,66.4828092617521+0.172078334591382i,-0.376168004333735+7.45267449937803e-05i,,18.6556529828205,,13547,13734
planning,0.6,35462.96885341,35477.3287931224,14.3599397124563,66.4828092617521+0.172078334591382i,66.4691174149823+0.172081060744171i,-0.013691846769845+2.72615278837374e-06i,,,0.554467179896936,13734,13740
traveling,7.69999999999999,35477.3287931224,35689.2826776557,211.953884533301,66.4691174149823+0.172081060744171i,66.2666015383901+0.172121598089304i,-0.202515876592145+4.05373451330959e-05i,7.66588883385992,,,13740,13817
planning,0.3,35689.2826776557,35695.9798569026,6.69717924691213,66.2666015383901+0.172121598089304i,66.26021914469+0.172122870257441i,-0.00638239370017857+1.27216813752828e-06i,,,0.230291829073108,13817,13820
dwelling,18.8,35695.9798569026,36116.0038661291,420.024009226494,66.26021914469+0.172122870257441i,65.8598185452419+0.172202890129424i,-0.400400599448062+8.0019871982695e-05i,,18.7999998048436,,13820,14008
planning,0.3,36116.0038661291,36123.5579988685,7.5541327394094,65.8598185452419+0.172202890129424i,65.8526064878919+0.172204338794104i,-0.00721205735001718+1.44866467968741e-06i,,,0.269288258553544,14008,14011
traveling,7.19999999999999,36123.5579988685,36341.5123631067,217.954364238198,65.8526064878919+0.172204338794104i,65.6439424893278+0.172246535821715i,-0.208663998564106+4.21970276110184e-05i,7.2238609520399,,,14011,14083
planning,0.5,36341.5123631067,36354.7161101468,13.2037470400392,65.6439424893278+0.172246535821715i,65.6313261641441+0.172249079905676i,-0.0126163251836573+2.54408396074823e-06i,,,0.435971730180281,14083,14088
dwelling,19.1,36354.7161101468,36809.8030244879,455.086914341169,65.6313261641441+0.172249079905676i,65.1968878919626+0.172336720404387i,-0.434438272181524+8.76404987112944e-05i,,19.0333332017076,,14088,14279
planning,0.4,36809.8030244879,36820.5136552309,10.7106307430149,65.1968878919626+0.172336720404387i,65.1866465652131+0.172338797970448i,-0.0102413267494796+2.0775660614647e-06i,,,0.32667147030487,14279,14283
traveling,5.99999999999999,36820.5136552309,36992.2450345406,171.731379309691,65.1866465652131+0.172338797970448i,65.0222764684288+0.172372239784867i,-0.164370096784282+3.34418144189996e-05i,6.13045741961384,,,14283,14343
planning,1,36992.2450345406,37018.7412600977,26.4962255570645,65.0222764684288+0.172372239784867i,64.9969393218339+0.172377390210466i,-0.0253371465949357+5.1504255982604e-06i,,,0.995957227373343,14343,14353
dwelling,18.6,37018.7412600977,37446.1394594695,427.398199371841,64.9969393218339+0.172377390210466i,64.588785752327+0.172460321774071i,-0.408153569506908+8.29315636052819e-05i,,18.5557053846845,,14353,14539
planning,0.6,37446.1394594695,37462.1252449547,15.9857854851871,64.588785752327+0.172460321774071i,64.573490465777+0.172463448625807i,-0.0152952865499714+3.12685173639582e-06i,,,0.537209691297975,14539,14545
traveling,7.79999999999999,37462.1252449547,37713.1022870301,250.977042075319,64.573490465777+0.172463448625807i,64.3326366189276+0.17251305427309i,-0.24085384684939+4.96056472830964e-05i,7.77062814652763,,,14545,14623
planning,0.8,37713.1022870301,37734.055329754,20.9530427239806,64.3326366189276+0.17251305427309i,64.3125866967487+0.172517165302589i,-0.0200499221789698+4.11102949815501e-06i,,,0.775104214684151,14623,14631
dwelling,18.6,37734.055329754,38152.3247686978,418.269438943797,64.3125866967487+0.172517165302589i,63.9129336724469+0.172599053266244i,-0.399653024301728+8.18879636558245e-05i,,18.566666566668,,14631,14817
planning,0.3,38152.3247686978,38159.3520327947,7.0272640968833,63.9129336724469+0.172599053266244i,63.906214730136+0.172600434873721i,-0.00671894231089709+1.38160747673033e-06i,,,0.231043397535756,14817,14820
traveling,7.19999999999999,38159.3520327947,38350.4522199936,191.100187198928,63.906214730136+0.172600434873721i,63.7231674272861+0.172638253181544i,-0.183047302849928+3.78183078224847e-05i,7.29164676262576,,,14820,14892
planning,0.4,38350.4522199936,38359.7061498579,9.25392986426596,63.7231674272861+0.172638253181544i,63.7143187102278+0.172640076922869i,-0.00884871705825674+1.82374132512431e-06i,,,0.333365145999631,14892,14896
dwelling,19.5,38359.7061498579,38781.2687123226,421.562562464693,63.7143187102278+0.172640076922869i,63.3113920823268+0.172723240147347i,-0.402926627901039+8.31632244785163e-05i,,19.4333328802563,,14896,15091
planning,0.4,38781.2687123226,38792.5677417254,11.2990294027768,63.3113920823268+0.172723240147347i,63.3005564377656+0.172725497027091i,-0.0108356445611903+2.25687974378386e-06i,,,0.396969297447622,15091,15095
traveling,5.99999999999999,38792.5677417254,38973.3523784029,180.784636677476,63.3005564377656+0.172725497027091i,63.1270057072317+0.172761759321757i,-0.173550730533869+3.62622946659397e-05i,6.1648795285191,,,15095,15155
planning,0.7,38973.3523784029,38992.9524524568,19.6000740539384,63.1270057072317+0.172761759321757i,63.1082073398434+0.172765684083554i,-0.0187983673883636+3.92476179694734e-06i,,,0.634170246027047,15155,15162
dwelling,19,38992.9524524568,39452.9949884551,460.042535998276,63.1082073398434+0.172765684083554i,62.6676337512964+0.172857639598174i,-0.440573588546947+9.19555146201012e-05i,,18.9842743287188,,15162,15352
planning,0.2,39452.9949884551,39457.7610832626,4.76609480754269,62.6676337512964+0.172857639598174i,62.6630690919992+0.17285859493704i,-0.00456465929723038+9.55338865737954e-07i,,,0.143313630433885,15352,15354
traveling,7.69999999999999,39457.7610832626,39691.8749649429,234.113881680285,62.6630690919992+0.17285859493704i,62.4380558008087+0.172906092413579i,-0.225013291190479+4.74974765388991e-05i,7.7003873449887,,,15354,15431
planning,0.8,39691.8749649429,39712.3362935893,20.4613286464009,62.4380558008087+0.172906092413579i,62.4184374419048+0.172910219322134i,-0.0196183589039762+4.12690855494668e-06i,,,0.759550294131409,15431,15439
dwelling,18.6,39712.3362935893,40175.9786302732,463.642336683879,62.4184374419048+0.172910219322134i,61.973893940435+0.173004000255777i,-0.444543501469788+9.37809336433448e-05i,,18.5333330960651,,15439,15625
planning,1,40175.9786302732,40203.6471726965,27.6685424233729,61.973893940435+0.173004000255777i,61.9473239304506+0.173009639460516i,-0.026570009984404+5.63920473864443e-06i,,,0.973164838429023,15625,15635
traveling,7.29999999999999,40203.6471726965,40424.4054075715,220.758234874935,61.9473239304506+0.173009639460516i,61.7349891913983+0.173054920996294i,-0.212334739052253+4.5281535778624e-05i,7.36733852812109,,,15635,15708
planning,1,40424.4054075715,40450.081927713,25.6765201414964,61.7349891913983+0.173054920996294i,61.7103481146312+0.173060159610974i,-0.0246410767670753+5.23861467946474e-06i,,,0.914578787083376,15708,15718
dwelling,19,40450.081927713,40877.3984349206,427.316507207644,61.7103481146312+0.173060159610974i,61.3007639703339+0.173147263580641i,-0.409584144297305+8.71039696672959e-05i,,18.9666664876559,,15718,15908
planning,0.9,40877.3984349206,40900.2335301814,22.8350952608162,61.3007639703339+0.173147263580641i,61.2788410690335+0.173151954142362i,-0.0219229013003925+4.69056172106019e-06i,,,0.856212611908723,15908,15917
traveling,6.09999999999999,40900.2335301814,41059.8530112098,159.619481028392,61.2788410690335+0.173151954142362i,61.12551709558+0.173184831867417i,-0.153323973453489+3.28777250552248e-05i,6.25676158272561,,,15917,15978
planning,0.1,41059.8530112098,41062.3371714274,2.48416021754383,61.12551709558+0.173184831867417i,61.1231322983734+0.173185343169445i,-0.00238479720660223+5.11302027689231e-07i,,,0.0533447045856036,15978,15979
dwelling,20,41062.3371714274,41556.5977051738,494.260533746434,61.1231322983734+0.173185343169445i,60.6484752635227+0.173287509416422i,-0.474657034850779+0.000102166246976787i,,19.9349229945182,,15979,16179
planning,0.6,41556.5977051738,41574.8414396233,18.2437344494901,60.6484752635227+0.173287509416422i,60.630904296025+0.173291326355747i,-0.0175709674976687+3.81693932541283e-06i,,,0.578909550123785,16179,16185
traveling,7.79999999999999,41574.8414396233,41837.6348833603,262.793443736955,60.630904296025+0.173291326355747i,60.3772980419526+0.173346744752928i,-0.253606254072388+5.54183971809563e-05i,7.85005612993312,,,16185,16263
planning,0.6,41837.6348833603,41854.643830255,17.0089468947263,60.3772980419526+0.173346744752928i,60.3609268053547+0.173350309826893i,-0.0163712365979194+3.56507396478967e-06i,,,0.529127821263627,16263,16269
dwelling,19.3,41854.643830255,42316.9713824756,462.32755222066,60.3609268053547+0.173350309826893i,59.916721552272+0.173447010709612i,-0.444205253082728+9.67008827189864e-05i,,19.2999999798018,,16269,16462
planning,0.1,42316.9713824756,42319.5810407889,2.6096583132603,59.916721552272+0.173447010709612i,59.9142109958919+0.173447560407009i,-0.00251055638002384+5.49697397433935e-07i,,,0.0938473642594856,16462,16463
traveling,7.29999999999999,42319.5810407889,42543.0014157953,223.420375006412,59.9142109958919+0.173447560407009i,59.69871296384+0.173495071478667i,-0.215498032051954+4.75110716580962e-05i,7.34774543748481,,,16463,16536
planning,0.6,42543.0014157953,42559.7370356283,16.7356198329653,59.69871296384+0.173495071478667i,59.6825945189676+0.173498620488388i,-0.0161184448723972+3.54900972110439e-06i,,,0.50981828624408,16536,16542
dwelling,19.6,42559.7370356283,43043.6074953755,483.870459747239,59.6825945189676+0.173498620488388i,59.2171067355647+0.173601242058034i,-0.465487783402864+0.000102621569645855i,,19.5666663807375,,16542,16738
planning,0.2,43043.6074953755,43049.4294649651,5.82196958957502,59.2171067355647+0.173601242058034i,59.2114928045151+0.17360249002367i,-0.00561393104965191+1.24796563558127e-06i,,,0.122659520262302,16738,16740
traveling,5.99999999999999,43049.4294649651,43222.7147117326,173.28524676746,59.2114928045151+0.17360249002367i,59.0443961969979+0.173639686203394i,-0.167096607517202+3.71961797238085e-05i,6.18593714857554,,,16740,16800
planning,0.7,43222.7147117326,43242.7358030457,20.0210913131159,59.0443961969979+0.173639686203394i,59.0250907594714+0.173643989544006i,-0.0193054375264907+4.30334061229942e-06i,,,0.640630022814724,16800,16807
dwelling,19.2,43242.7358030457,43651.0006587862,408.264855740541,59.0250907594714+0.173643989544006i,58.6326573963959+0.173731191710085i,-0.392433363075483+8.72021660794364e-05i,,19.1732852880409,,16807,16999
planning,0.7,43651.0006587862,43666.6415588187,15.6409000324638,58.6326573963959+0.173731191710085i,58.6176124691979+0.173734550377223i,-0.0150449271980051+3.35866713760402e-06i,,,0.659410140600888,16999,17006
traveling,7.79999999999999,43666.6415588187,43897.978650326,231.337091507303,58.6176124691979+0.173734550377223i,58.3941977672487+0.173784929401863i,-0.223414701949196+5.03790246399738e-05i,7.84052144991626,,,17006,17084
planning,0.1,43897.978650326,43900.6859841753,2.70733384930645,58.3941977672487+0.173784929401863i,58.3915869541264+0.173785517456183i,-0.00261081312225286+5.88054320044273e-07i,,,0.0242072640140871,17084,17085
dwelling,19.6,43900.6859841753,44335.3791847338,434.693200558562,58.3915869541264+0.173785517456183i,57.9732425300204+0.173879684203045i,-0.418344424106074+9.41667468614404e-05i,,19.5666665361273,,17085,17281
planning,0.2,44335.3791847338,44339.8077976608,4.42861292693124,57.9732425300204+0.173879684203045i,57.9689794833115+0.173880647620018i,-0.00426304670889266+9.63416973254194e-07i,,,0.187758842248749,17281,17283
traveling,7.29999999999999,44339.8077976608,44515.8499352938,176.042137633012,57.9689794833115+0.173880647620018i,57.7992945146066+0.173919154932207i,-0.169684968704836+3.85073121892954e-05i,7.32909924644877,,,17283,17356
planning,0.4,44515.8499352938,44524.281584643,8.43164934924425,57.7992945146066+0.173919154932207i,57.7911803106198+0.173920993138697i,-0.00811420398679985+1.83820648988475e-06i,,,0.342158054686206,17356,17360
dwelling,19.7,44524.281584643,44926.3354232056,402.053838562599,57.7911803106198+0.173920993138697i,57.4042522383078+0.174008953313076i,-0.386928072312031+8.79601743790648e-05i,,19.6666660639968,,17360,17557
planning,0.8,44926.3354232056,44946.0920914322,19.7566682266115,57.4042522383078+0.174008953313076i,57.3851966859124+0.17401331998261i,-0.0190555523954288+4.36666953435028e-06i,,,0.730819472745554,17557,17565
traveling,6.09999999999999,44946.0920914322,45104.1934066917,158.10131525949,57.3851966859124+0.17401331998261i,57.2325953498646+0.174048393836553i,-0.152601336047745+3.50738539425799e-05i,6.2735492058029,,,17565,17626
planning,0.4,45104.1934066917,45114.1555158378,9.9621091460649,57.2325953498646+0.174048393836553i,57.2229837006042+0.174050604335515i,-0.00961164926044944+2.21049896165226e-06i,,,0.302734310343139,17626,17630
dwelling,19.7,45114.1555158378,45543.385685952,429.230170114177,57.2229837006042+0.174050604335515i,56.8093439035146+0.174145868723719i,-0.413639797089608+9.52643882040916e-05i,,19.6565590463145,,17630,17827
planning,0.2,45543.385685952,45548.3338502098,4.94816425781028,56.8093439035146+0.174145868723719i,56.8045675224351+0.174146976669682i,-0.004776381079445+1.10794596375197e-06i,,,0.126666673940643,17827,17829
traveling,7.79999999999999,45548.3338502098,45767.1485860618,218.814735852029,56.8045675224351+0.174146976669682i,56.5929359463547+0.174196361466317i,-0.211631576080435+4.93847966348548e-05i,7.76700584084291,,,17829,17907
planning,0.1,45767.1485860618,45769.73902454,2.5904384781461,56.5929359463547+0.174196361466317i,56.5904333275401+0.174196945298967i,-0.00250261881459579+5.83832649558857e-07i,,,0.02174148457026,17907,17908
dwelling,19.7,45769.73902454,46221.6681216008,451.929097060878,56.5904333275401+0.174196945298967i,56.1543050118339+0.174298885149509i,-0.436128315706149+0.000101939850541855i,,19.6666665353108,,17908,18105
planning,0.8,46221.6681216008,46244.4561008426,22.787979241737,56.1543050118339+0.174298885149509i,56.1322489064173+0.174304094011203i,-0.0220561054166666+5.2088616938617e-06i,,,0.749320876685502,18105,18113
traveling,7.39999999999999,46244.4561008426,46465.7077070921,221.25160624952,56.1322489064173+0.174304094011203i,55.9178905985067+0.174354936822135i,-0.214358307910551+5.08428109320669e-05i,7.42090007805864,,,18113,18187
planning,0.4,46465.7077070921,46475.6865704796,9.97886338749959,55.9178905985067+0.174354936822135i,55.9082456316842+0.174357218430067i,-0.00964496682253468+2.28160793283583e-06i,,,0.365932293049415,18187,18191
dwelling,19.9,46475.6865704796,46936.8280222746,461.141451795018,55.9082456316842+0.174357218430067i,55.4627653040736+0.174462967634883i,-0.445480327610547+0.000105749204815292i,,19.8666666502612,,18191,18390
planning,0.7,46936.8280222746,46954.8722988332,18.0442765586049,55.4627653040736+0.174462967634883i,55.445306913117+0.174467144253043i,-0.0174583909566763+4.1766181602676e-06i,,,0.682407360623801,18390,18397
traveling,6.09999999999999,46954.8722988332,47119.1143648725,164.242066039311,55.445306913117+0.174467144253043i,55.2862830497766+0.174505312258895i,-0.15902386334038+3.81680058522127e-05i,6.27631335910753,,,18397,18458
planning,0.3,47119.1143648725,47127.0291534058,7.91478853326407,55.2862830497766+0.174505312258895i,55.2786212182676+0.174507153614274i,-0.00766183150903998+1.84135537872887e-06i,,,0.220453604697384,18458,18461
dwelling,20.1,47127.0291534058,47583.6442862627,456.615132856932,55.2786212182676+0.174507153614274i,54.8372158172389+0.17461343187251i,-0.441405401028604+0.000106278258235837i,,20.0156450142001,,18461,18662
planning,0.5,47583.6442862627,47595.91460976,12.2703234972796,54.8372158172389+0.17461343187251i,54.8253407552271+0.174616311276381i,-0.0118750620118391+2.87940387100338e-06i,,,0.482343995745444,18662,18667
traveling,7.89999999999999,47595.91460976,47851.3134851355,255.39887537554,54.8253407552271+0.174616311276381i,54.5771139897025+0.174677191867395i,-0.248226765524599+6.08805910140009e-05i,7.88611050076691,,,18667,18746
planning,0.6,47851.3134851355,47867.7473152857,16.4338301501266,54.5771139897025+0.174677191867395i,54.5611818886777+0.174681090425931i,-0.0159321010248448+3.8985585359419e-06i,,,0.583344029678784,18746,18752
dwelling,19.5,47867.7473152857,48338.389564303,470.642249017328,54.5611818886777+0.174681090425931i,54.105462419837+0.174792905611615i,-0.455719468840705+0.000111815185683817i,,19.4666664723277,,18752,18947
planning,0.6,48338.389564303,48354.4371479576,16.0475836545593,54.105462419837+0.174792905611615i,54.0898992192485+0.17479675630254i,-0.0155632005884812+3.85069092548318e-06i,,,0.509783201568647,18947,18953
traveling,7.39999999999999,48354.4371479576,48594.0425572632,239.605409305623,54.0898992192485+0.17479675630254i,53.8567600374032+0.17485499030172i,-0.23313918184526+5.82339991795078e-05i,7.46264164019717,,,18953,19027
planning,0.9,48594.0425572632,48618.2921648836,24.2496076204116,53.8567600374032+0.17485499030172i,53.8332316124033+0.17486085040371i,-0.0235284249999381+5.86010199044029e-06i,,,0.831026128093785,19027,19036
dwelling,19.7,48618.2921648836,49082.2148528811,463.922687997496,53.8332316124033+0.17486085040371i,53.3836844623961+0.174973134029178i,-0.449547150007199+0.000112283625468168i,,19.6333311116896,,19036,19233
planning,0.1,49082.2148528811,49085.042206258,2.82735337688064,53.3836844623961+0.174973134029178i,53.3809376273145+0.174973827320491i,-0.0027468350815596+6.93291312775512e-07i,,,0.0352803027653006,19233,19234
traveling,6.09999999999999,49085.042206258,49270.1585285417,185.116322283684,53.3809376273145+0.174973827320491i,53.2008810805529+0.175019479651394i,-0.180056546761634+4.56523309034229e-05i,6.21823115698486,,,19234,19295
planning,0.7,49270.1585285417,49290.3815493523,20.2230208106121,53.2008810805529+0.175019479651394i,53.181222638155+0.175024469586316i,-0.019658442397855+4.98993492145661e-06i,,,0.681744225232058,19295,19302
dwelling,19.8,49290.3815493523,49749.260409171,458.878859818709,53.181222638155+0.175024469586316i,52.7362138614105+0.175137511555735i,-0.445008776744501+0.000113041969419275i,,19.714357092859,,19302,19500
planning,0.1,49749.260409171,49751.7674879219,2.50707875088119,52.7362138614105+0.175137511555735i,52.7337796686703+0.175138134736171i,-0.00243419274024603+6.23180435588289e-07i,,,0.0760702909491919,19500,19501
traveling,7.79999999999999,49751.7674879219,49988.9298199693,237.162332047446,52.7337796686703+0.175138134736171i,52.5028364371285+0.175197781686629i,-0.230943231541772+5.96469504587083e-05i,7.8319790160227,,,19501,19579
planning,0.3,49988.9298199693,49997.1727679347,8.24294796542381,52.5028364371285+0.175197781686629i,52.4948210126125+0.175199851986081i,-0.00801542451603154+2.07029945120674e-06i,,,0.230406454595062,19579,19582
dwelling,19.6,49997.1727679347,50477.1324853867,479.959717451937,52.4948210126125+0.175199851986081i,52.0286108385137+0.175320721900381i,-0.466210174098791+0.000120869914300603i,,19.5333330796244,,19582,19778
planning,0.4,50477.1324853867,50487.2297480652,10.0972626785224,52.0286108385137+0.175320721900381i,52.0187960042688+0.17532328539893i,-0.0098148342449349+2.56349854896309e-06i,,,0.36896141000887,19778,19782
traveling,7.29999999999999,50487.2297480652,50703.1083239403,215.878575875104,52.0187960042688+0.17532328539893i,51.8084116513569+0.17537868070382i,-0.210384352911845+5.53953048893219e-05i,7.38671100376222,,,19782,19855
planning,0.3,50703.1083239403,50710.8258961578,7.71757221753796,51.8084116513569+0.17537868070382i,51.800905734878+0.175380654416773i,-0.00750591647896215+1.97371295310167e-06i,,,0.223969533154463,19855,19858
dwelling,20,50710.8258961578,51115.6619428709,404.836046713033,51.800905734878+0.175380654416773i,51.4080797411195+0.175484006111523i,-0.392825993758457+0.000103351694750287i,,19.9333329484556,,19858,20058
planning,0.7,51115.6619428709,51131.5630060435,15.9010631726705,51.4080797411195+0.175484006111523i,51.3926279102087+0.175488105254791i,-0.0154518309107701+4.09914326829353e-06i,,,0.68773642502728,20058,20065
traveling,6.09999999999999,51131.5630060435,51272.3957769251,140.832770881563,51.3926279102087+0.175488105254791i,51.2557311275643+0.175524518253732i,-0.136896782644421+3.64129989410822e-05i,6.27337992656133,,,20065,20126
planning,0.4,51272.3957769251,51280.5720206497,8.17624372457067,51.2557311275643+0.175524518253732i,51.2477928213678+0.175526628750756i,-0.00793830619650038+2.11049702361632e-06i,,,0.31123486300137,20126,20130
dwelling,19.9,51280.5720206497,51656.5888197103,376.016799060642,51.2477928213678+0.175526628750756i,50.8828722395482+0.175624051392367i,-0.364920581819604+9.74226416111945e-05i,,19.8244496440573,,20130,20329
planning,0.1,51656.5888197103,51658.8690695391,2.28024982882926,50.8828722395482+0.175624051392367i,50.8806545677481+0.175624648935025i,-0.00221767180011057+5.97542658159478e-07i,,,0.0203575195111952,20329,20330
traveling,7.79999999999999,51658.8690695391,51879.9819131263,221.112843587172,50.8806545677481+0.175624648935025i,50.6649169330408+0.175683333679102i,-0.215737634707267+5.86847440767202e-05i,7.78509470712481,,,20330,20408
planning,0.6,51879.9819131263,51896.4279409287,16.4460278023616,50.6649169330408+0.175683333679102i,50.6488807159545+0.175687704062122i,-0.0160362170863166+4.37038301998038e-06i,,,0.501301633758293,20408,20414
dwelling,19.3,51896.4279409287,52332.0050205307,435.577079602081,50.6488807159545+0.175687704062122i,50.2249860567404+0.17580347782077i,-0.423894659214099+0.000115773758648491i,,19.2333329669787,,20414,20607
planning,0.1,52332.0050205307,52334.6408022771,2.63578174637951,50.2249860567404+0.17580347782077i,50.2224155485066+0.175804187082263i,-0.00257050823384475+7.09261493037072e-07i,,,0.0276556109283272,20607,20608
traveling,7.29999999999999,52334.6408022771,52569.932962392,235.292160114863,50.2224155485066+0.175804187082263i,49.992184365617+0.175868355653488i,-0.230231182889518+6.41685712247653e-05i,7.3404821427289,,,20608,20681
planning,0.6,52569.932962392,52587.17827142,17.2453090280469,49.992184365617+0.175868355653488i,49.9753400905296+0.175873049722975i,-0.0168442750874647+4.69406948644391e-06i,,,0.578487903092393,20681,20687
dwelling,19.5,52587.17827142,53048.7092417336,461.530970313557,49.9753400905296+0.175873049722975i,49.525479252233+0.175998727226444i,-0.449860838296573+0.00012567750346909i,,19.4666653974878,,20687,20882
planning,0.5,53048.7092417336,53062.1352655106,13.4260237770504,49.525479252233+0.175998727226444i,49.5123678391367+0.176002428923387i,-0.0131114130963468+3.70169694333122e-06i,,,0.422934709389219,20882,20887
traveling,6.09999999999999,53062.1352655106,53237.0155896345,174.880324123878,49.5123678391367+0.176002428923387i,49.3414025661255+0.176050932107035i,-0.170965273011113+4.85031836476302e-05i,6.21932195176806,,,20887,20948
planning,0.3,53237.0155896345,53244.807322087,7.79173245243146,49.3414025661255+0.176050932107035i,49.3337945005887+0.176053090872801i,-0.00760806553689264+2.15876576628582e-06i,,,0.224642924532913,20948,20951
dwelling,19.6,53244.807322087,53696.8522732964,452.044951209478,49.3337945005887+0.176053090872801i,48.8928493868087+0.176178787140979i,-0.440945113779975+0.000125696268177572i,,19.5908699990248,,20951,21147
planning,0.1,53696.8522732964,53699.8339049111,2.98163161467528,48.8928493868087+0.176178787140979i,48.8899304222104+0.176179630888826i,-0.00291896459824414+8.43747847173448e-07i,,,0.0648098716817543,21147,21148
traveling,7.69999999999999,53699.8339049111,53971.6590118994,271.825106988261,48.8899304222104+0.176179630888826i,48.622946088385+0.176257638364768i,-0.26698433382542+7.80074759425264e-05i,7.73142998913088,,,21148,21225
planning,0.4,53971.6590118994,53983.7123197722,12.0533078728258,48.622946088385+0.176257638364768i,48.6111389093979+0.17626108398451i,-0.011807178987155+3.44561974194302e-06i,,,0.336965815377745,21225,21229
dwelling,19.2,53983.7123197722,54476.2513584509,492.539038678726,48.6111389093979+0.17626108398451i,48.1295128105038+0.176402193837226i,-0.481626098894104+0.000141109852716148i,,19.1333331803328,,21229,21421
planning,0.1,54476.2513584509,54479.01539441,2.7640359590805,48.1295128105038+0.176402193837226i,48.1268063433538+0.176402994924164i,-0.00270646714990619+8.01086937118889e-07i,,,0.0981003487205534,21421,21422
traveling,7.19999999999999,54479.01539441,54709.9692684764,230.953874066407,48.1268063433538+0.176402994924164i,47.9000624270135+0.176470713689235i,-0.226743916340325+6.77187650717226e-05i,7.27550991179467,,,21422,21494
planning,0.1,54709.9692684764,54712.5557824552,2.58651397882932,47.9000624270135+0.176470713689235i,47.8975310194961+0.176471467598781i,-0.00253140751741654+7.53909545653242e-07i,,,0.0683152468644602,21494,21495
dwelling,19.7,54712.5557824552,55120.2779360498,407.722153594543,47.8975310194961+0.176471467598781i,47.4993596721526+0.176590282504084i,-0.398171347343556+0.000118814905302994i,,19.6666665687522,,21495,21692
planning,0.1,55120.2779360498,55122.6770071053,2.399071055479,47.4993596721526+0.176590282504084i,47.4970122800118+0.176590990171982i,-0.00234739214078417+7.07667898391939e-07i,,,0.00648044181812146,21692,21693
traveling,5.9,55122.6770071053,55297.3886781737,174.71167106845,47.4970122800118+0.176590990171982i,47.3255379498186+0.176643152234841i,-0.171474330193142+5.21620628582964e-05i,6.10175039044925,,,21693,21752
planning,0.1,55297.3886781737,55300.153636369,2.76495819531556,47.3255379498186+0.176643152234841i,47.3228268635119+0.176643977605177i,-0.00271108630668948+8.2537033616048e-07i,,,0.0667554983922244,21752,21753
dwelling,19,55300.153636369,55756.3012696431,456.147633274028,47.3228268635119+0.176643977605177i,46.876189719401+0.176780558119868i,-0.446637144110916+0.000136580514691342i,,18.9709662556271,,21753,21943
planning,0.4,55756.3012696431,55767.3384177306,11.0371480875619,46.876189719401+0.176780558119868i,46.8653593929511+0.176783909217008i,-0.0108303264499625+3.35109713953119e-06i,,,0.373092532405975,21943,21947
traveling,7.59999999999999,55767.3384177306,56017.7146272101,250.376209479466,46.8653593929511+0.176783909217008i,46.6188976537105+0.176860984869379i,-0.246461739240516+7.70756523710558e-05i,7.60168824162645,,,21947,22023
planning,0.2,56017.7146272101,56022.9769278857,5.26230067558936,46.6188976537105+0.176860984869379i,46.613734923066+0.176862595096241i,-0.00516273064453543+1.61022686256951e-06i,,,0.156253696694389,22023,22025
dwelling,18.8,56022.9769278857,56411.6691986217,388.692270736043,46.613734923066+0.176862595096241i,46.2333175850047+0.176981424159153i,-0.380417338061342+0.000118829062912273i,,18.7999997378066,,22025,22213
planning,0.5,56411.6691986217,56423.6976288085,12.0284301867505,46.2333175850047+0.176981424159153i,46.2215217246755+0.176985147814692i,-0.0117958603291441+3.72365553885645e-06i,,,0.426469191710426,22213,22218
traveling,7.09999999999999,56423.6976288085,56638.0501854853,214.352556676873,46.2215217246755+0.176985147814692i,46.010545754752+0.177052494036484i,-0.210975969923481+6.73462217917475e-05i,7.2162839398631,,,22218,22289
planning,0.4,56638.0501854853,56648.2413208845,10.1911353991381,46.010545754752+0.177052494036484i,46.0005406795613+0.177055683051759i,-0.0100050751907261+3.18901527512905e-06i,,,0.395355795381741,22289,22293
dwelling,19,56648.2413208845,57085.1387096508,436.897388766309,46.0005406795613+0.177055683051759i,45.571965429162+0.177193081092798i,-0.428575250399355+0.000137398041038933i,,18.9999993677797,,22293,22483
planning,0.6,57085.1387096508,57100.4185701036,15.2798604527779,45.571965429162+0.177193081092798i,45.5569525705457+0.177197946208383i,-0.015012858616295+4.86511558522862e-06i,,,0.566332009676316,22483,22489
traveling,5.99999999999999,57100.4185701036,57263.144980224,162.726410120486,45.5569525705457+0.177197946208383i,45.3969054465789+0.177250075573499i,-0.160047123966734+5.21293651154497e-05i,6.11360024160742,,,22489,22549
planning,0.6,57263.144980224,57280.2370707279,17.0920905038947,45.3969054465789+0.177250075573499i,45.380081373308+0.177255580860432i,-0.0168240732709322+5.50528693279984e-06i,,,0.568761208029169,22549,22555
dwelling,18.8,57280.2370707279,57740.1977162272,459.960645499261,45.380081373308+0.177255580860432i,44.9280298986799+0.177404243169043i,-0.452051474628099+0.00014866230861138i,,18.7183914270502,,22555,22743
planning,0.7,57740.1977162272,57757.2116982387,17.0139820115073,44.9280298986799+0.177404243169043i,44.9113029675824+0.177409792505163i,-0.0167269310975158+5.54933611976449e-06i,,,0.64502876168435,22743,22750
traveling,7.69999999999999,57757.2116982387,57983.66026685,226.448568611282,44.9113029675824+0.177409792505163i,44.6879986623955+0.177484646889965i,-0.223304305186907+7.48543848021754e-05i,7.74516946152798,,,22750,22827
planning,0.5,57983.66026685,57996.5800651689,12.9197983189006,44.6879986623955+0.177484646889965i,44.6752814601227+0.177488911615121i,-0.0127172022727606+4.26472515571708e-06i,,,0.43567051036614,22827,22832
dwelling,18.8,57996.5800651689,58437.6824696839,441.102404514997,44.6752814601227+0.177488911615121i,44.2414175735287+0.177635338718408i,-0.43386388659404+0.000146427103286856i,,18.766666450566,,22832,23020
planning,0.4,58437.6824696839,58448.3747213704,10.6922516864943,44.2414175735287+0.177635338718408i,44.2308793197275+0.177638938124932i,-0.0105382538011369+3.59940652433499e-06i,,,0.385595045949547,23020,23024
traveling,7.19999999999999,58448.3747213704,58650.5010036373,202.126282266901,44.2308793197275+0.177638938124932i,44.0314660065648+0.177707442267446i,-0.199413313162694+6.85041425144139e-05i,7.27550991179467,,,23024,23096
planning,0.9,58650.5010036373,58673.2724402251,22.7714365878492,44.0314660065648+0.177707442267446i,44.0090292795522+0.177715160082731i,-0.022436727012618+7.71781528513538e-06i,,,0.86351126613127,23096,23105
dwelling,18.9,58673.2724402251,59100.0255770093,426.753136784166,44.0090292795522+0.177715160082731i,43.588932072873+0.177860548568032i,-0.420097206679181+0.000145388485300463i,,18.8666664581808,,23105,23294
planning,0.5,59100.0255770093,59112.3736660567,12.3480890474239,43.588932072873+0.177860548568032i,43.5767587675398+0.177864806917422i,-0.0121733053332349+4.25834938982961e-06i,,,0.456169797620972,23294,23299
traveling,5.99999999999999,59112.3736660567,59277.3354959011,164.961829844426,43.5767587675398+0.177864806917422i,43.4138652077643+0.177922159392732i,-0.162893559775497+5.73524753104127e-05i,6.1689116228461,,,23299,23359
planning,1,59277.3354959011,59304.5530958619,27.2175999607352,43.4138652077643+0.177922159392732i,43.3869893379285+0.177931654115342i,-0.0268758698357843+9.49472260966533e-06i,,,0.923675833629512,23359,23369
dwelling,18.8,59304.5530958619,59764.6299534179,460.076857556058,43.3869893379285+0.177931654115342i,42.9330899638343+0.178093128684461i,-0.453899374094242+0.000161474569118775i,,18.7953527941013,,23369,23557
planning,0.1,59764.6299534179,59767.66278231,3.03282889207912,42.9330899638343+0.178093128684461i,42.9300877106584+0.178094213057903i,-0.00300225317585756+1.08437344206735e-06i,,,0.0172199828015898,23557,23558
traveling,7.69999999999999,59767.66278231,60021.4478617182,253.785079408168,42.9300877106584+0.178094213057903i,42.6784337748761+0.178185849108869i,-0.251653935782336+9.16360509666814e-05i,7.7003873449887,,,23558,23635
planning,0.7,60021.4478617182,60038.8529719628,17.405110244661,42.6784337748761+0.178185849108869i,42.6612422042511+0.17819209040837i,-0.0171915706249663+6.24129950102525e-06i,,,0.67696803826283,23635,23642
dwelling,18.7,60038.8529719628,60457.8868385778,419.033866614984,42.6612422042511+0.17819209040837i,42.2476717477771+0.178343196396941i,-0.413570456474069+0.000151105988571099i,,18.6333330909623,,23642,23829
planning,0.5,60457.8868385778,60470.2786206132,12.3917820353236,42.2476717477771+0.178343196396941i,42.2354217219286+0.178347722290066i,-0.0122500258484237+4.52589312502361e-06i,,,0.42380720776875,23829,23834
traveling,7.19999999999999,60470.2786206132,60684.1851816643,213.906561051168,42.2354217219286+0.178347722290066i,42.0233264628844+0.178426891996384i,-0.212095259044204+7.91697063179664e-05i,7.29827513898154,,,23834,23906
planning,0.3,60684.1851816643,60692.1649938258,7.9798121615022,42.0233264628844+0.178426891996384i,42.0154270609689+0.178429842926828i,-0.00789940191556582+2.95093044322403e-06i,,,0.245019308082333,23906,23909
dwelling,19.5,60692.1649938258,61156.9003262345,464.735332408694,42.0154270609689+0.178429842926828i,41.5557847807207+0.178602744586481i,-0.459642280248204+0.000172901659653057i,,19.4666665864817,,23909,24104
planning,0.5,61156.9003262345,61170.4042582039,13.5039319694115,41.5557847807207+0.178602744586481i,41.5424009239755+0.17860784533761i,-0.0133838567451079+5.10075112913899e-06i,,,0.478404593316951,24104,24109
traveling,5.99999999999999,61170.4042582039,61341.4178018013,171.013543597386,41.5424009239755+0.17860784533761i,41.3727377473449+0.178672861360499i,-0.169663176630685+6.50160228887198e-05i,6.16080885641514,,,24109,24169
planning,0.4,61341.4178018013,61352.3204809337,10.9026791324213,41.3727377473449+0.178672861360499i,41.3619264395204+0.178677014270858i,-0.0108113078244827+4.15291035987808e-06i,,,0.357886928319589,24169,24173
dwelling,19.2,61352.3204809337,61821.5835480164,469.263067082684,41.3619264395204+0.178677014270858i,40.8970151025029+0.178856884184933i,-0.464911337017504+0.000179869914074482i,,19.1741431344349,,24173,24365
planning,1,61821.5835480164,61850.2332720761,28.6497240596364,40.8970151025029+0.178856884184933i,40.8685555059019+0.178868057937777i,-0.0284595966009604+1.11737528439293e-05i,,,0.960420635960129,24365,24375
traveling,7.79999999999999,61850.2332720761,62109.7536271167,259.52035504063,40.8685555059019+0.178868057937777i,40.6100089928868+0.178970727484924i,-0.258546513015126+0.000102669547147549i,7.84591098642397,,,24375,24453
planning,0.3,62109.7536271167,62118.6921285161,8.93850139941787,40.6100089928868+0.178970727484924i,40.6011191995806+0.178974263286659i,-0.00888979330616735+3.53580173506618e-06i,,,0.286368865068578,24453,24456
dwelling,19.3,62118.6921285161,62580.7688512398,462.076722723643,40.6011191995806+0.178974263286659i,40.1426422534044+0.179157375094362i,-0.458476946176226+0.000183111807702585i,,19.2999997363377,,24456,24649
planning,0.2,62580.7688512398,62586.1889043777,5.4200531379247,40.1426422534044+0.179157375094362i,40.1372534946676+0.17915955538587i,-0.00538875873676403+2.18029150761412e-06i,,,0.153261294725282,24649,24651
traveling,7.19999999999999,62586.1889043777,62786.2944578164,200.105553438683,40.1372534946676+0.17915955538587i,39.9381664158892+0.179240535661063i,-0.199087078778405+8.09802751935706e-05i,7.31528404036216,,,24651,24723
planning,1,62786.2944578164,62805.6513341244,19.3568763080621,39.9381664158892+0.179240535661063i,39.9189872259482+0.179248304659723i,-0.019179189940985+7.76899865953529e-06i,,,0.947684798987518,24723,24733
dwelling,19,62805.6513341244,63172.1684961357,366.517162011311,39.9189872259482+0.179248304659723i,39.555681212137+0.17939668370987i,-0.36330601381129+0.000148379050146835i,,18.9999998753132,,24733,24923
planning,0.5,63172.1684961357,63183.485726063,11.3172299273137,39.555681212137+0.17939668370987i,39.5444396511696+0.179401327596107i,-0.0112415609673917+4.64388623758194e-06i,,,0.443545182261408,24923,24928
traveling,5.99999999999999,63183.485726063,63338.2602866784,154.774560615391,39.5444396511696+0.179401327596107i,39.3904128062692+0.179465400587927i,-0.154026844900379+6.40729918199578e-05i,6.19410001602621,,,24928,24988
planning,0.5,63338.2602866784,63350.3893655391,12.1290788606711,39.3904128062692+0.179465400587927i,39.3783503067812+0.17947042774132i,-0.0120624994879535+5.02715339292803e-06i,,,0.437527805249343,24988,24993
dwelling,19.3,63350.3893655391,63777.813109596,427.42374405689,39.3783503067812+0.17947042774132i,38.9534940702136+0.179648805503439i,-0.424856236567599+0.000178377762118626i,,19.220223727894,,24993,25186
planning,0.6,63777.813109596,63790.1138465028,12.3007369067855,38.9534940702136+0.179648805503439i,38.9412716190596+0.179653976861693i,-0.0122224511540736+5.17135825400805e-06i,,,0.522976216760651,25186,25192
traveling,7.79999999999999,63790.1138465028,64017.2794178295,227.165571326746,38.9412716190596+0.179653976861693i,38.7143820728476+0.17975143758541i,-0.22688954621195+9.74607237168856e-05i,7.79899826567235,,,25192,25270
planning,0.9,64017.2794178295,64040.4488495198,23.1694316902431,38.7143820728476+0.17975143758541i,38.6912852365388+0.179761367896942i,-0.0230968363088522+9.93031153229129e-06i,,,0.851615562669645,25270,25279
dwelling,18.7,64040.4488495198,64456.0361169223,415.587267402545,38.6912852365388+0.179761367896942i,38.2775104995995+0.179940338677024i,-0.41377473693926+0.000178970780082527i,,18.6999997882487,,25279,25466
planning,0.8,64456.0361169223,64475.3724991854,19.3363822631291,38.2775104995995+0.179940338677024i,38.2582299447729+0.179948773588794i,-0.0192805548265795+8.43491176980016e-06i,,,0.775585151306145,25466,25474
traveling,7.29999999999999,64475.3724991854,64681.3167596652,205.94426047973,38.2582299447729+0.179948773588794i,38.0523487577714+0.180039714955523i,-0.205881187001467+9.09413667291026e-05i,7.39329986547154,,,25474,25547
planning,0.6,64681.3167596652,64696.8313498013,15.5145901360956,38.0523487577714+0.180039714955523i,38.0368572359774+0.180046570789591i,-0.0154915217940683+6.85583406770385e-06i,,,0.583131658958449,25547,25553
dwelling,19.6,64696.8313498013,65183.6952544348,486.863904633552,38.0368572359774+0.180046570789591i,37.5506547594473+0.180263916698507i,-0.48620247653011+0.000217345908915645i,,19.5666664803256,,25553,25749
planning,0.7,65183.6952544348,65204.098433334,20.4031788991415,37.5506547594473+0.180263916698507i,37.5302216418792+0.180273194174844i,-0.0204331175680394+9.27747633763798e-06i,,,0.679873074330471,25749,25756
traveling,6.09999999999999,65204.098433334,65374.940775647,170.842342313081,37.5302216418792+0.180273194174844i,37.3591874950037+0.180351087064638i,-0.171034146875485+7.78928897932629e-05i,6.25252948293703,,,25756,25817
planning,1,65374.940775647,65399.9141875658,24.9734119187488,37.3591874950037+0.180351087064638i,37.3342189836246+0.180362471451183i,-0.0249685113791855+1.13843865449659e-05i,,,0.901454271909334,25817,25827
dwelling,19.5,65399.9141875658,65832.611220186,432.697032620199,37.3342189836246+0.180362471451183i,36.9019577908912+0.180561006841382i,-0.43226119273335+0.000198535390199733i,,19.4873664260986,,25827,26022
planning,0.7,65832.611220186,65852.1139639632,19.5027437771787,36.9019577908912+0.180561006841382i,36.8824072437171+0.180570129201142i,-0.0195505471741555+9.12235975938924e-06i,,,0.657336180332872,26022,26029
traveling,7.89999999999999,65852.1139639632,66113.8011509628,261.687186999654,36.8824072437171+0.180570129201142i,36.6191837687958+0.180694491341517i,-0.263223474921304+0.000124362140375783i,7.95383220191612,,,26029,26108
planning,0.5,66113.8011509628,66128.2889619195,14.487810956678,36.6191837687958+0.180694491341517i,36.6046414491711+0.180701369799115i,-0.0145423196246526+6.87845759758665e-06i,,,0.409137920756782,26108,26113
dwelling,19.6,66128.2889619195,66609.1253262293,480.836364309798,36.6046414491711+0.180701369799115i,36.1227830447334+0.180930754960194i,-0.48185840443773+0.000229385161079426i,,19.5999997083717,,26113,26309
planning,0.3,66609.1253262293,66618.0217648858,8.89643865646212,36.1227830447334+0.180930754960194i,36.1138383290283+0.180935082697641i,-0.00894471570503441+4.3277374463524e-06i,,,0.230881896531394,26309,26312
traveling,7.29999999999999,66618.0217648858,66841.2066508171,223.184885931347,36.1138383290283+0.180935082697641i,35.8892140612574+0.181044488790878i,-0.224624267770913+0.000109406093237063i,7.40308249426073,,,26312,26385
planning,0.3,66841.2066508171,66849.6128141754,8.40616335828963,35.8892140612574+0.181044488790878i,35.880764172937+0.181048612719465i,-0.00844988832041338+4.1239285872019e-06i,,,0.266866764048209,26385,26388
dwelling,20.2,66849.6128141754,67329.9822345079,480.369420332514,35.880764172937+0.181048612719465i,35.3986279662533+0.181285461277715i,-0.482136206683755+0.000236848558249819i,,20.1999996463342,,26388,26590
planning,0.8,67329.9822345079,67350.025272035,20.0430375270807,35.3986279662533+0.181285461277715i,35.3784843739613+0.181295481141012i,-0.0201435922919231+1.0019863297156e-05i,,,0.712447745459035,26590,26598
traveling,6.19999999999999,67350.025272035,67512.1208841339,162.09561209887,35.3784843739613+0.181295481141012i,35.2154305737569+0.181377025874122i,-0.163053800204409+8.15447331099506e-05i,6.31370053116443,,,26598,26660
planning,0.1,67512.1208841339,67514.8871110435,2.76622690966178,35.2154305737569+0.181377025874122i,35.2126453740773+0.181378425949261i,-0.00278519967964286+1.40007513871332e-06i,,,0.0372347068099046,26660,26661
dwelling,20.3,67514.8871110435,67960.1491480214,445.262036977903,35.2126453740773+0.181378425949261i,34.7653652508088+0.181604195782484i,-0.447280123268428+0.000225769833223172i,,20.2950863792097,,26661,26864
planning,0.1,67960.1491480214,67962.7863718165,2.63722379508545,34.7653652508088+0.181604195782484i,34.7627083838752+0.181605556621502i,-0.00265686693361999+1.36083901838835e-06i,,,0.0529261628720724,26864,26865
traveling,7.79999999999999,67962.7863718165,68179.3128949988,216.526523182241,34.7627083838752+0.181605556621502i,34.544311843647+0.181718172429973i,-0.218396540228255+0.000112615808470412i,7.81844822869282,,,26865,26943
planning,0.2,68179.3128949988,68184.1643946041,4.85149960535637,34.544311843647+0.181718172429973i,34.5394265134867+0.181720694055267i,-0.00488533016030601+2.52162529387756e-06i,,,0.174726097986948,26943,26945
dwelling,19.8,68184.1643946041,68617.0241498172,432.859755213052,34.5394265134867+0.181720694055267i,34.1038051741606+0.181947216376601i,-0.435621339326111+0.000226522321334216i,,19.7999997607035,,26945,27143
planning,0.2,68617.0241498172,68621.4547167877,4.43056697056454,34.1038051741606+0.181947216376601i,34.0993429683905+0.181949560232555i,-0.00446220577004652+2.34385595451747e-06i,,,0.103214597024899,27143,27145
traveling,7.29999999999999,68621.4547167877,68823.9222338472,202.467517059486,34.0993429683905+0.181949560232555i,33.8946761976012+0.182058316287399i,-0.204666770789281+0.000108756054843645i,7.37292544296979,,,27145,27218
planning,0.4,68823.9222338472,68834.2184449854,10.2962111381494,33.8946761976012+0.182058316287399i,33.8842806170993+0.182063849786601i,-0.0103955805019709+5.53349920245916e-06i,,,0.319198880894577,27218,27222
dwelling,19.8,68834.2184449854,69261.8413211805,427.622876195092,33.8842806170993+0.182063849786601i,33.4531755834637+0.182294606259106i,-0.431105033635525+0.000230756472504895i,,19.7999998633777,,27222,27420
planning,0.7,69261.8413211805,69279.4135554878,17.5722343073139,33.4531755834637+0.182294606259106i,33.4354164137095+0.182304243208235i,-0.0177591697542709+9.63694912881063e-06i,,,0.62659382249888,27420,27427
traveling,6.09999999999999,69279.4135554878,69442.5342421702,163.12068668245,33.4354164137095+0.182304243208235i,33.2703665939731+0.182394339635227i,-0.165049819736389+9.0096426991676e-05i,6.26096049002473,,,27427,27488
planning,0.2,69442.5342421702,69447.7944058269,5.26016365672695,33.2703665939731+0.182394339635227i,33.265044317586+0.182397254411116i,-0.00532227638704086+2.91477588970634e-06i,,,0.120688903850115,27488,27490
dwelling,19.9,69447.7944058269,69867.1495877722,419.35518194527,33.265044317586+0.182397254411116i,32.8416080170102+0.182630118760713i,-0.423436300575851+0.000232864349596379i,,19.8519281361147,,27490,27689
planning,0.2,69867.1495877722,69871.4235007666,4.27391299439478,32.8416080170102+0.182630118760713i,32.8372892258225+0.182632517221124i,-0.00431879118772116+2.39846041100167e-06i,,,0.102890565785709,27689,27691
traveling,7.79999999999999,69871.4235007666,70092.5367561949,221.113255428296,32.8372892258225+0.182632517221124i,32.6128239577106+0.182758904119531i,-0.224465268111835+0.0001263868984068i,7.76700584084291,,,27691,27769
planning,0.9,70092.5367561949,70116.1516349115,23.6148787165585,32.6128239577106+0.182758904119531i,32.5888823744796+0.182772413001146i,-0.0239415832310428+1.35088816156925e-05i,,,0.851168597444424,27769,27778
dwelling,18.9,70116.1516349115,70544.8335144285,428.68187951704,32.5888823744796+0.182772413001146i,32.154769578382+0.183018960492005i,-0.434112796097551+0.000246547490858201i,,18.8666666210557,,27778,27967
planning,0.1,70544.8335144285,70547.7081758437,2.87466141521872,32.154769578382+0.183018960492005i,32.1518472034895+0.183020647370796i,-0.00292237489250624+1.6868787919011e-06i,,,0.0121282559324327,27967,27968
traveling,7.29999999999999,70547.7081758437,70770.9829873422,223.274811498501,32.1518472034895+0.183020647370796i,31.9245188195058+0.183152862977077i,-0.227328383983675+0.000132215606280572i,7.32423329038312,,,27968,28041
planning,0.1,70770.9829873422,70773.7227235056,2.73973616342118,31.9245188195058+0.183152862977077i,31.921733577007+0.183154485030642i,-0.00278524249880618+1.6220535654643e-06i,,,0.0582421670161676,28041,28042
dwelling,19.9,70773.7227235056,71241.6715469839,467.948823478233,31.921733577007+0.183154485030642i,31.4466106216492+0.183433026073355i,-0.475122955357854+0.000278541042712244i,,19.8999999240206,,28042,28241
planning,0.6,71241.6715469839,71256.4966597041,14.8251127202093,31.4466106216492+0.183433026073355i,31.4315373797675+0.183441970997965i,-0.015073241881705+8.94492461003815e-06i,,,0.52848856375905,28241,28247
traveling,6.09999999999999,71256.4966597041,71412.3993092081,155.902649504016,31.4315373797675+0.183441970997965i,31.2728998753195+0.183536576692638i,-0.158637504448027+9.46056946736495e-05i,6.2234496643874,,,28247,28308
planning,0.3,71412.3993092081,71419.5648529029,7.16554369474761,31.2728998753195+0.183536576692638i,31.2656135549589+0.183540929814212i,-0.00728632036059906+4.35312157368029e-06i,,,0.254797864387124,28308,28311
dwelling,19.6,71419.5648529029,71915.4827338316,495.917880928726,31.2656135549589+0.183540929814212i,30.7605032647998+0.183846692366996i,-0.505110290159035+0.000305762552784083i,,19.5611963187315,,28311,28507
planning,1,71915.4827338316,71944.0963038659,28.6135700343148,30.7605032647998+0.183846692366996i,30.7312834486588+0.183864655145126i,-0.0292198161410369+1.79627781302927e-05i,,,0.997549255043974,28507,28517
traveling,7.89999999999999,71944.0963038659,72208.3920224705,264.295718604582,30.7312834486588+0.183864655145126i,30.4604757364155+0.18403324225037i,-0.270807712243293+0.00016858710524334i,7.91803420119776,,,28517,28596
planning,0.4,72208.3920224705,72219.5807778051,11.1887553346605,30.4604757364155+0.18403324225037i,30.4490427124704+0.184040357967462i,-0.0114330239450489+7.11571709177683e-06i,,,0.316573647364122,28596,28600
dwelling,19.5,72219.5807778051,72705.463098419,485.882320613862,30.4490427124704+0.184040357967462i,29.9529246632431+0.18435165254026i,-0.496118049227388+0.000311294572798493i,,19.4999997496886,,28600,28795
planning,0.1,72705.463098419,72708.3509516361,2.88785321707837,29.9529246632431+0.18435165254026i,29.9499672395042+0.184353537008143i,-0.00295742373884522+1.88446788290664e-06i,,,0.00950183865581666,28795,28796
traveling,7.29999999999999,72708.3509516361,72949.0987644202,240.747812784117,29.9499672395042+0.184353537008143i,29.7026905929109+0.184512805415633i,-0.247276646593335+0.000159268407489505i,7.3663004241385,,,28796,28869
planning,0.8,72949.0987644202,72971.8626440219,22.7638796017127,29.7026905929109+0.184512805415633i,29.6793625171877+0.184527837534564i,-0.0233280757232102+1.5032118931585e-05i,,,0.726570730353475,28869,28877
dwelling,19.5,72971.8626440219,73413.4949064434,441.632262421466,29.6793625171877+0.184527837534564i,29.2278072780044+0.184820084686954i,-0.451555239183236+0.000292247152389541i,,19.4666663778491,,28877,29072
planning,0.9,73413.4949064434,73437.5605817998,24.0656753564399,29.2278072780044+0.184820084686954i,29.2031266489437+0.184836299828396i,-0.0246806290607182+1.62151414425382e-05i,,,0.865652865316715,29072,29081
traveling,6.19999999999999,73437.5605817998,73613.3621943439,175.801612544092,29.2031266489437+0.184836299828396i,29.022604589163+0.184955665980264i,-0.180522059780682+0.000119366151867362i,6.31510965210086,,,29081,29143
planning,1,73613.3621943439,73638.3131609792,24.9509666352533,29.022604589163+0.184955665980264i,28.9970218529511+0.184972596149882i,-0.0255827362119589+1.69301696184843e-05i,,,0.951919022380787,29143,29153
dwelling,19.7,73638.3131609792,74059.884785628,421.57162464883,28.9970218529511+0.184972596149882i,28.5652410196933+0.18526017398802i,-0.431780833257758+0.000287577838137876i,,19.6526097788309,,29153,29350
planning,1,74059.884785628,74084.1840219324,24.2992363043741,28.5652410196933+0.18526017398802i,28.5402943666053+0.185277011444309i,-0.0249466530880014+1.68374562891926e-05i,,,0.903116050406371,29350,29360
traveling,8.09999999999999,74084.1840219324,74313.0598015888,228.875779656446,28.5402943666053+0.185277011444309i,28.3046320027428+0.185437798621885i,-0.23566236386252+0.000160787177575727i,8.06979146243718,,,29360,29441
planning,0.7,74313.0598015888,74330.3329339952,17.2731324064225,28.3046320027428+0.185437798621885i,28.2868781607524+0.185449925023856i,-0.0177538419903769+1.2126401971374e-05i,,,0.632055485721458,29441,29448
dwelling,19.8,74330.3329339952,74793.3818293172,463.048895322005,28.2868781607524+0.185449925023856i,27.8108167194457+0.185778269854945i,-0.476061441306737+0.000328344831088567i,,19.766666564678,,29448,29646
planning,0.2,74793.3818293172,74798.649156611,5.26732729375362,27.8108167194457+0.185778269854945i,27.8053881143622+0.18578206626246i,-0.00542860508346266+3.79640751521637e-06i,,,0.195923338956893,29646,29648
traveling,7.39999999999999,74798.649156611,75023.1130910497,224.463934438725,27.8053881143622+0.18578206626246i,27.5733670635712+0.185946026519086i,-0.232021050791005+0.000163960256625795i,7.48625687411979,,,29648,29722
planning,0.1,75023.1130910497,75025.8158954136,2.70280436391477,27.5733670635712+0.185946026519086i,27.5705779590348+0.185947999242983i,-0.00278910453641146+1.97272389731995e-06i,,,0.0671565945993501,29722,29723
dwelling,20.8,75025.8158954136,75509.2058429191,483.389947505464,27.5705779590348+0.185947999242983i,27.0722879998366+0.186302947989366i,-0.498289959198178+0.000354948746382699i,,20.7999997669067,,29723,29931
planning,1,75509.2058429191,75532.7634932618,23.5576503427437,27.0722879998366+0.186302947989366i,27.0479765434148+0.186320473595793i,-0.0243114564218061+1.75256064276486e-05i,,,0.931450537581949,29931,29941
traveling,6.29999999999999,75532.7634932618,75696.3122626525,163.548769390647,27.0479765434148+0.186320473595793i,26.8788952583148+0.186443235882496i,-0.16908128510001+0.000122762286702105i,6.40743548671218,,,29941,30004
planning,0.5,75696.3122626525,75709.7337727699,13.4215101173759,26.8788952583148+0.186443235882496i,26.8650091000789+0.186453367585279i,-0.0138861582359517+1.01317027835501e-05i,,,0.422852541521674,30004,30009
dwelling,20.7,75709.7337727699,76234.2465998578,524.512827087965,26.8650091000789+0.186453367585279i,26.3221686997622+0.186853769883423i,-0.542840400316678+0.000400402298144115i,,20.6776748080723,,30009,30216
planning,0.5,76234.2465998578,76246.9211001643,12.6745003064716,26.3221686997622+0.186853769883423i,26.3090373951129+0.186863575689605i,-0.0131313046492316+9.80580618192839e-06i,,,0.434121343493576,30216,30221
traveling,8.09999999999999,76246.9211001643,76470.8130823167,223.891982152432,26.3090373951129+0.186863575689605i,26.0766367056801+0.187038575490463i,-0.232400689432879+0.000174999800858i,8.0673027134816,,,30221,30302
planning,1,76470.8130823167,76493.2760950801,22.4630127633282,26.0766367056801+0.187038575490463i,26.0533776609742+0.18705608364961i,-0.0232590447058492+1.75081591464732e-05i,,,0.969781055752377,30302,30312
dwelling,19.8,76493.2760950801,76919.169028893,425.892933812938,26.0533776609742+0.18705608364961i,25.6121997943208+0.187391310145674i,-0.441177866653444+0.000335226496064461i,,19.7666664099449,,30312,30510
planning,0.6,76919.169028893,76933.7465588264,14.5775299333909,25.6121997943208+0.187391310145674i,25.5970621048211+0.187402965894992i,-0.0151376894996602+1.16557493180236e-05i,,,0.591521470997288,30510,30516
traveling,7.49999999999999,76933.7465588264,77156.4143489807,222.667790154272,25.5970621048211+0.187402965894992i,25.3649337711384+0.187583941746749i,-0.232128333682681+0.000180975851757276i,7.57256466789781,,,30516,30591
planning,0.1,77156.4143489807,77159.1522600042,2.73791102357791,25.3649337711384+0.187583941746749i,25.3620829360095+0.18758616841719i,-0.00285083512888562+2.22667044061375e-06i,,,0.0120708294348706,30591,30592
dwelling,21.1,77159.1522600042,77670.1578578749,511.00559787071,25.3620829360095+0.18758616841719i,24.8303283358764+0.188005048131411i,-0.531754600133191+0.000418879714221027i,,21.0999997935193,,30592,30803
planning,0.1,77670.1578578749,77673.0917178243,2.93385994937853,24.8303283358764+0.188005048131411i,24.8272632168597+0.188007505827202i,-0.00306511901667861+2.4576957910194e-06i,,,0.0118368129364901,30803,30804
traveling,6.09999999999999,77673.0917178243,77847.2213809352,174.129663110914,24.8272632168597+0.188007505827202i,24.6453472594941+0.188153855757823i,-0.18191595736554+0.000146349930620487i,6.29437107101159,,,30804,30865
planning,0.8,77847.2213809352,77867.5068874445,20.285506509259,24.6453472594941+0.188153855757823i,24.6241836757652+0.188170897229885i,-0.0211635837289847+1.70414720621348e-05i,,,0.796975927210031,30865,30873
dwelling,20.3,77867.5068874445,78341.0916770595,473.584789614979,24.6241836757652+0.188170897229885i,24.1301045341556+0.188572482212287i,-0.494079141609546+0.000401584982402475i,,20.2722566054269,,30873,31076
planning,0.7,78341.0916770595,78360.2020293635,19.1103523039928,24.1301045341556+0.188572482212287i,24.1101008711864+0.188589003765868i,-0.0200036629692555+1.65215535808672e-05i,,,0.661902938757982,31076,31083
traveling,8.09999999999999,78360.2020293635,78607.2006087769,246.998579413412,24.1101008711864+0.188589003765868i,23.8508836454667+0.188805329069189i,-0.259217225719652+0.000216325303321413i,8.06120370796398,,,31083,31164
planning,0.2,78607.2006087769,78612.566515632,5.365906855106,23.8508836454667+0.188805329069189i,23.8452616746217+0.188810027345032i,-0.00562197084502358+4.6982758424019e-06i,,,0.198834666900536,31164,31166
dwelling,20.4,78612.566515632,79101.7530305466,489.186514914589,23.8452616746217+0.188810027345032i,23.3329554162073+0.189241829307726i,-0.512306258414423+0.000431801962693795i,,20.3666666283104,,31166,31370
planning,0.7,79101.7530305466,79121.7122115109,19.959180964288,23.3329554162073+0.189241829307726i,23.3119744932805+0.189259820689141i,-0.0209809229267144+1.79913814155608e-05i,,,0.637675238672787,31370,31377
traveling,7.49999999999999,79121.7122115109,79362.1412362509,240.42902474002,23.3119744932805+0.189259820689141i,23.0585021567116+0.189479562465246i,-0.25347233656894+0.000219741776104676i,7.55650933494818,,,31377,31452
planning,0.8,79362.1412362509,79385.7534793289,23.6122430780088,23.0585021567116+0.189479562465246i,23.033635595512+0.189501181252178i,-0.024866561199584+2.16187869319373e-05i,,,0.781638041879874,31452,31460
dwelling,20.4,79385.7534793289,79887.1527832807,501.399303951766,23.033635595512+0.189501181252178i,22.5063953950723+0.189962775843717i,-0.527240200439692+0.00046159459153941i,,20.3333317893492,,31460,31664
planning,0.4,79887.1527832807,79897.0912214475,9.93843816683511,22.5063953950723+0.189962775843717i,22.49593054982+0.189972053005409i,-0.0104648452522902+9.27716169138448e-06i,,,0.319360450061653,31664,31668
traveling,6.19999999999999,79897.0912214475,80055.2962148317,158.204993384235,22.49593054982+0.189972053005409i,22.3292113638368+0.190120571288372i,-0.166719185983247+0.000148518282963361i,6.34781419010546,,,31668,31730
planning,1,80055.2962148317,80079.8045644379,24.5083496061852,22.3292113638368+0.190120571288372i,22.3033874510283+0.190143650479568i,-0.0258239128085052+2.30791911961237e-05i,,,0.922591573214906,31730,31740
dwelling,20.4,80079.8045644379,80488.1815004856,408.376936047716,22.3033874510283+0.190143650479568i,21.8737138384237+0.190529726047846i,-0.429673612604567+0.000386075568278327i,,20.3897374767684,,31740,31944
planning,0.7,80488.1815004856,80504.8355977873,16.6540973016963,21.8737138384237+0.190529726047846i,21.8561353790769+0.190545752779619i,-0.0175784593468329+1.60267317728113e-05i,,,0.658473140900507,31944,31951
traveling,8.09999999999999,80504.8355977873,80730.362405542,225.52680775465,21.8561353790769+0.190545752779619i,21.6173368246779+0.190765907192485i,-0.238798554399001+0.000220154412865464i,8.13502037361201,,,31951,32032
planning,0.1,80730.362405542,80732.9951818201,2.63277627810021,21.6173368246779+0.190765907192485i,21.6145505371946+0.190768484574368i,-0.00278628748331755+2.57738188377821e-06i,,,0.018094344724284,32032,32033
dwelling,20.7,80732.9951818201,81208.3335542646,475.338372444545,21.6145505371946+0.190768484574368i,21.111839555492+0.191237192599837i,-0.502710981702577+0.000468708025468806i,,20.6999997218847,,32033,32240
planning,0.6,81208.3335542646,81224.4105742022,16.0770199375693,21.111839555492+0.191237192599837i,21.0947776297791+0.191253365924107i,-0.0170619257128557+1.61733242698692e-05i,,,0.537982333050847,32240,32246
traveling,7.49999999999999,81224.4105742022,81445.3900127629,220.979438560666,21.0947776297791+0.191253365924107i,20.8597004340624+0.191478330202081i,-0.235077195716777+0.000224964277974082i,7.57945250014885,,,32246,32321
planning,0.3,81445.3900127629,81452.9343586475,7.54434588462755,20.8597004340624+0.191478330202081i,20.8516917085057+0.191485995710902i,-0.00800872555664967+7.66550882069783e-06i,,,0.243709904224153,32321,32324
dwelling,21,81452.9343586475,81934.0302802862,481.095921638713,20.8516917085057+0.191485995710902i,20.3409524373537+0.191979636335723i,-0.510739271152026+0.000493640624821157i,,20.9999998510671,,32324,32534
planning,0.1,81934.0302802862,81937.0308065603,3.00052627410332,20.3409524373537+0.191979636335723i,20.3377498133409+0.191982795586032i,-0.00320262401277915+3.15925030910935e-06i,,,0.0953317989436525,32534,32535
traveling,6.19999999999999,81937.0308065603,82126.560491126,189.529684565743,20.3377498133409+0.191982795586032i,20.1352732297499+0.19218366335142i,-0.202476583591004+0.00020086776538783i,6.31071058069308,,,32535,32597
planning,0.4,82126.560491126,82138.6279098325,12.0674187064869,20.1352732297499+0.19218366335142i,20.1223777675136+0.192196515174603i,-0.0128954622363189+1.28518231833907e-05i,,,0.308671386996653,32597,32601
dwelling,20.7,82138.6279098325,82639.6137145977,500.985804765121,20.1223777675136+0.192196515174603i,19.5881076164746+0.192732243599121i,-0.534270151038971+0.000535728424517268i,,20.635760254812,,32601,32808
planning,0.3,82639.6137145977,82647.789307669,8.17559307129704,19.5881076164746+0.192732243599121i,19.5793610708306+0.192741160992531i,-0.0087465456440512+8.91739340996844e-06i,,,0.239624518662709,32808,32811
traveling,7.99999999999999,82647.789307669,82911.6492015197,263.859893850778,19.5793610708306+0.192741160992531i,19.2957671562747+0.193034655281282i,-0.283593914555851+0.000293494288751805i,7.99616908241358,,,32811,32891
planning,1,82911.6492015197,82938.8623496782,27.2131481585093,19.2957671562747+0.193034655281282i,19.2666072921097+0.193064824102081i,-0.029159864164999+3.01688207985373e-05i,,,0.987131190470634,32891,32901
dwelling,19.5,82938.8623496782,83392.3493282884,453.486978610163,19.2666072921097+0.193064824102081i,18.7811288490046+0.193571104760891i,-0.485478443105123+0.00050628065880956i,,19.4666666181437,,32901,33096
planning,0.7,83392.3493282884,83409.0751245101,16.7257962217118,18.7811288490046+0.193571104760891i,18.7631923986428+0.193590055942536i,-0.0179364503617379+1.89511816459098e-05i,,,0.680265708316879,33096,33103
traveling,7.49999999999999,83409.0751245101,83624.7829598359,215.707835325782,18.7631923986428+0.193590055942536i,18.5309761933886+0.193838540223609i,-0.232216205254257+0.000248484281072214i,7.53429363420879,,,33103,33178
planning,0.4,83624.7829598359,83635.0951650219,10.3122051860264,18.5309761933886+0.193838540223609i,18.5198901768515+0.193850424741049i,-0.0110860165371243+1.18845174401916e-05i,,,0.347215928558955,33178,33182
dwelling,20.6,83635.0951650219,84136.2837677218,501.18860269984,18.5198901768515+0.193850424741049i,17.9807165416873+0.194435493426347i,-0.539173635164182+0.000585068685298173i,,20.5666662934777,,33182,33388
planning,0.2,84136.2837677218,84141.9851117032,5.70134398144728,17.9807165416873+0.194435493426347i,17.9745585022992+0.194442301887688i,-0.00615803938809378+6.80846134148982e-06i,,,0.106540381444315,33388,33390
traveling,6.09999999999999,84141.9851117032,84319.806108151,177.82099644783,17.9745585022992+0.194442301887688i,17.7823060001241+0.194656116293062i,-0.192252502175091+0.00021381440537363i,6.29111663484626,,,33390,33451
planning,0.6,84319.806108151,84335.9285988953,16.1224907442811,17.7823060001241+0.194656116293062i,17.7648888763663+0.194675535585051i,-0.0174171237578093+1.94192919890368e-05i,,,0.55224452927317,33451,33457
dwelling,20.3,84335.9285988953,84816.6892277188,480.760628823511,17.7648888763663+0.194675535585051i,17.2457023154829+0.195260214523746i,-0.519186560883401+0.000584678938695099i,,20.2402333041068,,33457,33660
planning,0.8,84816.6892277188,84837.7307848829,21.0415571640333,17.2457023154829+0.195260214523746i,17.2229077644626+0.195286328270574i,-0.0227945510202794+2.61137468281492e-05i,,,0.708217493800657,33660,33668
traveling,7.99999999999999,84837.7307848829,85081.6353907117,243.90460582888,17.2229077644626+0.195286328270574i,16.9577231957335+0.19559416804337i,-0.265184568729133+0.000307839772795471i,8.04340249830015,,,33668,33748
planning,0.9,85081.6353907117,85104.9478914027,23.3125006909977,16.9577231957335+0.19559416804337i,16.9324314134571+0.195623571086093i,-0.0252917822763941+2.94030427229197e-05i,,,0.801880864635439,33748,33757
dwelling,19.6,85104.9478914027,85565.442606432,460.494715029228,16.9324314134571+0.195623571086093i,16.4327748460579+0.196210890931149i,-0.499656567399164+0.000587319845056167i,,19.5666664979064,,33757,33953
planning,0.2,85565.442606432,85570.6219558515,5.179349419559,16.4327748460579+0.196210890931149i,16.4271383574642+0.196217625686629i,-0.00563648859371568+6.73475548043645e-06i,,,0.139687716169364,33953,33955
traveling,7.39999999999999,85570.6219558515,85790.4545310999,219.832575248365,16.4271383574642+0.196217625686629i,16.1871025499451+0.19650787440653i,-0.240035807519057+0.000290248719900216i,7.47014275772041,,,33955,34029
planning,0.6,85790.4545310999,85804.8151874937,14.3606563937792,16.1871025499451+0.19650787440653i,16.1714690943764+0.196526763320728i,-0.0156334555687003+1.88889141982951e-05i,,,0.574316341119963,34029,34035
dwelling,20.3,85804.8151874937,86252.4799068064,447.664719312728,16.1714690943764+0.196526763320728i,15.6838963278273+0.197122737496036i,-0.487572766549102+0.000595974175308295i,,20.2333330940042,,34035,34238
planning,0.2,86252.4799068064,86256.6162815376,4.13637473119888,15.6838963278273+0.197122737496036i,15.6793883466494+0.197128312655563i,-0.0045079811779285+5.57515952703813e-06i,,,0.186048674167709,34238,34240
traveling,6.09999999999999,86256.6162815376,86416.8622148885,160.245933350874,15.6793883466494+0.197128312655563i,15.5040147611708+0.197347897331705i,-0.175373585478606+0.000219584676142165i,6.27998910318431,,,34240,34301
planning,0.6,86416.8622148885,86434.4708343078,17.6086194192903,15.5040147611708+0.197347897331705i,15.4846987387207+0.197372299374319i,-0.0193160224500968+2.44020426139746e-05i,,,0.537435186620553,34301,34307
dwelling,20,86434.4708343078,86907.8899474301,473.419113122363,15.4846987387207+0.197372299374319i,14.9662201557861+0.198032829412651i,-0.518478582934597+0.000660530038331192i,,19.9944324734991,,34307,34507
planning,0.2,86907.8899474301,86912.6037654067,4.71381797660433,14.9662201557861+0.198032829412651i,14.96105004252+0.198039511990597i,-0.00517011326611438+6.6825779464208e-06i,,,0.152723680906709,34507,34509
traveling,7.89999999999999,86912.6037654067,87134.3406656926,221.736900285847,14.96105004252+0.198039511990597i,14.7169183272613+0.198359294137364i,-0.244131715258654+0.000319782146766728i,7.86260482783795,,,34509,34588
planning,0.4,87134.3406656926,87144.0123884777,9.67172278513317,14.7169183272613+0.198359294137364i,14.7062887613365+0.19837324591264i,-0.010629565924873+1.39517752763274e-05i,,,0.33751957295481,34588,34592
dwelling,19.7,87144.0123884777,87568.3654026017,424.353014123975,14.7062887613365+0.19837324591264i,14.2399149626882+0.198992017924574i,-0.466373798648297+0.000618772011933527i,,19.666666419603,,34592,34789
planning,0.8,87568.3654026017,87588.0005950213,19.6351924196206,14.2399149626882+0.198992017924574i,14.2182603705936+0.199021273727262i,-0.0216545920945279+2.92558026885881e-05i,,,0.761335830626129,34789,34797
traveling,7.39999999999999,87588.0005950213,87799.9335635981,211.932968576744,14.2182603705936+0.199021273727262i,13.983604669119+0.199342771378936i,-0.234655701474608+0.000321497651674219i,7.4877934255703,,,34797,34871
planning,0.4,87799.9335635981,87811.3594815861,11.4259179880755,13.983604669119+0.199342771378936i,13.9709499400588+0.199360218451i,-0.0126547290602019+1.74470720641084e-05i,,,0.301527239959264,34871,34875
dwelling,20.2,87811.3594815861,88313.876228821,502.516747234913,13.9709499400588+0.199360218451i,13.4145769876127+0.200137127887792i,-0.556372952446086+0.000776909436791318i,,20.1666663710781,,34875,35077
planning,0.3,88313.876228821,88322.5796487687,8.70341994761839,13.4145769876127+0.200137127887792i,13.4048963130349+0.200150956837773i,-0.00968067457787569+1.38289499809485e-05i,,,0.293359175990436,35077,35080
traveling,6.09999999999999,88322.5796487687,88505.2267293882,182.647080619543,13.4048963130349+0.200150956837773i,13.2014490867359+0.200443939312473i,-0.203447226298923+0.000292982474699971i,6.24274448586573,,,35080,35141
planning,0.2,88505.2267293882,88510.500091599,5.27336221077712,13.2014490867359+0.200443939312473i,13.195584625883+0.200452399761198i,-0.00586446085292458+8.46044872496177e-06i,,,0.154811861780663,35141,35143
dwelling,20.2,88510.500091599,88993.9581178386,483.458026239663,13.195584625883+0.200452399761198i,12.6577035964256+0.201239537386834i,-0.537881029457379+0.000787137625636536i,,20.1376516780081,,35143,35345
planning,0.3,88993.9581178386,89002.2551850233,8.29706718468515,12.6577035964256+0.201239537386834i,12.6484319284158+0.201253413380087i,-0.00927166800984303+1.38759932529486e-05i,,,0.215965616526023,35345,35348
traveling,7.79999999999999,89002.2551850233,89248.307171426,246.051986402672,12.6484319284158+0.201253413380087i,12.372459233774+0.201672573286751i,-0.275972694641766+0.000419159906663413i,7.84734719577692,,,35348,35426
planning,0.3,89248.307171426,89256.7949313359,8.48775990994181,12.372459233774+0.201672573286751i,12.3629502698766+0.201687086516354i,-0.00950896389746347+1.45132296033579e-05i,,,0.276190338790941,35426,35429
dwelling,19.7,89256.7949313359,89748.243617172,491.448685836105,12.3629502698766+0.201687086516354i,11.8123674642208+0.202539734205176i,-0.550582805655734+0.000852647688821734i,,19.6333331128029,,35429,35626
planning,0.9,89748.243617172,89775.9862972749,27.7426801028196,11.8123674642208+0.202539734205176i,11.7810982033071+0.202589503601342i,-0.0312692609137777+4.97693961658274e-05i,,,0.844651481646297,35626,35635
traveling,7.39999999999999,89775.9862972749,90025.5780568085,249.591759533607,11.7810982033071+0.202589503601342i,11.4987884637661+0.20304589037325i,-0.28230973954099+0.000456386771908818i,7.47169004068774,,,35635,35709
planning,0.3,90025.5780568085,90033.9993377497,8.421280941242,11.4987884637661+0.20304589037325i,11.4892911136257+0.203061271362136i,-0.00949735014039099+1.53809888860379e-05i,,,0.253738704576519,35709,35712
dwelling,20.2,90033.9993377497,90482.1224967734,448.123159023657,11.4892911136257+0.203061271362136i,10.9847886324576+0.2038869291944i,-0.504502481168114+0.000825657832263987i,,20.1999999549862,,35712,35914
planning,0.7,90482.1224967734,90499.9386244869,17.8161277135659,10.9847886324576+0.2038869291944i,10.9646459858641+0.203920659630545i,-0.0201426465934684+3.37304361450186e-05i,,,0.633196361859088,35914,35921
traveling,6.09999999999999,90499.9386244869,90674.4365433077,174.497918820809,10.9646459858641+0.203920659630545i,10.7667535643418+0.2042561679097i,-0.19789242152229+0.000335508279155072i,6.29648405229643,,,35921,35982
planning,1,90674.4365433077,90702.3177197612,27.8811764534184,10.7667535643418+0.2042561679097i,10.7351223094882+0.204310183433336i,-0.0316312548535738+5.40155236355422e-05i,,,0.937261069474006,35982,35992
dwelling,19.9,90702.3177197612,91197.5075004598,495.189780698624,10.7351223094882+0.204310183433336i,10.1729847682967+0.205287855596776i,-0.562137541191534+0.000977672163440274i,,19.8332016970405,,35992,36191
planning,0.5,91197.5075004598,91212.8409321061,15.3334316462715,10.1729847682967+0.205287855596776i,10.1554690044443+0.205319227378816i,-0.0175157638524102+3.13717820401016e-05i,,,0.444813207941558,36191,36196
traveling,0,91212.8409321061,,,10.1554690044443+0.205319227378816i,,,7.98412418507668,,,36196,
