optimal,current_idx,goal_idx_1,goal_idx_2,goal_idx_3,J_opt_1,J_opt_2,J_opt_3,opt_values_1,opt_values_2,opt_values_3,J_uncertainty_1,J_uncertainty_2,J_uncertainty_3,E_bar_1,E_bar_2,E_bar_3
dwell,1,2,3,4,136.773482932012,142.987748492552,135.373153789207,6.71111110427664,6.71111111049861,6.71111111107507,110.051309926968,115.521847869748,110.031596554294,26.7221730050445,27.4659006228036,25.3415572349131
travel,1,2,3,4,135.655312361707,143.716760591537,131.582932914965,7.39549455314815,7.44271238954954,4.78771560236732,108.856879050082,116.083476321924,105.775079582989,26.7984333116247,27.6332842696121,25.8078533319754
dwell,4,1,2,3,142.152999519231,124.669302867936,134.371950314393,5.67586205778329,5.67586205954863,5.67586205333944,115.799550885673,98.7368100568677,106.737360552528,26.3534486335577,25.932492811068,27.6345897618642
travel,4,1,2,3,140.71799140615,121.403783722624,134.396406724532,4.88369064885667,5.72271939578879,7.29491004695914,113.454426785026,95.5648399544489,107.140299981113,27.2635646211239,25.8389437681753,27.2561067434182
dwell,2,1,3,4,132.67373520466,121.896024305408,132.783224213748,7.90588235283656,7.90588235296371,7.90588235256566,105.605965452546,96.0595244504145,106.766338036645,27.0677697521134,25.8364998549935,26.0168861771025
travel,2,1,3,4,133.233845127138,119.208749081564,131.367228961166,7.39284962578491,5.93341927629402,5.93825915743493,105.483058689686,92.960929739693,104.219728376104,27.7507864374525,26.2478193418709,27.1475005850616
dwell,3,1,2,4,124.342876749052,127.927763753715,124.012992528552,6.85555555529044,6.85555555344558,6.85555555543196,97.1301044855105,101.704310493023,97.0665727602043,27.212772263542,26.2234532606926,26.946419768348
travel,3,1,2,4,126.42922773996,128.252757689361,125.338933262085,7.35930928503393,6.09440362571958,7.35727443974085,99.1578612546695,101.294777275329,98.2590976517482,27.2713664852903,26.9579804140318,27.0798356103366
dwell,4,1,2,3,129.926332602033,132.898213352683,146.019010835579,5.58850573212973,5.58850573279004,5.58850574683412,104.268058817094,106.736558209957,117.720820832333,25.6582737849383,26.1616551427262,28.2981900032458
travel,4,1,2,3,129.235130292546,132.67177826227,149.869805550309,4.74708243389683,5.85932718407366,7.43151783729026,103.575687435059,106.510060349678,121.640445741529,25.6594428574873,26.1617179125914,28.2293598087803
dwell,1,2,3,4,122.000090400915,136.740064179503,137.375834540959,6.66666666665715,6.66666665439261,6.66666664905357,95.5650956270617,109.217251620487,111.667345522646,26.4349947738529,27.5228125590162,25.7084890183131
travel,1,2,3,4,122.331785475098,139.521726073406,137.239328010532,7.37156722414814,7.34673777393118,4.88369065608636,96.0947317134716,111.792606905494,110.52771885034,26.2370537616264,27.7291191679119,26.7116091601916
dwell,2,1,3,4,138.50884752683,128.797664552854,129.335431495579,8.77058823564899,8.77058823052475,8.77058821106253,111.572810560109,103.049247956285,103.797998664883,26.9360369667205,25.748416596569,25.5374328306964
travel,2,1,3,4,136.145615833652,122.71081824369,122.927075903701,7.43151783684197,5.97208782651761,5.89959060451596,108.023492101209,96.1693192819264,96.5066176696799,28.122123732443,26.5414989617636,26.4204582340209
dwell,3,1,2,4,132.609287394785,133.706932053997,122.01952283964,5.69999997607075,5.69999999173709,5.69999999898423,104.724082299987,107.045070178751,94.9679638429284,27.885205094798,26.6618618752456,27.0515589967117
travel,3,1,2,4,135.089694110174,134.193732505201,123.145947784548,7.35930961782951,6.09440318288915,7.35727443825181,107.450486460239,107.119923897107,96.5901942335631,27.6392076499352,27.0738086080941,26.5557535509851
dwell,4,1,2,3,127.246641235647,127.017553994894,138.911040024273,7.51609195351142,7.51609194487983,7.51609195326439,101.951189847381,101.373937496867,111.491762974118,25.2954513882655,25.6436164980273,27.4192770501557
travel,4,1,2,3,124.185236756879,124.655165127256,141.151914562181,4.74708243449844,5.85932755696774,7.43151783708108,98.2935233083364,98.4717341362011,112.971794013201,25.8917134485423,26.1834309910552,28.18012054898
dwell,1,2,3,4,120.319790222861,134.605861212573,135.529052368153,5.7666666649968,5.76666666670504,5.76666665297995,93.585958686773,106.710598726695,109.533700114877,26.7338315360875,27.8952624858777,25.995352253276
travel,1,2,3,4,118.687380775354,134.960676407763,133.177846423971,7.37156722716045,7.34673777419775,4.88369022903546,92.3950033625936,107.227447703821,106.403381622146,26.2923774127605,27.7332287039419,26.7744648018256
dwell,2,1,3,4,137.961605760296,127.981260644031,128.88393357099,8.61176468607473,8.61176470432703,8.61176470588007,110.968562630994,102.201902104118,103.23965029451,26.9930431293021,25.7793585399128,25.6442832764804
travel,2,1,3,4,137.766354169648,124.069065760406,124.627075903701,7.4315178368038,5.97208782644631,5.89959060451562,109.653782783019,97.5554160764784,98.2066178490922,28.1125713866292,26.5136496839276,26.4204580546087
dwell,3,1,2,4,135.395571855482,136.242344349802,124.828441216735,5.84444444455802,5.84444444027921,5.84444444341044,107.592925452107,109.66445902003,97.775696023847,27.8026464033753,26.5778853297711,27.0527451928879
travel,3,1,2,4,138.742018891312,137.479036436842,126.780776573075,7.35930961543013,6.09440363084285,7.35727443818637,111.142162981703,110.483109395806,100.251807848853,27.5998559096096,26.9959270410358,26.5289687242217
dwell,4,1,2,3,132.421116663711,131.70944641269,144.300817499111,7.71034482691541,7.71034479214622,7.71034482420106,107.183406167576,106.105688600608,116.975850724189,25.2377104961342,25.6037578120824,27.3249667749223
travel,4,1,2,3,128.108812436178,128.114745611632,145.363920852216,4.74708243438112,5.8593275511762,7.43151783693949,102.259720369692,102.004057167181,117.217774840827,25.8490920664861,26.1106884444508,28.146146011389
dwell,1,2,3,4,121.607469832924,136.542586268151,137.826882767949,5.8888888734045,5.88888888873913,5.88888888891965,94.9456140582784,108.713338813588,111.860462428234,26.661855774646,27.8292474545625,25.9664203397156
travel,1,2,3,4,121.802794308256,138.860364668114,137.427846423973,7.37156722358074,7.34673777185146,4.88369022903787,95.5759238586354,111.16389052871,110.653381401401,26.2268704496211,27.696474139404,26.7744650225716
dwell,2,1,3,4,138.031933495698,127.971747823943,129.208913637138,8.8235294114249,8.82352937834658,8.82352939196388,111.106099597418,102.244310145727,103.669129957318,26.9258338982805,25.7274376782155,25.5397836798201
travel,2,1,3,4,138.397126708478,124.551455164443,125.491667765412,7.43151783676604,5.97208812686869,5.8995906045605,110.29407498054,98.0561504887602,99.0587086522818,28.1030517279383,26.495304675683,26.4329591131302
dwell,3,1,2,4,133.763641523509,134.66131151169,123.49628448925,5.85555555175072,5.85555555536035,5.85555555549455,105.959514985513,108.07834172625,96.4962993077806,27.8041265379954,26.5829697854403,26.9999851814697
travel,3,1,2,4,133.979694110168,132.957747175741,122.390773080703,7.35930961782484,6.09440364008944,7.35727443831031,106.340486328017,105.897107010352,95.8112741211643,27.6392077821504,27.0606401653888,26.5794989595387
dwell,4,1,2,3,128.094475066053,127.694649819533,139.942662127889,7.47126435615386,7.4712643547244,7.47126435772928,102.793013306215,102.050226553182,112.464478272205,25.3014617598378,25.644423266351,27.478183855684
travel,4,1,2,3,122.71084914427,123.105165127237,139.880343527185,4.74708243451462,5.85932755694919,7.43151783722581,96.8133654651706,96.9217339047121,111.665844051455,25.8974836790999,26.1834312225246,28.2144994757304
dwell,1,2,3,4,115.500190804963,129.829201217204,130.805993520525,5.6444444198963,5.64444444141472,5.64444443713744,88.7012582642912,101.835548386374,104.727784666734,26.798932540672,27.9936528308299,26.0782088537912
travel,1,2,3,4,115.395984152605,131.796698496348,130.116907644262,7.3715672285816,7.34673777797816,4.88369022969041,89.0788539987165,104.005246667699,103.264486480648,26.3171301538886,27.791451828649,26.8524211636144
dwell,2,1,3,4,133.548861543252,124.098114973375,125.126592841319,8.43529410542331,8.43529411704788,8.43529408902668,106.492084803225,98.257190865365,99.4522430986875,27.0567767400266,25.8409241080098,25.6743497426316
travel,2,1,3,4,131.774242513832,118.713254378168,119.481037018731,7.43151783692023,5.97208782663137,5.89959060484678,103.632916744931,92.1276263235821,92.9712946091695,28.1413257689018,26.5856280545861,26.5097424095616
dwell,3,1,2,4,128.101875092473,129.137034507345,118.421944594846,5.52222220805179,5.52222221845426,5.52222220535173,100.115139548117,102.351168969036,91.2480162152032,27.9867355443562,26.7858655383088,27.1739283796428
travel,3,1,2,4,129.326873814712,128.445340932642,118.376987682244,7.35930962053174,6.09440318323431,7.35727443849631,101.643665541762,101.324835475747,91.7244757826679,27.6832082729509,27.1205054568949,26.6525118995761
dwell,4,1,2,3,123.451552003703,123.358487491452,135.028419124415,7.11264367812547,7.11264366266789,7.11264367363089,98.0514839134031,97.5978374306328,107.431519792232,25.4000680902996,25.7606500608196,27.596899332183
travel,4,1,2,3,121.114976084269,121.662771504009,137.830343527186,4.74708243461302,5.85932755997044,7.43151783722632,95.1824298761771,95.4350923163481,109.615844036532,25.9325462080924,26.2276791876608,28.2144994906533
dwell,1,2,3,4,114.61012049903,128.36213194272,129.125035394706,5.5111110960172,5.51111110337994,5.51111111107712,87.7378171265746,100.301562076153,103.00925310593,26.8723033724557,28.060569866567,26.1157822887765
travel,1,2,3,4,113.564196123078,129.282954743935,127.392696841493,7.37156687862751,7.34673777909181,4.88369022963388,87.1965219898372,101.47462813175,100.546880484652,26.3676741332405,27.8083266121854,26.8458163568412
dwell,2,1,3,4,130.887138077341,121.410714942457,122.354701952137,8.13529410448064,8.13529411770904,8.13529411083725,103.708226231994,95.4844978040839,96.6359194092699,27.1789118453471,25.9262171383728,25.7187825428669
travel,2,1,3,4,130.462174720874,117.427964291718,118.046243523466,7.43151783706055,5.9720878267032,5.89959060489744,102.28693269904,90.81666709855,91.5234005087088,28.1752420218342,26.6112971931682,26.522843014757
dwell,3,1,2,4,127.939827524171,128.599743772372,118.124070500269,5.45555555282998,5.45555555405236,5.45555555524768,99.9076160086022,101.798796973021,90.9204032189663,28.0322115155692,26.8009467993514,27.2036672813031
travel,3,1,2,4,129.591307162566,128.262866863093,118.497826604313,7.35930962179209,6.09440318303439,7.35727443850532,101.887846927782,101.169161884534,91.8417698606598,27.7034602347843,27.0937049785588,26.6560567436528
dwell,4,1,2,3,126.850218753748,126.169038809144,138.196357743643,7.21724137201888,7.21724137948038,7.21724137932982,101.478377664564,100.458775937677,110.626792387851,25.3718410891839,25.7102628714665,27.5695653557922
travel,4,1,2,3,122.987102171542,122.965165127257,139.46191456218,4.74708243460515,5.85932755696922,7.43151783708093,97.0575066249161,96.7817339689073,111.281794575402,25.9295955466258,26.1834311583498,28.1801199867782
dwell,2,1,3,4,124.261786973086,133.368330323239,136.320277169554,6.22941176309762,6.22941175692374,6.22941176479671,97.1650778353957,106.669023207338,109.745866879441,27.0967091376902,26.6993071159006,26.5744102901137
travel,2,1,3,4,125.721113944908,133.671419361693,136.698362134722,7.39284928330857,5.93341961320982,5.9382591578768,99.0315645799915,106.582925340723,109.479172250562,26.6895493649161,27.0884940209695,27.2191898841609
dwell,1,2,3,4,138.63634314106,133.297997443887,132.800233071815,7.35555555532984,7.35555555566884,7.35555555519362,111.828852305456,106.356809122962,107.557744375262,26.8074908356036,26.9411883209252,25.2424886965535
travel,1,2,3,4,136.575928531105,131.434754674739,127.231390091044,7.4315182688764,7.40668869676121,4.82373926663571,109.191856387318,104.346451275015,101.298923415404,27.3840721437872,27.0883033997236,25.9324666756401
dwell,4,1,2,3,138.285169228729,127.33779676344,124.460435971709,5.15517241370296,5.15517238914406,5.15517241036945,111.700410591076,100.914008859239,96.9075574642458,26.5847586376534,26.4237879042012,27.5528785074631
travel,4,1,2,3,141.556164503861,129.029290673555,129.180479479916,4.88369064709441,5.7227193974743,7.29491004585772,114.304136655959,102.740394233754,102.41836733692,27.2520278479017,26.2888964398011,26.7621121429962
dwell,2,1,3,4,140.748896849305,123.372858364728,140.755418180582,5.89411764497023,5.89411761467304,5.89411764692407,112.834902726178,97.2065742104677,114.046363274669,27.9139941231275,26.1662841542607,26.709054905913
travel,2,1,3,4,144.184486676797,124.15528002917,142.24545306418,7.3928492862688,5.93341927561611,5.93825915795301,116.344547740386,98.2422722591058,115.014098888393,27.8399389364114,25.9130077700639,27.2313541757875
dwell,3,1,2,4,131.691963269652,133.888891729705,130.921449217506,8.47777776097589,8.47777777345353,8.47777777756185,105.011644090533,108.161504613107,104.489711425267,26.6803191791189,25.727387116598,26.4317377922386
travel,3,1,2,4,127.788714471751,128.38265796891,126.417310579142,7.3593092850857,6.09440361304662,7.35727443972691,100.496793597611,101.522770133837,99.341807987084,27.29192087414,26.8598878350736,27.0755025920584
dwell,4,1,2,3,130.059912961511,131.978906683107,146.216744818471,5.55862068708789,5.55862068313124,5.55862068968006,104.380396984344,105.835816485137,117.869347513509,25.6795159771671,26.1430901979699,28.3473973049617
travel,4,1,2,3,129.521812539059,131.834227680634,150.258541168418,4.74708243395153,5.859327550934,7.43151783753302,103.839929330164,105.727724266051,121.974037978575,25.6818832088957,26.1065034145833,28.2845031898423
dwell,1,2,3,4,121.246991921459,137.091847730982,137.365827933518,6.55555555124343,6.55555555578532,6.5555555554619,94.800900734826,109.494678707764,111.62043111322,26.4460911866331,27.5971690232175,25.7453968202977
travel,1,2,3,4,122.186157910093,140.55957988549,137.863086360002,7.37156722199534,7.34673777714377,4.88369065706034,95.9894882050585,112.780713467148,111.145275431457,26.1966697050348,27.778866418342,26.7178109285453
dwell,2,1,3,4,137.792438191553,128.557482577327,128.713902563076,8.96470586139707,8.96470587859488,8.96470587234916,110.919419428025,102.839739272725,103.217328278822,26.873018763528,25.7177433046023,25.4965742842534
travel,2,1,3,4,135.166354169648,122.229075342875,122.0270759037,7.43151783680381,5.9720878266083,5.89959060451519,107.053782559586,95.6529875269011,95.6066181401102,28.1125716100622,26.5760878159738,26.4204577635898
dwell,4,1,2,3,131.906228482568,135.168396715884,124.566458536086,5.52873563250168,5.52873563101987,5.52873563064443,105.874255283979,108.557389468272,97.0937045043858,26.0319731985898,26.6110072476118,27.4727540316999
travel,4,1,2,3,129.775751761355,134.21763056157,125.340741253353,4.66815046517109,5.93825915996543,7.35258586174979,103.325798728029,107.206130433568,98.5893906460214,26.449953033326,27.0115001280024,26.7513506073316
dwell,3,1,2,4,134.137644795938,132.262529441482,141.753363891699,7.17777777456767,7.17777777234228,7.17777777624035,107.147223822111,106.454418195326,114.602867497004,26.9904209738264,25.8081112461566,27.1504963946953
travel,3,1,2,4,134.249043611211,129.54882462596,142.253396553107,7.43355298336744,6.02015978188251,7.43151823846367,107.200562846443,103.303514205193,114.561559188814,27.0484807647686,26.2453104207672,27.6918373642937
dwell,2,1,3,4,129.960953865518,144.909677503449,135.464762044234,6.24705882352291,6.24705882370736,6.247058817527,102.897996327206,117.893675094911,109.263631334483,27.0629575383123,27.0160024085374,26.2011307097505
travel,2,1,3,4,130.779411086601,145.865365758978,134.073877655794,7.309202484628,6.0944035708398,5.77727525657975,104.10644741245,118.116347226867,107.586950235331,26.6729636741504,27.7490185321112,26.4869274204626
dwell,1,2,3,4,142.538924222126,142.582745073889,129.497917697741,7.48888887152797,7.48888886745635,7.48888888102403,115.766948099714,115.408582132462,104.471685924404,26.771976122412,27.1741629414263,25.0262317733376
travel,1,2,3,4,139.814783771287,140.640806919479,122.447747247184,7.43151827143377,7.40668872754192,4.8237392648806,112.406888739398,112.976987785235,97.0359100189398,27.4078950318888,27.663819134244,25.4118372282438
dwell,4,1,2,3,133.999334865905,122.84359353679,126.346910811154,7.53103448279223,7.53103447923009,7.53103447939259,108.297631312359,97.2211532742622,99.4465145825634,25.7017035535468,25.6224402625281,26.9003962285901
travel,4,1,2,3,132.658027051879,119.789465233761,126.445722226138,4.8836906255664,5.72271939704297,7.29491004673721,105.551115480191,93.6040489812915,99.2799984260953,27.1069115716884,26.1854162524695,27.1657238000425
dwell,2,1,3,4,132.109413057173,120.813959071128,133.043446548229,6.38823529326386,6.38823529300983,6.3882352934198,104.497419214919,94.594168308179,106.535627946403,27.6119938422539,26.2197907629494,26.5078186018257
travel,2,1,3,4,135.671760416555,121.708604668148,134.734077158132,7.39284962129383,5.93341927620244,5.93825915761517,107.990986672373,95.5028461949801,107.556972601916,27.6807737441822,26.2057584731674,27.1771045562166
dwell,3,1,2,4,126.517674076466,130.459300994394,126.966707030263,7.04444444203459,7.04444442423649,7.04444444450266,99.4076188689875,104.276175863271,100.079653380187,27.1100552074782,26.1831251311231,26.8870536500762
travel,3,1,2,4,125.654457891171,128.012757689371,125.512222550497,7.35930928491689,6.09440362573183,7.35727443985601,98.4303575939909,101.054777582194,98.3974165268244,27.2241002971796,26.9579801071775,27.1148060236728
dwell,4,1,2,3,128.451340032314,132.102369511728,145.389105665604,5.42413792303061,5.42413793103637,5.42413793017996,102.690994250483,105.876455669854,116.973987624069,25.7603457818306,26.225913841874,28.4151180415344
travel,4,1,2,3,128.261436867641,132.314465923146,149.668609571268,4.7470824338379,5.85932755665807,7.43151783750946,102.626531195751,106.135399103425,121.389162361003,25.6349056718902,26.1790668197208,28.279447210265
dwell,1,2,3,4,120.033243051147,134.810563177502,135.130139421167,6.74444441352558,6.74444444377051,6.74444444430844,93.6087122592105,107.292575271949,109.439348221898,26.4245307919369,27.5179879055523,25.6907911992689
travel,1,2,3,4,119.489375439777,136.747651981865,134.134484914015,7.37156722562721,7.3467377776907,4.8836906599331,93.2248749847475,108.960401933947,107.397957633474,26.2645004550298,27.7872500479173,26.7365272805411
dwell,2,1,3,4,136.21424261665,126.879001918046,127.138135481127,8.64705882222749,8.64705878916522,8.64705882351286,109.231445998734,101.086678340396,101.567848629918,26.9827966179157,25.7923235776499,25.5702868512096
travel,2,1,3,4,135.425980714727,122.449075342875,122.298597126783,7.43151783682316,5.97208782660858,5.89959060453072,107.308637052937,95.8729874680749,95.8739810990924,28.1173436617901,26.5760878748004,26.4246160276903
dwell,4,1,2,3,130.681290080565,133.864320218672,123.33066811385,5.45402298020543,5.45402298518335,5.45402298802052,104.572371693322,107.218998463221,95.9035337044122,26.1089183872429,26.6453217554512,27.4271344094381
travel,4,1,2,3,128.60957355092,132.943796661443,124.128451102368,4.66815046526999,5.93825916006411,7.35258586177603,102.135726191468,105.918986170022,97.363512138313,26.473847359452,27.0248104914212,26.7649389640551
dwell,3,1,2,4,130.376179261382,128.564922216196,137.891467380707,7.04444444005897,7.04444444453307,7.04444444382794,103.316799435781,102.702884947718,110.668226905916,27.0593798256007,25.8620372684777,27.2232404747915
travel,3,1,2,4,128.630034505302,124.120614981014,136.602250416732,7.43355268114221,6.02016016006455,7.43151824562093,101.521996743344,97.8084172411026,108.836653976837,27.1080377619576,26.3121977399119,27.7655964398949
dwell,2,1,3,4,125.004499316456,139.505960606279,130.499209130851,5.9647058725092,5.96470588248144,5.9647058818476,97.7999673856214,112.335355982406,104.172266185951,27.2045319308343,27.1706046238736,26.3269429449
travel,2,1,3,4,125.346369130185,139.939321882977,128.687750924855,7.30920248475648,6.09440357759129,5.77727525690112,98.6072064769233,112.131371727655,102.117407928835,26.7391626532613,27.8079501553217,26.5703429960198
dwell,1,2,3,4,139.029742784526,139.343003784731,126.683601458463,7.25555555198255,7.25555554649623,7.25555555067277,112.180569962235,112.066139866964,101.593603711014,26.8491728222906,27.2768639177669,25.0899977474486
travel,1,2,3,4,140.465197813817,141.850806919483,124.059966494076,7.43151826579606,7.40668872754555,4.82373957743427,113.110578686255,114.186988142308,98.6251299154881,27.3546191275613,27.6638187771754,25.4348365785883
dwell,4,1,2,3,135.035692158283,123.712053871294,127.658216257568,7.39655172410536,7.39655170568039,7.39655170655234,109.307729635656,98.0696429736182,100.709972506729,25.7279625226271,25.6424108976757,26.9482437508396
travel,4,1,2,3,130.978027051863,118.10946523376,125.108887741386,4.88369062554947,5.72271939704177,7.29491004680941,103.871115496226,91.9240488016757,97.9134298213484,27.1069115556369,26.1854164320839,27.1954579200377
dwell,2,1,3,4,128.208726747848,117.211728312716,129.475680480434,6.28235294071427,6.282352938431,6.28235294101594,100.535967722894,90.9372551240463,102.894031875654,27.6727590249541,26.2744731886694,26.5816486047799
travel,2,1,3,4,129.307883629437,115.664063525204,128.881950953554,7.39284962468996,5.93341927632934,5.93825958837022,101.573741088159,89.4002103188546,101.588826934266,27.7341425412786,26.263853206349,27.2931240192878
dwell,3,1,2,4,122.304532952031,126.12478930318,123.186150224399,6.83333332467703,6.83333333356972,6.83333333274067,95.0975583608512,99.8965925193951,96.1853660467136,27.2069745911798,26.2281967837847,27.0007841776853
travel,3,1,2,4,123.589921896683,125.705422578318,123.866827107696,7.35930928498328,6.09440362654466,7.35727444006836,96.3389301890183,98.7411628942109,96.6894890466295,27.2509917076643,26.9642596841072,27.1773380610669
dwell,1,2,3,4,132.757545648675,144.912764708569,127.818324667435,5.47777775214663,5.47777776505358,5.47777777522512,105.63186823342,116.519655841502,102.295921214551,27.1256774152544,28.3931088670667,25.5224034528843
travel,1,2,3,4,135.504982243581,150.292644814795,128.050993170485,7.35928580692928,7.47892080085812,4.75150717729606,108.78059745064,122.05612977274,102.535888360698,26.7243847929408,28.2365150420555,25.5151048097878
dwell,4,1,2,3,138.958493982988,120.519521159409,136.242879594247,7.06781609214845,7.06781609197207,7.06781608922894,113.128497156203,95.0011687593722,108.924471295646,25.8299968267848,25.5183524000365,27.3184082986004
travel,4,1,2,3,138.566578767293,117.885630780668,137.940747122854,4.88369062332565,5.72271973533433,7.29491038371082,111.4758491626,92.1952419194944,110.256037677927,27.0907296046928,25.6903888611735,27.6847094449266
dwell,2,1,3,4,127.191632188088,121.518754601008,127.940157853354,8.66470587729174,8.66470587759384,8.66470588238949,100.433036105603,95.7374607139523,102.147060916012,26.758596082486,25.7812938870554,25.7930969373423
travel,2,1,3,4,125.844048560982,117.374478866035,124.738432774675,7.39284961658818,5.93341958080845,5.93825915702673,98.239334180239,90.8078624710318,97.6604690014921,27.6047143807429,26.5666163950037,27.0779637731827
dwell,3,1,2,4,124.524392322657,129.760406124394,125.062979710162,5.69999999404721,5.69999999965138,5.69999999777519,96.9109120361575,103.124875810304,97.6995882890282,27.6134802864996,26.6355303140901,27.3633914211343
travel,3,1,2,4,124.479305344018,128.084785190381,124.332204123174,7.35930928485239,6.09440363912152,7.3572744397693,97.2817854520272,101.030700919769,97.2436767747457,27.1975198919904,27.0540842706127,27.088527348428
dwell,4,1,2,3,125.809545844582,130.61720089639,143.424648237766,5.46896551688342,5.46896551680545,5.46896551740039,100.140472327844,104.365280508726,113.949996971421,25.6690735167387,26.2519203876637,29.4746512663455
travel,4,1,2,3,126.702777132308,131.966132630844,148.488482177401,4.74708271588753,5.85932718441828,7.43151783755434,101.087208241239,105.720440502372,120.198915250776,25.6155688910686,26.2456921284721,28.2895669266251
dwell,1,2,3,4,119.24891881371,133.237956301314,133.362008629737,6.83333333156795,6.83333330375434,6.8333333333636,92.7755995944265,105.700627442076,107.704857388121,26.473319219283,27.5373288592376,25.6571512416161
travel,1,2,3,4,119.906741926191,136.429579885477,133.518175094852,7.37156722776145,7.34673777713129,4.8836906532054,93.6037978407938,108.650713416019,106.825061034343,26.3029440853974,27.7788664694573,26.6931140605085
dwell,2,1,3,4,135.940539198783,126.584860947968,126.664210606609,8.41764705381243,8.41764704965803,8.41764704799278,108.864585891616,100.736626708254,101.048645614144,27.0759533071671,25.8482342397133,25.6155649924654
travel,2,1,3,4,133.794242513833,120.84748076574,120.520127736492,7.43151783692031,5.97208782665927,5.89959060454528,105.652917381967,94.2522653803789,94.091345039219,28.1413251318666,26.595215385361,26.4287826972731
dwell,4,1,2,3,127.937638765396,131.243673787855,120.640482051247,5.39425286477438,5.3942528736141,5.39425287316309,101.834646710171,104.549486806962,93.1700802456086,26.1029920552255,26.694186980893,27.4704018056388
travel,4,1,2,3,127.624671182275,132.016387902894,123.173820245671,4.66815046535334,5.93825916027133,7.35258586180922,101.130683767215,104.964718991992,96.3924554448494,26.49398741506,27.0516689109018,26.7813648008216
dwell,3,1,2,4,130.043181887284,128.267284973324,137.216642433909,6.98888887132924,6.98888886242118,6.98888888016917,102.956864781456,102.383594412255,109.985561478754,27.0863171058278,25.8836905610694,27.2310809551551
travel,3,1,2,4,130.008025636542,125.460614981022,137.518081714615,7.43355268114984,6.02016016007166,7.43151824111481,102.896808777437,99.1484174444098,109.798120705287,27.111216859105,26.3121975366118,27.7199610093281
dwell,2,1,3,4,127.126494381236,141.457576308316,132.179591645993,5.99999999996893,6.00000000017859,5.99999997809207,99.9373100920552,114.318454157692,105.88609461357,27.1891842891804,27.1391221506242,26.2934970324232
travel,2,1,3,4,128.193821215545,142.576301460214,131.025927573268,7.30920248474059,6.09440357262911,5.77727525669496,101.462718076725,114.811338589305,104.508682861096,26.7311031388195,27.7649628709092,26.5172447121727
dwell,1,2,3,4,140.602235868121,140.695130637362,127.779680347067,7.25555552821299,7.25555555567391,7.2555555441155,113.750056667964,113.428184700706,102.700026500877,26.8521792001566,27.2669459366565,25.0796538461894
travel,1,2,3,4,141.211591483614,142.294339336779,124.268003256029,7.43151826760802,7.40668872683386,4.82373926488845,113.839343698758,114.642508806531,98.8533126696849,27.3722477848559,27.6518305302481,25.4146905863439
dwell,4,1,2,3,134.84018015214,123.627747165749,127.304422792005,7.48620689457884,7.48620686517209,7.48620689586446,109.133342538261,98.0010273255875,100.390321623104,25.7068376138792,25.6267198401612,26.9141011689015
travel,4,1,2,3,131.148538506134,118.360948142954,125.086321661764,4.88369062628896,5.7227193970771,7.29491004677701,104.036207904027,92.1667695164931,97.90412693338,27.1123306021072,26.1941786264613,27.1821947283844
dwell,2,1,3,4,130.374494204031,119.208250032063,131.509453134086,6.3352941178004,6.33529411779169,6.33529410605808,102.734603550643,92.9628825212749,104.965202340271,27.6398906533875,26.2453675107882,26.5442507938152
travel,2,1,3,4,131.964146651632,118.141096420618,131.342612745902,7.39284962310133,5.93341927626436,5.93825915803312,104.254772685882,91.9065289401062,104.099032153809,27.7093739657494,26.2345674805117,27.2435805920935
dwell,3,1,2,4,123.683172955508,127.66173987001,124.406961857633,6.9333333287326,6.93333333319729,6.93333332119976,96.5211778407765,101.464274385621,97.4570657937018,27.161995114731,26.1974654843891,26.9498960639314
travel,3,1,2,4,125.692623742685,127.950111890161,125.770810262472,7.35930928492525,6.09440362489852,7.35727443993047,98.4651790488565,100.998393403391,98.6338684088743,27.2274446938281,26.9517184867703,27.1369418535979
dwell,1,2,3,4,131.309361806507,143.302058739713,125.957905644766,5.4555555502571,5.45555554614335,5.45555554930527,104.155529578312,114.875223672198,100.429301157905,27.1538322281952,28.426835067515,25.5286044868611
travel,1,2,3,4,132.502722843592,147.06104652555,124.58298509708,7.35928543293524,7.47892080109545,4.75150717806902,105.729333182347,118.769663865545,99.0555340508088,26.7733896612443,28.2913826600041,25.5274510462714
dwell,4,1,2,3,137.206897819172,118.804303534883,134.345154838434,7.05287355759611,7.05287356314131,7.05287355811668,110.826128412207,93.2703973533737,107.004499822435,26.3807694069643,25.5339061815089,27.3406550159991
travel,4,1,2,3,136.067529980279,115.842054278461,135.711203530151,4.88369062478787,5.72271973705144,7.2949103860579,108.96602506312,90.1224444390225,107.989629869511,27.1015049171589,25.7196098394386,27.7215736606398
dwell,2,1,3,4,125.328203587872,119.866732501028,126.072974850013,8.50588235336555,8.50588235232519,8.50588235293485,98.5154102316427,94.0366902240355,100.23579247639,26.812793356229,25.8300422769929,25.8371823736228
travel,2,1,3,4,123.076758297501,114.869448225317,122.004321122306,7.39284961803932,5.93341927717132,5.93825915719303,95.4482694223791,88.2613654500137,94.8976394904598,27.6284888751216,26.6080827753035,27.1066816318465
dwell,3,1,2,4,121.156407934211,126.479984217921,121.789091129196,5.52222222230563,5.5222222222527,5.52222221186186,93.4434123601221,99.5053281095491,94.3266236522092,27.7129955740894,26.9746561083718,27.4624674769871
travel,3,1,2,4,125.175564590103,128.641843657429,125.003852353348,7.35930928486873,6.09440363813419,7.3572744397836,97.9714286564469,101.594295535316,97.9109666519649,27.2041359336564,27.0475481221135,27.0928857013831
dwell,4,1,2,3,126.174317305131,130.887974601005,143.083115108488,5.43908045665455,5.43908045979497,5.43908045977146,100.492357791374,104.625337933331,114.682432571072,25.6819595137575,26.2626366676736,28.4006825374168
travel,4,1,2,3,123.673501519537,129.013418486633,145.088432624433,4.74708243385607,5.85932718457222,7.43151783757689,98.0312784608221,102.731148650739,116.793792218499,25.6422230587152,26.282269835894,28.2946404059343
dwell,1,2,3,4,118.293377243465,131.949499732268,132.342764290841,6.75555555564315,6.7555555537723,6.75555555459507,91.8349597369886,104.438507081661,106.623220527003,26.458417506476,27.5109926506067,25.7195437638373
travel,1,2,3,4,118.165487060714,134.269579885465,131.73448491404,7.37156722917427,7.34673777712064,4.88369065996151,91.8376436993149,106.490713441187,104.997958004742,26.3278433613996,27.7788664442775,26.7365269092976
dwell,2,1,3,4,137.358962116685,127.926733955002,128.226644605296,8.4352941176404,8.43529411113104,8.43529411493125,110.316283913939,102.093322825126,102.616508128068,27.0426782027463,25.8334111298759,25.6101364772271
travel,2,1,3,4,136.407525746311,123.398881584633,123.284061487815,7.43151783674665,5.97208813025234,5.89959060448534,108.309223086467,96.8385920592729,96.8718921825242,28.0983026598439,26.5602895253602,26.4121693052907
dwell,4,1,2,3,131.503238433195,134.849847786524,124.10226726454,5.49885057474096,5.49885056864236,5.49885057076297,105.458970786154,108.177128442716,96.7037574227385,26.0442676470401,26.6727193438077,27.3985098418014
travel,4,1,2,3,130.967882135132,135.424579533209,126.460636710765,4.6681507956354,5.93825915991353,7.35258586172887,104.525828500341,108.419705015786,99.7200920579838,26.4420536347914,27.0048745174231,26.7405446527812
dwell,3,1,2,4,133.55794303533,131.775872374602,141.103360697114,7.17777777193627,7.17777777256766,7.17777777808046,106.56430540907,105.962214996585,113.952829075756,26.9936376262602,25.8136573780172,27.1505316213581
travel,3,1,2,4,134.116951272925,129.500252783705,142.030497693038,7.43355298348791,6.02016015565444,7.43151823794626,107.065375549722,103.246166596513,114.344248461299,27.051575723203,26.2540861871924,27.686249231739
dwell,2,1,3,4,130.713950021013,145.601655364124,136.11443271878,6.24705882357879,6.24705882359514,6.24705881741527,103.652600912224,118.579874292745,109.919247594262,27.0613491087887,27.0217810713795,26.1951851245183
travel,2,1,3,4,131.089411086601,146.094800808246,134.280524642887,7.30920248462748,6.09440356964542,5.77727525654808,104.4164478473,118.356359335588,107.802172282902,26.6729632393007,27.7384414726576,26.4783523599852
dwell,1,2,3,4,144.413602180372,144.426919697915,131.268978410237,7.53333331513732,7.53333333298608,7.53333333252985,117.665717862638,117.280639769047,106.25786511386,26.7478843177346,27.1462799288684,25.0111132963767
travel,1,2,3,4,143.865197813828,144.78528129571,126.455140606075,7.4315182658087,7.40668872464353,4.82373926478763,116.510578830627,117.169080205868,101.077075186658,27.3546189832009,27.6162010898421,25.3780654194175
dwell,4,1,2,3,135.392945486136,124.029869006105,127.505973934314,7.6206896504332,7.62068964914307,7.620689641666,109.715631365924,98.4344217852201,100.645397128137,25.6773141202123,25.5954472208849,26.8605768061776
travel,4,1,2,3,134.397529980289,121.265951955742,127.9210099208,4.88369062479818,5.72271976744049,7.29491004667513,107.296024983198,95.1022528729388,100.781394228601,27.1015049970917,26.1636990828032,27.1396156921997
dwell,2,1,3,4,133.478525814921,121.96024815232,134.392507452878,6.47647058817909,6.47647058101947,6.47647058828672,105.907577868045,95.7786880170461,107.920217741472,27.5709479468754,26.1815601352736,26.4722897114069
travel,2,1,3,4,135.630652703266,121.403805241992,134.707496209098,7.39284962153692,5.93341927616816,5.93825915765132,107.94581236867,95.2135633894567,107.52442539776,27.6848403345958,26.1902418525357,27.1830708113378
dwell,3,1,2,4,126.199618251278,130.24115529794,126.646823861979,7.11111111077423,7.11111110699567,7.11111110928524,99.1123829683644,104.104451329515,99.7812586387564,27.0872352829133,26.1367039684249,26.8655652232226
travel,3,1,2,4,125.354457891171,127.838106644193,125.212222550498,7.35930928491723,6.09440362742266,7.35727443985666,98.1303571364067,100.86754977037,98.0974161180359,27.2241007547641,26.9705568738234,27.1148064324621
dwell,4,1,2,3,126.245858141025,130.126127129098,143.207291680699,5.34942528718701,5.34942526852467,5.34942528733672,100.527351126674,103.857071121124,114.80654501492,25.7185070143511,26.2690560079745,28.400746665779
travel,4,1,2,3,123.429918939073,127.885275253767,144.868416111987,4.74708243390925,5.85932756140547,7.43151822110736,97.7655181804334,101.644103666015,116.527718684875,25.6644007586401,26.2411715877518,28.3406974271126
dwell,1,2,3,4,119.125616946134,133.695174370669,133.795527712305,6.69999999868908,6.69999998308407,6.69999998134093,92.6754867062133,106.14959616915,108.095347124728,26.4501302399206,27.5455782015187,25.7001805875767
travel,1,2,3,4,117.226948193808,134.200221130312,131.382187485906,7.37156722756541,7.34673777992399,4.8836902288319,90.9275333117201,106.379168019371,104.633089301423,26.2994148820881,27.8210531109413,26.7490981844825
dwell,2,1,3,4,133.435583267152,124.230213294131,124.369160813935,8.43529411779829,8.43529410136816,8.43529411606627,106.368582055042,98.3744895930997,98.7022271030439,27.0670012121098,25.8557237010318,25.6669337108914
travel,2,1,3,4,134.784911886083,121.993658176444,121.641667765413,7.43151783688089,5.97208782667581,5.89959060456071,106.653203497215,95.3920258900512,95.2087085831852,28.1317083888676,26.6016322863929,26.4329591822276
dwell,4,1,2,3,131.304059673484,134.100477856735,124.13855575809,5.46896551240773,5.4689655173774,5.46896551006636,105.242473381915,107.484253401589,96.7082954081675,26.061586291569,26.6162244551468,27.4302603499227
travel,4,1,2,3,130.04159742699,133.886715717507,125.751119586704,4.66815046523692,5.93825961386738,7.35258586179213,103.57574798492,106.921187581723,98.9779839987237,26.4658494420706,26.9655281357842,26.77313558798
dwell,3,1,2,4,135.148570964044,132.748944332697,142.553990790964,7.09999999725204,7.09999999619251,7.09999999984512,108.125737701479,106.934685785674,115.381291173146,27.0228332625646,25.814258547023,27.1726996178181
travel,3,1,2,4,136.636951272936,131.292330755193,144.339028040722,7.43355298349535,6.02016015127736,7.43151823588227,109.585375571,105.090262878617,116.675012800409,27.051575701936,26.2020678765752,27.6640152403129
dwell,2,1,3,4,132.769809731195,147.519935601911,137.91381436908,6.47647057880994,6.476470588564,6.47647056523226,105.79283676678,120.602065460462,111.802827206627,26.9769729644152,26.9178701414496,26.1109871624525
travel,2,1,3,4,135.342618976429,150.242520820682,138.199678453944,7.30920248458435,6.09440356339733,5.77727525634677,108.69296090935,122.56151006729,111.77614491861,26.6496580670787,27.6810107533925,26.4235335353348
dwell,1,2,3,4,149.000686366007,149.034235060788,135.627867499037,7.65555555372293,7.65555554119978,7.65555554309714,122.316714032895,121.956609840163,110.655811950321,26.6839723331125,27.0776252206256,24.9720555487157
travel,1,2,3,4,148.972879816723,149.955981457682,131.342789062516,7.43151825935158,7.40668872098972,4.82373957126977,121.681810654843,122.401909662764,106.013807046495,27.2910691618802,27.5540717949184,25.3289820160209
dwell,4,1,2,3,144.2100157831,131.350109576364,135.126939707218,8.02413793114754,8.02413793106339,8.02413792641145,118.075644264836,105.882658187099,108.433960302168,26.1343715182639,25.4674513892646,26.6929794050507
travel,4,1,2,3,138.714064692936,124.876011332009,131.724577171166,4.88369061906928,5.72271939667543,7.29491035026221,111.655363902846,98.7841793969174,104.65523451186,27.0587007900906,26.0918319350919,27.0693426593059
dwell,2,1,3,4,133.973595510528,122.012000471987,135.510131131351,6.65294117299226,6.65294117371422,6.65294117368929,106.480569188403,95.902944398277,109.066572668607,27.493026322125,26.10905607371,26.4435584627443
travel,2,1,3,4,134.189551639568,119.437203862491,134.084510457925,7.39284962178472,5.93341927609867,5.9382595866496,106.500638318884,93.2801151378045,106.803868444571,27.6889133206836,26.1570887246866,27.2806420133537
dwell,3,1,2,4,125.763458764464,129.845834316518,126.828366731014,7.29999999938427,7.29999999700159,7.29999998485745,98.7492997637748,103.768995432267,100.002558705689,27.0141590006891,26.0768388842517,26.8258080253253
travel,3,1,2,4,125.647432572215,128.147485094099,126.186068699174,7.35930928486033,6.09440362406508,7.35727443997654,98.4466072566999,101.202010148657,99.0357409456695,27.2008253155151,26.9454749454424,27.1503277535047
dwell,1,2,3,4,131.11563050365,143.260569884228,126.00594419404,5.54444442278068,5.54444444307926,5.54444443854551,104.001495490074,114.873743331323,100.497366760511,27.1141350135755,28.3868265529044,25.5085774335289
travel,1,2,3,4,133.479060072007,148.301145876574,125.812476824563,7.35928580895816,7.47892080107332,4.75150717784736,106.728090713047,120.014793365224,100.288122499078,26.7509693589604,28.2863525113504,25.5243543254847
dwell,4,1,2,3,135.622055849141,117.570434457769,133.228622050784,6.97816091987913,6.97816091962335,6.9781609194652,109.752507348279,92.0169170892141,105.847535686371,25.8695485008615,25.5535173685549,27.3810863644128
travel,4,1,2,3,136.248027051885,115.922423566937,135.968144545369,4.88369062557119,5.72271973689138,7.29491038686913,109.141115589204,90.2060888932235,108.234165954663,27.1069114626809,25.7163346737133,27.733978590706
dwell,2,1,3,4,125.803285802669,120.414209266901,126.375279445466,8.54117647056734,8.54117647034302,8.54117646551761,99.0018804428102,94.5904995671216,100.555315467779,26.8014053598593,25.8237096997791,25.8199639776873
travel,2,1,3,4,124.720374747471,116.591341832928,123.392186054729,7.39284961733055,5.93341927716214,5.9382591569627,97.1038012668402,89.9864798665033,96.325608874722,27.6165734806308,26.604861966425,27.0665771800069
dwell,3,1,2,4,121.569628103555,126.877577261067,122.013477373486,5.49999999981256,5.49999999864616,5.49999999906697,93.8463597756296,100.139441448462,94.5515654607228,27.7232683279257,26.7381358126051,27.4619119127633
travel,3,1,2,4,124.028140776187,127.5937325052,123.70385235335,7.35930928490079,6.09440318288693,7.35727443978407,96.8107147737669,100.519923981506,96.610966242563,27.2174260024203,27.0738085236936,27.0928861107874
dwell,4,1,2,3,125.79302759855,130.530170193323,142.641420588714,5.4689655062342,5.46896550600259,5.46896551425384,100.116635474268,104.273443377606,114.254147608628,25.6763921242823,26.2567268157169,28.3872729800862
travel,4,1,2,3,126.246747540958,131.468776066158,147.608870990105,4.74708243382736,5.85932718447548,7.43151783744247,100.61670061928,105.209454227335,119.344540760472,25.630046921678,26.2593218388232,28.2643302296325
dwell,1,2,3,4,122.410573155697,136.265942150622,136.518830899692,6.86666664720106,6.86666664933916,6.86666666336826,96.0061184846839,108.82475354275,110.888661932533,26.404454671013,27.4411886078718,25.6301689671593
travel,1,2,3,4,119.106163460432,135.254520930304,132.591872475116,7.37156722835672,7.34673777577458,4.8836906541565,92.792590238902,107.496497440047,105.892611376278,26.3135732215296,27.7580234902572,26.6992610988377
dwell,2,1,3,4,137.339052643002,127.529506701277,127.759955978107,8.4529411764606,8.45294117472851,8.45294114694015,110.282442096109,101.701463718009,102.158282643146,27.0566105468927,25.828042983268,25.6016733349608
travel,2,1,3,4,135.513303696256,122.028881584647,121.862568230578,7.43151783697994,5.97208813026252,5.89959060447067,107.357491303017,95.4685921535983,95.454529444839,28.1558123932388,26.5602894310487,26.4080387857386
dwell,4,1,2,3,132.022561352868,134.953280001151,124.202057833771,5.5735632097719,5.57356321821389,5.57356321840517,105.99192578687,108.360289520037,96.8423682532017,26.030635565998,26.5929904811135,27.3596895805694
travel,4,1,2,3,130.167585515284,134.234579533208,125.195605392544,4.6681504653032,5.93825915991023,7.3525858617179,103.685707445968,107.229704820525,98.4604420161968,26.4818780693164,27.0048747126827,26.7351633763475
dwell,3,1,2,4,133.428420656193,131.246610169409,140.72151910715,7.2222222054978,7.22222222213966,7.22222222261893,106.437506768967,105.448846536292,113.58551457988,26.9909138872265,25.7977636331167,27.1360045272699
travel,3,1,2,4,131.922181473953,126.971724310117,139.645119087442,7.43355268109871,6.02016015623253,7.43151824060442,104.833123626209,100.708818709743,111.93080728345,27.0890578477441,26.2629056003737,27.7143118039917
dwell,2,1,3,4,129.393366972233,144.008437259561,134.564742064822,6.24705882356607,6.24705881885054,6.24705882231336,102.315056871823,116.978827485657,108.363464179985,27.0783101004098,27.0296097739047,26.2012778848371
travel,2,1,3,4,129.331411047707,144.08597773892,132.317270354549,7.30920248468372,6.09440357200498,5.77727525661215,102.629588018875,116.326339868288,105.821729401881,26.7018230288326,27.7596378706329,26.495540952668
dwell,1,2,3,4,140.952952483318,140.900047439568,127.829926250183,7.35555554094414,7.35555555533836,7.35555553555348,114.125273486416,113.669988292068,102.774184181824,26.827678996902,27.2300591475,25.0557420683592
travel,1,2,3,4,138.961585571732,139.717332667638,121.558533472437,7.43151827334597,7.40668872830218,4.82373926490497,111.535668884532,112.041469691647,96.1381175995813,27.4259166872003,27.6758629759914,25.4204158728555
dwell,4,1,2,3,132.335987402634,121.432464878241,124.823450642737,7.45632183894097,7.45632183874387,7.4563218387742,106.610655326741,95.7825076719058,97.8893975413153,25.725332075893,25.6499572063356,26.9340531014217
travel,4,1,2,3,128.402526042496,115.939041776347,122.323363238634,4.88369063173655,5.72271977362857,7.29491004683341,101.251904412742,89.7003849278156,95.1179075521083,27.150621629754,26.238656848531,27.2054556865258
dwell,2,1,3,4,128.342991217864,117.123156199508,129.302207123032,6.15882351273549,6.15882352667224,6.15882352954323,100.607075560114,90.8119749856171,102.686209427743,27.7359156577502,26.311181213891,26.6159976952897
travel,2,1,3,4,129.242852766693,115.404063525203,128.46081652504,7.39284962604348,5.93341927632825,5.93825915823523,101.487888719352,89.1402098405445,101.186391642358,27.7549640473415,26.2638536846581,27.2744248826827
dwell,3,1,2,4,123.417279079005,127.052073414325,123.941858856078,6.8666666666579,6.86666666482983,6.8666666629578,96.21949632174,100.836551091548,96.926565492813,27.1977827572645,26.2155223227767,27.0152933632653
travel,3,1,2,4,125.871721668421,127.712288167557,125.720810262472,7.35930928497497,6.0944036224314,7.35727443992985,98.6241080342809,100.779248006837,98.5838682911048,27.2476136341402,26.9330401607202,27.1369419713667
dwell,4,1,2,3,127.426727393292,130.718040287122,143.929727911914,5.28965517201489,5.28965517223594,5.28965517240167,101.68172271844,104.443717979875,115.448987991265,25.7450046748528,26.2743223072468,28.4807399206491
travel,4,1,2,3,127.689918939073,131.355165127233,148.568774508091,4.74708243390939,5.85932755694528,7.43151783746451,102.025519209946,105.171734042779,120.299414390546,25.6643997291272,26.1834310844535,28.2693601175451
dwell,1,2,3,4,123.014778588609,137.87928085929,138.146417601057,6.71111108934501,6.71111110034237,6.71111108987286,96.595514827199,110.371032853045,112.467728752129,26.4192637614099,27.5082480062453,25.678688848928
travel,1,2,3,4,122.611785475091,139.918597367689,137.197203350568,7.37156722414173,7.34673777471521,4.88369065055563,96.3747316160822,112.177129958273,110.522421599837,26.2370538590087,27.7414674094164,26.6747817507317
dwell,2,1,3,4,141.10393104727,131.441095738539,131.527312775082,8.87647058457793,8.87647058745165,8.87647057991099,114.209209109736,105.720447788138,106.030035899436,26.894721937534,25.7206479504004,25.4972768756458
travel,2,1,3,4,139.41834924423,126.032938116165,125.705362618089,7.43151783670878,5.97208782646959,5.89959094762425,111.329518829127,99.510049710615,99.3461903854246,28.0888304151032,26.5228884055495,26.359172232664
dwell,4,1,2,3,132.575915353624,135.978155283758,124.81521118555,5.64827585554752,5.6482758618698,5.64827583475445,106.583111468162,109.399660213151,97.4956785928828,25.9928038854623,26.5784950706068,27.3195325926676
travel,4,1,2,3,130.655751761356,135.286911936942,125.770594563684,4.66815046517203,5.93825916011402,7.35258586168588,104.205798848817,108.255416585835,99.05149032862,26.4499529125394,27.0314953511069,26.7191042350639
dwell,3,1,2,4,131.278357472401,129.7097590756,138.90550597007,7.2222222197856,7.22222221661956,7.22222222152102,104.290925839854,103.893110008694,111.752853657191,26.9874316325462,25.8166490669053,27.1526523128791
travel,3,1,2,4,130.208315166538,125.918896706055,138.310061533491,7.43355298478686,6.02016015909025,7.43151824334437,103.128687503271,99.6157616232294,110.567381661104,27.0796276632669,26.3031350828258,27.7426798723872
dwell,2,1,3,4,127.194823269649,141.94924335574,132.797300096715,6.03529411696285,6.03529411751774,6.03529411248194,100.036957933695,114.820765484281,106.507796318931,27.1578653359545,27.1284778714586,26.2895037777848
travel,2,1,3,4,128.391411047706,143.226637053501,131.791243654282,7.30920248468312,6.09440357323536,5.77727525674582,101.689587654424,115.456337930206,105.260859066082,26.7018233932824,27.7702991232953,26.5303845881992
dwell,1,2,3,4,141.041861764038,141.227155021098,128.424961180974,7.38888886420067,7.38888888626447,7.38888888682549,114.24040741431,114.011463955763,103.336407125635,26.8014543497273,27.2156910653353,25.0885540553391
travel,1,2,3,4,141.775197813815,142.9667263829,125.01800325603,7.43151826579437,7.40668872631886,4.82373926488934,114.420578822542,115.322856362973,99.6033125976375,27.354618991273,27.6438700199273,25.4146906583923
dwell,4,1,2,3,135.559628084412,124.211522662527,127.985208849345,7.48620689221694,7.48620686201728,7.48620688280806,109.854732223945,98.5509928686946,101.074306492456,25.704895860467,25.6605297938321,26.9109023568887
travel,4,1,2,3,131.858027051915,118.928740460877,125.760067910811,4.88369062560406,5.72271939702462,7.29491035538753,104.751115662867,92.747689260579,98.58447578868,27.1069113890477,26.1810512002977,27.1755921221314
dwell,2,1,3,4,129.383029353836,118.179719692374,130.592411629548,6.31764705782757,6.31764705889847,6.31764705924308,101.72833026196,91.9264584948363,104.030123842823,27.6546990918767,26.2532611975375,26.5622877867252
travel,2,1,3,4,131.943085838242,118.081096420618,131.389841754116,7.39284962336318,5.93341927626477,5.93825915811386,104.229600063694,91.8465288617194,104.133971099006,27.7134857745479,26.234567558899,27.2558706551099
dwell,3,1,2,4,123.654555415456,127.498107864334,124.439368671074,6.93333333204445,6.93333333181703,6.93333333322508,96.4458990555025,101.305964315991,97.4849130889381,27.2086563599533,26.192143548343,26.9544555821356
travel,3,1,2,4,126.112623742685,128.182288167512,126.24255420271,7.35930928492538,6.09440362238001,7.35727443994646,98.8851788382907,101.249247995771,99.1011593272439,27.227444904394,26.9330401717411,27.1413948754665
dwell,1,2,3,4,132.302672170701,144.47905125995,127.199425194215,5.47777777581336,5.47777776524146,5.47777777739079,105.17164197088,116.073845938905,101.678740231674,27.1310301998208,28.4052053210451,25.5206849625415
travel,1,2,3,4,132.121230362283,146.801046525549,124.424022365451,7.35928739792453,7.47892080109544,4.75150717846845,105.356839101244,118.509663398853,98.8903569899826,26.7643912610392,28.2913831266968,25.5336653754688
dwell,4,1,2,3,133.678378267824,115.663586940054,131.145656425524,6.90344827015469,6.90344827249968,6.90344826130889,107.773434848164,90.0841860111709,103.727855066619,25.90494341966,25.5794009288827,27.4178013589051
travel,4,1,2,3,134.283154555352,113.950314890959,133.794162240646,4.88369063245822,5.72271973807474,7.29491038793584,107.127011315557,88.2142204608911,106.04355097301,27.1561432397951,25.7360944300679,27.7506112676358
dwell,2,1,3,4,123.452062636103,117.883403685934,123.808831316625,8.39999999617215,8.39999999922119,8.39999999967992,96.585767643838,92.0176429613513,97.9449527994703,26.8662949922648,25.8657607245829,25.8638785171546
travel,2,1,3,4,124.239699205829,115.913799633586,122.615301718578,7.39284961953069,5.93341927719688,5.93825915699501,96.5872118020691,89.2960230709865,95.543038367247,27.65248740376,26.6177765625992,27.0722633513308
dwell,3,1,2,4,121.256030267972,126.037342916175,121.427645853697,5.45555555261394,5.45555555578938,5.45555555546572,93.4931421930366,99.2937762510798,93.9438484327963,27.7628880749351,26.7435666650949,27.4837974209009
travel,3,1,2,4,121.732772483045,124.826756421699,121.183922584587,7.35930928501712,6.09440318293615,7.357274439871,94.4682172919746,97.7463348444975,94.0647064991521,27.2645551910706,27.0804215772011,27.1192160854349
dwell,4,1,2,3,124.978799626302,129.223382929017,141.523117880992,5.42413792510727,5.42413792686744,5.42413793085176,99.2734318952366,102.955344709176,113.104677598066,25.705367731065,26.2680382198411,28.418440282926
travel,4,1,2,3,123.887319578451,128.670597294152,144.928432624434,4.74708243391542,5.85932718451544,7.43151783757819,98.2204344144648,102.40213113556,116.633792290049,25.6668851639864,26.2684661585927,28.2946403343857
dwell,1,2,3,4,120.312075654017,134.256286541155,134.482182918253,6.69999999956701,6.70000000001425,6.69999999722301,93.8519071452653,106.732538218897,108.793016830663,26.4601685087518,27.5237483222575,25.6891660875898
travel,1,2,3,4,120.947161150297,137.355529791471,134.570840627951,7.3715672273758,7.34673777553997,4.88369065139797,94.6512685279951,109.601655375571,107.889966228361,26.2958926223017,27.7538744159004,26.6808743995907
dwell,2,1,3,4,139.578075882926,130.041754209538,130.127225644258,8.57647058418959,8.57647058330073,8.57647058783157,112.586965541285,104.247208104351,104.561822303048,26.9911103416418,25.7945461051876,25.5654033412097
travel,2,1,3,4,140.060097292411,126.908878013327,126.505362618079,7.43151783663489,5.97208782648594,5.89959094761515,111.990117116313,100.379805914665,100.146190274104,28.0699801760979,26.5290720986621,26.3591723439747
dwell,4,1,2,3,133.238114053085,136.565341907711,125.690184562916,5.64827586177059,5.6482758584977,5.64827585975556,107.250464895366,109.999840470293,98.3668592360841,25.9876491577188,26.5655014374184,27.323325326832
travel,4,1,2,3,133.946748958985,138.336715717452,129.300656050005,4.66815079312897,5.93825961380074,7.3525858616656,107.535969680916,111.371187138808,102.592187685117,26.4107792780686,26.9655285786435,26.7084683648881
dwell,3,1,2,4,135.627463493144,133.790582873421,143.28707736981,7.29999999988699,7.29999998567447,7.30000000024451,108.687657128587,108.019454596334,116.189442712312,26.9398063645566,25.7711282770874,27.0976346574988
travel,3,1,2,4,134.577455842047,129.968127038063,142.680497693046,7.43355298276247,6.02015978186712,7.43151823795281,107.541311659519,103.727188439335,114.994248898484,27.0361441825279,26.2409385987284,27.6862487945613
dwell,2,1,3,4,131.343036192009,146.492191979337,136.899603423288,6.31764705818819,6.31764705836731,6.31764705461366,104.317485973959,119.495436329113,110.729677808265,27.02555021805,26.9967556502237,26.1699256150227
travel,2,1,3,4,133.015213995262,148.31428258394,136.322313919358,7.30920248457913,6.09440356844403,5.777275256469,106.368129070338,120.586375356128,109.865233591164,26.6470849249235,27.7279072278122,26.4570803281942
dwell,1,2,3,4,143.792865549194,143.795609839342,130.551816293646,7.57777777794254,7.57777777669988,7.57777775981306,117.060091098174,116.658218792461,105.515186999174,26.7327744510195,27.1373910468809,25.0366292944723
travel,1,2,3,4,140.982547170544,141.754339336758,123.376337332987,7.43151827076488,7.40668872681484,4.82373926483497,113.580629458121,114.102508503089,97.9814936239207,27.4019177124231,27.6518308336694,25.394843709066
dwell,4,1,2,3,132.920368828075,121.826218062775,125.185303767327,7.545977011479,7.54597701146409,7.54597698025169,107.214719228253,96.2006408351935,98.2867992858385,25.7056495998217,25.625577227581,26.8985044814889
travel,4,1,2,3,131.560729251208,118.732475827031,125.221947654808,4.88369062939057,5.72271939711316,7.29491004675283,104.426595156073,92.5294900384957,98.0496495665264,27.1341340951343,26.2029857885348,27.1722980882813
dwell,2,1,3,4,131.653120078672,120.236812602597,132.412086974769,6.33529411588703,6.33529409479223,6.33529411764912,104.008697957059,93.9991914306177,105.886843060346,27.6444221216131,26.2376211719792,26.5252439144231
travel,2,1,3,4,132.369944072676,118.278552036442,131.324842274324,7.39284962415764,5.93341927624736,5.93825915783895,104.644084101082,92.0518883778043,104.111710749737,27.725859971594,26.2266636586375,27.2131315245867
dwell,3,1,2,4,125.929774692275,129.761727462236,126.212093001778,7.02222222176378,7.02222221395259,7.0222222217172,98.7585792324611,103.601471133357,99.3168238026397,27.1711954598135,26.1602563288785,26.8952691991381
travel,3,1,2,4,124.753526384805,127.008106644183,124.433922584587,7.35930928496662,6.09440362741096,7.35727443987088,97.509286863669,100.037549595524,97.3147066790419,27.2442395211361,26.9705570486589,27.1192159055449
dwell,4,1,2,3,125.694049575098,129.361379491699,142.472295880663,5.334482745747,5.33448275813323,5.33448275661237,99.9624055726003,103.086894048566,113.988520060157,25.7316440024979,26.2744854431322,28.4837758205059
travel,4,1,2,3,123.839546893797,128.023594546277,145.088379147359,4.74708243393386,5.85932756042179,7.4315178377647,98.1651816974272,101.791429237413,116.752834280102,25.6743651963696,26.2321653088646,28.3355448672567
dwell,1,2,3,4,117.957555577502,132.513826538879,132.602358307538,6.61111110907286,6.61111110783922,6.61111108742752,91.4752320534751,104.879795909878,106.869867841768,26.482323524027,27.6340306290007,25.7324904657695
travel,1,2,3,4,115.225984152587,132.134946444861,129.351814472425,7.37156722856497,7.34673743725964,4.88369022908741,88.9088538619444,104.288255263974,102.57096030648,26.3171302906426,27.846691180887,26.7808541659449
dwell,2,1,3,4,132.348763464227,123.233718999583,123.384141163352,8.38235293484186,8.38235293985307,8.38235291099592,105.260664278733,97.3598945690763,97.7419371897014,27.0880991854943,25.8738244305063,25.6422039736504
travel,2,1,3,4,131.883008249458,119.196721875268,118.914331047629,7.43151783699995,5.97208782675512,5.89959060468489,103.722350341293,92.5659524746131,92.4476260001747,28.160657908165,26.6307694006546,26.4667050474543
dwell,4,1,2,3,128.863345901771,131.723773603431,121.820069935632,5.34942528312506,5.34942527572473,5.34942526833157,102.747388506028,105.044191933441,94.3203191670422,26.115957395743,26.6795816699898,27.4997507685903
travel,4,1,2,3,128.305633557371,132.168541014366,124.119318893466,4.66815046533764,5.93825915981427,7.35258586184241,101.815691011774,105.176859156697,97.321395783431,26.4899425455969,26.9916818576681,26.7979231100348
dwell,3,1,2,4,130.999858794751,128.783000453958,138.27653367095,6.92222222086329,6.9222222223786,6.92222222229323,103.890797442455,102.897933551423,111.015340109457,27.1090613522956,25.8850669025347,27.261193561493
travel,3,1,2,4,133.500145867116,128.329533447199,141.026308078756,7.43355268110557,6.02016015536737,7.43151823898803,106.407936307859,102.079840593187,113.328870534024,27.0922095592572,26.2496928540124,27.697437544732
dwell,2,1,3,4,129.267992279477,143.575566714951,134.306166431498,6.22941175205464,6.2294117646663,6.22941176490244,102.17468348624,116.551962582814,108.097245239446,27.0933087932367,27.0236041321364,26.2089211920522
travel,2,1,3,4,131.501411047706,145.89359220343,134.280524642886,7.30920248468312,6.09440356675962,5.77727525654744,104.799587597787,118.181410399175,107.802172770123,26.7018234499187,27.7121818042548,26.4783518727634
dwell,1,2,3,4,143.994654168072,143.96816058424,130.977296832863,7.38888888581824,7.38888886423096,7.3888888821334,117.201827822574,116.773541606439,105.935693033338,26.792826345498,27.1946189778018,25.0416037995245
travel,1,2,3,4,142.609445398068,143.444040218829,125.376337332986,7.43151826700194,7.40668872490017,4.82373926483489,115.243088078012,115.823905089649,99.9814935769492,27.3663573200555,27.6201351291801,25.3948437560368
dwell,4,1,2,3,136.771125335759,125.31347288442,128.82960726017,7.62068964881037,7.62068964102354,7.62068965223602,111.100234250732,99.7252237355155,101.936409525942,25.670891085026,25.5882491489049,26.8931977342286
travel,4,1,2,3,135.735684433841,122.52333736451,129.230716899587,4.88369062192165,5.72271976627886,7.29491004663589,108.655680879859,96.3768194458887,102.1072666959,27.080003553981,26.1465179186211,27.1234502036872
dwell,2,1,3,4,135.280298693087,123.755194267756,136.301829222681,6.58235293296182,6.58235293564191,6.58235293124399,107.724192816793,97.6146806820877,109.874222916441,27.5561058762941,26.1405135856683,26.4276063062396
travel,2,1,3,4,138.572026337422,124.322024813381,137.717228961165,7.39284961904899,5.93341927610919,5.93825915743313,110.927563491148,98.1598768133352,110.569727902991,27.6444628462742,26.1621480000458,27.1475010581734
dwell,3,1,2,4,128.281974496164,132.496347403172,128.790249808374,7.2222222222085,7.2222222220797,7.22222220170453,101.25001852481,106.400084066411,101.974461618038,27.0319559713549,26.0962633367606,26.8157881903355
travel,3,1,2,4,127.644952289494,130.297485094091,127.560564434774,7.35930928482843,6.09440362405633,7.35727443975474,100.457321612193,103.352010006901,100.476387562498,27.1876306773007,26.94547508719,27.0841768722767
dwell,4,1,2,3,129.308204246353,133.227529253948,146.533724204362,5.49885056343641,5.49885057461531,5.49885057473679,103.653323118306,107.028023848431,118.156740028085,25.6548811280466,26.1995054055172,28.3769841762766
travel,4,1,2,3,129.168152322331,133.533777335282,150.948609571268,4.74708271561948,5.85932718412517,7.43151783750923,103.557377337804,107.359063724343,122.669163279816,25.6107749845269,26.1747136109395,28.2794462914521
dwell,1,2,3,4,123.416899894424,138.41288778717,138.620021117682,6.93333332699562,6.93333333253411,6.93333332637493,97.0652479668342,110.988858352821,112.974524032534,26.3516519275899,27.4240294343488,25.6454970851485
travel,1,2,3,4,123.853498293273,141.419633500176,138.576410210039,7.37156722321786,7.34673777444485,4.88369064789593,97.6333843436372,113.682288675671,111.919799752915,26.2201139496361,27.7373448245049,26.6566104571241
dwell,2,1,3,4,140.681867627252,131.091970265492,131.119108123923,8.89411764566171,8.89411764548038,8.89411762470258,113.791155144718,105.372094645702,105.624313791394,26.8907124825344,25.7198756197893,25.4947943325294
travel,2,1,3,4,137.606736175257,124.290818243689,123.940952793709,7.43151783678476,5.97208782651719,5.89959060435538,109.498928864316,97.7493193647478,97.5656333917611,28.107807310941,26.5414988789417,26.3753194019482
dwell,4,1,2,3,134.064319151368,137.309577310549,126.371221948295,5.70804596531493,5.70804596158218,5.70804595938812,108.098854318308,110.771390686096,99.0792507973656,25.9654648330605,26.5381866244531,27.2919711509295
travel,4,1,2,3,133.484480676641,137.859640963527,128.685707236639,4.66815079377394,5.93825961477791,7.35258586165611,107.065930831804,110.887603273396,101.982535567033,26.418549844837,26.9720376901312,26.7031716696057
dwell,3,1,2,4,136.267982920934,134.340961001978,143.942976399008,7.35555554768119,7.35555555376929,7.35555555572569,109.348834176746,108.549165843358,116.866565383949,26.9191487441881,25.7917951586196,27.0764110150594
travel,3,1,2,4,136.608066905777,131.824167124839,144.689028040687,7.43355298224164,6.02015978176524,7.43151823584644,109.587246944021,105.609237071489,117.025012908658,27.0208199617558,26.2149300533498,27.6640151320284
dwell,2,1,3,4,130.71992529978,145.928768270713,136.33303206064,6.31764704169285,6.31764705918037,6.31764705479713,103.69251820339,118.924765108781,110.159146160786,27.0274070963903,27.0040031619315,26.1738858998543
travel,2,1,3,4,129.737117454984,145.136984557434,133.195569026978,7.30920248461337,6.09440357391189,5.77727525659609,103.071952619997,117.361339604954,106.704339661974,26.6651648349869,27.7756449524801,26.4912293650044
dwell,1,2,3,4,140.912142778464,140.880143489102,127.704714795469,7.49999999273772,7.49999998494982,7.49999999885713,114.12696496972,113.696751828057,102.677437800579,26.7851778087448,27.1833916610448,25.0272769948896
travel,1,2,3,4,141.54032580318,142.451977950456,124.046557400672,7.43151827016314,7.40668872731973,4.82373926484183,114.144371557151,114.792161585228,98.6488964480519,27.3959542460293,27.6598163652275,25.3976609526205
dwell,4,1,2,3,136.464761380856,125.354764166582,129.013882002633,7.65057471108679,7.65057468939187,7.65057471206167,110.814749258189,99.7704948120148,102.160007529968,25.6500121226663,25.5842693545672,26.8538744726653
travel,4,1,2,3,134.333338439633,121.60595195575,128.413328742167,4.88369061760531,5.72271976744794,7.29491035414144,107.285214166752,95.4422529225114,101.26069671505,27.0481242728808,26.1636990332387,27.152632027117
dwell,2,1,3,4,132.734747871435,121.695037638246,134.102682015612,6.4411764703395,6.44117644277091,6.44117647059408,105.1658490562,95.4942542736785,107.607900406019,27.5688988152352,26.2007833645674,26.4947816095928
travel,2,1,3,4,133.235123287627,119.538547430603,132.895453064181,7.39284962052053,5.93341927622465,5.93825915795345,105.566510397563,93.3223673645877,105.664098942296,27.668612890064,26.2161800660154,27.2313541218855
dwell,3,1,2,4,123.475886653758,127.940554702419,124.481582855095,6.97777776146599,6.97777777529197,6.97777777686199,96.3428485060772,101.711023471592,97.5456448625479,27.1330381476812,26.2295312308275,26.9359379925468
travel,3,1,2,4,122.152623742685,125.163140829233,122.645011489564,7.35930928492534,6.0944036353843,7.35727444005267,94.9251789371281,98.1350903248604,95.4721972702427,27.2274448055569,27.0280505043728,27.172814219321
dwell,1,2,3,4,131.069214615348,142.769112116071,125.513192348851,5.53333333057686,5.53333333130089,5.53333333348218,103.93418648009,114.384560325996,100.00476679679,27.1350281352578,28.3845517900748,25.5084255520604
travel,1,2,3,4,133.922722843593,148.281635682315,125.800993170492,7.35928543293673,7.47892080098569,4.75150717730152,107.149333357857,120.015319754552,100.285888250075,26.7733894857363,28.2663159277624,25.5151049204166
dwell,4,1,2,3,135.933553712639,118.168934510267,133.428140439543,7.0379310345688,7.03793103421172,7.03793102567402,110.090308776115,92.623714241532,106.081710597877,25.843244936524,25.5452202687346,27.3464298416657
travel,4,1,2,3,135.697529980316,115.710648413494,135.302236862261,4.88369062482682,5.72271973787315,7.294910385763,108.596024939209,89.9778653923564,107.584785142481,27.1015050411078,25.7327830211373,27.7174517197794
dwell,2,1,3,4,126.372876122225,120.872983974494,127.049001561465,8.48823529395813,8.4882352940323,8.48823529393357,99.5594982380305,95.0459383732447,101.215029328348,26.8133778841945,25.8270456012489,25.8339722331174
travel,2,1,3,4,124.77159299927,116.528969617799,123.588432774676,7.39284961707868,5.93341927712784,5.93825915702759,97.1589785793815,89.9369383432625,96.5104689927423,27.6126144198882,26.5920312745364,27.0779637819333
dwell,3,1,2,4,121.833518509679,127.19229973405,122.387520359204,5.55555553194742,5.55555555550302,5.55555554147681,94.1399078680231,100.477350251963,94.9477999596157,27.6936106416558,26.7149494820875,27.4397203995883
travel,3,1,2,4,122.596296906021,126.312866863093,122.440531216787,7.35930928490913,6.09440318303442,7.35727443984191,95.3755359176642,99.2191620812867,95.3301260079369,27.2207609883571,27.0937047818066,27.1104052088499
dwell,4,1,2,3,124.203257139041,129.133589863567,141.201302561463,5.39425287272669,5.39425287358989,5.39425287274008,98.5022775011995,102.840279735797,112.757252492405,25.7009796378412,26.29331012777,28.4440500690582
travel,4,1,2,3,123.82350151954,129.285359406393,145.318361937971,4.74708243385721,5.85932718461521,7.43151783762321,98.1812787841075,102.993827391055,117.013548181386,25.6422227354329,26.2915320153384,28.3048137565848
dwell,1,2,3,4,118.933162536499,132.566119275655,132.67207398475,6.76666666658322,6.7666666666074,6.76666666652171,92.4760480907227,105.058168531379,106.998990663591,26.4571144457767,27.5079507442755,25.6730833211589
travel,1,2,3,4,115.814464229132,131.752036442661,128.958325551563,7.37156687859681,7.34673777936804,4.88369022878296,89.457739373394,103.939474542438,102.215522230296,26.3567248557385,27.8125619002224,26.7428033212672
dwell,2,1,3,4,133.09421276827,123.664498023507,123.852022560003,8.18823529229984,8.18823529403866,8.18823529458577,105.935097972112,97.7507822239475,98.1718009997642,27.1591147961577,25.9137157995598,25.6802215602388
travel,2,1,3,4,133.322721588625,120.32985690191,120.056344695503,7.43151783701951,5.97208782669375,5.89959060460723,105.157211670849,93.7217865770662,93.6108005776663,28.1655099177766,26.6080703248442,26.4455441178372
dwell,4,1,2,3,127.303289425986,130.223815706889,119.981072277277,5.31954021465677,5.31954022981219,5.31954022973882,101.161875628979,103.511528594187,92.4682145338681,26.1414137970071,26.7122871127025,27.5128577434094
travel,4,1,2,3,127.359089290963,131.263796661442,122.86172672335,4.66815046545717,5.93825916006361,7.35258586183639,100.840655873297,104.238986264975,96.0665723092058,26.5184334176666,27.0248103964674,26.7951544141443
dwell,3,1,2,4,130.380442694569,128.255773767936,137.349351751973,6.9444444253108,6.94444444401037,6.9444444370184,103.269267188629,102.073414953668,110.103649375619,27.1111755059404,26.1823588142678,27.245702376354
travel,3,1,2,4,130.578048858666,125.536404775934,137.845119087445,7.43355268118611,6.02016015786513,7.43151824060753,103.450868539627,99.2467791444967,110.130807089238,27.1271803190388,26.289625631437,27.7143119982067
dwell,2,1,3,4,125.477212427776,139.599867759706,130.347414771086,5.99999998863972,5.99999999874538,5.99999998686479,98.2704274999194,112.447250992243,104.045510545799,27.2067849278568,27.1526167674633,26.3019042252871
travel,2,1,3,4,125.221756700831,139.439321882989,127.928475832998,7.30920248480907,6.09440357760371,5.7772752568144,98.4554960318725,111.631371715057,101.380432714164,26.7662606689584,27.8079501679314,26.5480431188348
dwell,1,2,3,4,138.327008735961,138.510283509096,125.614822928599,7.12222221853362,7.1222222189722,7.1222222186799,111.42002772187,111.176994368839,100.500732199149,26.9069810140919,27.3332891402569,25.11409072945
travel,1,2,3,4,138.402547170556,139.562791563415,121.600582819531,7.43151827077951,7.40668872930477,4.82373957769769,111.000629595574,111.870780980783,96.1599342412717,27.401917574982,27.6920105826323,25.4406485782588
dwell,4,1,2,3,133.10896574352,122.075944719487,125.846881977945,7.38160919538509,7.38160917377088,7.38160918084789,107.371538714791,96.4174563756636,98.8836076777257,25.737427028729,25.6584883438232,26.963274300219
travel,4,1,2,3,130.907529980321,118.261706366244,125.155199866224,4.88369062483069,5.72271939709272,7.29491004682544,103.806025343898,92.0631291918874,97.9530812443125,27.1015046364227,26.1985771743568,27.2021186219112
dwell,2,1,3,4,130.961638857015,120.084216336823,132.012575828973,6.35294117632193,6.35294117643427,6.35294117657104,103.338475950856,93.8391571476548,105.49003535457,27.6231629061595,26.2450591891683,26.5225404744023
travel,2,1,3,4,133.78176041656,120.268619059735,133.004384266243,7.39284962129781,5.93341927626944,5.93825915772622,106.100986620735,94.031408565578,105.809335617391,27.680773795825,26.2372104941567,27.1950486488516
dwell,3,1,2,4,125.573716691647,129.645628063425,126.174630008267,6.92222222154047,6.92222222241708,6.92222222172285,98.4198764098336,103.452539426129,99.2389893434105,27.1538402818131,26.1930886372968,26.9356406648561
travel,3,1,2,4,124.964457891171,127.448106644176,124.977348861233,7.35930928491721,6.09440362740277,7.35727443990028,97.7403570657824,100.477549797155,97.8492874757911,27.2241008253884,26.9705568470216,27.1280613854423
dwell,1,2,3,4,130.742164650601,142.765537258929,125.1253080234,5.46666664114578,5.466666653231,5.46666666648086,103.584745843934,114.326497415618,99.603149298321,27.1574188066675,28.4390398433108,25.5221587250786
travel,1,2,3,4,131.475829772239,146.070612670316,123.262476824582,7.35928543300201,7.47892080125323,4.7515071778643,104.684327333921,117.743773713091,97.7381225986055,26.7915024383185,28.3268389572252,25.5243542259765
dwell,4,1,2,3,134.357818123188,116.614013048082,132.097239653718,7.02298850541011,7.02298850363209,7.02298850596456,108.504568018829,91.0622816611642,104.723928031983,25.8532501043595,25.5517313869179,27.3733116217343
travel,4,1,2,3,133.779604782446,113.809669549987,133.651248381279,4.88369062780247,5.72271973845589,7.29491038876091,106.656397557649,88.0669303301506,105.888092934018,27.1232072247971,25.7427392198368,27.763155447261
dwell,2,1,3,4,124.264031561509,118.993537549818,124.871853227527,8.41764705878307,8.41764705872446,8.41764705891015,97.3865371248906,93.1322329918259,99.0140100378269,26.8774944366184,25.8613045579916,25.8578431896997
travel,2,1,3,4,123.005565635568,115.026343898681,121.73474131217,7.39284961829019,5.93341927723208,5.93825915709262,95.3730926405665,88.3955676534609,94.6453338964079,27.6324729950013,26.6307762452201,27.089407415762
dwell,3,1,2,4,122.996277800474,128.096673002683,123.407066383855,5.48888888752762,5.48888888759549,5.48888888836291,95.2739518868528,101.373719157827,95.9480507730754,27.7223259136217,26.7229538448566,27.4590156107792
travel,3,1,2,4,123.736296906021,127.137747175711,123.425509151469,7.35930928490894,6.09440364005347,7.35727443979811,96.5155360168146,100.077107153442,96.3282563236067,27.2207608892065,27.0606400222682,27.0972528278624
dwell,4,1,2,3,124.399399257419,129.078498686853,141.381199307568,5.40919539448635,5.40919540106409,5.40919540223117,98.6999775579609,102.797908304059,112.939455267705,25.6994216994581,26.2805903827936,28.4417440398632
travel,4,1,2,3,124.703501519536,129.860597294152,146.198361937971,4.74708243385585,5.85932718451492,7.43151783762347,99.0612781057026,103.59213122937,117.893547847366,25.6422234138339,26.2684660647816,28.3048140906052
dwell,1,2,3,4,120.654701811931,134.64301455257,134.678880344822,6.79999999124417,6.79999999777922,6.79999999928153,94.2239000228515,107.155111615078,109.024463465288,26.4308017890793,27.4879029374919,25.6544168795335
travel,1,2,3,4,117.355487060692,133.654812546532,130.763086359937,7.3715672291525,7.34673777853807,4.88369065698574,91.0276435484663,105.854936949271,104.045275142963,26.3278435122252,27.7998755972613,26.7178112169732
dwell,2,1,3,4,136.019387037144,126.53100246901,126.557985619224,8.39999998203796,8.40000000046893,8.39999998324177,108.945854650468,100.679407128159,100.94105451598,27.0735323866764,25.8515953408503,25.616931103244
travel,2,1,3,4,137.495980714728,124.404943680839,123.905240175675,7.43151783682338,5.97208813067311,5.89959060439569,109.378636413314,97.8383502136319,97.5177180704109,28.1173443014141,26.5665934672076,26.3875221052639
dwell,4,1,2,3,133.357011321317,136.179999578582,125.894903058965,5.63333333259146,5.63333333348068,5.63333333151353,107.358907678158,109.630698002662,98.5541644195987,25.9981036431592,26.5493015759197,27.3407386393663
travel,4,1,2,3,133.270047040158,137.112396848896,128.690587966556,4.66815079497851,5.93825960921962,7.3525858617071,106.835860211742,110.179131895007,101.960791852334,26.4341868284164,26.9332649538886,26.7297961142217
dwell,3,1,2,4,136.887364417649,134.50016537751,144.404385297013,7.25555553972656,7.25555555515917,7.2555555541994,109.929024009343,108.733435084539,117.295136318543,26.9583404083064,25.7667302929708,27.1092489784706
travel,3,1,2,4,135.179043611182,129.993544361123,143.130497693018,7.4335529833439,6.02015978174841,7.43151823792424,108.130562753444,103.782911947073,115.444248838907,27.0484808577379,26.2106324140503,27.6862488541108
dwell,2,1,3,4,131.825948886232,146.848100145479,137.187881289491,6.45882350569843,6.45882352916841,6.45882352840146,104.845936968732,119.908330686424,111.065586194967,26.9800119175,26.9397694590546,26.1222950945245
travel,2,1,3,4,133.592618976428,148.814040900301,136.707503931525,7.30920248458419,6.09440356788761,5.77727525642235,106.942960923387,121.09138587677,110.263073277772,26.6496580530407,27.7226550235302,26.4444306537533
dwell,1,2,3,4,144.707399373032,144.74882328672,131.391278215562,7.57777777750112,7.57777777648079,7.57777777723005,117.972069690304,117.615125882872,106.391845336233,26.7353296827276,27.1336974038479,24.9994328793297
travel,1,2,3,4,143.96731419403,144.9028054315,126.344621269933,7.43151826642528,7.40668872511961,4.82373957369802,116.606833098308,117.27872979786,100.974865621509,27.3604810957214,27.6240756336399,25.3697556484245
dwell,4,1,2,3,138.747309446275,127.193160414629,130.899197600634,7.79999999911763,7.79999997861119,7.79999999977059,113.134728259219,101.625543519558,104.108231195795,25.6125811870561,25.5676168950711,26.7909664048383
travel,4,1,2,3,135.384846550697,122.192710635624,128.99876622362,4.88369062048602,5.7227197660051,7.29491004664387,108.315519020341,96.0504616273614,101.872092434352,27.0693275303563,26.1422490082622,27.126673789268
dwell,2,1,3,4,131.533306569081,120.076342849921,132.898391501405,6.44117647062295,6.44117644522759,6.44117647054331,103.944638436139,93.8797881712917,106.38255365112,27.5886681329423,26.196554678629,26.5158378502848
travel,2,1,3,4,132.957369527839,118.801128573948,132.6134824368,7.39284962230349,5.93341927619678,5.93825915815413,105.260291504405,92.5979658111574,105.351442846159,27.6970780234337,26.2031627627902,27.2620395906406
dwell,3,1,2,4,124.141363933654,128.179775898413,125.080916095018,7.06666665437492,7.06666666017795,7.06666664258176,97.0343625220756,102.026083033839,98.1725588780285,27.1070014115783,26.1536928645746,26.9083572169897
travel,3,1,2,4,122.737150606415,125.256274781962,123.166827107696,7.35930928495015,6.09440363001457,7.3572744400681,95.499643343695,98.2667177299299,95.9894889926632,27.2375072627203,26.989557052032,27.1773381150332
dwell,1,2,3,4,129.478914251544,141.412711519473,124.234846097324,5.44444444450877,5.44444444429468,5.44444444428828,102.309436856841,112.964521458078,98.6914708325404,27.1694773947037,28.4481900613949,25.5433752647835
travel,1,2,3,4,128.63993787512,143.050568308271,120.779629428422,7.35928581335,7.47892080132252,4.75150718056049,101.825569576879,114.708402959346,95.2144742799733,26.8143682982417,28.3421653489247,25.5651551484491
dwell,4,1,2,3,131.758898983268,114.202714950579,129.498085834636,6.81379310231744,6.81379310317713,6.81379310162618,105.828245528523,88.5897964725013,102.030008265236,25.9306534547454,25.6129184780773,27.4680775694006
travel,4,1,2,3,130.685129640207,110.946883427045,130.503787356172,4.88369063493147,5.72271974055177,7.29491039099631,103.5123440927,85.1704750851731,102.706885039124,27.1727855475075,25.7764083418716,27.7969023170479
dwell,2,1,3,4,121.826198080912,116.501109318216,122.242389335552,8.24117646658102,8.24117645458714,8.24117646827463,94.8944437838649,90.5852088462694,96.3054902987931,26.9317542970476,25.9159004719463,25.9368990367592
travel,2,1,3,4,122.577398145755,114.55532436891,121.03474131217,7.39284962002574,5.93341927728565,5.93825915709292,94.9168603858412,87.9048887084368,93.9453337966552,27.6605377599134,26.6504356604728,27.0894075155149
dwell,3,1,2,4,123.229636997557,127.862546264435,123.382903867771,5.43333333312742,5.43333331227729,5.43333333108863,95.4686800054209,101.132889518568,95.901354817143,27.7609569921357,26.7296567458664,27.4815490506281
travel,3,1,2,4,125.570794471647,128.354618697879,124.938933262086,7.35930928493358,6.0944036327073,7.35727443974148,98.3399999138163,101.345898183528,97.8590973513198,27.230794557831,27.0087205143511,27.0798359107658
dwell,4,1,2,3,129.087738574817,132.951150213528,145.754640447188,5.58850572995196,5.58850574512331,5.58850574608265,103.44633451875,106.771541340146,117.444530528226,25.6414040560674,26.1796088733816,28.3101099189617
travel,4,1,2,3,129.714744381509,134.015165127242,150.949644450408,4.74708271621649,5.85932755695437,7.43151783731164,104.091954600576,107.831733895364,122.715314235748,25.6227897809324,26.1834312318783,28.2343302146602
dwell,1,2,3,4,121.495452752066,135.909940691562,136.404593496149,6.80000000000412,6.79999999496741,6.7999999999051,95.0861780797816,108.434920734461,110.737313264505,26.4092746722846,27.4750199571009,25.6672802316437
travel,1,2,3,4,121.429654183337,138.318597367725,135.865590081428,7.3715672254285,7.34673777474648,4.88369065516214,95.1686078372373,110.577130217283,109.160164435202,26.2610463460995,27.7414671504415,26.7054256462259
dwell,2,1,3,4,139.235225232152,129.572401923354,129.932008601054,8.71764705918761,8.71764703991612,8.71764705783548,112.284935305627,103.812478379639,104.389569193507,26.9502899265249,25.759923543715,25.5424394075471
travel,2,1,3,4,140.159647705372,126.817018230297,126.71954210118,7.4315178366528,5.97208782645493,5.89959094881884,112.084966857243,100.300294191024,100.34827284795,28.0746808481288,26.5167240392725,26.37126925323
dwell,4,1,2,3,133.900461506331,137.135151700201,126.162163019487,5.61839080417976,5.61839080134652,5.61839080409447,107.903850459636,110.563962245678,98.8359556172644,25.9966110466953,26.5711894545229,27.326207402223
travel,4,1,2,3,134.746748959037,139.010926986402,129.913309414826,4.66815079317424,5.93825961196241,7.35258586164022,108.335969749401,112.058360771011,103.218057207384,26.4107792096358,26.9525662153916,26.6952522074419
dwell,3,1,2,4,137.003228305739,135.000736590073,144.617406446175,7.37777777037232,7.37777775241794,7.37777777433754,110.093223434529,109.257253961381,117.554204315364,26.9100048712104,25.7434826286923,27.0632021308107
travel,3,1,2,4,138.114484179873,133.201739453744,146.097757589488,7.43355298188416,6.02016015075179,7.43151823382444,111.10280741207,107.00393826877,118.45578605512,27.0116767678035,26.1978011849739,27.6419715343684
dwell,2,1,3,4,132.323966946937,147.553082991751,137.82739004793,6.40588234976578,6.40588234984429,6.40588235252706,105.335091725019,120.593899139408,111.691004455745,26.9888752219181,26.9591838523427,26.1363855921854
travel,2,1,3,4,133.000413772641,148.414535874099,136.27909763578,7.30920248456949,6.09440356902756,5.77727525643791,106.35846462493,120.681366271852,109.830459560805,26.641949147711,27.7331696022465,26.4486380749751
dwell,1,2,3,4,144.991693149144,144.997796096703,131.603715542038,7.63333332835419,7.63333333354877,7.63333333331603,118.272701984074,117.884527776275,106.615950137991,26.7189911650708,27.1132683204288,24.9877654040475
travel,1,2,3,4,142.238119609706,143.017929488868,124.455140606076,7.43151826950877,7.40668872610758,4.82373926478823,114.848113858696,115.37803082553,99.0770750987404,27.3900057510104,27.6398986633371,25.3780655073358
dwell,4,1,2,3,133.54484069586,122.354049409337,125.713017267213,7.62068965524252,7.62068965547671,7.62068964743551,107.858961126515,96.7488367621866,98.8429265456928,25.685879569345,25.60521264715,26.8700907215206
travel,4,1,2,3,132.160729251174,119.210948142954,125.707617031979,4.8836906293554,5.72271939707713,7.29491035484127,105.02659481201,93.0167695156039,98.5451732016087,27.1341344391633,26.1941786273505,27.1624438303701
dwell,2,1,3,4,130.251702543462,118.716197410265,131.064866625294,6.28235294136236,6.28235293848957,6.28235294055559,102.572123226052,92.4591829783141,104.505516853914,27.6795793174097,26.2570144319507,26.5593497713794
travel,2,1,3,4,130.041867347456,115.826145636225,129.113482436799,7.39284962632086,5.93341927627607,5.93825915815366,102.282718612026,89.5862891584256,101.851442978115,27.7591487354309,26.2398564777998,27.2620394586837
dwell,3,1,2,4,120.605995274385,124.441149527659,121.093985980479,6.87777775045465,6.87777777780327,6.87777777788298,93.3963733087798,98.206035449204,94.1097606285046,27.2096219656051,26.2351140784552,26.9842253519742
travel,3,1,2,4,120.385250679857,122.656021570686,120.282328589673,7.35930928510271,6.09440363625394,7.35727444011491,93.0864383494874,95.6214904473322,93.0913646891383,27.2988123303696,27.0345311233541,27.1909639005342
dwell,4,1,2,3,124.924104615048,128.500619560455,141.160088977666,5.19999999885325,5.19999999322272,5.19999999388609,99.1383281353116,102.169239129664,112.628501451876,25.785776479736,26.331380430791,28.5315875257898
travel,4,1,2,3,122.658842506244,126.758776066158,143.218361937972,4.74708243400775,5.85932718447618,7.43151783762371,96.95417307268,100.499454181743,114.913547749066,25.7046694335644,26.2593218844145,28.3048141889056
dwell,1,2,3,4,118.358810107341,132.447699119304,132.756996092939,6.51111108996171,6.5111111113198,6.51111110507047,91.7861740201371,104.833340372607,106.997143421804,26.5726360872039,27.6143587466969,25.7598526711352
travel,1,2,3,4,119.156741926194,135.679579885493,133.036865227806,7.37156722776463,7.34673777714572,4.88369065797147,92.8537978821961,107.900713556992,106.312833981461,26.3029440439983,27.7788663285003,26.7240312463446
dwell,2,1,3,4,135.22271357168,125.834880219943,126.136818482347,8.41764705893214,8.41764705566765,8.41764705807193,108.15944948055,99.9867388106767,100.513791204222,27.0632640911303,25.8481414092658,25.6230272781251
travel,2,1,3,4,135.725980714729,122.749075342876,122.598597126783,7.43151783682386,5.97208782660892,5.89959060453049,107.608635827402,96.1729877425763,96.1739812438398,28.1173448873278,26.5760876002996,26.4246158829427
dwell,4,1,2,3,129.449473992725,132.626076640796,122.102196819638,5.39425287331826,5.39425286240947,5.39425286829383,103.353652602269,105.949073748248,94.6416917437666,26.0958213904558,26.6770028925478,27.4605050758715
travel,4,1,2,3,129.118575038265,133.350702903755,124.636003701199,4.66815046528718,5.93825916001487,7.35258586178163,102.640716394933,106.332557555171,97.8683361602345,26.4778586433315,27.0181453485841,26.7676675409648
dwell,3,1,2,4,132.924763673231,130.917146782646,140.167289508053,7.08888888061678,7.08888888435706,7.08888888876225,105.888039228651,105.079178401669,112.987399233603,27.0367244445798,25.8379683809769,27.1798902744496
travel,3,1,2,4,131.832181473953,127.064014368345,139.449232313704,7.43355268109871,6.02016015723508,7.43151823951085,104.743123466793,100.78779823197,111.746181616725,27.0890580071601,26.2762161363746,27.703050696979
dwell,2,1,3,4,129.513537947139,144.114554793296,134.605068286379,6.19411762071844,6.19411764711873,6.19411764201023,102.415456204313,117.064318583964,108.390222685495,27.098081742826,27.0502362093324,26.2148456008836
travel,2,1,3,4,128.956363933326,143.676301460199,131.867270354548,7.30920248469339,6.09440357261295,5.77727525661157,102.24924831659,115.911338252277,105.371729593461,26.7071156167361,27.7649632079215,26.4955407610873
dwell,1,2,3,4,141.788482464934,141.776519257296,128.634253303753,7.36666666647805,7.3666666524459,7.36666666148187,114.970414953688,114.553980175486,103.583784856406,26.8180675112458,27.2225390818097,25.0504684473464
travel,1,2,3,4,141.815928531112,142.735529660291,124.446557400672,7.43151826888382,7.40668872657709,4.8237392648422,114.431856632763,115.087682288556,99.0488963647553,27.3840718983482,27.6478473717346,25.3976610359171
dwell,4,1,2,3,133.818831168145,122.747696900089,126.231454753224,7.53103446990101,7.53103448250229,7.5310344828424,108.118708596118,97.1235769508448,99.3294222525112,25.700122572027,25.6241199492442,26.9020325007131
travel,4,1,2,3,132.028027051848,119.280948142955,125.891947654807,4.88369062553324,5.72271939707752,7.29491004675268,104.921115356984,93.0867695164865,98.7196497591611,27.1069116948631,26.1941786264683,27.172297895646
dwell,2,1,3,4,131.630314696179,120.394196704638,132.612479638001,6.35294116562465,6.3529411766248,6.35294117533666,104.002683936806,94.1605594180493,106.088945389829,27.6276307593729,26.2336372865882,26.5235342481721
travel,2,1,3,4,135.341760416556,121.45356835456,134.457496209097,7.39284962129399,5.93341927621285,5.93825915765085,107.660986432846,95.242606654566,107.274425584019,27.6807739837099,26.2109616999938,27.1830706250779
dwell,3,1,2,4,125.479702126418,129.472078905671,126.006363523448,6.99999999927719,6.99999999840979,6.99999997824277,98.3497590795878,103.30189528005,99.0966591098079,27.1299430468299,26.1701836256217,26.9097044136397
travel,3,1,2,4,127.591843038415,129.852288167514,127.447174543812,7.35930928488518,6.09440362238055,7.35727443981283,100.381071443182,102.919247823982,100.345545983004,27.2107715952328,26.9330403435313,27.1016285608088
dwell,4,1,2,3,129.088359146242,132.695481936582,145.902885414251,5.42413792687875,5.42413791196995,5.42413791699704,103.400626376407,106.471886168446,117.500145223524,25.687732769835,26.2235957681359,28.402740190727
travel,4,1,2,3,129.316747540958,133.323100080717,150.599091852128,4.74708243382795,5.8593271841093,7.43151783739921,103.68670060618,107.15272906378,122.344794867721,25.6300469347779,26.1703710169371,28.2542969844066
dwell,1,2,3,4,123.960300334472,138.86911448736,139.241563750622,6.85555555566674,6.85555554191277,6.85555555531187,97.5890696202972,111.425628081486,113.603807178767,26.3712307141752,27.4434864058742,25.6377565718554
travel,1,2,3,4,124.443859658691,141.87491544968,139.226410210009,7.37156722304443,7.34673777313555,4.88369064786119,98.2271141706488,114.158086502076,112.569800200594,26.216745488042,27.7168289476037,26.6566100094151
dwell,2,1,3,4,140.13182825165,130.373859348724,130.607382885846,8.85882352910308,8.85882352640981,8.85882351286451,113.223435575314,104.648059706554,105.100770137445,26.9083926763366,25.7257996421708,25.5066127484009
travel,2,1,3,4,139.877933265843,126.377018230296,126.176746854045,7.43151783672902,5.9720878264543,5.89959094815088,111.784370717903,99.8602940583857,99.8135510024928,28.0935625479396,26.5167241719103,26.363195851552
dwell,4,1,2,3,134.629658287704,137.741174375863,126.751155953439,5.69310344779238,5.69310342952257,5.69310344844039,108.657374363104,111.203267426662,99.4610754795681,25.9722839245997,26.5379069492018,27.2900804738709
travel,4,1,2,3,134.694480676584,138.88092698645,129.708394385429,4.66815079372362,5.93825961201834,7.35258586163045,108.275930591162,111.928360943216,103.018404225003,26.4185500854217,26.9525660432343,26.6899901604261
dwell,3,1,2,4,136.453411304336,134.397511240737,144.046646962451,7.38888888230103,7.38888888890937,7.38888888798715,109.542241580801,108.654270591249,116.982816225167,26.9111697235351,25.7432406494878,27.0638307372837
travel,3,1,2,4,134.865346371431,130.036098981409,142.930497693025,7.43355298292697,6.02015978181531,7.43151823793191,107.826124593021,103.808212094357,115.244248841637,27.0392217784097,26.2278868870521,27.6862488513874
dwell,2,1,3,4,130.674090020488,145.802825298334,136.208533014812,6.33529411748991,6.33529411750014,6.33529411762201,103.650012557309,118.806432846765,110.040407881677,27.0240774631787,26.9963924515688,26.1681251331348
travel,2,1,3,4,132.710027212889,148.014800808235,135.993936565943,7.30920248458898,6.09440356963417,5.77727525648462,106.057794060932,120.276358939558,109.53261984355,26.6522331519572,27.7384418686764,26.4613167223931
dwell,1,2,3,4,144.971206298039,145.176404261662,131.870073672039,7.59999999981818,7.59999999945438,7.5999999997274,118.247699908604,118.051082271338,106.873792836432,26.7235063894349,27.1253219903241,24.9962808356075
travel,1,2,3,4,144.101009296071,145.22280543152,126.714788353659,7.4315182646089,7.40668872513632,4.82373926477326,116.758071220055,117.59872998782,101.342268509564,27.3429380760159,27.6240754436995,25.3725198440947
dwell,4,1,2,3,135.630767801284,124.154755474687,127.813887269607,7.65057471272478,7.65057470277706,7.65057471210028,109.961928115133,98.5704530257141,100.960052237641,25.6688396861512,25.5843024489729,26.8538350319657
travel,4,1,2,3,134.058027051863,120.825282073052,127.655242087951,4.88369062554898,5.72271976692733,7.29491035434138,106.951115606794,94.6658942488792,100.505871117816,27.1069114450684,26.1593878241733,27.1493709701349
dwell,2,1,3,4,133.798775276593,122.370410792049,134.69702612025,6.52941176042884,6.52941174582162,6.52941175876377,106.253037504138,96.2031934529192,108.247333497071,27.5457377724546,26.1672173391302,26.4496926231793
travel,2,1,3,4,133.366288513407,119.208604668148,132.501339389425,7.39284962259076,5.93341927620229,5.93825915779986,105.665118469989,93.0028460714597,105.294250948793,27.7011700434176,26.205758596688,27.2070884406319
dwell,3,1,2,4,126.989545756891,131.080307241778,127.400673973826,7.12222222010315,7.12222220763665,7.12222220836479,99.9114448167891,104.949791930548,100.545623629056,27.0781009401021,26.1305153112298,26.8550503447696
travel,3,1,2,4,126.079989490642,128.615422578323,125.897174543812,7.35930928489018,6.09440362655024,7.35727443981229,98.8658928176232,101.651162704844,98.795546349341,27.2140966730184,26.9642598734795,27.1016281944705
dwell,4,1,2,3,128.346974393001,132.146021034759,145.725026496159,5.45402298612621,5.45402297586707,5.45402298859547,102.669248208172,105.926114164227,116.257665821892,25.6777261848291,26.2199068705325,29.4673606742667
travel,4,1,2,3,128.429408978273,132.655165127244,149.948609571268,4.74708243382096,5.85932755695542,7.43151783750932,102.801784715124,106.471734050219,121.669163119475,25.6276242631486,26.183431077025,28.2794464517928
dwell,1,2,3,4,122.108061093771,136.943950006679,137.174334557474,6.83333332415166,6.83333333201045,6.83333332502259,95.7185862452777,109.474258174398,111.523579146585,26.3894748484929,27.4696918322803,25.6507554108898
travel,1,2,3,4,120.189939397191,137.450554268288,134.739328010475,7.37156722523865,7.34673777687008,4.88369065602247,93.93234054418,109.675869647211,108.02771868382,26.2575988530108,27.7746846210779,26.7116093266545
dwell,2,1,3,4,138.859046521496,129.344852723391,129.44945876565,8.77058823542079,8.77058821536938,8.77058821758104,111.864467166103,103.590861375628,103.920503989487,26.9945793553931,25.7539913477626,25.5289547761629
travel,2,1,3,4,137.807126708477,124.606818779631,124.283801989949,7.43151783676566,5.97208782653397,5.89959060438304,109.704075594263,98.059076396422,97.9003564352423,28.1030511142143,26.547742383209,26.383445554707
dwell,4,1,2,3,133.622733102215,136.767182001916,126.040185622893,5.64827586199871,5.64827586000279,5.64827585725797,107.634772858327,110.03557504647,98.7168653553445,25.987960243888,26.7316069554451,27.3233202675483
travel,4,1,2,3,130.806812380032,135.161549717619,126.110587966556,4.66815046515482,5.93825915986329,7.35258586170728,104.360812959617,108.163281309323,99.3807917956,26.4459994204142,26.9982684082963,26.7297961709555
dwell,3,1,2,4,134.012747596436,132.087053780217,141.70164780353,7.24444443983054,7.24444444391062,7.24444444359323,107.044124126308,106.297150242679,114.568783005077,26.9686234701283,25.789903537538,27.1328647984526
travel,3,1,2,4,134.139043611168,129.378127038061,142.249232313716,7.4335529833331,6.02015978186596,7.43151823952383,107.090562704925,103.137188312146,114.546181927516,27.0484809062436,26.2409387259149,27.7030503862003
dwell,2,1,3,4,131.274282061215,146.209762111713,136.808521354328,6.33529411712676,6.33529411771678,6.33529411106444,104.25083816331,119.228829150663,110.640303095414,27.0234438979055,26.9809329610502,26.1682182589134
travel,2,1,3,4,130.21197656999,145.29507742394,133.595569026978,7.30920248462318,6.094403570241,5.77727525659552,103.541616386978,117.551352676174,107.104339737627,26.6703601830129,27.7437247477657,26.4912292893507
dwell,1,2,3,4,142.924238470878,142.773533130014,129.748277630501,7.5222222224239,7.5222222149394,7.52222220795799,116.158278428191,115.617650928425,104.729550475567,26.7659600426875,27.1558822015888,25.0187271549337
travel,1,2,3,4,144.14731419402,144.966528646777,126.725325432848,7.43151826641387,7.40668872441879,4.82373926479548,116.78683345141,117.354256050953,101.344478332709,27.3604807426092,27.6122725958238,25.3808471001394
dwell,4,1,2,3,138.659225799919,127.267189925787,130.832023524252,7.7252873566472,7.72528734086804,7.72528735528622,113.022616973641,101.709331389047,104.019960784838,25.6366088262775,25.5578585367399,26.812062739414
travel,4,1,2,3,135.1740646929,122.183974819473,128.830716899588,4.88369061903305,5.72271976661641,7.2949100466371,108.115363570841,96.0331774055352,101.707266875292,27.0587011220594,26.1507974139382,27.1234500242969
dwell,2,1,3,4,132.226269349646,120.797576054421,133.684910244601,6.44117646477597,6.44117647089408,6.44117645824888,104.646416357393,94.6052124315907,107.172805445802,27.5798529922527,26.1923636228304,26.5121047987993
travel,2,1,3,4,133.631760416552,119.518723181908,133.389841754114,7.39284962129049,5.93341927617942,5.93825915811193,105.950986359326,93.323324459805,106.133970799292,27.6807740572259,26.1953987221026,27.255870954822
dwell,3,1,2,4,125.094990002223,129.241155520596,126.107699264906,7.11111110355048,7.11111111117892,7.11111111103557,98.0128473819459,103.104454500662,99.2199278299973,27.0821426202775,26.1367010199332,26.8877714349084
travel,3,1,2,4,123.356296906021,126.003532657603,123.873204928847,7.35930928490901,6.09440362916156,7.35727444003609,96.1355358451352,99.0203270721628,96.7049056771372,27.2207610608858,26.9832055854398,27.16829925171
dwell,1,2,3,4,132.221967765029,144.378141736407,127.04130483712,5.56666664894728,5.56666666661994,5.56666664964222,105.122299492206,116.011376397378,101.545399962005,27.0996682728229,28.3667653390283,25.4959048751146
travel,1,2,3,4,131.542722843592,146.220804323043,123.724022365456,7.35928543293571,7.47892080116242,4.75150717847185,104.769333431096,117.914278580143,98.1903570238716,26.773389412496,28.3065257429006,25.5336653415839
dwell,4,1,2,3,133.78369980384,115.799498514427,131.317961305524,6.93333333244359,6.9333333253754,6.93333331019575,107.890534999799,90.2273283371994,103.82942700345,25.8931648040417,25.5721701772277,27.4885343020743
travel,4,1,2,3,131.167240256826,111.008183964988,130.746532165696,4.88369063744909,5.72271973949435,7.29491039014488,103.977693888948,85.248703510865,102.962335490844,27.189546367878,25.7594804541227,27.7841966748522
dwell,2,1,3,4,119.673814611024,114.151698745625,120.17904566884,8.22352941153125,8.22352938190455,8.22352941009265,92.7322556789125,88.2274339791895,94.2459842510357,26.9415589321115,25.9242647664355,25.9330614178046
travel,2,1,3,4,117.028910432846,108.765642575576,115.730931888937,7.39284962441818,5.93341927738773,5.93825915768742,89.2989124306137,82.0786568477619,88.5418797791664,27.7299980022325,26.6869857278142,27.1890521097708
dwell,3,1,2,4,114.594986136059,119.275448044248,115.100005468693,5.21111111123395,5.21111109499237,5.21111111107572,86.667827038602,92.3907911058537,87.4449298592952,27.927159097457,26.884656938394,27.6550756093975
travel,3,1,2,4,118.676680973072,121.512190518849,118.382328589674,7.3593092851467,6.09440318318585,7.35727444011601,91.3605504858082,94.3984148169574,91.1913647797977,27.3161304872636,27.1137757018914,27.1909638098759
dwell,4,1,2,3,123.208203776344,127.279711429726,139.12251321038,5.19999998898619,5.20000000015814,5.19999999804242,97.4145544365204,100.869888881029,110.603488692154,25.7936493398237,26.4098225486977,28.5190245182263
travel,4,1,2,3,121.38874739648,126.009387671269,141.598609571268,4.74708243403304,5.85932756772292,7.43151783750919,95.6738375242682,99.699190429784,113.319162419429,25.7149098722118,26.3101972414847,28.2794471518388
dwell,1,2,3,4,116.26586370592,129.453981279486,129.928475046899,6.4222222125686,6.42222222231882,6.42222222227173,89.6849840473927,101.802849052437,104.132945872927,26.5808796585274,27.6511322270489,25.7955291739719
travel,1,2,3,4,114.673938009007,130.113880117851,127.775804054223,7.37156687867177,7.34673777878705,4.88369022914001,88.2915624201716,102.309782225522,100.988541057684,26.3823755888358,27.8040978923291,26.7872629965391
dwell,2,1,3,4,133.862162118328,124.408205275471,124.927798982073,8.15294116941131,8.15294115206268,8.15294117689073,106.704604776335,98.4925863566941,99.2358232793323,27.1575573419929,25.9156189187768,25.6919757027407
travel,2,1,3,4,135.505980714727,122.529075342875,122.584776211963,7.43151783682301,5.97208782660798,5.8995906045915,107.388636338792,95.9529872202005,96.1434363811266,28.1173443759358,26.5760881226745,26.4413398308361
dwell,3,1,2,4,133.691317712098,134.419432081575,123.331925490636,5.611111111096,5.61111109839542,5.6111111065254,105.771960512286,107.753917691193,96.2410684523605,27.9193571998116,26.6655143903822,27.0908570382754
travel,3,1,2,4,136.133325317488,134.787439484985,124.457981085947,7.35930961710999,6.09440363359112,7.35727443827656,108.505987424712,107.772293898036,97.8920860842474,27.6273378927761,27.0151455869489,26.5658950016994
dwell,4,1,2,3,129.254198751416,128.606701624994,141.062898630807,7.5011494227064,7.50114942372564,7.50114942003287,103.960670048495,102.978533492808,113.639795922189,25.2935287029203,25.6281681321862,27.4231027086182
travel,4,1,2,3,127.130759812114,127.076921116256,144.242721588624,4.74708243444322,5.85932755204771,7.43151783701934,101.259078932133,100.949389861807,116.077211241428,25.871680879981,26.1275312544493,28.1655103471962
dwell,2,1,3,4,127.515955577361,137.213769620777,139.992210044038,6.45882351582688,6.45882352917605,6.45882352938779,100.535969391531,110.606086667829,113.519295044267,26.9799861858301,26.6076829529477,26.4729149997713
travel,2,1,3,4,127.622772714368,136.204561685098,139.080931888938,7.39284928321077,5.93341961232124,5.93825915768843,100.985095423546,109.128169221055,111.891879855636,26.6376772908218,27.0763924640433,27.1890520333022
dwell,1,2,3,4,142.288675489943,136.946975837784,136.260185758352,7.63333330613138,7.63333332716102,7.63333332142589,115.586389291035,110.111311889368,111.093320019146,26.7022861989079,26.8356639484158,25.1668657392065
travel,1,2,3,4,140.311009296051,135.149502661833,130.681750022119,7.43151826458778,7.40668869500214,4.82373926641506,112.968071100729,108.098662537262,104.805110114948,27.3429381953224,27.0508401245715,25.8766399071711
dwell,4,1,2,3,142.281485417358,130.913652203547,128.097560725283,5.39425287353779,5.39425287221604,5.39425287356334,115.810977131927,104.663137444968,100.676594612883,26.4705082854311,26.2505147585792,27.4209661124001
travel,4,1,2,3,143.345274934419,130.432602523126,130.560105462745,4.88369064612613,5.72271977474119,7.2949100457937,116.098994998755,104.175838792796,103.830399684366,27.2462799356637,26.2567637303302,26.729705778379
